# https://github.com/mikedh/trimesh
v 584681.27747818 4509413.91618895 6.00000000
v 584697.52334785 4509403.85449405 6.00000000
v 584693.82447170 4509397.91700572 6.00000000
v 584677.57846778 4509407.98980944 6.00000000
v 584681.27747818 4509413.91618895 26.50000000
v 584697.52334785 4509403.85449405 26.50000000
v 584693.82447170 4509397.91700572 26.50000000
v 584677.57846778 4509407.98980944 26.50000000
v 584728.12656583 4509444.79357775 6.00000000
v 584736.22587490 4509439.61262822 6.00000000
v 584737.95147506 4509442.33017014 6.00000000
v 584728.60171100 4509448.29618087 6.00000000
v 584730.52655122 4509451.31575575 6.00000000
v 584744.07060320 4509442.66656300 6.00000000
v 584740.47788171 4509437.05222488 6.00000000
v 584753.40083523 4509428.80672838 6.00000000
v 584748.12397362 4509420.54192801 6.00000000
v 584754.01128008 4509416.77899009 6.00000000
v 584759.28813809 4509425.04379466 6.00000000
v 584772.28776811 4509416.74369602 6.00000000
v 584768.53752963 4509410.87219407 6.00000000
v 584772.22982111 4509408.51634940 6.00000000
v 584776.76831424 4509415.61810183 6.00000000
v 584785.42063898 4509410.08825966 6.00000000
v 584774.17836973 4509392.47383644 6.00000000
v 584717.73889660 4509428.51016207 6.00000000
v 584728.12656583 4509444.79357775 24.70000076
v 584736.22587490 4509439.61262822 24.70000076
v 584737.95147506 4509442.33017014 24.70000076
v 584728.60171100 4509448.29618087 24.70000076
v 584730.52655122 4509451.31575575 24.70000076
v 584744.07060320 4509442.66656300 24.70000076
v 584740.47788171 4509437.05222488 24.70000076
v 584753.40083523 4509428.80672838 24.70000076
v 584748.12397362 4509420.54192801 24.70000076
v 584754.01128008 4509416.77899009 24.70000076
v 584759.28813809 4509425.04379466 24.70000076
v 584772.28776811 4509416.74369602 24.70000076
v 584768.53752963 4509410.87219407 24.70000076
v 584772.22982111 4509408.51634940 24.70000076
v 584776.76831424 4509415.61810183 24.70000076
v 584785.42063898 4509410.08825966 24.70000076
v 584774.17836973 4509392.47383644 24.70000076
v 584717.73889660 4509428.51016207 24.70000076
v 584785.42063898 4509410.08825966 6.00000000
v 584791.35289578 4509419.38197962 6.00000000
v 584796.02086811 4509416.63762830 6.00000000
v 584788.57343478 4509403.95152640 6.00000000
v 584790.61406086 4509402.75362861 6.00000000
v 584781.74170623 4509387.64207462 6.00000000
v 584774.17836973 4509392.47383644 6.00000000
v 584785.42063898 4509410.08825966 24.89999962
v 584791.35289578 4509419.38197962 24.89999962
v 584796.02086811 4509416.63762830 24.89999962
v 584788.57343478 4509403.95152640 24.89999962
v 584790.61406086 4509402.75362861 24.89999962
v 584781.74170623 4509387.64207462 24.89999962
v 584774.17836973 4509392.47383644 24.89999962
v 584810.11693262 4509406.99567392 6.00000000
v 584804.78571341 4509410.13210707 6.00000000
v 584805.19161726 4509410.82508262 6.00000000
v 584811.95978103 4509422.34880926 6.00000000
v 584820.01561855 4509418.02231666 6.00000000
v 584815.57526287 4509410.46647155 6.00000000
v 584813.03298561 4509411.95838160 6.00000000
v 584810.11693262 4509406.99567392 15.69999981
v 584804.78571341 4509410.13210707 15.69999981
v 584805.19161726 4509410.82508262 15.69999981
v 584811.95978103 4509422.34880926 15.69999981
v 584820.01561855 4509418.02231666 15.69999981
v 584815.57526287 4509410.46647155 15.69999981
v 584813.03298561 4509411.95838160 15.69999981
v 584790.61406086 4509402.75362861 6.00000000
v 584796.66168398 4509413.03676246 6.00000000
v 584803.97390548 4509408.74615604 6.00000000
v 584788.89667248 4509383.07210138 6.00000000
v 584781.74170623 4509387.64207462 6.00000000
v 584790.61406086 4509402.75362861 23.89999962
v 584796.66168398 4509413.03676246 23.89999962
v 584803.97390548 4509408.74615604 23.89999962
v 584788.89667248 4509383.07210138 23.89999962
v 584781.74170623 4509387.64207462 23.89999962
v 584835.96286343 4509394.95689767 6.00000000
v 584835.31664084 4509395.33807812 6.00000000
v 584833.95753858 4509393.06879227 6.00000000
v 584827.26490241 4509397.08890534 6.00000000
v 584829.44450883 4509400.72203896 6.00000000
v 584835.00541911 4509409.98934183 6.00000000
v 584842.55144288 4509405.93459303 6.00000000
v 584835.96286343 4509394.95689767 13.69999981
v 584835.31664084 4509395.33807812 13.69999981
v 584833.95753858 4509393.06879227 13.69999981
v 584827.26490241 4509397.08890534 13.69999981
v 584829.44450883 4509400.72203896 13.69999981
v 584835.00541911 4509409.98934183 13.69999981
v 584842.55144288 4509405.93459303 13.69999981
v 584827.51045121 4509414.01137585 6.00000000
v 584835.00541911 4509409.98934183 6.00000000
v 584829.44450883 4509400.72203896 6.00000000
v 584822.24166065 4509405.04717856 6.00000000
v 584827.51045121 4509414.01137585 15.60000038
v 584835.00541911 4509409.98934183 15.60000038
v 584829.44450883 4509400.72203896 15.60000038
v 584822.24166065 4509405.04717856 15.60000038
v 584833.13309912 4509433.38233189 6.00000000
v 584839.86348261 4509429.75123154 6.00000000
v 584835.45560071 4509421.57402541 6.00000000
v 584828.72533923 4509425.19402910 6.00000000
v 584833.13309912 4509433.38233189 14.39999962
v 584839.86348261 4509429.75123154 14.39999962
v 584835.45560071 4509421.57402541 14.39999962
v 584828.72533923 4509425.19402910 14.39999962
v 584839.86348261 4509429.75123154 6.00000000
v 584846.67025348 4509426.08770492 6.00000000
v 584842.14351979 4509417.96464526 6.00000000
v 584835.45560071 4509421.57402541 6.00000000
v 584839.86348261 4509429.75123154 14.10000038
v 584846.67025348 4509426.08770492 14.10000038
v 584842.14351979 4509417.96464526 14.10000038
v 584835.45560071 4509421.57402541 14.10000038
v 584857.38870666 4509430.41808819 6.00000000
v 584848.08350980 4509414.76859276 6.00000000
v 584842.14351979 4509417.96464526 6.00000000
v 584846.67025348 4509426.08770492 6.00000000
v 584850.88783778 4509433.91857389 6.00000000
v 584857.38870666 4509430.41808819 14.10000038
v 584848.08350980 4509414.76859276 14.10000038
v 584842.14351979 4509417.96464526 14.10000038
v 584846.67025348 4509426.08770492 14.10000038
v 584850.88783778 4509433.91857389 14.10000038
v 584826.38583355 4509437.01324502 6.00000000
v 584833.13309912 4509433.38233189 6.00000000
v 584828.72533923 4509425.19402910 6.00000000
v 584821.97794163 4509428.83604697 6.00000000
v 584826.38583355 4509437.01324502 14.50000000
v 584833.13309912 4509433.38233189 14.50000000
v 584828.72533923 4509425.19402910 14.50000000
v 584821.97794163 4509428.83604697 14.50000000
v 584819.42549769 4509440.07551735 6.00000000
v 584819.72339948 4509440.61182824 6.00000000
v 584826.38583355 4509437.01324502 6.00000000
v 584821.97794163 4509428.83604697 6.00000000
v 584815.30718522 4509432.42343690 6.00000000
v 584819.42549769 4509440.07551735 14.50000000
v 584819.72339948 4509440.61182824 14.50000000
v 584826.38583355 4509437.01324502 14.50000000
v 584821.97794163 4509428.83604697 14.50000000
v 584815.30718522 4509432.42343690 14.50000000
v 584812.85671994 4509443.60856524 6.00000000
v 584819.42549769 4509440.07551735 6.00000000
v 584815.30718522 4509432.42343690 6.00000000
v 584808.73827590 4509435.96758915 6.00000000
v 584812.85671994 4509443.60856524 13.19999981
v 584819.42549769 4509440.07551735 13.19999981
v 584815.30718522 4509432.42343690 13.19999981
v 584808.73827590 4509435.96758915 13.19999981
v 584801.53379991 4509419.76487386 6.00000000
v 584805.17861195 4509425.99045592 6.00000000
v 584811.95978103 4509422.34880926 6.00000000
v 584805.19161726 4509410.82508262 6.00000000
v 584798.55964748 4509414.71268913 6.00000000
v 584801.53379991 4509419.76487386 13.00000000
v 584805.17861195 4509425.99045592 13.00000000
v 584811.95978103 4509422.34880926 13.00000000
v 584805.19161726 4509410.82508262 13.00000000
v 584798.55964748 4509414.71268913 13.00000000
v 584797.34386975 4509430.18626735 6.00000000
v 584805.17861195 4509425.99045592 6.00000000
v 584801.53379991 4509419.76487386 6.00000000
v 584793.87283096 4509424.27353656 6.00000000
v 584797.34386975 4509430.18626735 13.19999981
v 584805.17861195 4509425.99045592 13.19999981
v 584801.53379991 4509419.76487386 13.19999981
v 584793.87283096 4509424.27353656 13.19999981
v 584791.46353333 4509433.33863334 6.00000000
v 584797.34386975 4509430.18626735 6.00000000
v 584793.87283096 4509424.27353656 6.00000000
v 584791.66096061 4509420.50681887 6.00000000
v 584786.16302918 4509423.45262201 6.00000000
v 584791.46353333 4509433.33863334 12.90000010
v 584797.34386975 4509430.18626735 12.90000010
v 584793.87283096 4509424.27353656 12.90000010
v 584791.66096061 4509420.50681887 12.90000010
v 584786.16302918 4509423.45262201 12.90000010
v 584785.48967902 4509436.54544509 6.00000000
v 584791.46353333 4509433.33863334 6.00000000
v 584786.16302918 4509423.45262201 6.00000000
v 584780.18916948 4509426.65943807 6.00000000
v 584785.48967902 4509436.54544509 12.90000010
v 584791.46353333 4509433.33863334 12.90000010
v 584786.16302918 4509423.45262201 12.90000010
v 584780.18916948 4509426.65943807 12.90000010
v 584779.15888109 4509439.94801833 6.00000000
v 584785.48967902 4509436.54544509 6.00000000
v 584780.18916948 4509426.65943807 6.00000000
v 584773.85849276 4509430.05091519 6.00000000
v 584779.15888109 4509439.94801833 13.19999981
v 584785.48967902 4509436.54544509 13.19999981
v 584780.18916948 4509426.65943807 13.19999981
v 584773.85849276 4509430.05091519 13.19999981
v 584773.32960741 4509443.06767582 6.00000000
v 584779.15888109 4509439.94801833 6.00000000
v 584773.85849276 4509430.05091519 6.00000000
v 584768.02908689 4509433.18167757 6.00000000
v 584773.32960741 4509443.06767582 13.09999990
v 584779.15888109 4509439.94801833 13.09999990
v 584773.85849276 4509430.05091519 13.09999990
v 584768.02908689 4509433.18167757 13.09999990
v 584760.94860789 4509449.70952370 6.00000000
v 584767.19431056 4509446.36147306 6.00000000
v 584761.89378451 4509436.47547923 6.00000000
v 584755.64807619 4509439.82353437 6.00000000
v 584760.94860789 4509449.70952370 13.19999981
v 584767.19431056 4509446.36147306 13.19999981
v 584761.89378451 4509436.47547923 13.19999981
v 584755.64807619 4509439.82353437 13.19999981
v 584767.19431056 4509446.36147306 6.00000000
v 584773.32960741 4509443.06767582 6.00000000
v 584768.02908689 4509433.18167757 6.00000000
v 584761.89378451 4509436.47547923 6.00000000
v 584767.19431056 4509446.36147306 13.19999981
v 584773.32960741 4509443.06767582 13.19999981
v 584768.02908689 4509433.18167757 13.19999981
v 584761.89378451 4509436.47547923 13.19999981
v 584779.37915833 4509462.04379322 6.00000000
v 584785.94803030 4509458.49961538 6.00000000
v 584781.66410787 4509450.55700449 6.00000000
v 584775.09523116 4509454.10118616 6.00000000
v 584779.37915833 4509462.04379322 12.90000010
v 584785.94803030 4509458.49961538 12.90000010
v 584781.66410787 4509450.55700449 12.90000010
v 584775.09523116 4509454.10118616 12.90000010
v 584785.94803030 4509458.49961538 6.00000000
v 584792.73785863 4509454.83584676 6.00000000
v 584788.46238548 4509446.89332849 6.00000000
v 584781.66410787 4509450.55700449 6.00000000
v 584785.94803030 4509458.49961538 12.69999981
v 584792.73785863 4509454.83584676 12.69999981
v 584788.46238548 4509446.89332849 12.69999981
v 584781.66410787 4509450.55700449 12.69999981
v 584792.73785863 4509454.83584676 6.00000000
v 584799.42559955 4509451.23752936 6.00000000
v 584795.14168685 4509443.29491062 6.00000000
v 584788.46238548 4509446.89332849 6.00000000
v 584792.73785863 4509454.83584676 13.19999981
v 584799.42559955 4509451.23752936 13.19999981
v 584795.14168685 4509443.29491062 13.19999981
v 584788.46238548 4509446.89332849 13.19999981
v 584799.42559955 4509451.23752936 6.00000000
v 584806.05398249 4509447.66074314 6.00000000
v 584801.77007457 4509439.71812054 6.00000000
v 584795.14168685 4509443.29491062 6.00000000
v 584799.42559955 4509451.23752936 13.09999990
v 584806.05398249 4509447.66074314 13.09999990
v 584801.77007457 4509439.71812054 13.09999990
v 584795.14168685 4509443.29491062 13.09999990
v 584806.05398249 4509447.66074314 6.00000000
v 584806.22763192 4509447.98469153 6.00000000
v 584813.19582801 4509444.23416437 6.00000000
v 584812.85671994 4509443.60856524 6.00000000
v 584808.73827590 4509435.96758915 6.00000000
v 584801.77007457 4509439.71812054 6.00000000
v 584806.05398249 4509447.66074314 12.50000000
v 584806.22763192 4509447.98469153 12.50000000
v 584813.19582801 4509444.23416437 12.50000000
v 584812.85671994 4509443.60856524 12.50000000
v 584808.73827590 4509435.96758915 12.50000000
v 584801.77007457 4509439.71812054 12.50000000
v 584843.68743393 4509449.10161436 6.00000000
v 584842.16636405 4509449.91686819 6.00000000
v 584846.60723582 4509458.16106973 6.00000000
v 584851.84199445 4509455.33442283 6.00000000
v 584851.40359049 4509454.53005112 6.00000000
v 584859.72309930 4509450.04008731 6.00000000
v 584852.76812423 4509437.13751030 6.00000000
v 584840.73503819 4509443.62777902 6.00000000
v 584843.68743393 4509449.10161436 22.60000038
v 584842.16636405 4509449.91686819 22.60000038
v 584846.60723582 4509458.16106973 22.60000038
v 584851.84199445 4509455.33442283 22.60000038
v 584851.40359049 4509454.53005112 22.60000038
v 584859.72309930 4509450.04008731 22.60000038
v 584852.76812423 4509437.13751030 22.60000038
v 584840.73503819 4509443.62777902 22.60000038
v 584859.44486723 4509433.02842153 6.00000000
v 584852.56146127 4509436.74657009 6.00000000
v 584852.76812423 4509437.13751030 6.00000000
v 584859.72309930 4509450.04008731 6.00000000
v 584867.36262083 4509445.93092369 6.00000000
v 584859.44486723 4509433.02842153 21.80000019
v 584852.56146127 4509436.74657009 21.80000019
v 584852.76812423 4509437.13751030 21.80000019
v 584859.72309930 4509450.04008731 21.80000019
v 584867.36262083 4509445.93092369 21.80000019
v 584837.32420000 4509445.74256340 6.00000000
v 584832.36143869 4509448.41690285 6.00000000
v 584831.98919000 4509447.73541288 6.00000000
v 584827.33246148 4509450.23562308 6.00000000
v 584830.59070080 4509456.29026377 6.00000000
v 584828.52576538 4509457.39905517 6.00000000
v 584832.56982864 4509464.89486444 6.00000000
v 584841.29705690 4509460.19860512 6.00000000
v 584841.64447913 4509460.83540294 6.00000000
v 584846.60723582 4509458.16106973 6.00000000
v 584842.16636405 4509449.91686819 6.00000000
v 584840.16078972 4509451.00413147 6.00000000
v 584837.32420000 4509445.74256340 25.00000000
v 584832.36143869 4509448.41690285 25.00000000
v 584831.98919000 4509447.73541288 25.00000000
v 584827.33246148 4509450.23562308 25.00000000
v 584830.59070080 4509456.29026377 25.00000000
v 584828.52576538 4509457.39905517 25.00000000
v 584832.56982864 4509464.89486444 25.00000000
v 584841.29705690 4509460.19860512 25.00000000
v 584841.64447913 4509460.83540294 25.00000000
v 584846.60723582 4509458.16106973 25.00000000
v 584842.16636405 4509449.91686819 25.00000000
v 584840.16078972 4509451.00413147 25.00000000
v 584822.06626674 4509460.97775363 6.00000000
v 584826.06887465 4509468.40647214 6.00000000
v 584832.56982864 4509464.89486444 6.00000000
v 584828.52576538 4509457.39905517 6.00000000
v 584826.40858903 4509453.47797970 6.00000000
v 584821.52941135 4509444.41832014 6.00000000
v 584815.02857226 4509447.91883691 6.00000000
v 584822.06626674 4509460.97775363 22.89999962
v 584826.06887465 4509468.40647214 22.89999962
v 584832.56982864 4509464.89486444 22.89999962
v 584828.52576538 4509457.39905517 22.89999962
v 584826.40858903 4509453.47797970 22.89999962
v 584821.52941135 4509444.41832014 22.89999962
v 584815.02857226 4509447.91883691 22.89999962
v 584797.03269491 4509467.73014359 6.00000000
v 584787.60862527 4509472.80705956 6.00000000
v 584790.59406282 4509478.34786401 6.00000000
v 584788.69904203 4509479.36979238 6.00000000
v 584792.70154529 4509486.80959341 6.00000000
v 584806.11113548 4509479.58004936 6.00000000
v 584805.98701003 4509479.35658669 6.00000000
v 584801.95150006 4509471.84978794 6.00000000
v 584799.86098641 4509472.98049883 6.00000000
v 584797.03269491 4509467.73014359 25.00000000
v 584787.60862527 4509472.80705956 25.00000000
v 584790.59406282 4509478.34786401 25.00000000
v 584788.69904203 4509479.36979238 25.00000000
v 584792.70154529 4509486.80959341 25.00000000
v 584806.11113548 4509479.58004936 25.00000000
v 584805.98701003 4509479.35658669 25.00000000
v 584801.95150006 4509471.84978794 25.00000000
v 584799.86098641 4509472.98049883 25.00000000
v 584817.08537085 4509456.37999352 6.00000000
v 584807.42343390 4509461.57628725 6.00000000
v 584810.56587574 4509467.41865367 6.00000000
v 584808.67929368 4509468.44067361 6.00000000
v 584812.63226037 4509475.77999972 6.00000000
v 584826.06887465 4509468.40647214 6.00000000
v 584822.06626674 4509460.97775363 6.00000000
v 584820.12031692 4509462.02129578 6.00000000
v 584817.08537085 4509456.37999352 22.89999962
v 584807.42343390 4509461.57628725 22.89999962
v 584810.56587574 4509467.41865367 22.89999962
v 584808.67929368 4509468.44067361 22.89999962
v 584812.63226037 4509475.77999972 22.89999962
v 584826.06887465 4509468.40647214 22.89999962
v 584822.06626674 4509460.97775363 22.89999962
v 584820.12031692 4509462.02129578 22.89999962
v 584800.18369163 4509454.36590160 6.00000000
v 584794.25207175 4509457.57318913 6.00000000
v 584801.95150006 4509471.84978794 6.00000000
v 584805.98701003 4509479.35658669 6.00000000
v 584812.63226037 4509475.77999972 6.00000000
v 584808.67929368 4509468.44067361 6.00000000
v 584805.52021609 4509462.57591343 6.00000000
v 584804.81489041 4509462.95642030 6.00000000
v 584800.18369163 4509454.36590160 22.20000076
v 584794.25207175 4509457.57318913 22.20000076
v 584801.95150006 4509471.84978794 22.20000076
v 584805.98701003 4509479.35658669 22.20000076
v 584812.63226037 4509475.77999972 22.20000076
v 584808.67929368 4509468.44067361 22.20000076
v 584805.52021609 4509462.57591343 22.20000076
v 584804.81489041 4509462.95642030 22.20000076
v 584768.16109567 4509457.82993358 6.00000000
v 584772.44502784 4509465.77253659 6.00000000
v 584777.30578816 4509463.15250219 6.00000000
v 584779.37915833 4509462.04379322 6.00000000
v 584775.09523116 4509454.10118616 6.00000000
v 584768.16109567 4509457.82993358 12.50000000
v 584772.44502784 4509465.77253659 12.50000000
v 584777.30578816 4509463.15250219 12.50000000
v 584779.37915833 4509462.04379322 12.50000000
v 584775.09523116 4509454.10118616 12.50000000
v 584777.30578816 4509463.15250219 6.00000000
v 584772.44502784 4509465.77253659 6.00000000
v 584785.54463865 4509490.08058861 6.00000000
v 584785.78431909 4509490.53851736 6.00000000
v 584792.70154529 4509486.80959341 6.00000000
v 584788.69904203 4509479.36979238 6.00000000
v 584785.63093740 4509473.67261337 6.00000000
v 584783.57445812 4509474.78151372 6.00000000
v 584777.30578816 4509463.15250219 22.50000000
v 584772.44502784 4509465.77253659 22.50000000
v 584785.54463865 4509490.08058861 22.50000000
v 584785.78431909 4509490.53851736 22.50000000
v 584792.70154529 4509486.80959341 22.50000000
v 584788.69904203 4509479.36979238 22.50000000
v 584785.63093740 4509473.67261337 22.50000000
v 584783.57445812 4509474.78151372 22.50000000
v 584736.64558956 4509462.74317661 6.00000000
v 584738.66803356 4509461.65607864 6.00000000
v 584742.76384329 4509459.46026208 6.00000000
v 584737.46329517 4509449.57428587 6.00000000
v 584731.33659155 4509452.85710831 6.00000000
v 584736.64558956 4509462.74317661 13.80000019
v 584738.66803356 4509461.65607864 13.80000019
v 584742.76384329 4509459.46026208 13.80000019
v 584737.46329517 4509449.57428587 13.80000019
v 584731.33659155 4509452.85710831 13.80000019
v 584742.76384329 4509459.46026208 6.00000000
v 584748.75454885 4509456.25360940 6.00000000
v 584743.45413303 4509446.35652819 6.00000000
v 584737.46329517 4509449.57428587 6.00000000
v 584742.76384329 4509459.46026208 13.19999981
v 584748.75454885 4509456.25360940 13.19999981
v 584743.45413303 4509446.35652819 13.19999981
v 584737.46329517 4509449.57428587 13.19999981
v 584748.75454885 4509456.25360940 6.00000000
v 584754.81332219 4509453.00333104 6.00000000
v 584749.51278496 4509443.11734615 6.00000000
v 584743.45413303 4509446.35652819 6.00000000
v 584748.75454885 4509456.25360940 12.90000010
v 584754.81332219 4509453.00333104 12.90000010
v 584749.51278496 4509443.11734615 12.90000010
v 584743.45413303 4509446.35652819 12.90000010
v 584754.81332219 4509453.00333104 6.00000000
v 584760.94860789 4509449.70952370 6.00000000
v 584755.64807619 4509439.82353437 6.00000000
v 584749.51278496 4509443.11734615 6.00000000
v 584754.81332219 4509453.00333104 13.19999981
v 584760.94860789 4509449.70952370 13.19999981
v 584755.64807619 4509439.82353437 13.19999981
v 584749.51278496 4509443.11734615 13.19999981
v 584648.07918468 4509491.49625909 6.00000000
v 584655.52292750 4509487.50676944 6.00000000
v 584647.07579559 4509472.12268125 6.00000000
v 584640.28964018 4509476.95234692 6.00000000
v 584648.07918468 4509491.49625909 24.70000076
v 584655.52292750 4509487.50676944 24.70000076
v 584647.07579559 4509472.12268125 24.70000076
v 584640.28964018 4509476.95234692 24.70000076
v 584699.66402653 4509532.87466532 6.00000000
v 584715.63908825 4509524.31981127 6.00000000
v 584716.29248714 4509525.52630845 6.00000000
v 584720.09080262 4509523.49361288 6.00000000
v 584720.83505833 4509524.87878294 6.00000000
v 584730.64948236 4509519.62861179 6.00000000
v 584728.73100426 4509516.05400188 6.00000000
v 584730.00564083 4509515.36913462 6.00000000
v 584723.80409874 4509503.77424248 6.00000000
v 584722.52101651 4509504.45901432 6.00000000
v 584720.85897613 4509501.35362701 6.00000000
v 584711.28237142 4509506.48440529 6.00000000
v 584710.02534620 4509504.14969575 6.00000000
v 584709.29456978 4509504.54102284 6.00000000
v 584707.18604370 4509500.59787699 6.00000000
v 584706.35317440 4509501.05465071 6.00000000
v 584702.92158398 4509494.64281744 6.00000000
v 584703.68639193 4509494.22967426 6.00000000
v 584701.50325593 4509490.16355432 6.00000000
v 584702.25104877 4509489.76131873 6.00000000
v 584701.03547840 4509487.49369736 6.00000000
v 584709.37993475 4509483.02605740 6.00000000
v 584708.41249515 4509481.21645752 6.00000000
v 584709.16028927 4509480.81422261 6.00000000
v 584708.86250816 4509480.26681554 6.00000000
v 584710.56202911 4509479.35365464 6.00000000
v 584705.37739185 4509469.66886467 6.00000000
v 584703.67786940 4509470.58202676 6.00000000
v 584703.33888034 4509469.94533204 6.00000000
v 584702.66746505 4509470.31513377 6.00000000
v 584701.73303851 4509468.57252488 6.00000000
v 584693.31219156 4509473.07260740 6.00000000
v 584692.13794962 4509470.88317478 6.00000000
v 584691.39028230 4509471.27431071 6.00000000
v 584688.26514560 4509465.38778635 6.00000000
v 584699.64213458 4509459.38937507 6.00000000
v 584691.01805551 4509444.71375106 6.00000000
v 584670.68404822 4509457.04911442 6.00000000
v 584650.79436413 4509469.67826068 6.00000000
v 584649.86657936 4509470.31159113 6.00000000
v 584656.60545519 4509481.45736513 6.00000000
v 584673.28226417 4509472.09997618 6.00000000
v 584677.05503728 4509478.95977675 6.00000000
v 584676.30737159 4509479.35091418 6.00000000
v 584677.48993425 4509481.55154142 6.00000000
v 584669.19654273 4509485.98649356 6.00000000
v 584670.18881696 4509487.84078026 6.00000000
v 584667.72462347 4509489.15599641 6.00000000
v 584673.47159027 4509499.89078254 6.00000000
v 584675.93590812 4509498.56446762 6.00000000
v 584676.90335311 4509500.37406322 6.00000000
v 584685.18828940 4509495.93902332 6.00000000
v 584686.42049809 4509498.22903635 6.00000000
v 584687.15971816 4509497.83780349 6.00000000
v 584694.84984603 4509512.20299849 6.00000000
v 584694.11062694 4509512.59423059 6.00000000
v 584695.37584623 4509514.95123525 6.00000000
v 584690.88923449 4509517.35355323 6.00000000
v 584692.23712145 4509519.86693163 6.00000000
v 584686.41651879 4509522.97565210 6.00000000
v 584692.13054143 4509533.63236341 6.00000000
v 584696.88900938 4509531.08882437 6.00000000
v 584697.46780719 4509532.17234406 6.00000000
v 584699.66402653 4509532.87466532 69.09999847
v 584715.63908825 4509524.31981127 69.09999847
v 584716.29248714 4509525.52630845 69.09999847
v 584720.09080262 4509523.49361288 69.09999847
v 584720.83505833 4509524.87878294 69.09999847
v 584730.64948236 4509519.62861179 69.09999847
v 584728.73100426 4509516.05400188 69.09999847
v 584730.00564083 4509515.36913462 69.09999847
v 584723.80409874 4509503.77424248 69.09999847
v 584722.52101651 4509504.45901432 69.09999847
v 584720.85897613 4509501.35362701 69.09999847
v 584711.28237142 4509506.48440529 69.09999847
v 584710.02534620 4509504.14969575 69.09999847
v 584709.29456978 4509504.54102284 69.09999847
v 584707.18604370 4509500.59787699 69.09999847
v 584706.35317440 4509501.05465071 69.09999847
v 584702.92158398 4509494.64281744 69.09999847
v 584703.68639193 4509494.22967426 69.09999847
v 584701.50325593 4509490.16355432 69.09999847
v 584702.25104877 4509489.76131873 69.09999847
v 584701.03547840 4509487.49369736 69.09999847
v 584709.37993475 4509483.02605740 69.09999847
v 584708.41249515 4509481.21645752 69.09999847
v 584709.16028927 4509480.81422261 69.09999847
v 584708.86250816 4509480.26681554 69.09999847
v 584710.56202911 4509479.35365464 69.09999847
v 584705.37739185 4509469.66886467 69.09999847
v 584703.67786940 4509470.58202676 69.09999847
v 584703.33888034 4509469.94533204 69.09999847
v 584702.66746505 4509470.31513377 69.09999847
v 584701.73303851 4509468.57252488 69.09999847
v 584693.31219156 4509473.07260740 69.09999847
v 584692.13794962 4509470.88317478 69.09999847
v 584691.39028230 4509471.27431071 69.09999847
v 584688.26514560 4509465.38778635 69.09999847
v 584699.64213458 4509459.38937507 69.09999847
v 584691.01805551 4509444.71375106 69.09999847
v 584670.68404822 4509457.04911442 69.09999847
v 584650.79436413 4509469.67826068 69.09999847
v 584649.86657936 4509470.31159113 69.09999847
v 584656.60545519 4509481.45736513 69.09999847
v 584673.28226417 4509472.09997618 69.09999847
v 584677.05503728 4509478.95977675 69.09999847
v 584676.30737159 4509479.35091418 69.09999847
v 584677.48993425 4509481.55154142 69.09999847
v 584669.19654273 4509485.98649356 69.09999847
v 584670.18881696 4509487.84078026 69.09999847
v 584667.72462347 4509489.15599641 69.09999847
v 584673.47159027 4509499.89078254 69.09999847
v 584675.93590812 4509498.56446762 69.09999847
v 584676.90335311 4509500.37406322 69.09999847
v 584685.18828940 4509495.93902332 69.09999847
v 584686.42049809 4509498.22903635 69.09999847
v 584687.15971816 4509497.83780349 69.09999847
v 584694.84984603 4509512.20299849 69.09999847
v 584694.11062694 4509512.59423059 69.09999847
v 584695.37584623 4509514.95123525 69.09999847
v 584690.88923449 4509517.35355323 69.09999847
v 584692.23712145 4509519.86693163 69.09999847
v 584686.41651879 4509522.97565210 69.09999847
v 584692.13054143 4509533.63236341 69.09999847
v 584696.88900938 4509531.08882437 69.09999847
v 584697.46780719 4509532.17234406 69.09999847
v 584650.05555063 4509495.18252909 6.00000000
v 584652.06952833 4509494.09531135 6.00000000
v 584657.77530591 4509504.74079751 6.00000000
v 584663.19661893 4509501.83843538 6.00000000
v 584655.52292750 4509487.50676944 6.00000000
v 584648.07918468 4509491.49625909 6.00000000
v 584648.76548756 4509492.78084051 6.00000000
v 584650.05555063 4509495.18252909 17.39999962
v 584652.06952833 4509494.09531135 17.39999962
v 584657.77530591 4509504.74079751 17.39999962
v 584663.19661893 4509501.83843538 17.39999962
v 584655.52292750 4509487.50676944 17.39999962
v 584648.07918468 4509491.49625909 17.39999962
v 584648.76548756 4509492.78084051 17.39999962
v 584649.35785524 4509504.51145788 6.00000000
v 584648.79710901 4509504.80481301 6.00000000
v 584643.78606657 4509495.44401132 6.00000000
v 584648.76548756 4509492.78084051 6.00000000
v 584648.07918468 4509491.49625909 6.00000000
v 584640.28964018 4509476.95234692 6.00000000
v 584627.49622540 4509484.96636939 6.00000000
v 584632.35846601 4509494.04790718 6.00000000
v 584635.46847467 4509492.38478376 6.00000000
v 584638.03197343 4509497.16576221 6.00000000
v 584634.92196613 4509498.82888455 6.00000000
v 584635.25251526 4509499.46547969 6.00000000
v 584639.03172475 4509506.50296828 6.00000000
v 584642.11592726 4509512.27798302 6.00000000
v 584645.69664288 4509518.94683887 6.00000000
v 584658.97796691 4509511.83769283 6.00000000
v 584658.83732936 4509511.58073777 6.00000000
v 584656.22419740 4509506.71036769 6.00000000
v 584654.25615531 4509503.03529300 6.00000000
v 584649.83748517 4509505.40510500 6.00000000
v 584649.35785524 4509504.51145788 23.70000076
v 584648.79710901 4509504.80481301 23.70000076
v 584643.78606657 4509495.44401132 23.70000076
v 584648.76548756 4509492.78084051 23.70000076
v 584648.07918468 4509491.49625909 23.70000076
v 584640.28964018 4509476.95234692 23.70000076
v 584627.49622540 4509484.96636939 23.70000076
v 584632.35846601 4509494.04790718 23.70000076
v 584635.46847467 4509492.38478376 23.70000076
v 584638.03197343 4509497.16576221 23.70000076
v 584634.92196613 4509498.82888455 23.70000076
v 584635.25251526 4509499.46547969 23.70000076
v 584639.03172475 4509506.50296828 23.70000076
v 584642.11592726 4509512.27798302 23.70000076
v 584645.69664288 4509518.94683887 23.70000076
v 584658.97796691 4509511.83769283 23.70000076
v 584658.83732936 4509511.58073777 23.70000076
v 584656.22419740 4509506.71036769 23.70000076
v 584654.25615531 4509503.03529300 23.70000076
v 584649.83748517 4509505.40510500 23.70000076
v 584663.67637417 4509502.72098272 6.00000000
v 584656.22419740 4509506.71036769 6.00000000
v 584658.83732936 4509511.58073777 6.00000000
v 584666.28105852 4509507.59125901 6.00000000
v 584663.67637417 4509502.72098272 13.00000000
v 584656.22419740 4509506.71036769 13.00000000
v 584658.83732936 4509511.58073777 13.00000000
v 584666.28105852 4509507.59125901 13.00000000
v 584629.97002049 4509505.74449526 6.00000000
v 584633.40166756 4509512.15629399 6.00000000
v 584635.77245300 4509510.88440893 6.00000000
v 584634.67255201 4509508.84016199 6.00000000
v 584639.03172475 4509506.50296828 6.00000000
v 584635.25251526 4509499.46547969 6.00000000
v 584628.77925720 4509503.52157791 6.00000000
v 584629.97002049 4509505.74449526 17.50000000
v 584633.40166756 4509512.15629399 17.50000000
v 584635.77245300 4509510.88440893 17.50000000
v 584634.67255201 4509508.84016199 17.50000000
v 584639.03172475 4509506.50296828 17.50000000
v 584635.25251526 4509499.46547969 17.50000000
v 584628.77925720 4509503.52157791 17.50000000
v 584638.96669192 4509522.55591188 6.00000000
v 584645.69664288 4509518.94683887 6.00000000
v 584642.11592726 4509512.27798302 6.00000000
v 584635.39454322 4509515.87605502 6.00000000
v 584638.96669192 4509522.55591188 15.30000019
v 584645.69664288 4509518.94683887 15.30000019
v 584642.11592726 4509512.27798302 15.30000019
v 584635.39454322 4509515.87605502 15.30000019
v 584690.68198335 4509516.27427848 6.00000000
v 584690.72585903 4509512.43344054 6.00000000
v 584685.05973617 4509512.36871597 6.00000000
v 584685.01586342 4509516.20955389 6.00000000
v 584690.68198335 4509516.27427848 19.01176453
v 584690.72585903 4509512.43344054 19.01176453
v 584685.05973617 4509512.36871597 19.01176453
v 584685.01586342 4509516.20955389 19.01176453
v 584742.66441837 4509474.06953856 6.00000000
v 584759.00600293 4509504.38755029 6.00000000
v 584785.54463865 4509490.08058861 6.00000000
v 584772.44502784 4509465.77253659 6.00000000
v 584768.16109567 4509457.82993358 6.00000000
v 584743.50882670 4509471.12602187 6.00000000
v 584742.66441837 4509474.06953856 91.19999695
v 584759.00600293 4509504.38755029 91.19999695
v 584785.54463865 4509490.08058861 91.19999695
v 584772.44502784 4509465.77253659 91.19999695
v 584768.16109567 4509457.82993358 91.19999695
v 584743.50882670 4509471.12602187 91.19999695
v 584862.02573592 4509529.24692539 6.00000000
v 584863.47041243 4509528.46410787 6.00000000
v 584862.75907103 4509527.15701453 6.00000000
v 584864.99427625 4509525.92805842 6.00000000
v 584864.04313330 4509524.17413422 6.00000000
v 584862.98424721 4509522.24134256 6.00000000
v 584861.97526390 4509520.37573514 6.00000000
v 584859.73336574 4509516.28668902 6.00000000
v 584861.58603902 4509515.27539614 6.00000000
v 584860.69286034 4509513.62205523 6.00000000
v 584869.30170382 4509508.93557662 6.00000000
v 584870.23634026 4509510.65600604 6.00000000
v 584877.06759732 4509523.29073576 6.00000000
v 584907.90588153 4509509.65515342 6.00000000
v 584879.36349135 4509464.38684347 6.00000000
v 584877.30640045 4509461.12146697 6.00000000
v 584821.31847372 4509491.64441326 6.00000000
v 584846.44802317 4509537.75050520 6.00000000
v 584853.78218407 4509533.74885636 6.00000000
v 584862.02573592 4509529.24692539 9.00000000
v 584863.47041243 4509528.46410787 9.00000000
v 584862.75907103 4509527.15701453 9.00000000
v 584864.99427625 4509525.92805842 9.00000000
v 584864.04313330 4509524.17413422 9.00000000
v 584862.98424721 4509522.24134256 9.00000000
v 584861.97526390 4509520.37573514 9.00000000
v 584859.73336574 4509516.28668902 9.00000000
v 584861.58603902 4509515.27539614 9.00000000
v 584860.69286034 4509513.62205523 9.00000000
v 584869.30170382 4509508.93557662 9.00000000
v 584870.23634026 4509510.65600604 9.00000000
v 584877.06759732 4509523.29073576 9.00000000
v 584907.90588153 4509509.65515342 9.00000000
v 584879.36349135 4509464.38684347 9.00000000
v 584877.30640045 4509461.12146697 9.00000000
v 584821.31847372 4509491.64441326 9.00000000
v 584846.44802317 4509537.75050520 9.00000000
v 584853.78218407 4509533.74885636 9.00000000
v 584796.94837146 4509506.85312062 6.00000000
v 584788.94280054 4509511.22461940 6.00000000
v 584788.09093820 4509509.64947520 6.00000000
v 584779.04012637 4509514.58634180 6.00000000
v 584779.79281648 4509515.97161448 6.00000000
v 584770.49561051 4509521.03889925 6.00000000
v 584770.03237686 4509520.18983993 6.00000000
v 584768.10321160 4509521.24468927 6.00000000
v 584776.60660743 4509536.85161092 6.00000000
v 584785.25797098 4509532.13221653 6.00000000
v 584794.81202753 4509549.64964254 6.00000000
v 584786.02480788 4509554.43408466 6.00000000
v 584794.42895345 4509569.85115813 6.00000000
v 584796.25614461 4509568.85066012 6.00000000
v 584795.95850060 4509568.29214863 6.00000000
v 584805.06875071 4509563.32267719 6.00000000
v 584805.81336744 4509564.67455411 6.00000000
v 584814.97467529 4509559.67237220 6.00000000
v 584814.27164592 4509558.37648083 6.00000000
v 584817.53506447 4509556.59306470 6.00000000
v 584816.60861243 4509554.89493988 6.00000000
v 584821.43555492 4509552.27454828 6.00000000
v 584822.11375895 4509553.52574773 6.00000000
v 584832.87277407 4509547.65369599 6.00000000
v 584833.94804443 4509549.63107938 6.00000000
v 584848.58230593 4509541.64957935 6.00000000
v 584846.44802317 4509537.75050520 6.00000000
v 584821.31847372 4509491.64441326 6.00000000
v 584818.29311819 4509493.28622407 6.00000000
v 584812.20825297 4509496.60276501 6.00000000
v 584809.13172771 4509498.28840266 6.00000000
v 584810.14110829 4509500.12070050 6.00000000
v 584797.13852751 4509507.21056408 6.00000000
v 584809.98776799 4509521.64599773 6.00000000
v 584816.62419963 4509533.60121015 6.00000000
v 584807.75929738 4509538.52906640 6.00000000
v 584801.59440340 4509527.43412058 6.00000000
v 584808.44481187 4509523.63783466 6.00000000
v 584807.96482109 4509522.77747902 6.00000000
v 584796.94837146 4509506.85312062 61.79999924
v 584788.94280054 4509511.22461940 61.79999924
v 584788.09093820 4509509.64947520 61.79999924
v 584779.04012637 4509514.58634180 61.79999924
v 584779.79281648 4509515.97161448 61.79999924
v 584770.49561051 4509521.03889925 61.79999924
v 584770.03237686 4509520.18983993 61.79999924
v 584768.10321160 4509521.24468927 61.79999924
v 584776.60660743 4509536.85161092 61.79999924
v 584785.25797098 4509532.13221653 61.79999924
v 584794.81202753 4509549.64964254 61.79999924
v 584786.02480788 4509554.43408466 61.79999924
v 584794.42895345 4509569.85115813 61.79999924
v 584796.25614461 4509568.85066012 61.79999924
v 584795.95850060 4509568.29214863 61.79999924
v 584805.06875071 4509563.32267719 61.79999924
v 584805.81336744 4509564.67455411 61.79999924
v 584814.97467529 4509559.67237220 61.79999924
v 584814.27164592 4509558.37648083 61.79999924
v 584817.53506447 4509556.59306470 61.79999924
v 584816.60861243 4509554.89493988 61.79999924
v 584821.43555492 4509552.27454828 61.79999924
v 584822.11375895 4509553.52574773 61.79999924
v 584832.87277407 4509547.65369599 61.79999924
v 584833.94804443 4509549.63107938 61.79999924
v 584848.58230593 4509541.64957935 61.79999924
v 584846.44802317 4509537.75050520 61.79999924
v 584821.31847372 4509491.64441326 61.79999924
v 584818.29311819 4509493.28622407 61.79999924
v 584812.20825297 4509496.60276501 61.79999924
v 584809.13172771 4509498.28840266 61.79999924
v 584810.14110829 4509500.12070050 61.79999924
v 584797.13852751 4509507.21056408 61.79999924
v 584809.98776799 4509521.64599773 61.79999924
v 584816.62419963 4509533.60121015 61.79999924
v 584807.75929738 4509538.52906640 61.79999924
v 584801.59440340 4509527.43412058 61.79999924
v 584808.44481187 4509523.63783466 61.79999924
v 584807.96482109 4509522.77747902 61.79999924
v 584877.79886783 4509564.16610098 6.00000000
v 584880.16110966 4509562.90529759 6.00000000
v 584882.01271152 4509566.41257065 6.00000000
v 584886.39713859 4509564.08691223 6.00000000
v 584884.71061003 4509560.91459245 6.00000000
v 584877.51840396 4509547.35424323 6.00000000
v 584870.78029676 4509550.92970858 6.00000000
v 584877.79886783 4509564.16610098 23.00000000
v 584880.16110966 4509562.90529759 23.00000000
v 584882.01271152 4509566.41257065 23.00000000
v 584886.39713859 4509564.08691223 23.00000000
v 584884.71061003 4509560.91459245 23.00000000
v 584877.51840396 4509547.35424323 23.00000000
v 584870.78029676 4509550.92970858 23.00000000
v 584870.75500382 4509567.89349550 6.00000000
v 584877.79886783 4509564.16610098 6.00000000
v 584870.78029676 4509550.92970858 6.00000000
v 584870.53217933 4509550.47168025 6.00000000
v 584863.49675066 4509554.19917840 6.00000000
v 584870.75500382 4509567.89349550 23.60000038
v 584877.79886783 4509564.16610098 23.60000038
v 584870.78029676 4509550.92970858 23.60000038
v 584870.53217933 4509550.47168025 23.60000038
v 584863.49675066 4509554.19917840 23.60000038
v 584864.35417932 4509571.51723600 6.00000000
v 584866.97971260 4509570.12621672 6.00000000
v 584869.53421001 4509574.94048389 6.00000000
v 584873.40035283 4509572.88643841 6.00000000
v 584870.75500382 4509567.89349550 6.00000000
v 584863.49675066 4509554.19917840 6.00000000
v 584856.99649324 4509557.65525503 6.00000000
v 584864.35417932 4509571.51723600 23.00000000
v 584866.97971260 4509570.12621672 23.00000000
v 584869.53421001 4509574.94048389 23.00000000
v 584873.40035283 4509572.88643841 23.00000000
v 584870.75500382 4509567.89349550 23.00000000
v 584863.49675066 4509554.19917840 23.00000000
v 584856.99649324 4509557.65525503 23.00000000
v 584857.49711874 4509575.15796399 6.00000000
v 584864.35417932 4509571.51723600 6.00000000
v 584856.99649324 4509557.65525503 6.00000000
v 584850.13955095 4509561.28488920 6.00000000
v 584857.49711874 4509575.15796399 24.00000000
v 584864.35417932 4509571.51723600 24.00000000
v 584856.99649324 4509557.65525503 24.00000000
v 584850.13955095 4509561.28488920 24.00000000
v 584724.88224539 4509562.40585197 6.00000000
v 584728.02508613 4509568.21488191 6.00000000
v 584731.92534876 4509566.12784719 6.00000000
v 584736.41642458 4509574.41696523 6.00000000
v 584742.95089305 4509570.91676722 6.00000000
v 584756.39393346 4509563.69862217 6.00000000
v 584748.80264654 4509549.56763235 6.00000000
v 584724.88224539 4509562.40585197 24.89999962
v 584728.02508613 4509568.21488191 24.89999962
v 584731.92534876 4509566.12784719 24.89999962
v 584736.41642458 4509574.41696523 24.89999962
v 584742.95089305 4509570.91676722 24.89999962
v 584756.39393346 4509563.69862217 24.89999962
v 584748.80264654 4509549.56763235 24.89999962
v 584702.83475580 4509565.07378272 6.00000000
v 584705.11201639 4509563.85636199 6.00000000
v 584706.01237903 4509564.14420267 6.00000000
v 584706.50031550 4509565.04905087 6.00000000
v 584704.87731976 4509565.91867807 6.00000000
v 584711.61806978 4509578.36347989 6.00000000
v 584724.48317832 4509571.46063640 6.00000000
v 584717.75101395 4509559.00481858 6.00000000
v 584716.07696953 4509559.90716647 6.00000000
v 584715.58058960 4509559.00222114 6.00000000
v 584715.85276268 4509558.09495594 6.00000000
v 584717.99415857 4509556.94259938 6.00000000
v 584713.94990812 4509549.45795323 6.00000000
v 584698.78192395 4509557.60014912 6.00000000
v 584702.83475580 4509565.07378272 35.50000000
v 584705.11201639 4509563.85636199 35.50000000
v 584706.01237903 4509564.14420267 35.50000000
v 584706.50031550 4509565.04905087 35.50000000
v 584704.87731976 4509565.91867807 35.50000000
v 584711.61806978 4509578.36347989 35.50000000
v 584724.48317832 4509571.46063640 35.50000000
v 584717.75101395 4509559.00481858 35.50000000
v 584716.07696953 4509559.90716647 35.50000000
v 584715.58058960 4509559.00222114 35.50000000
v 584715.85276268 4509558.09495594 35.50000000
v 584717.99415857 4509556.94259938 35.50000000
v 584713.94990812 4509549.45795323 35.50000000
v 584698.78192395 4509557.60014912 35.50000000
v 584713.75974928 4509549.10051193 6.00000000
v 584713.94990812 4509549.45795323 6.00000000
v 584717.99415857 4509556.94259938 6.00000000
v 584739.23787372 4509545.53924449 6.00000000
v 584744.98223015 4509542.45189797 6.00000000
v 584740.76472866 4509534.60998801 6.00000000
v 584713.75974928 4509549.10051193 25.00000000
v 584713.94990812 4509549.45795323 25.00000000
v 584717.99415857 4509556.94259938 25.00000000
v 584739.23787372 4509545.53924449 25.00000000
v 584744.98223015 4509542.45189797 25.00000000
v 584740.76472866 4509534.60998801 25.00000000
v 584739.23787372 4509545.53924449 6.00000000
v 584740.25507427 4509547.42713275 6.00000000
v 584720.20104134 4509558.18905363 6.00000000
v 584723.02128582 4509563.40598143 6.00000000
v 584724.88224539 4509562.40585197 6.00000000
v 584748.80264654 4509549.56763235 6.00000000
v 584744.98223015 4509542.45189797 6.00000000
v 584739.23787372 4509545.53924449 40.90000153
v 584740.25507427 4509547.42713275 40.90000153
v 584720.20104134 4509558.18905363 40.90000153
v 584723.02128582 4509563.40598143 40.90000153
v 584724.88224539 4509562.40585197 40.90000153
v 584748.80264654 4509549.56763235 40.90000153
v 584744.98223015 4509542.45189797 40.90000153
v 584684.65477917 4509527.11882917 6.00000000
v 584678.74910871 4509530.28209443 6.00000000
v 584676.50812852 4509526.10429964 6.00000000
v 584682.20987046 4509523.04972458 6.00000000
v 584677.22358174 4509513.74469199 6.00000000
v 584670.70598509 4509517.24514080 6.00000000
v 584670.97894163 4509517.74785428 6.00000000
v 584657.86751560 4509524.77010191 6.00000000
v 584672.23082977 4509551.59036001 6.00000000
v 584692.07205192 4509540.97020762 6.00000000
v 584684.65477917 4509527.11882917 25.29999924
v 584678.74910871 4509530.28209443 25.29999924
v 584676.50812852 4509526.10429964 25.29999924
v 584682.20987046 4509523.04972458 25.29999924
v 584677.22358174 4509513.74469199 25.29999924
v 584670.70598509 4509517.24514080 25.29999924
v 584670.97894163 4509517.74785428 25.29999924
v 584657.86751560 4509524.77010191 25.29999924
v 584672.23082977 4509551.59036001 25.29999924
v 584692.07205192 4509540.97020762 25.29999924
v 584649.08022920 4509541.40068176 6.00000000
v 584655.81004182 4509537.80271870 6.00000000
v 584654.70195980 4509535.73617075 6.00000000
v 584650.69141112 4509528.25194619 6.00000000
v 584643.97003689 4509531.85001035 6.00000000
v 584649.08022920 4509541.40068176 16.19999981
v 584655.81004182 4509537.80271870 16.19999981
v 584654.70195980 4509535.73617075 16.19999981
v 584650.69141112 4509528.25194619 16.19999981
v 584643.97003689 4509531.85001035 16.19999981
v 584656.35041540 4509534.85572118 6.00000000
v 584654.70195980 4509535.73617075 6.00000000
v 584655.81004182 4509537.80271870 6.00000000
v 584664.99690163 4509554.96050832 6.00000000
v 584665.21201505 4509555.35153971 6.00000000
v 584672.23082977 4509551.59036001 6.00000000
v 584657.86751560 4509524.77010191 6.00000000
v 584652.48882283 4509527.63964778 6.00000000
v 584656.35041540 4509534.85572118 22.29999924
v 584654.70195980 4509535.73617075 22.29999924
v 584655.81004182 4509537.80271870 22.29999924
v 584664.99690163 4509554.96050832 22.29999924
v 584665.21201505 4509555.35153971 22.29999924
v 584672.23082977 4509551.59036001 22.29999924
v 584657.86751560 4509524.77010191 22.29999924
v 584652.48882283 4509527.63964778 22.29999924
v 584642.01105238 4509544.39526096 6.00000000
v 584642.33340795 4509545.00955873 6.00000000
v 584649.08022920 4509541.40068176 6.00000000
v 584643.97003689 4509531.85001035 6.00000000
v 584637.22320974 4509535.45889201 6.00000000
v 584642.01105238 4509544.39526096 17.30000019
v 584642.33340795 4509545.00955873 17.30000019
v 584649.08022920 4509541.40068176 17.30000019
v 584643.97003689 4509531.85001035 17.30000019
v 584637.22320974 4509535.45889201 17.30000019
v 584633.98059612 4509545.78016542 6.00000000
v 584634.13748872 4509546.09281626 6.00000000
v 584639.15947426 4509543.39681930 6.00000000
v 584640.20959013 4509545.36278387 6.00000000
v 584642.01105238 4509544.39526096 6.00000000
v 584637.22320974 4509535.45889201 6.00000000
v 584630.39988400 4509539.11131492 6.00000000
v 584633.98059612 4509545.78016542 16.39999962
v 584634.13748872 4509546.09281626 16.39999962
v 584639.15947426 4509543.39681930 16.39999962
v 584640.20959013 4509545.36278387 16.39999962
v 584642.01105238 4509544.39526096 16.39999962
v 584637.22320974 4509535.45889201 16.39999962
v 584630.39988400 4509539.11131492 16.39999962
v 584642.33340795 4509545.00955873 6.00000000
v 584628.78873978 4509552.26005453 6.00000000
v 584629.82247539 4509554.18142209 6.00000000
v 584631.58371732 4509557.47665730 6.00000000
v 584637.98395951 4509569.42900747 6.00000000
v 584664.99690163 4509554.96050832 6.00000000
v 584655.81004182 4509537.80271870 6.00000000
v 584649.08022920 4509541.40068176 6.00000000
v 584642.33340795 4509545.00955873 9.70000005
v 584628.78873978 4509552.26005453 9.70000005
v 584629.82247539 4509554.18142209 9.70000005
v 584631.58371732 4509557.47665730 9.70000005
v 584637.98395951 4509569.42900747 9.70000005
v 584664.99690163 4509554.96050832 9.70000005
v 584655.81004182 4509537.80271870 9.70000005
v 584649.08022920 4509541.40068176 9.70000005
v 584600.81313603 4509565.98495753 6.00000000
v 584608.50318209 4509561.86500798 6.00000000
v 584603.91379327 4509553.29729632 6.00000000
v 584595.62897078 4509557.73242571 6.00000000
v 584600.81313603 4509565.98495753 17.39999962
v 584608.50318209 4509561.86500798 17.39999962
v 584603.91379327 4509553.29729632 17.39999962
v 584595.62897078 4509557.73242571 17.39999962
v 584616.70258243 4509561.21474562 6.00000000
v 584623.25401816 4509557.70353495 6.00000000
v 584617.11006562 4509546.23151558 6.00000000
v 584610.55862302 4509549.74273173 6.00000000
v 584616.70258243 4509561.21474562 13.19999981
v 584623.25401816 4509557.70353495 13.19999981
v 584617.11006562 4509546.23151558 13.19999981
v 584610.55862302 4509549.74273173 13.19999981
v 584623.25401816 4509557.70353495 6.00000000
v 584629.82247539 4509554.18142209 6.00000000
v 584628.78873978 4509552.26005453 6.00000000
v 584627.25067500 4509549.38924875 6.00000000
v 584623.67852974 4509542.70939723 6.00000000
v 584617.11006562 4509546.23151558 6.00000000
v 584623.25401816 4509557.70353495 15.50000000
v 584629.82247539 4509554.18142209 15.50000000
v 584628.78873978 4509552.26005453 15.50000000
v 584627.25067500 4509549.38924875 15.50000000
v 584623.67852974 4509542.70939723 15.50000000
v 584617.11006562 4509546.23151558 15.50000000
v 584627.25067500 4509549.38924875 6.00000000
v 584633.98059612 4509545.78016542 6.00000000
v 584630.39988400 4509539.11131492 6.00000000
v 584623.67852974 4509542.70939723 6.00000000
v 584627.25067500 4509549.38924875 14.00000000
v 584633.98059612 4509545.78016542 14.00000000
v 584630.39988400 4509539.11131492 14.00000000
v 584623.67852974 4509542.70939723 14.00000000
v 584547.82093423 4509559.86266553 6.00000000
v 584538.29846494 4509544.71068668 6.00000000
v 584534.83129410 4509539.18669879 6.00000000
v 584528.19642058 4509543.35206114 6.00000000
v 584528.54487766 4509543.90003852 6.00000000
v 584536.46636268 4509556.51356464 6.00000000
v 584538.63546756 4509555.15053250 6.00000000
v 584544.20948705 4509564.02918791 6.00000000
v 584542.17637750 4509565.31605431 6.00000000
v 584545.27024918 4509570.24737624 6.00000000
v 584546.48663541 4509569.48409887 6.00000000
v 584551.77743291 4509566.16939013 6.00000000
v 584550.49993575 4509564.14533468 6.00000000
v 584547.82093423 4509559.86266553 23.89999962
v 584538.29846494 4509544.71068668 23.89999962
v 584534.83129410 4509539.18669879 23.89999962
v 584528.19642058 4509543.35206114 23.89999962
v 584528.54487766 4509543.90003852 23.89999962
v 584536.46636268 4509556.51356464 23.89999962
v 584538.63546756 4509555.15053250 23.89999962
v 584544.20948705 4509564.02918791 23.89999962
v 584542.17637750 4509565.31605431 23.89999962
v 584545.27024918 4509570.24737624 23.89999962
v 584546.48663541 4509569.48409887 23.89999962
v 584551.77743291 4509566.16939013 23.89999962
v 584550.49993575 4509564.14533468 23.89999962
v 584531.73008298 4509563.04312273 6.00000000
v 584535.50679114 4509560.67702408 6.00000000
v 584533.90591226 4509558.12748409 6.00000000
v 584536.46636268 4509556.51356464 6.00000000
v 584528.54487766 4509543.90003852 6.00000000
v 584522.20771226 4509547.88006423 6.00000000
v 584531.73008298 4509563.04312273 23.89999962
v 584535.50679114 4509560.67702408 23.89999962
v 584533.90591226 4509558.12748409 23.89999962
v 584536.46636268 4509556.51356464 23.89999962
v 584528.54487766 4509543.90003852 23.89999962
v 584522.20771226 4509547.88006423 23.89999962
v 584523.78698850 4509564.91763531 6.00000000
v 584525.32158103 4509567.35539603 6.00000000
v 584526.67012667 4509567.59281401 6.00000000
v 584529.23901650 4509565.97898840 6.00000000
v 584529.27172605 4509564.59159501 6.00000000
v 584531.73008298 4509563.04312273 6.00000000
v 584522.20771226 4509547.88006423 6.00000000
v 584515.66637319 4509551.99099317 6.00000000
v 584523.78698850 4509564.91763531 23.79999924
v 584525.32158103 4509567.35539603 23.79999924
v 584526.67012667 4509567.59281401 23.79999924
v 584529.23901650 4509565.97898840 23.79999924
v 584529.27172605 4509564.59159501 23.79999924
v 584531.73008298 4509563.04312273 23.79999924
v 584522.20771226 4509547.88006423 23.79999924
v 584515.66637319 4509551.99099317 23.79999924
v 584555.22092341 4509561.17939799 6.00000000
v 584556.33244712 4509562.94621222 6.00000000
v 584558.99486494 4509561.27795278 6.00000000
v 584557.58466658 4509559.04144202 6.00000000
v 584559.96640021 4509557.54761563 6.00000000
v 584558.82173257 4509555.72491217 6.00000000
v 584562.56442315 4509553.38064326 6.00000000
v 584565.26849827 4509557.68580813 6.00000000
v 584565.44709359 4509557.57682400 6.00000000
v 584574.23407396 4509552.05938096 6.00000000
v 584557.28785466 4509525.08773882 6.00000000
v 584534.83129410 4509539.18669879 6.00000000
v 584538.29846494 4509544.71068668 6.00000000
v 584539.66799039 4509543.84923521 6.00000000
v 584549.18188727 4509559.01222021 6.00000000
v 584547.82093423 4509559.86266553 6.00000000
v 584550.49993575 4509564.14533468 6.00000000
v 584561.92874894 4509545.43536839 6.00000000
v 584558.80691661 4509547.39814445 6.00000000
v 584559.03917751 4509547.76716392 6.00000000
v 584557.10827822 4509548.97747726 6.00000000
v 584554.80230288 4509545.30967754 6.00000000
v 584556.73320271 4509544.09936360 6.00000000
v 584556.81625259 4509544.22243427 6.00000000
v 584559.93808567 4509542.25965737 6.00000000
v 584554.23655248 4509540.11852972 6.00000000
v 584552.61179771 4509541.14359965 6.00000000
v 584551.20991106 4509538.91828725 6.00000000
v 584552.84311037 4509537.89331332 6.00000000
v 584555.22092341 4509561.17939799 37.89999962
v 584556.33244712 4509562.94621222 37.89999962
v 584558.99486494 4509561.27795278 37.89999962
v 584557.58466658 4509559.04144202 37.89999962
v 584559.96640021 4509557.54761563 37.89999962
v 584558.82173257 4509555.72491217 37.89999962
v 584562.56442315 4509553.38064326 37.89999962
v 584565.26849827 4509557.68580813 37.89999962
v 584565.44709359 4509557.57682400 37.89999962
v 584574.23407396 4509552.05938096 37.89999962
v 584557.28785466 4509525.08773882 37.89999962
v 584534.83129410 4509539.18669879 37.89999962
v 584538.29846494 4509544.71068668 37.89999962
v 584539.66799039 4509543.84923521 37.89999962
v 584549.18188727 4509559.01222021 37.89999962
v 584547.82093423 4509559.86266553 37.89999962
v 584550.49993575 4509564.14533468 37.89999962
v 584561.92874894 4509545.43536839 37.89999962
v 584558.80691661 4509547.39814445 37.89999962
v 584559.03917751 4509547.76716392 37.89999962
v 584557.10827822 4509548.97747726 37.89999962
v 584554.80230288 4509545.30967754 37.89999962
v 584556.73320271 4509544.09936360 37.89999962
v 584556.81625259 4509544.22243427 37.89999962
v 584559.93808567 4509542.25965737 37.89999962
v 584554.23655248 4509540.11852972 37.89999962
v 584552.61179771 4509541.14359965 37.89999962
v 584551.20991106 4509538.91828725 37.89999962
v 584552.84311037 4509537.89331332 37.89999962
v 584590.10921875 4509548.54348970 6.00000000
v 584600.08716558 4509542.27361844 6.00000000
v 584596.53711613 4509536.61542918 6.00000000
v 584595.06561796 4509537.53121744 6.00000000
v 584593.33205221 4509534.76920974 6.00000000
v 584595.62015398 4509533.34093887 6.00000000
v 584587.19275926 4509519.92222229 6.00000000
v 584584.07948042 4509521.87398355 6.00000000
v 584583.31641092 4509520.65514524 6.00000000
v 584588.91353380 4509517.14411838 6.00000000
v 584585.68839927 4509511.13437406 6.00000000
v 584584.49775048 4509508.90036331 6.00000000
v 584570.66665134 4509517.56876999 6.00000000
v 584590.10921875 4509548.54348970 35.89999962
v 584600.08716558 4509542.27361844 35.89999962
v 584596.53711613 4509536.61542918 35.89999962
v 584595.06561796 4509537.53121744 35.89999962
v 584593.33205221 4509534.76920974 35.89999962
v 584595.62015398 4509533.34093887 35.89999962
v 584587.19275926 4509519.92222229 35.89999962
v 584584.07948042 4509521.87398355 35.89999962
v 584583.31641092 4509520.65514524 35.89999962
v 584588.91353380 4509517.14411838 35.89999962
v 584585.68839927 4509511.13437406 35.89999962
v 584584.49775048 4509508.90036331 35.89999962
v 584570.66665134 4509517.56876999 35.89999962
v 584612.13935661 4509528.15602057 6.00000000
v 584605.80884545 4509531.54763919 6.00000000
v 584609.40558500 4509538.29437490 6.00000000
v 584615.75298079 4509534.90295213 6.00000000
v 584612.13935661 4509528.15602057 13.59999990
v 584605.80884545 4509531.54763919 13.59999990
v 584609.40558500 4509538.29437490 13.59999990
v 584615.75298079 4509534.90295213 13.59999990
v 584602.40380662 4509542.04470574 6.00000000
v 584609.40558500 4509538.29437490 6.00000000
v 584605.80884545 4509531.54763919 6.00000000
v 584598.79861847 4509535.29787710 6.00000000
v 584602.40380662 4509542.04470574 13.59999990
v 584609.40558500 4509538.29437490 13.59999990
v 584605.80884545 4509531.54763919 13.59999990
v 584598.79861847 4509535.29787710 13.59999990
v 584614.99558113 4509531.70799531 6.00000000
v 584617.71434619 4509530.28464643 6.00000000
v 584618.48256647 4509529.57177600 6.00000000
v 584618.79137504 4509529.15341961 6.00000000
v 584619.25800891 4509528.22616647 6.00000000
v 584619.48077244 4509527.20731277 6.00000000
v 584619.45046105 4509526.16336624 6.00000000
v 584614.84982945 4509517.83976717 6.00000000
v 584609.19071421 4509520.86157343 6.00000000
v 584614.99558113 4509531.70799531 17.80000019
v 584617.71434619 4509530.28464643 17.80000019
v 584618.48256647 4509529.57177600 17.80000019
v 584618.79137504 4509529.15341961 17.80000019
v 584619.25800891 4509528.22616647 17.80000019
v 584619.48077244 4509527.20731277 17.80000019
v 584619.45046105 4509526.16336624 17.80000019
v 584614.84982945 4509517.83976717 17.80000019
v 584609.19071421 4509520.86157343 17.80000019
v 584619.01897546 4509521.05145989 6.00000000
v 584624.11282570 4509530.55751780 6.00000000
v 584631.60743570 4509526.54638165 6.00000000
v 584627.53082500 4509518.92819075 6.00000000
v 584626.51371869 4509517.02921785 6.00000000
v 584622.63035050 4509519.11650057 6.00000000
v 584619.01897546 4509521.05145989 18.69999981
v 584624.11282570 4509530.55751780 18.69999981
v 584631.60743570 4509526.54638165 18.69999981
v 584627.53082500 4509518.92819075 18.69999981
v 584626.51371869 4509517.02921785 18.69999981
v 584622.63035050 4509519.11650057 18.69999981
v 584623.63307368 4509506.73796498 6.00000000
v 584621.65967806 4509507.96998120 6.00000000
v 584622.29645838 4509509.15407567 6.00000000
v 584626.51371869 4509517.02921785 6.00000000
v 584627.53082500 4509518.92819075 6.00000000
v 584634.91491230 4509514.98240884 6.00000000
v 584633.40166756 4509512.15629399 6.00000000
v 584629.97002049 4509505.74449526 6.00000000
v 584624.63367376 4509508.60344259 6.00000000
v 584623.63307368 4509506.73796498 24.20000076
v 584621.65967806 4509507.96998120 24.20000076
v 584622.29645838 4509509.15407567 24.20000076
v 584626.51371869 4509517.02921785 24.20000076
v 584627.53082500 4509518.92819075 24.20000076
v 584634.91491230 4509514.98240884 24.20000076
v 584633.40166756 4509512.15629399 24.20000076
v 584629.97002049 4509505.74449526 24.20000076
v 584624.63367376 4509508.60344259 24.20000076
v 584588.91353380 4509517.14411838 6.00000000
v 584594.71855974 4509527.97942313 6.00000000
v 584597.52265151 4509526.47932563 6.00000000
v 584596.12533519 4509523.85437988 6.00000000
v 584600.52696130 4509521.49544421 6.00000000
v 584592.64637127 4509506.78401210 6.00000000
v 584585.68839927 4509511.13437406 6.00000000
v 584588.91353380 4509517.14411838 24.10000038
v 584594.71855974 4509527.97942313 24.10000038
v 584597.52265151 4509526.47932563 24.10000038
v 584596.12533519 4509523.85437988 24.10000038
v 584600.52696130 4509521.49544421 24.10000038
v 584592.64637127 4509506.78401210 24.10000038
v 584585.68839927 4509511.13437406 24.10000038
v 584600.52696130 4509521.49544421 6.00000000
v 584607.52863100 4509517.75621212 6.00000000
v 584607.09864918 4509516.95195149 6.00000000
v 584599.39172379 4509502.56445583 6.00000000
v 584592.64637127 4509506.78401210 6.00000000
v 584600.52696130 4509521.49544421 24.20000076
v 584607.52863100 4509517.75621212 24.20000076
v 584607.09864918 4509516.95195149 24.20000076
v 584599.39172379 4509502.56445583 24.20000076
v 584592.64637127 4509506.78401210 24.20000076
v 584607.09864918 4509516.95195149 6.00000000
v 584614.66119742 4509512.90826711 6.00000000
v 584606.67312948 4509497.99575474 6.00000000
v 584599.39172379 4509502.56445583 6.00000000
v 584607.09864918 4509516.95195149 24.20000076
v 584614.66119742 4509512.90826711 24.20000076
v 584606.67312948 4509497.99575474 24.20000076
v 584599.39172379 4509502.56445583 24.20000076
v 584622.29645838 4509509.15407567 6.00000000
v 584621.65967806 4509507.96998120 6.00000000
v 584613.89480054 4509493.48188951 6.00000000
v 584606.67312948 4509497.99575474 6.00000000
v 584614.66119742 4509512.90826711 6.00000000
v 584619.01897546 4509521.05145989 6.00000000
v 584622.63035050 4509519.11650057 6.00000000
v 584619.29800202 4509512.88347443 6.00000000
v 584621.49031412 4509511.70946702 6.00000000
v 584622.29645838 4509509.15407567 26.50000000
v 584621.65967806 4509507.96998120 26.50000000
v 584613.89480054 4509493.48188951 26.50000000
v 584606.67312948 4509497.99575474 26.50000000
v 584614.66119742 4509512.90826711 26.50000000
v 584619.01897546 4509521.05145989 26.50000000
v 584622.63035050 4509519.11650057 26.50000000
v 584619.29800202 4509512.88347443 26.50000000
v 584621.49031412 4509511.70946702 26.50000000
v 584613.89480054 4509493.48188951 6.00000000
v 584621.65967806 4509507.96998120 6.00000000
v 584623.63307368 4509506.73796498 6.00000000
v 584628.77925720 4509503.52157791 6.00000000
v 584621.01451509 4509489.02237803 6.00000000
v 584613.89480054 4509493.48188951 26.50000000
v 584621.65967806 4509507.96998120 26.50000000
v 584623.63307368 4509506.73796498 26.50000000
v 584628.77925720 4509503.52157791 26.50000000
v 584621.01451509 4509489.02237803 26.50000000
v 584628.77925720 4509503.52157791 6.00000000
v 584635.25251526 4509499.46547969 6.00000000
v 584634.92196613 4509498.82888455 6.00000000
v 584632.35846601 4509494.04790718 6.00000000
v 584627.49622540 4509484.96636939 6.00000000
v 584621.01451509 4509489.02237803 6.00000000
v 584628.77925720 4509503.52157791 26.89999962
v 584635.25251526 4509499.46547969 26.89999962
v 584634.92196613 4509498.82888455 26.89999962
v 584632.35846601 4509494.04790718 26.89999962
v 584627.49622540 4509484.96636939 26.89999962
v 584621.01451509 4509489.02237803 26.89999962
v 584514.34347935 4509476.15947199 6.00000000
v 584505.23304263 4509481.89534221 6.00000000
v 584497.44110528 4509486.80248880 6.00000000
v 584494.59138260 4509488.60186130 6.00000000
v 584499.07084835 4509495.71386832 6.00000000
v 584504.46389260 4509492.32257585 6.00000000
v 584527.62710636 4509477.73198370 6.00000000
v 584523.14765601 4509470.61995937 6.00000000
v 584514.34347935 4509476.15947199 27.70000076
v 584505.23304263 4509481.89534221 27.70000076
v 584497.44110528 4509486.80248880 27.70000076
v 584494.59138260 4509488.60186130 27.70000076
v 584499.07084835 4509495.71386832 27.70000076
v 584504.46389260 4509492.32257585 27.70000076
v 584527.62710636 4509477.73198370 27.70000076
v 584523.14765601 4509470.61995937 27.70000076
v 584520.52138111 4509491.33989727 6.00000000
v 584528.65882061 4509504.27783587 6.00000000
v 584525.92832929 4509505.98973880 6.00000000
v 584525.51358133 4509505.32998454 6.00000000
v 584522.91064153 4509506.96562789 6.00000000
v 584522.28013823 4509505.97035015 6.00000000
v 584520.94463836 4509506.80998857 6.00000000
v 584521.57514176 4509507.80526619 6.00000000
v 584519.54214782 4509509.08103818 6.00000000
v 584527.45574933 4509521.65005417 6.00000000
v 584547.38628727 4509509.10986839 6.00000000
v 584527.62710636 4509477.73198370 6.00000000
v 584504.46389260 4509492.32257585 6.00000000
v 584508.57825040 4509498.86421880 6.00000000
v 584520.52138111 4509491.33989727 71.59999847
v 584528.65882061 4509504.27783587 71.59999847
v 584525.92832929 4509505.98973880 71.59999847
v 584525.51358133 4509505.32998454 71.59999847
v 584522.91064153 4509506.96562789 71.59999847
v 584522.28013823 4509505.97035015 71.59999847
v 584520.94463836 4509506.80998857 71.59999847
v 584521.57514176 4509507.80526619 71.59999847
v 584519.54214782 4509509.08103818 71.59999847
v 584527.45574933 4509521.65005417 71.59999847
v 584547.38628727 4509509.10986839 71.59999847
v 584527.62710636 4509477.73198370 71.59999847
v 584504.46389260 4509492.32257585 71.59999847
v 584508.57825040 4509498.86421880 71.59999847
v 584564.89206114 4509559.59108094 6.00000000
v 584562.54435730 4509561.06308966 6.00000000
v 584554.21680332 4509566.28602841 6.00000000
v 584552.21982469 4509565.88578016 6.00000000
v 584551.77743291 4509566.16939013 6.00000000
v 584546.48663541 4509569.48409887 6.00000000
v 584551.93624980 4509578.16150371 6.00000000
v 584555.04105255 4509576.20963296 6.00000000
v 584557.77598792 4509580.77049637 6.00000000
v 584582.42074958 4509565.10896710 6.00000000
v 584574.23407396 4509552.05938096 6.00000000
v 584565.44709359 4509557.57682400 6.00000000
v 584564.89206114 4509559.59108094 29.50000000
v 584562.54435730 4509561.06308966 29.50000000
v 584554.21680332 4509566.28602841 29.50000000
v 584552.21982469 4509565.88578016 29.50000000
v 584551.77743291 4509566.16939013 29.50000000
v 584546.48663541 4509569.48409887 29.50000000
v 584551.93624980 4509578.16150371 29.50000000
v 584555.04105255 4509576.20963296 29.50000000
v 584557.77598792 4509580.77049637 29.50000000
v 584582.42074958 4509565.10896710 29.50000000
v 584574.23407396 4509552.05938096 29.50000000
v 584565.44709359 4509557.57682400 29.50000000
v 584603.29324401 4509569.93231298 6.00000000
v 584610.70285411 4509565.96459534 6.00000000
v 584608.50318209 4509561.86500798 6.00000000
v 584600.81313603 4509565.98495753 6.00000000
v 584603.29324401 4509569.93231298 10.09999990
v 584610.70285411 4509565.96459534 10.09999990
v 584608.50318209 4509561.86500798 10.09999990
v 584600.81313603 4509565.98495753 10.09999990
v 584608.50318209 4509561.86500798 6.00000000
v 584610.70285411 4509565.96459534 6.00000000
v 584618.43438640 4509580.40789810 6.00000000
v 584625.07919967 4509576.85334664 6.00000000
v 584618.46382831 4509564.50997768 6.00000000
v 584616.70258243 4509561.21474562 6.00000000
v 584610.55862302 4509549.74273173 6.00000000
v 584603.91379327 4509553.29729632 6.00000000
v 584608.50318209 4509561.86500798 19.69999981
v 584610.70285411 4509565.96459534 19.69999981
v 584618.43438640 4509580.40789810 19.69999981
v 584625.07919967 4509576.85334664 19.69999981
v 584618.46382831 4509564.50997768 19.69999981
v 584616.70258243 4509561.21474562 19.69999981
v 584610.55862302 4509549.74273173 19.69999981
v 584603.91379327 4509553.29729632 19.69999981
v 584625.07919967 4509576.85334664 6.00000000
v 584631.86014081 4509573.21153789 6.00000000
v 584625.25322132 4509560.86825923 6.00000000
v 584618.46382831 4509564.50997768 6.00000000
v 584625.07919967 4509576.85334664 23.20000076
v 584631.86014081 4509573.21153789 23.20000076
v 584625.25322132 4509560.86825923 23.20000076
v 584618.46382831 4509564.50997768 23.20000076
v 584612.01896699 4509583.84294999 6.00000000
v 584618.43438640 4509580.40789810 6.00000000
v 584610.70285411 4509565.96459534 6.00000000
v 584603.29324401 4509569.93231298 6.00000000
v 584612.01896699 4509583.84294999 19.39999962
v 584618.43438640 4509580.40789810 19.39999962
v 584610.70285411 4509565.96459534 19.39999962
v 584603.29324401 4509569.93231298 19.39999962
v 584556.90116923 4509581.20460372 6.00000000
v 584559.81617646 4509586.26711779 6.00000000
v 584585.24931918 4509569.60429639 6.00000000
v 584582.42074958 4509565.10896710 6.00000000
v 584557.77598792 4509580.77049637 6.00000000
v 584556.90116923 4509581.20460372 19.30000019
v 584559.81617646 4509586.26711779 19.30000019
v 584585.24931918 4509569.60429639 19.30000019
v 584582.42074958 4509565.10896710 19.30000019
v 584557.77598792 4509580.77049637 19.30000019
v 584564.15593965 4509594.50999255 6.00000000
v 584590.49977413 4509577.96859874 6.00000000
v 584585.24931918 4509569.60429639 6.00000000
v 584559.89960563 4509586.35688645 6.00000000
v 584564.15593965 4509594.50999255 24.60000038
v 584590.49977413 4509577.96859874 24.60000038
v 584585.24931918 4509569.60429639 24.60000038
v 584559.89960563 4509586.35688645 24.60000038
v 584550.29722943 4509616.72272002 6.00000000
v 584556.73842995 4509613.24350161 6.00000000
v 584545.55685896 4509592.51041871 6.00000000
v 584539.10720212 4509595.98955063 6.00000000
v 584550.29722943 4509616.72272002 23.79999924
v 584556.73842995 4509613.24350161 23.79999924
v 584545.55685896 4509592.51041871 23.79999924
v 584539.10720212 4509595.98955063 23.79999924
v 584547.60488513 4509580.28812365 6.00000000
v 584540.90881566 4509583.89766962 6.00000000
v 584545.55685896 4509592.51041871 6.00000000
v 584556.73842995 4509613.24350161 6.00000000
v 584570.30900741 4509605.92656114 6.00000000
v 584564.15593965 4509594.50999255 6.00000000
v 584557.07431959 4509581.57294897 6.00000000
v 584550.23494803 4509585.15864791 6.00000000
v 584547.60488513 4509580.28812365 14.89999962
v 584540.90881566 4509583.89766962 14.89999962
v 584545.55685896 4509592.51041871 14.89999962
v 584556.73842995 4509613.24350161 14.89999962
v 584570.30900741 4509605.92656114 14.89999962
v 584564.15593965 4509594.50999255 14.89999962
v 584557.07431959 4509581.57294897 14.89999962
v 584550.23494803 4509585.15864791 14.89999962
v 584530.61401906 4509584.63514399 6.00000000
v 584528.29419404 4509585.88543848 6.00000000
v 584525.97009840 4509581.58461952 6.00000000
v 584523.73522165 4509582.79147544 6.00000000
v 584532.70859630 4509599.43596373 6.00000000
v 584534.95191387 4509598.22920682 6.00000000
v 584530.74216541 4509590.43191760 6.00000000
v 584533.06211604 4509589.17052320 6.00000000
v 584530.61401906 4509584.63514399 10.69999981
v 584528.29419404 4509585.88543848 10.69999981
v 584525.97009840 4509581.58461952 10.69999981
v 584523.73522165 4509582.79147544 10.69999981
v 584532.70859630 4509599.43596373 10.69999981
v 584534.95191387 4509598.22920682 10.69999981
v 584530.74216541 4509590.43191760 10.69999981
v 584533.06211604 4509589.17052320 10.69999981
v 584528.69999527 4509617.69767165 6.00000000
v 584526.55007671 4509618.86108668 6.00000000
v 584531.00782102 4509627.12749145 6.00000000
v 584543.89850908 4509620.18022407 6.00000000
v 584532.70859630 4509599.43596373 6.00000000
v 584523.73522165 4509582.79147544 6.00000000
v 584512.99428748 4509588.58645925 6.00000000
v 584528.69999527 4509617.69767165 17.39999962
v 584526.55007671 4509618.86108668 17.39999962
v 584531.00782102 4509627.12749145 17.39999962
v 584543.89850908 4509620.18022407 17.39999962
v 584532.70859630 4509599.43596373 17.39999962
v 584523.73522165 4509582.79147544 17.39999962
v 584512.99428748 4509588.58645925 17.39999962
v 584505.43216180 4509602.97743454 6.00000000
v 584506.15162205 4509604.31789121 6.00000000
v 584509.25323804 4509602.64351877 6.00000000
v 584517.21781748 4509617.40022888 6.00000000
v 584524.38817857 4509630.70461633 6.00000000
v 584531.00782102 4509627.12749145 6.00000000
v 584526.55007671 4509618.86108668 6.00000000
v 584512.19242278 4509592.25212341 6.00000000
v 584502.47126799 4509597.49253853 6.00000000
v 584505.43216180 4509602.97743454 11.09999990
v 584506.15162205 4509604.31789121 11.09999990
v 584509.25323804 4509602.64351877 11.09999990
v 584517.21781748 4509617.40022888 11.09999990
v 584524.38817857 4509630.70461633 11.09999990
v 584531.00782102 4509627.12749145 11.09999990
v 584526.55007671 4509618.86108668 11.09999990
v 584512.19242278 4509592.25212341 11.09999990
v 584502.47126799 4509597.49253853 11.09999990
v 584532.70859630 4509599.43596373 6.00000000
v 584543.89850908 4509620.18022407 6.00000000
v 584550.29722943 4509616.72272002 6.00000000
v 584539.10720212 4509595.98955063 6.00000000
v 584534.95191387 4509598.22920682 6.00000000
v 584532.70859630 4509599.43596373 24.29999924
v 584543.89850908 4509620.18022407 24.29999924
v 584550.29722943 4509616.72272002 24.29999924
v 584539.10720212 4509595.98955063 24.29999924
v 584534.95191387 4509598.22920682 24.29999924
v 584623.98773537 4509597.74620783 6.00000000
v 584618.39648290 4509600.74657630 6.00000000
v 584628.08163152 4509618.64275018 6.00000000
v 584634.65848248 4509615.12073846 6.00000000
v 584632.11115329 4509610.40655664 6.00000000
v 584625.40357293 4509598.00661640 6.00000000
v 584624.41783708 4509598.53936895 6.00000000
v 584623.98773537 4509597.74620783 23.70000076
v 584618.39648290 4509600.74657630 23.70000076
v 584628.08163152 4509618.64275018 23.70000076
v 584634.65848248 4509615.12073846 23.70000076
v 584632.11115329 4509610.40655664 23.70000076
v 584625.40357293 4509598.00661640 23.70000076
v 584624.41783708 4509598.53936895 23.70000076
v 584621.94100536 4509623.90168003 6.00000000
v 584628.90037085 4509620.16198691 6.00000000
v 584628.08163152 4509618.64275018 6.00000000
v 584618.39648290 4509600.74657630 6.00000000
v 584611.43710514 4509604.48627935 6.00000000
v 584621.94100536 4509623.90168003 22.39999962
v 584628.90037085 4509620.16198691 22.39999962
v 584628.08163152 4509618.64275018 22.39999962
v 584618.39648290 4509600.74657630 22.39999962
v 584611.43710514 4509604.48627935 22.39999962
v 584617.01841135 4509630.47346706 6.00000000
v 584623.58680236 4509626.95134932 6.00000000
v 584621.94100536 4509623.90168003 6.00000000
v 584611.43710514 4509604.48627935 6.00000000
v 584604.86870070 4509608.00840796 6.00000000
v 584617.01841135 4509630.47346706 22.70000076
v 584623.58680236 4509626.95134932 22.70000076
v 584621.94100536 4509623.90168003 22.70000076
v 584611.43710514 4509604.48627935 22.70000076
v 584604.86870070 4509608.00840796 22.70000076
v 584610.39041082 4509634.03931869 6.00000000
v 584617.01841135 4509630.47346706 6.00000000
v 584604.86870070 4509608.00840796 6.00000000
v 584598.23236913 4509611.56307349 6.00000000
v 584610.39041082 4509634.03931869 22.60000038
v 584617.01841135 4509630.47346706 22.60000038
v 584604.86870070 4509608.00840796 22.60000038
v 584598.23236913 4509611.56307349 22.60000038
v 584604.68046159 4509639.30317764 6.00000000
v 584611.31677210 4509635.74851806 6.00000000
v 584610.39041082 4509634.03931869 6.00000000
v 584598.23236913 4509611.56307349 6.00000000
v 584591.59591734 4509615.12884558 6.00000000
v 584604.68046159 4509639.30317764 22.89999962
v 584611.31677210 4509635.74851806 22.89999962
v 584610.39041082 4509634.03931869 22.89999962
v 584598.23236913 4509611.56307349 22.89999962
v 584591.59591734 4509615.12884558 22.89999962
v 584571.98062700 4509625.96277681 6.00000000
v 584567.34955924 4509628.45233623 6.00000000
v 584567.72182217 4509629.13381287 6.00000000
v 584576.18277379 4509644.78442382 6.00000000
v 584582.45381372 4509641.41430798 6.00000000
v 584573.99274439 4509625.77479050 6.00000000
v 584572.35276301 4509626.65535438 6.00000000
v 584571.98062700 4509625.96277681 22.10000038
v 584567.34955924 4509628.45233623 22.10000038
v 584567.72182217 4509629.13381287 22.10000038
v 584576.18277379 4509644.78442382 22.10000038
v 584582.45381372 4509641.41430798 22.10000038
v 584573.99274439 4509625.77479050 22.10000038
v 584572.35276301 4509626.65535438 22.10000038
v 584573.62060848 4509625.08221285 6.00000000
v 584573.99274439 4509625.77479050 6.00000000
v 584582.45381372 4509641.41430798 6.00000000
v 584587.17650152 4509650.13895920 6.00000000
v 584593.24361619 4509646.87754701 6.00000000
v 584579.87802682 4509622.16712662 6.00000000
v 584578.73941599 4509622.77585588 6.00000000
v 584578.55757027 4509622.42961511 6.00000000
v 584573.62060848 4509625.08221285 22.10000038
v 584573.99274439 4509625.77479050 22.10000038
v 584582.45381372 4509641.41430798 22.10000038
v 584587.17650152 4509650.13895920 22.10000038
v 584593.24361619 4509646.87754701 22.10000038
v 584579.87802682 4509622.16712662 22.10000038
v 584578.73941599 4509622.77585588 22.10000038
v 584578.55757027 4509622.42961511 22.10000038
v 584584.19780835 4509619.57410401 6.00000000
v 584581.24074562 4509621.16127757 6.00000000
v 584581.35655767 4509621.37353943 6.00000000
v 584579.87802682 4509622.16712662 6.00000000
v 584593.24361619 4509646.87754701 6.00000000
v 584599.16617239 4509643.70330709 6.00000000
v 584585.80059634 4509618.99287593 6.00000000
v 584584.31362035 4509619.78636591 6.00000000
v 584584.19780835 4509619.57410401 22.89999962
v 584581.24074562 4509621.16127757 22.89999962
v 584581.35655767 4509621.37353943 22.89999962
v 584579.87802682 4509622.16712662 22.89999962
v 584593.24361619 4509646.87754701 22.89999962
v 584599.16617239 4509643.70330709 22.89999962
v 584585.80059634 4509618.99287593 22.89999962
v 584584.31362035 4509619.78636591 22.89999962
v 584585.80059634 4509618.99287593 6.00000000
v 584599.16617239 4509643.70330709 6.00000000
v 584605.28421601 4509640.42028141 6.00000000
v 584604.68046159 4509639.30317764 6.00000000
v 584591.59591734 4509615.12884558 6.00000000
v 584585.48630382 4509618.41197899 6.00000000
v 584585.80059634 4509618.99287593 36.50000000
v 584599.16617239 4509643.70330709 36.50000000
v 584605.28421601 4509640.42028141 36.50000000
v 584604.68046159 4509639.30317764 36.50000000
v 584591.59591734 4509615.12884558 36.50000000
v 584585.48630382 4509618.41197899 36.50000000
v 584622.43098839 4509640.90464266 6.00000000
v 584631.29670351 4509657.33709007 6.00000000
v 584638.02665750 4509653.71691059 6.00000000
v 584628.54901057 4509636.14505152 6.00000000
v 584621.81891911 4509639.77634037 6.00000000
v 584622.43098839 4509640.90464266 22.60000038
v 584631.29670351 4509657.33709007 22.60000038
v 584638.02665750 4509653.71691059 22.60000038
v 584628.54901057 4509636.14505152 22.60000038
v 584621.81891911 4509639.77634037 22.60000038
v 584576.18277379 4509644.78442382 6.00000000
v 584567.72182217 4509629.13381287 6.00000000
v 584566.26018268 4509629.92759539 6.00000000
v 584565.88804629 4509629.23501813 6.00000000
v 584561.07864239 4509631.81136415 6.00000000
v 584569.91173964 4509648.15454489 6.00000000
v 584576.18277379 4509644.78442382 22.89999962
v 584567.72182217 4509629.13381287 22.89999962
v 584566.26018268 4509629.92759539 22.89999962
v 584565.88804629 4509629.23501813 22.89999962
v 584561.07864239 4509631.81136415 22.89999962
v 584569.91173964 4509648.15454489 22.89999962
v 584565.81242756 4509655.11322884 6.00000000
v 584567.69830766 4509658.58750520 6.00000000
v 584573.78242147 4509655.31516924 6.00000000
v 584569.91173964 4509648.15454489 6.00000000
v 584561.07864239 4509631.81136415 6.00000000
v 584554.98607143 4509635.08361431 6.00000000
v 584565.81242756 4509655.11322884 22.29999924
v 584567.69830766 4509658.58750520 22.29999924
v 584573.78242147 4509655.31516924 22.29999924
v 584569.91173964 4509648.15454489 22.29999924
v 584561.07864239 4509631.81136415 22.29999924
v 584554.98607143 4509635.08361431 22.29999924
v 584557.23555647 4509655.54829870 6.00000000
v 584558.98067582 4509658.77672029 6.00000000
v 584565.81242756 4509655.11322884 6.00000000
v 584554.98607143 4509635.08361431 6.00000000
v 584548.15418064 4509638.75821651 6.00000000
v 584551.38810964 4509644.73474031 6.00000000
v 584557.23555647 4509655.54829870 22.79999924
v 584558.98067582 4509658.77672029 22.79999924
v 584565.81242756 4509655.11322884 22.79999924
v 584554.98607143 4509635.08361431 22.79999924
v 584548.15418064 4509638.75821651 22.79999924
v 584551.38810964 4509644.73474031 22.79999924
v 584531.34187719 4509687.44918600 6.00000000
v 584530.00190692 4509684.98033560 6.00000000
v 584521.37698002 4509689.63370840 6.00000000
v 584522.40253158 4509691.53276361 6.00000000
v 584520.37161160 4509692.63092393 6.00000000
v 584519.34605969 4509690.73186901 6.00000000
v 584509.24251134 4509696.18995576 6.00000000
v 584514.97403624 4509706.80232130 6.00000000
v 584520.08951391 4509704.04070014 6.00000000
v 584533.76197919 4509696.65824597 6.00000000
v 584529.37044310 4509688.51471581 6.00000000
v 584531.34187719 4509687.44918600 29.20000076
v 584530.00190692 4509684.98033560 29.20000076
v 584521.37698002 4509689.63370840 29.20000076
v 584522.40253158 4509691.53276361 29.20000076
v 584520.37161160 4509692.63092393 29.20000076
v 584519.34605969 4509690.73186901 29.20000076
v 584509.24251134 4509696.18995576 29.20000076
v 584514.97403624 4509706.80232130 29.20000076
v 584520.08951391 4509704.04070014 29.20000076
v 584533.76197919 4509696.65824597 29.20000076
v 584529.37044310 4509688.51471581 29.20000076
v 584540.25023257 4509688.30571484 6.00000000
v 584541.92919076 4509691.41125463 6.00000000
v 584548.52907085 4509703.63225731 6.00000000
v 584555.25906789 4509700.00090301 6.00000000
v 584548.66751276 4509687.79109129 6.00000000
v 584543.82092953 4509678.82080477 6.00000000
v 584537.09091954 4509682.45216954 6.00000000
v 584540.25023257 4509688.30571484 23.39999962
v 584541.92919076 4509691.41125463 23.39999962
v 584548.52907085 4509703.63225731 23.39999962
v 584555.25906789 4509700.00090301 23.39999962
v 584548.66751276 4509687.79109129 23.39999962
v 584543.82092953 4509678.82080477 23.39999962
v 584537.09091954 4509682.45216954 23.39999962
v 584555.25906789 4509700.00090301 6.00000000
v 584562.16753700 4509696.27167124 6.00000000
v 584555.58443363 4509684.06194964 6.00000000
v 584548.66751276 4509687.79109129 6.00000000
v 584555.25906789 4509700.00090301 22.10000038
v 584562.16753700 4509696.27167124 22.10000038
v 584555.58443363 4509684.06194964 22.10000038
v 584548.66751276 4509687.79109129 22.10000038
v 584538.04084374 4509689.50175438 6.00000000
v 584537.35428830 4509688.23938422 6.00000000
v 584533.02058610 4509690.57692510 6.00000000
v 584535.36934048 4509694.93353989 6.00000000
v 584536.56035160 4509697.13424156 6.00000000
v 584541.97754534 4509707.16573366 6.00000000
v 584548.52907085 4509703.63225731 6.00000000
v 584541.92919076 4509691.41125463 6.00000000
v 584539.71135846 4509692.60719738 6.00000000
v 584538.04084374 4509689.50175438 24.20000076
v 584537.35428830 4509688.23938422 24.20000076
v 584533.02058610 4509690.57692510 24.20000076
v 584535.36934048 4509694.93353989 24.20000076
v 584536.56035160 4509697.13424156 24.20000076
v 584541.97754534 4509707.16573366 24.20000076
v 584548.52907085 4509703.63225731 24.20000076
v 584541.92919076 4509691.41125463 24.20000076
v 584539.71135846 4509692.60719738 24.20000076
v 584526.88594532 4509715.32024273 6.00000000
v 584527.86608942 4509715.27590783 6.00000000
v 584528.78197196 4509714.94218486 6.00000000
v 584529.56566080 4509714.35160559 6.00000000
v 584530.14052653 4509713.55880690 6.00000000
v 584539.85310879 4509708.31833284 6.00000000
v 584541.97754534 4509707.16573366 6.00000000
v 584536.56035160 4509697.13424156 6.00000000
v 584534.89480494 4509698.03672601 6.00000000
v 584526.69475150 4509702.46179251 6.00000000
v 584525.59714805 4509702.43817556 6.00000000
v 584521.40801964 4509704.68855430 6.00000000
v 584520.08951391 4509704.04070014 6.00000000
v 584514.97403624 4509706.80232130 6.00000000
v 584521.22663564 4509718.37541627 6.00000000
v 584526.88594532 4509715.32024273 31.70000076
v 584527.86608942 4509715.27590783 31.70000076
v 584528.78197196 4509714.94218486 31.70000076
v 584529.56566080 4509714.35160559 31.70000076
v 584530.14052653 4509713.55880690 31.70000076
v 584539.85310879 4509708.31833284 31.70000076
v 584541.97754534 4509707.16573366 31.70000076
v 584536.56035160 4509697.13424156 31.70000076
v 584534.89480494 4509698.03672601 31.70000076
v 584526.69475150 4509702.46179251 31.70000076
v 584525.59714805 4509702.43817556 31.70000076
v 584521.40801964 4509704.68855430 31.70000076
v 584520.08951391 4509704.04070014 31.70000076
v 584514.97403624 4509706.80232130 31.70000076
v 584521.22663564 4509718.37541627 31.70000076
v 584584.01547364 4509713.27404057 6.00000000
v 584587.82235426 4509711.21917365 6.00000000
v 584584.54740478 4509705.14224451 6.00000000
v 584560.84797232 4509717.92798591 6.00000000
v 584564.04871118 4509723.84862793 6.00000000
v 584567.64308633 4509721.91345031 6.00000000
v 584571.64592116 4509729.33093203 6.00000000
v 584568.05142180 4509731.27720838 6.00000000
v 584571.64078709 4509737.92392627 6.00000000
v 584580.73302747 4509733.02059486 6.00000000
v 584578.99625355 4509729.80336440 6.00000000
v 584583.16005427 4509727.55272902 6.00000000
v 584585.19447966 4509731.32846348 6.00000000
v 584595.63782867 4509725.69672309 6.00000000
v 584594.12436191 4509722.89281629 6.00000000
v 584591.80047654 4509718.58087385 6.00000000
v 584587.99347180 4509720.64683940 6.00000000
v 584584.01547364 4509713.27404057 37.10000038
v 584587.82235426 4509711.21917365 37.10000038
v 584584.54740478 4509705.14224451 37.10000038
v 584560.84797232 4509717.92798591 37.10000038
v 584564.04871118 4509723.84862793 37.10000038
v 584567.64308633 4509721.91345031 37.10000038
v 584571.64592116 4509729.33093203 37.10000038
v 584568.05142180 4509731.27720838 37.10000038
v 584571.64078709 4509737.92392627 37.10000038
v 584580.73302747 4509733.02059486 37.10000038
v 584578.99625355 4509729.80336440 37.10000038
v 584583.16005427 4509727.55272902 37.10000038
v 584585.19447966 4509731.32846348 37.10000038
v 584595.63782867 4509725.69672309 37.10000038
v 584594.12436191 4509722.89281629 37.10000038
v 584591.80047654 4509718.58087385 37.10000038
v 584587.99347180 4509720.64683940 37.10000038
v 584609.00169298 4509707.61952739 6.00000000
v 584610.96176171 4509711.25009258 6.00000000
v 584615.32950756 4509708.89078114 6.00000000
v 584607.45646374 4509694.27932811 6.00000000
v 584603.08026801 4509696.63854787 6.00000000
v 584609.00169298 4509707.61952739 21.80000019
v 584610.96176171 4509711.25009258 21.80000019
v 584615.32950756 4509708.89078114 21.80000019
v 584607.45646374 4509694.27932811 21.80000019
v 584603.08026801 4509696.63854787 21.80000019
v 584602.94306377 4509710.88102270 6.00000000
v 584609.00169298 4509707.61952739 6.00000000
v 584603.08026801 4509696.63854787 6.00000000
v 584602.45156596 4509695.48785294 6.00000000
v 584596.39293006 4509698.74935366 6.00000000
v 584602.94306377 4509710.88102270 20.80000019
v 584609.00169298 4509707.61952739 20.80000019
v 584603.08026801 4509696.63854787 20.80000019
v 584602.45156596 4509695.48785294 20.80000019
v 584596.39293006 4509698.74935366 20.80000019
v 584587.82235426 4509711.21917365 6.00000000
v 584591.80047654 4509718.58087385 6.00000000
v 584594.12436191 4509722.89281629 6.00000000
v 584600.28506623 4509719.56586614 6.00000000
v 584597.25825901 4509713.94695031 6.00000000
v 584590.70811903 4509701.81528633 6.00000000
v 584584.54740478 4509705.14224451 6.00000000
v 584587.82235426 4509711.21917365 20.50000000
v 584591.80047654 4509718.58087385 20.50000000
v 584594.12436191 4509722.89281629 20.50000000
v 584600.28506623 4509719.56586614 20.50000000
v 584597.25825901 4509713.94695031 20.50000000
v 584590.70811903 4509701.81528633 20.50000000
v 584584.54740478 4509705.14224451 20.50000000
v 584597.25825901 4509713.94695031 6.00000000
v 584602.94306377 4509710.88102270 6.00000000
v 584596.39293006 4509698.74935366 6.00000000
v 584590.70811903 4509701.81528633 6.00000000
v 584597.25825901 4509713.94695031 24.89999962
v 584602.94306377 4509710.88102270 24.89999962
v 584596.39293006 4509698.74935366 24.89999962
v 584590.70811903 4509701.81528633 24.89999962
v 584615.32950756 4509708.89078114 6.00000000
v 584619.67167058 4509706.55338446 6.00000000
v 584611.79018845 4509691.94183040 6.00000000
v 584607.45646374 4509694.27932811 6.00000000
v 584615.32950756 4509708.89078114 21.80000019
v 584619.67167058 4509706.55338446 21.80000019
v 584611.79018845 4509691.94183040 21.80000019
v 584607.45646374 4509694.27932811 21.80000019
v 584619.67167058 4509706.55338446 6.00000000
v 584624.26170012 4509715.05450549 6.00000000
v 584629.27525250 4509712.34730585 6.00000000
v 584624.91684573 4509704.27070689 6.00000000
v 584627.42356179 4509702.92265718 6.00000000
v 584625.52146676 4509699.39266855 6.00000000
v 584619.31047084 4509687.88656979 6.00000000
v 584611.79018845 4509691.94183040 6.00000000
v 584619.67167058 4509706.55338446 27.20000076
v 584624.26170012 4509715.05450549 27.20000076
v 584629.27525250 4509712.34730585 27.20000076
v 584624.91684573 4509704.27070689 27.20000076
v 584627.42356179 4509702.92265718 27.20000076
v 584625.52146676 4509699.39266855 27.20000076
v 584619.31047084 4509687.88656979 27.20000076
v 584611.79018845 4509691.94183040 27.20000076
v 584633.56235984 4509703.73658109 6.00000000
v 584636.00203534 4509708.26079960 6.00000000
v 584639.10363953 4509706.58648142 6.00000000
v 584634.84441424 4509698.69974520 6.00000000
v 584626.83076157 4509683.83131670 6.00000000
v 584619.31047084 4509687.88656979 6.00000000
v 584625.52146676 4509699.39266855 6.00000000
v 584629.05650831 4509697.47904699 6.00000000
v 584632.68704379 4509704.21508218 6.00000000
v 584633.56235984 4509703.73658109 21.69999981
v 584636.00203534 4509708.26079960 21.69999981
v 584639.10363953 4509706.58648142 21.69999981
v 584634.84441424 4509698.69974520 21.69999981
v 584626.83076157 4509683.83131670 21.69999981
v 584619.31047084 4509687.88656979 21.69999981
v 584625.52146676 4509699.39266855 21.69999981
v 584629.05650831 4509697.47904699 21.69999981
v 584632.68704379 4509704.21508218 21.69999981
v 584565.12904900 4509669.86016941 6.00000000
v 584568.29858495 4509668.15329022 6.00000000
v 584572.35916596 4509675.69355315 6.00000000
v 584569.19807628 4509677.40052691 6.00000000
v 584575.50014361 4509689.07415222 6.00000000
v 584582.04325744 4509685.54060875 6.00000000
v 584577.02318550 4509676.23525609 6.00000000
v 584568.57071819 4509660.58473917 6.00000000
v 584562.02758954 4509664.11829462 6.00000000
v 584565.12904900 4509669.86016941 24.70000076
v 584568.29858495 4509668.15329022 24.70000076
v 584572.35916596 4509675.69355315 24.70000076
v 584569.19807628 4509677.40052691 24.70000076
v 584575.50014361 4509689.07415222 24.70000076
v 584582.04325744 4509685.54060875 24.70000076
v 584577.02318550 4509676.23525609 24.70000076
v 584568.57071819 4509660.58473917 24.70000076
v 584562.02758954 4509664.11829462 24.70000076
v 584571.02199328 4509691.48773820 6.00000000
v 584575.50014361 4509689.07415222 6.00000000
v 584569.19807628 4509677.40052691 6.00000000
v 584566.75015890 4509672.85403368 6.00000000
v 584562.26355786 4509675.26752866 6.00000000
v 584571.02199328 4509691.48773820 22.20000076
v 584575.50014361 4509689.07415222 22.20000076
v 584569.19807628 4509677.40052691 22.20000076
v 584566.75015890 4509672.85403368 22.20000076
v 584562.26355786 4509675.26752866 22.20000076
v 584555.58443363 4509684.06194964 6.00000000
v 584562.16753700 4509696.27167124 6.00000000
v 584566.52683110 4509693.91223489 6.00000000
v 584557.76851567 4509677.68093002 6.00000000
v 584553.40921515 4509680.04037157 6.00000000
v 584555.58443363 4509684.06194964 22.29999924
v 584562.16753700 4509696.27167124 22.29999924
v 584566.52683110 4509693.91223489 22.29999924
v 584557.76851567 4509677.68093002 22.29999924
v 584553.40921515 4509680.04037157 22.29999924
v 584566.52683110 4509693.91223489 6.00000000
v 584571.02199328 4509691.48773820 6.00000000
v 584562.26355786 4509675.26752866 6.00000000
v 584557.76851567 4509677.68093002 6.00000000
v 584566.52683110 4509693.91223489 22.29999924
v 584571.02199328 4509691.48773820 22.29999924
v 584562.26355786 4509675.26752866 22.29999924
v 584557.76851567 4509677.68093002 22.29999924
v 584506.21562592 4509690.57107851 6.00000000
v 584509.24251134 4509696.18995576 6.00000000
v 584519.34605969 4509690.73186901 6.00000000
v 584521.37698002 4509689.63370840 6.00000000
v 584530.00190692 4509684.98033560 6.00000000
v 584526.97503210 4509679.36144980 6.00000000
v 584506.21562592 4509690.57107851 15.30000019
v 584509.24251134 4509696.18995576 15.30000019
v 584519.34605969 4509690.73186901 15.30000019
v 584521.37698002 4509689.63370840 15.30000019
v 584530.00190692 4509684.98033560 15.30000019
v 584526.97503210 4509679.36144980 15.30000019
v 584506.21562592 4509690.57107851 6.00000000
v 584526.97503210 4509679.36144980 6.00000000
v 584525.24653928 4509676.15542972 6.00000000
v 584523.90669140 4509673.67547984 6.00000000
v 584503.14727450 4509684.88511721 6.00000000
v 584506.21562592 4509690.57107851 15.80000019
v 584526.97503210 4509679.36144980 15.80000019
v 584525.24653928 4509676.15542972 15.80000019
v 584523.90669140 4509673.67547984 15.80000019
v 584503.14727450 4509684.88511721 15.80000019
v 584526.97503210 4509679.36144980 6.00000000
v 584530.00190692 4509684.98033560 6.00000000
v 584531.34187719 4509687.44918600 6.00000000
v 584535.66713652 4509685.11154784 6.00000000
v 584537.35428830 4509688.23938422 6.00000000
v 584538.04084374 4509689.50175438 6.00000000
v 584539.71135846 4509692.60719738 6.00000000
v 584541.92919076 4509691.41125463 6.00000000
v 584540.25023257 4509688.30571484 6.00000000
v 584537.09091954 4509682.45216954 6.00000000
v 584532.22793686 4509673.43729560 6.00000000
v 584531.78963913 4509672.62184216 6.00000000
v 584525.24653928 4509676.15542972 6.00000000
v 584526.97503210 4509679.36144980 22.89999962
v 584530.00190692 4509684.98033560 22.89999962
v 584531.34187719 4509687.44918600 22.89999962
v 584535.66713652 4509685.11154784 22.89999962
v 584537.35428830 4509688.23938422 22.89999962
v 584538.04084374 4509689.50175438 22.89999962
v 584539.71135846 4509692.60719738 22.89999962
v 584541.92919076 4509691.41125463 22.89999962
v 584540.25023257 4509688.30571484 22.89999962
v 584537.09091954 4509682.45216954 22.89999962
v 584532.22793686 4509673.43729560 22.89999962
v 584531.78963913 4509672.62184216 22.89999962
v 584525.24653928 4509676.15542972 22.89999962
v 584518.20816883 4509663.13009734 6.00000000
v 584521.11117990 4509668.50331997 6.00000000
v 584521.52477952 4509669.26298048 6.00000000
v 584528.06788346 4509665.72938962 6.00000000
v 584521.32742121 4509653.24035374 6.00000000
v 584514.78430984 4509656.77395060 6.00000000
v 584518.20816883 4509663.13009734 22.89999962
v 584521.11117990 4509668.50331997 22.89999962
v 584521.52477952 4509669.26298048 22.89999962
v 584528.06788346 4509665.72938962 22.89999962
v 584521.32742121 4509653.24035374 22.89999962
v 584514.78430984 4509656.77395060 22.89999962
v 584528.06788346 4509665.72938962 6.00000000
v 584531.78963913 4509672.62184216 6.00000000
v 584532.22793686 4509673.43729560 6.00000000
v 584538.94030461 4509669.87233793 6.00000000
v 584527.96481668 4509649.58571407 6.00000000
v 584521.32742121 4509653.24035374 6.00000000
v 584528.06788346 4509665.72938962 22.89999962
v 584531.78963913 4509672.62184216 22.89999962
v 584532.22793686 4509673.43729560 22.89999962
v 584538.94030461 4509669.87233793 22.89999962
v 584527.96481668 4509649.58571407 22.89999962
v 584521.32742121 4509653.24035374 22.89999962
v 584554.55790905 4509652.63120334 6.00000000
v 584553.45320813 4509653.22922097 6.00000000
v 584552.22905088 4509650.97262809 6.00000000
v 584553.33375203 4509650.37461028 6.00000000
v 584551.07585282 4509646.19666054 6.00000000
v 584551.38810964 4509644.73474031 6.00000000
v 584548.15418064 4509638.75821651 6.00000000
v 584541.54336359 4509642.30212034 6.00000000
v 584544.77729618 4509648.27864123 6.00000000
v 584546.04552493 4509648.89261974 6.00000000
v 584547.69966428 4509651.95346890 6.00000000
v 584548.77033515 4509651.37726658 6.00000000
v 584550.59006373 4509654.72866042 6.00000000
v 584549.51094905 4509655.30476616 6.00000000
v 584550.71040698 4509657.50556624 6.00000000
v 584550.62474952 4509659.09219436 6.00000000
v 584551.72477607 4509661.12532861 6.00000000
v 584553.66837718 4509664.72238310 6.00000000
v 584560.27918074 4509661.17849018 6.00000000
v 584558.98067582 4509658.77672029 6.00000000
v 584557.23555647 4509655.54829870 6.00000000
v 584555.73228680 4509654.80951392 6.00000000
v 584554.55790905 4509652.63120334 24.50000000
v 584553.45320813 4509653.22922097 24.50000000
v 584552.22905088 4509650.97262809 24.50000000
v 584553.33375203 4509650.37461028 24.50000000
v 584551.07585282 4509646.19666054 24.50000000
v 584551.38810964 4509644.73474031 24.50000000
v 584548.15418064 4509638.75821651 24.50000000
v 584541.54336359 4509642.30212034 24.50000000
v 584544.77729618 4509648.27864123 24.50000000
v 584546.04552493 4509648.89261974 24.50000000
v 584547.69966428 4509651.95346890 24.50000000
v 584548.77033515 4509651.37726658 24.50000000
v 584550.59006373 4509654.72866042 24.50000000
v 584549.51094905 4509655.30476616 24.50000000
v 584550.71040698 4509657.50556624 24.50000000
v 584550.62474952 4509659.09219436 24.50000000
v 584551.72477607 4509661.12532861 24.50000000
v 584553.66837718 4509664.72238310 24.50000000
v 584560.27918074 4509661.17849018 24.50000000
v 584558.98067582 4509658.77672029 24.50000000
v 584557.23555647 4509655.54829870 24.50000000
v 584555.73228680 4509654.80951392 24.50000000
v 584546.18606276 4509653.60152685 6.00000000
v 584547.32466615 4509652.99279267 6.00000000
v 584544.77729618 4509648.27864123 6.00000000
v 584541.54336359 4509642.30212034 6.00000000
v 584534.97502682 4509645.82431004 6.00000000
v 584540.76477990 4509656.51507351 6.00000000
v 584541.49553231 4509656.12373009 6.00000000
v 584545.89564654 4509664.25626254 6.00000000
v 584545.16489467 4509664.64760552 6.00000000
v 584545.95050181 4509666.11094437 6.00000000
v 584547.10849793 4509668.24465827 6.00000000
v 584553.66837718 4509664.72238310 6.00000000
v 584551.72477607 4509661.12532861 6.00000000
v 584550.58617353 4509661.73406211 6.00000000
v 584546.18606276 4509653.60152685 27.79999924
v 584547.32466615 4509652.99279267 27.79999924
v 584544.77729618 4509648.27864123 27.79999924
v 584541.54336359 4509642.30212034 27.79999924
v 584534.97502682 4509645.82431004 27.79999924
v 584540.76477990 4509656.51507351 27.79999924
v 584541.49553231 4509656.12373009 27.79999924
v 584545.89564654 4509664.25626254 27.79999924
v 584545.16489467 4509664.64760552 27.79999924
v 584545.95050181 4509666.11094437 27.79999924
v 584547.10849793 4509668.24465827 27.79999924
v 584553.66837718 4509664.72238310 27.79999924
v 584551.72477607 4509661.12532861 27.79999924
v 584550.58617353 4509661.73406211 27.79999924
v 584538.94030461 4509669.87233793 6.00000000
v 584545.95050181 4509666.11094437 6.00000000
v 584545.16489467 4509664.64760552 6.00000000
v 584540.76477990 4509656.51507351 6.00000000
v 584534.97502682 4509645.82431004 6.00000000
v 584527.96481668 4509649.58571407 6.00000000
v 584538.94030461 4509669.87233793 22.60000038
v 584545.95050181 4509666.11094437 22.60000038
v 584545.16489467 4509664.64760552 22.60000038
v 584540.76477990 4509656.51507351 22.60000038
v 584534.97502682 4509645.82431004 22.60000038
v 584527.96481668 4509649.58571407 22.60000038
v 584587.02733687 4509653.59002108 6.00000000
v 584579.99126722 4509657.39548997 6.00000000
v 584586.46698936 4509669.39306738 6.00000000
v 584584.83545999 4509670.27372477 6.00000000
v 584578.35129195 4509658.27605246 6.00000000
v 584571.28977232 4509662.09234118 6.00000000
v 584577.74912230 4509674.04531549 6.00000000
v 584577.02318550 4509676.23525609 6.00000000
v 584582.04325744 4509685.54060875 6.00000000
v 584600.74640163 4509675.44014060 6.00000000
v 584596.72680276 4509668.01135038 6.00000000
v 584595.71790137 4509666.13467881 6.00000000
v 584593.48654312 4509665.55410991 6.00000000
v 584587.02733687 4509653.59002108 29.50000000
v 584579.99126722 4509657.39548997 29.50000000
v 584586.46698936 4509669.39306738 29.50000000
v 584584.83545999 4509670.27372477 29.50000000
v 584578.35129195 4509658.27605246 29.50000000
v 584571.28977232 4509662.09234118 29.50000000
v 584577.74912230 4509674.04531549 29.50000000
v 584577.02318550 4509676.23525609 29.50000000
v 584582.04325744 4509685.54060875 29.50000000
v 584600.74640163 4509675.44014060 29.50000000
v 584596.72680276 4509668.01135038 29.50000000
v 584595.71790137 4509666.13467881 29.50000000
v 584593.48654312 4509665.55410991 29.50000000
v 584604.27354737 4509655.71859175 6.00000000
v 584604.04817693 4509654.00629092 6.00000000
v 584603.34524750 4509652.69931910 6.00000000
v 584602.13980660 4509651.76408526 6.00000000
v 584599.69996417 4509647.25097958 6.00000000
v 584590.05519227 4509652.45884535 6.00000000
v 584592.48659452 4509656.97185148 6.00000000
v 584592.62980624 4509658.48337597 6.00000000
v 584593.33273694 4509659.79034677 6.00000000
v 584594.35468686 4509660.52364695 6.00000000
v 584598.02685999 4509667.31564924 6.00000000
v 584596.72680276 4509668.01135038 6.00000000
v 584600.74640163 4509675.44014060 6.00000000
v 584612.92333574 4509668.87342266 6.00000000
v 584608.90387178 4509661.43352509 6.00000000
v 584607.71409285 4509662.08607441 6.00000000
v 584604.27354737 4509655.71859175 28.70000076
v 584604.04817693 4509654.00629092 28.70000076
v 584603.34524750 4509652.69931910 28.70000076
v 584602.13980660 4509651.76408526 28.70000076
v 584599.69996417 4509647.25097958 28.70000076
v 584590.05519227 4509652.45884535 28.70000076
v 584592.48659452 4509656.97185148 28.70000076
v 584592.62980624 4509658.48337597 28.70000076
v 584593.33273694 4509659.79034677 28.70000076
v 584594.35468686 4509660.52364695 28.70000076
v 584598.02685999 4509667.31564924 28.70000076
v 584596.72680276 4509668.01135038 28.70000076
v 584600.74640163 4509675.44014060 28.70000076
v 584612.92333574 4509668.87342266 28.70000076
v 584608.90387178 4509661.43352509 28.70000076
v 584607.71409285 4509662.08607441 28.70000076
v 584616.50329032 4509649.70758839 6.00000000
v 584615.08543522 4509649.62479239 6.00000000
v 584615.54404242 4509647.92029794 6.00000000
v 584614.71698624 4509646.38986555 6.00000000
v 584613.11424624 4509646.22724477 6.00000000
v 584613.36052719 4509643.88750511 6.00000000
v 584611.68158695 4509640.78194907 6.00000000
v 584601.92639073 4509646.04405017 6.00000000
v 584603.59688957 4509649.14950762 6.00000000
v 584605.41005530 4509650.11388156 6.00000000
v 584604.95322416 4509651.66296695 6.00000000
v 584605.81342480 4509653.24928717 6.00000000
v 584607.06716673 4509653.65217037 6.00000000
v 584607.11335340 4509654.78511529 6.00000000
v 584610.29745019 4509660.68338272 6.00000000
v 584608.90387178 4509661.43352509 6.00000000
v 584612.92333574 4509668.87342266 6.00000000
v 584625.00689950 4509662.35006690 6.00000000
v 584624.32867337 4509661.09888563 6.00000000
v 584620.42515329 4509653.86014366 6.00000000
v 584619.12496484 4509654.56694162 6.00000000
v 584616.50329032 4509649.70758839 28.29999924
v 584615.08543522 4509649.62479239 28.29999924
v 584615.54404242 4509647.92029794 28.29999924
v 584614.71698624 4509646.38986555 28.29999924
v 584613.11424624 4509646.22724477 28.29999924
v 584613.36052719 4509643.88750511 28.29999924
v 584611.68158695 4509640.78194907 28.29999924
v 584601.92639073 4509646.04405017 28.29999924
v 584603.59688957 4509649.14950762 28.29999924
v 584605.41005530 4509650.11388156 28.29999924
v 584604.95322416 4509651.66296695 28.29999924
v 584605.81342480 4509653.24928717 28.29999924
v 584607.06716673 4509653.65217037 28.29999924
v 584607.11335340 4509654.78511529 28.29999924
v 584610.29745019 4509660.68338272 28.29999924
v 584608.90387178 4509661.43352509 28.29999924
v 584612.92333574 4509668.87342266 28.29999924
v 584625.00689950 4509662.35006690 28.29999924
v 584624.32867337 4509661.09888563 28.29999924
v 584620.42515329 4509653.86014366 28.29999924
v 584619.12496484 4509654.56694162 28.29999924
v 584620.42515329 4509653.86014366 6.00000000
v 584624.32867337 4509661.09888563 6.00000000
v 584631.29670351 4509657.33709007 6.00000000
v 584622.43098839 4509640.90464266 6.00000000
v 584615.46294784 4509644.66644662 6.00000000
v 584620.42515329 4509653.86014366 23.20000076
v 584624.32867337 4509661.09888563 23.20000076
v 584631.29670351 4509657.33709007 23.20000076
v 584622.43098839 4509640.90464266 23.20000076
v 584615.46294784 4509644.66644662 23.20000076
v 584675.99763941 4509680.22944062 6.00000000
v 584680.50141819 4509677.79400544 6.00000000
v 584670.92460243 4509660.04332105 6.00000000
v 584666.41249905 4509662.46756497 6.00000000
v 584675.99763941 4509680.22944062 22.29999924
v 584680.50141819 4509677.79400544 22.29999924
v 584670.92460243 4509660.04332105 22.29999924
v 584666.41249905 4509662.46756497 22.29999924
v 584680.50141819 4509677.79400544 6.00000000
v 584685.09859242 4509675.31523126 6.00000000
v 584675.52191086 4509657.55344018 6.00000000
v 584670.92460243 4509660.04332105 6.00000000
v 584680.50141819 4509677.79400544 22.50000000
v 584685.09859242 4509675.31523126 22.50000000
v 584675.52191086 4509657.55344018 22.50000000
v 584670.92460243 4509660.04332105 22.50000000
v 584685.09859242 4509675.31523126 6.00000000
v 584690.00166005 4509672.67342226 6.00000000
v 584680.42498641 4509654.91162481 6.00000000
v 584675.52191086 4509657.55344018 6.00000000
v 584685.09859242 4509675.31523126 23.29999924
v 584690.00166005 4509672.67342226 23.29999924
v 584680.42498641 4509654.91162481 23.29999924
v 584675.52191086 4509657.55344018 23.29999924
v 584690.00166005 4509672.67342226 6.00000000
v 584694.51389227 4509670.23809195 6.00000000
v 584684.92878177 4509652.47619216 6.00000000
v 584680.42498641 4509654.91162481 6.00000000
v 584690.00166005 4509672.67342226 22.89999962
v 584694.51389227 4509670.23809195 22.89999962
v 584684.92878177 4509652.47619216 22.89999962
v 584680.42498641 4509654.91162481 22.89999962
v 584701.90882165 4509673.46448484 6.00000000
v 584707.07544013 4509670.67026821 6.00000000
v 584705.76047611 4509668.23497679 6.00000000
v 584694.47997710 4509647.33399175 6.00000000
v 584689.31347450 4509650.11711654 6.00000000
v 584701.90882165 4509673.46448484 23.70000076
v 584707.07544013 4509670.67026821 23.70000076
v 584705.76047611 4509668.23497679 23.70000076
v 584694.47997710 4509647.33399175 23.70000076
v 584689.31347450 4509650.11711654 23.70000076
v 584705.76047611 4509668.23497679 6.00000000
v 584708.70066020 4509666.64765968 6.00000000
v 584705.93854204 4509661.52021695 6.00000000
v 584709.94928482 4509659.36782136 6.00000000
v 584701.43104214 4509643.58316919 6.00000000
v 584694.47997710 4509647.33399175 6.00000000
v 584705.76047611 4509668.23497679 23.39999962
v 584708.70066020 4509666.64765968 23.39999962
v 584705.93854204 4509661.52021695 23.39999962
v 584709.94928482 4509659.36782136 23.39999962
v 584701.43104214 4509643.58316919 23.39999962
v 584694.47997710 4509647.33399175 23.39999962
v 584754.90074440 4509658.84910034 6.00000000
v 584751.66309881 4509660.59953093 6.00000000
v 584747.33793287 4509652.57874866 6.00000000
v 584743.95584791 4509654.40524643 6.00000000
v 584755.20305610 4509675.25041967 6.00000000
v 584761.82277648 4509671.67349953 6.00000000
v 584754.90074440 4509658.84910034 25.39999962
v 584751.66309881 4509660.59953093 25.39999962
v 584747.33793287 4509652.57874866 25.39999962
v 584743.95584791 4509654.40524643 25.39999962
v 584755.20305610 4509675.25041967 25.39999962
v 584761.82277648 4509671.67349953 25.39999962
v 584742.98216522 4509653.88341770 6.00000000
v 584740.64530868 4509655.14455373 6.00000000
v 584739.85961127 4509653.69229440 6.00000000
v 584735.99316793 4509655.77971062 6.00000000
v 584740.03720746 4509663.27547195 6.00000000
v 584740.54702721 4509663.00374602 6.00000000
v 584741.53119502 4509664.82464482 6.00000000
v 584743.36605000 4509665.36741966 6.00000000
v 584744.23441010 4509666.97605436 6.00000000
v 584740.55488486 4509668.96568554 6.00000000
v 584740.72034122 4509669.26733464 6.00000000
v 584742.10976807 4509671.83670945 6.00000000
v 584746.48457700 4509679.94687370 6.00000000
v 584755.20305610 4509675.25041967 6.00000000
v 584743.95584791 4509654.40524643 6.00000000
v 584743.42044126 4509654.69888394 6.00000000
v 584742.98216522 4509653.88341770 23.10000038
v 584740.64530868 4509655.14455373 23.10000038
v 584739.85961127 4509653.69229440 23.10000038
v 584735.99316793 4509655.77971062 23.10000038
v 584740.03720746 4509663.27547195 23.10000038
v 584740.54702721 4509663.00374602 23.10000038
v 584741.53119502 4509664.82464482 23.10000038
v 584743.36605000 4509665.36741966 23.10000038
v 584744.23441010 4509666.97605436 23.10000038
v 584740.55488486 4509668.96568554 23.10000038
v 584740.72034122 4509669.26733464 23.10000038
v 584742.10976807 4509671.83670945 23.10000038
v 584746.48457700 4509679.94687370 23.10000038
v 584755.20305610 4509675.25041967 23.10000038
v 584743.95584791 4509654.40524643 23.10000038
v 584743.42044126 4509654.69888394 23.10000038
v 584694.51389227 4509670.23809195 6.00000000
v 584697.52413824 4509675.82355294 6.00000000
v 584701.90882165 4509673.46448484 6.00000000
v 584689.31347450 4509650.11711654 6.00000000
v 584684.92878177 4509652.47619216 6.00000000
v 584694.51389227 4509670.23809195 22.89999962
v 584697.52413824 4509675.82355294 22.89999962
v 584701.90882165 4509673.46448484 22.89999962
v 584689.31347450 4509650.11711654 22.89999962
v 584684.92878177 4509652.47619216 22.89999962
v 584739.46910120 4509670.86284255 6.00000000
v 584739.08879260 4509670.14795837 6.00000000
v 584740.72034122 4509669.26733464 6.00000000
v 584740.55488486 4509668.96568554 6.00000000
v 584737.60250788 4509663.49188922 6.00000000
v 584736.61759043 4509663.21417998 6.00000000
v 584735.58740713 4509663.20240485 6.00000000
v 584734.58808209 4509663.44633181 6.00000000
v 584734.12111762 4509663.66303726 6.00000000
v 584733.28661508 4509664.26411679 6.00000000
v 584732.63585336 4509665.04493076 6.00000000
v 584732.20298957 4509665.97256310 6.00000000
v 584732.07906242 4509666.47074298 6.00000000
v 584727.78775767 4509668.78645226 6.00000000
v 584730.35970341 4509673.55646161 6.00000000
v 584731.71926229 4509672.82815723 6.00000000
v 584733.10037426 4509675.38633313 6.00000000
v 584731.74913294 4509676.12583445 6.00000000
v 584736.66984146 4509685.24142487 6.00000000
v 584746.48457700 4509679.94687370 6.00000000
v 584742.10976807 4509671.83670945 6.00000000
v 584740.47821983 4509672.71733288 6.00000000
v 584739.46910120 4509670.86284255 24.79999924
v 584739.08879260 4509670.14795837 24.79999924
v 584740.72034122 4509669.26733464 24.79999924
v 584740.55488486 4509668.96568554 24.79999924
v 584737.60250788 4509663.49188922 24.79999924
v 584736.61759043 4509663.21417998 24.79999924
v 584735.58740713 4509663.20240485 24.79999924
v 584734.58808209 4509663.44633181 24.79999924
v 584734.12111762 4509663.66303726 24.79999924
v 584733.28661508 4509664.26411679 24.79999924
v 584732.63585336 4509665.04493076 24.79999924
v 584732.20298957 4509665.97256310 24.79999924
v 584732.07906242 4509666.47074298 24.79999924
v 584727.78775767 4509668.78645226 24.79999924
v 584730.35970341 4509673.55646161 24.79999924
v 584731.71926229 4509672.82815723 24.79999924
v 584733.10037426 4509675.38633313 24.79999924
v 584731.74913294 4509676.12583445 24.79999924
v 584736.66984146 4509685.24142487 24.79999924
v 584746.48457700 4509679.94687370 24.79999924
v 584742.10976807 4509671.83670945 24.79999924
v 584740.47821983 4509672.71733288 24.79999924
v 584726.19143859 4509668.80151448 6.00000000
v 584725.67469806 4509668.93993659 6.00000000
v 584724.71531116 4509669.38415982 6.00000000
v 584724.27266480 4509669.68996093 6.00000000
v 584723.52914608 4509670.45861344 6.00000000
v 584722.98663708 4509671.37389107 6.00000000
v 584717.84559884 4509674.14618481 6.00000000
v 584726.72757063 4509690.61224610 6.00000000
v 584736.66984146 4509685.24142487 6.00000000
v 584731.74913294 4509676.12583445 6.00000000
v 584730.35970341 4509673.55646161 6.00000000
v 584727.78775767 4509668.78645226 6.00000000
v 584726.72430615 4509668.72988956 6.00000000
v 584726.19143859 4509668.80151448 24.60000038
v 584725.67469806 4509668.93993659 24.60000038
v 584724.71531116 4509669.38415982 24.60000038
v 584724.27266480 4509669.68996093 24.60000038
v 584723.52914608 4509670.45861344 24.60000038
v 584722.98663708 4509671.37389107 24.60000038
v 584717.84559884 4509674.14618481 24.60000038
v 584726.72757063 4509690.61224610 24.60000038
v 584736.66984146 4509685.24142487 24.60000038
v 584731.74913294 4509676.12583445 24.60000038
v 584730.35970341 4509673.55646161 24.60000038
v 584727.78775767 4509668.78645226 24.60000038
v 584726.72430615 4509668.72988956 24.60000038
v 584707.86295834 4509700.78827033 6.00000000
v 584719.07980679 4509694.73255530 6.00000000
v 584709.35440940 4509676.69146413 6.00000000
v 584698.12909847 4509682.74709753 6.00000000
v 584707.86295834 4509700.78827033 25.00000000
v 584719.07980679 4509694.73255530 25.00000000
v 584709.35440940 4509676.69146413 25.00000000
v 584698.12909847 4509682.74709753 25.00000000
v 584713.07561786 4509673.27011803 6.00000000
v 584711.75503814 4509673.54368345 6.00000000
v 584710.53134833 4509674.20693112 6.00000000
v 584709.85728705 4509674.80984653 6.00000000
v 584709.36810843 4509675.49258956 6.00000000
v 584709.08965212 4509676.21104685 6.00000000
v 584709.35440940 4509676.69146413 6.00000000
v 584719.07980679 4509694.73255530 6.00000000
v 584726.72757063 4509690.61224610 6.00000000
v 584717.84559884 4509674.14618481 6.00000000
v 584716.73742883 4509672.09072726 6.00000000
v 584714.27315979 4509673.41702820 6.00000000
v 584713.07561786 4509673.27011803 25.00000000
v 584711.75503814 4509673.54368345 25.00000000
v 584710.53134833 4509674.20693112 25.00000000
v 584709.85728705 4509674.80984653 25.00000000
v 584709.36810843 4509675.49258956 25.00000000
v 584709.08965212 4509676.21104685 25.00000000
v 584709.35440940 4509676.69146413 25.00000000
v 584719.07980679 4509694.73255530 25.00000000
v 584726.72757063 4509690.61224610 25.00000000
v 584717.84559884 4509674.14618481 25.00000000
v 584716.73742883 4509672.09072726 25.00000000
v 584714.27315979 4509673.41702820 25.00000000
v 584671.35799728 4509682.72993953 6.00000000
v 584675.99763941 4509680.22944062 6.00000000
v 584666.41249905 4509662.46756497 6.00000000
v 584661.78129355 4509664.96816636 6.00000000
v 584671.35799728 4509682.72993953 22.10000038
v 584675.99763941 4509680.22944062 22.10000038
v 584666.41249905 4509662.46756497 22.10000038
v 584661.78129355 4509664.96816636 22.10000038
v 584660.59040989 4509674.59122207 6.00000000
v 584664.65102142 4509682.12043642 6.00000000
v 584666.42091318 4509685.39357631 6.00000000
v 584671.35799728 4509682.72993953 6.00000000
v 584661.78129355 4509664.96816636 6.00000000
v 584656.83563059 4509667.64281384 6.00000000
v 584660.59040989 4509674.59122207 22.20000076
v 584664.65102142 4509682.12043642 22.20000076
v 584666.42091318 4509685.39357631 22.20000076
v 584671.35799728 4509682.72993953 22.20000076
v 584661.78129355 4509664.96816636 22.20000076
v 584656.83563059 4509667.64281384 22.20000076
v 584656.87700871 4509676.59160936 6.00000000
v 584660.59040989 4509674.59122207 6.00000000
v 584656.83563059 4509667.64281384 6.00000000
v 584638.26850656 4509677.65587883 6.00000000
v 584642.01472674 4509684.61528185 6.00000000
v 584645.83020948 4509682.54944005 6.00000000
v 584649.89083111 4509690.07864625 6.00000000
v 584646.07535097 4509692.14448594 6.00000000
v 584648.44067403 4509696.52353180 6.00000000
v 584648.81292597 4509697.20501275 6.00000000
v 584667.38014379 4509687.18087371 6.00000000
v 584666.42091318 4509685.39357631 6.00000000
v 584664.65102142 4509682.12043642 6.00000000
v 584660.93762278 4509684.12082166 6.00000000
v 584656.87700871 4509676.59160936 37.10000038
v 584660.59040989 4509674.59122207 37.10000038
v 584656.83563059 4509667.64281384 37.10000038
v 584638.26850656 4509677.65587883 37.10000038
v 584642.01472674 4509684.61528185 37.10000038
v 584645.83020948 4509682.54944005 37.10000038
v 584649.89083111 4509690.07864625 37.10000038
v 584646.07535097 4509692.14448594 37.10000038
v 584648.44067403 4509696.52353180 37.10000038
v 584648.81292597 4509697.20501275 37.10000038
v 584667.38014379 4509687.18087371 37.10000038
v 584666.42091318 4509685.39357631 37.10000038
v 584664.65102142 4509682.12043642 37.10000038
v 584660.93762278 4509684.12082166 37.10000038
v 584638.13426237 4509693.85236436 6.00000000
v 584640.66644341 4509692.49350759 6.00000000
v 584644.09849574 4509698.86091183 6.00000000
v 584648.44067403 4509696.52353180 6.00000000
v 584646.07535097 4509692.14448594 6.00000000
v 584642.01472674 4509684.61528185 6.00000000
v 584638.26850656 4509677.65587883 6.00000000
v 584631.39401016 4509681.36322464 6.00000000
v 584638.13426237 4509693.85236436 22.29999924
v 584640.66644341 4509692.49350759 22.29999924
v 584644.09849574 4509698.86091183 22.29999924
v 584648.44067403 4509696.52353180 22.29999924
v 584646.07535097 4509692.14448594 22.29999924
v 584642.01472674 4509684.61528185 22.29999924
v 584638.26850656 4509677.65587883 22.29999924
v 584631.39401016 4509681.36322464 22.29999924
v 584634.84441424 4509698.69974520 6.00000000
v 584639.41610075 4509696.23175453 6.00000000
v 584638.13426237 4509693.85236436 6.00000000
v 584631.39401016 4509681.36322464 6.00000000
v 584626.83076157 4509683.83131670 6.00000000
v 584634.84441424 4509698.69974520 21.50000000
v 584639.41610075 4509696.23175453 21.50000000
v 584638.13426237 4509693.85236436 21.50000000
v 584631.39401016 4509681.36322464 21.50000000
v 584626.83076157 4509683.83131670 21.50000000
v 584691.89608831 4509709.39873742 6.00000000
v 584697.35142561 4509706.46348523 6.00000000
v 584687.61754852 4509688.42232635 6.00000000
v 584682.16207547 4509691.36868645 6.00000000
v 584691.89608831 4509709.39873742 25.00000000
v 584697.35142561 4509706.46348523 25.00000000
v 584687.61754852 4509688.42232635 25.00000000
v 584682.16207547 4509691.36868645 25.00000000
v 584687.66430998 4509711.68184270 6.00000000
v 584691.89608831 4509709.39873742 6.00000000
v 584682.16207547 4509691.36868645 6.00000000
v 584677.93029020 4509693.65179734 6.00000000
v 584687.66430998 4509711.68184270 25.10000038
v 584691.89608831 4509709.39873742 25.10000038
v 584682.16207547 4509691.36868645 25.10000038
v 584677.93029020 4509693.65179734 25.10000038
v 584677.53520056 4509717.15051305 6.00000000
v 584682.53175703 4509714.45425692 6.00000000
v 584672.80629973 4509696.41321412 6.00000000
v 584667.80129098 4509699.10938041 6.00000000
v 584677.53520056 4509717.15051305 28.89999962
v 584682.53175703 4509714.45425692 28.89999962
v 584672.80629973 4509696.41321412 28.89999962
v 584667.80129098 4509699.10938041 28.89999962
v 584682.53175703 4509714.45425692 6.00000000
v 584687.66430998 4509711.68184270 6.00000000
v 584677.93029020 4509693.65179734 6.00000000
v 584672.80629973 4509696.41321412 6.00000000
v 584682.53175703 4509714.45425692 24.79999924
v 584687.66430998 4509711.68184270 24.79999924
v 584677.93029020 4509693.65179734 24.79999924
v 584672.80629973 4509696.41321412 24.79999924
v 584671.80789425 4509720.23810304 6.00000000
v 584677.53520056 4509717.15051305 6.00000000
v 584667.80129098 4509699.10938041 6.00000000
v 584662.07397529 4509702.19697799 6.00000000
v 584671.80789425 4509720.23810304 25.00000000
v 584677.53520056 4509717.15051305 25.00000000
v 584667.80129098 4509699.10938041 25.00000000
v 584662.07397529 4509702.19697799 25.00000000
v 584665.64715680 4509723.56499425 6.00000000
v 584671.80789425 4509720.23810304 6.00000000
v 584662.07397529 4509702.19697799 6.00000000
v 584655.92167182 4509705.52397378 6.00000000
v 584665.64715680 4509723.56499425 25.29999924
v 584671.80789425 4509720.23810304 25.29999924
v 584662.07397529 4509702.19697799 25.29999924
v 584655.92167182 4509705.52397378 25.29999924
v 584648.96799606 4509708.03136792 6.00000000
v 584652.54885786 4509714.67802926 6.00000000
v 584656.55161318 4509722.09555798 6.00000000
v 584659.21456729 4509727.03311369 6.00000000
v 584665.64715680 4509723.56499425 6.00000000
v 584655.92167182 4509705.52397378 6.00000000
v 584653.29172303 4509700.65340941 6.00000000
v 584646.85067606 4509704.12144325 6.00000000
v 584648.96799606 4509708.03136792 20.60000038
v 584652.54885786 4509714.67802926 20.60000038
v 584656.55161318 4509722.09555798 20.60000038
v 584659.21456729 4509727.03311369 20.60000038
v 584665.64715680 4509723.56499425 20.60000038
v 584655.92167182 4509705.52397378 20.60000038
v 584653.29172303 4509700.65340941 20.60000038
v 584646.85067606 4509704.12144325 20.60000038
v 584648.77598991 4509716.71104750 6.00000000
v 584652.54885786 4509714.67802926 6.00000000
v 584648.96799606 4509708.03136792 6.00000000
v 584631.90495893 4509717.24006300 6.00000000
v 584633.84850597 4509720.83713964 6.00000000
v 584635.29580000 4509723.51817594 6.00000000
v 584638.94968344 4509721.55040536 6.00000000
v 584640.71138573 4509724.80124150 6.00000000
v 584643.20889038 4509729.43714448 6.00000000
v 584639.55488281 4509731.41601364 6.00000000
v 584642.80495030 4509737.44827619 6.00000000
v 584659.86795611 4509728.23960641 6.00000000
v 584659.21456729 4509727.03311369 6.00000000
v 584656.55161318 4509722.09555798 6.00000000
v 584652.77862101 4509724.13967486 6.00000000
v 584648.77598991 4509716.71104750 37.50000000
v 584652.54885786 4509714.67802926 37.50000000
v 584648.96799606 4509708.03136792 37.50000000
v 584631.90495893 4509717.24006300 37.50000000
v 584633.84850597 4509720.83713964 37.50000000
v 584635.29580000 4509723.51817594 37.50000000
v 584638.94968344 4509721.55040536 37.50000000
v 584640.71138573 4509724.80124150 37.50000000
v 584643.20889038 4509729.43714448 37.50000000
v 584639.55488281 4509731.41601364 37.50000000
v 584642.80495030 4509737.44827619 37.50000000
v 584659.86795611 4509728.23960641 37.50000000
v 584659.21456729 4509727.03311369 37.50000000
v 584656.55161318 4509722.09555798 37.50000000
v 584652.77862101 4509724.13967486 37.50000000
v 584731.41976205 4509733.02054398 6.00000000
v 584732.75121290 4509735.48933561 6.00000000
v 584739.67650453 4509731.77156190 6.00000000
v 584729.66251743 4509713.12762595 6.00000000
v 584722.72876995 4509716.84531259 6.00000000
v 584731.41976205 4509733.02054398 23.70000076
v 584732.75121290 4509735.48933561 23.70000076
v 584739.67650453 4509731.77156190 23.70000076
v 584729.66251743 4509713.12762595 23.70000076
v 584722.72876995 4509716.84531259 23.70000076
v 584739.67650453 4509731.77156190 6.00000000
v 584746.59335917 4509728.05369804 6.00000000
v 584736.57093974 4509709.40965615 6.00000000
v 584729.66251743 4509713.12762595 6.00000000
v 584739.67650453 4509731.77156190 24.29999924
v 584746.59335917 4509728.05369804 24.29999924
v 584736.57093974 4509709.40965615 24.29999924
v 584729.66251743 4509713.12762595 24.29999924
v 584746.59335917 4509728.05369804 6.00000000
v 584749.49579923 4509733.46031563 6.00000000
v 584752.43596783 4509731.87301596 6.00000000
v 584751.77453087 4509730.63311623 6.00000000
v 584755.70030285 4509728.52418292 6.00000000
v 584754.26149682 4509725.84321895 6.00000000
v 584752.72347783 4509726.66939807 6.00000000
v 584750.31714761 4509722.18992875 6.00000000
v 584749.70536824 4509722.51599902 6.00000000
v 584748.25811476 4509719.83493976 6.00000000
v 584750.48441845 4509718.63915549 6.00000000
v 584743.52171637 4509705.68107465 6.00000000
v 584736.57093974 4509709.40965615 6.00000000
v 584746.59335917 4509728.05369804 23.50000000
v 584749.49579923 4509733.46031563 23.50000000
v 584752.43596783 4509731.87301596 23.50000000
v 584751.77453087 4509730.63311623 23.50000000
v 584755.70030285 4509728.52418292 23.50000000
v 584754.26149682 4509725.84321895 23.50000000
v 584752.72347783 4509726.66939807 23.50000000
v 584750.31714761 4509722.18992875 23.50000000
v 584749.70536824 4509722.51599902 23.50000000
v 584748.25811476 4509719.83493976 23.50000000
v 584750.48441845 4509718.63915549 23.50000000
v 584743.52171637 4509705.68107465 23.50000000
v 584736.57093974 4509709.40965615 23.50000000
v 584750.48441845 4509718.63915549 6.00000000
v 584753.70113444 4509724.62667892 6.00000000
v 584760.01466709 4509721.23499396 6.00000000
v 584759.77486617 4509720.78816648 6.00000000
v 584749.83525993 4509702.28938094 6.00000000
v 584743.52171637 4509705.68107465 6.00000000
v 584750.48441845 4509718.63915549 24.20000076
v 584753.70113444 4509724.62667892 24.20000076
v 584760.01466709 4509721.23499396 24.20000076
v 584759.77486617 4509720.78816648 24.20000076
v 584749.83525993 4509702.28938094 24.20000076
v 584743.52171637 4509705.68107465 24.20000076
v 584697.35142561 4509706.46348523 6.00000000
v 584702.27161949 4509703.79967604 6.00000000
v 584692.53762363 4509685.76961134 6.00000000
v 584687.61754852 4509688.42232635 6.00000000
v 584697.35142561 4509706.46348523 24.79999924
v 584702.27161949 4509703.79967604 24.79999924
v 584692.53762363 4509685.76961134 24.79999924
v 584687.61754852 4509688.42232635 24.79999924
v 584702.27161949 4509703.79967604 6.00000000
v 584707.86295834 4509700.78827033 6.00000000
v 584698.12909847 4509682.74709753 6.00000000
v 584692.53762363 4509685.76961134 6.00000000
v 584702.27161949 4509703.79967604 28.00000000
v 584707.86295834 4509700.78827033 28.00000000
v 584698.12909847 4509682.74709753 28.00000000
v 584692.53762363 4509685.76961134 28.00000000
v 584764.06343785 4509708.36949490 6.00000000
v 584770.98877077 4509704.65174997 6.00000000
v 584765.26655694 4509693.99487475 6.00000000
v 584758.33264628 4509697.72362923 6.00000000
v 584764.06343785 4509708.36949490 21.80000019
v 584770.98877077 4509704.65174997 21.80000019
v 584765.26655694 4509693.99487475 21.80000019
v 584758.33264628 4509697.72362923 21.80000019
v 584770.98877077 4509704.65174997 6.00000000
v 584774.32972613 4509710.85164390 6.00000000
v 584780.92371200 4509707.30775335 6.00000000
v 584771.86055293 4509690.45097607 6.00000000
v 584765.26655694 4509693.99487475 6.00000000
v 584770.98877077 4509704.65174997 20.50000000
v 584774.32972613 4509710.85164390 20.50000000
v 584780.92371200 4509707.30775335 20.50000000
v 584771.86055293 4509690.45097607 20.50000000
v 584765.26655694 4509693.99487475 20.50000000
v 584771.86055293 4509690.45097607 6.00000000
v 584780.92371200 4509707.30775335 6.00000000
v 584784.49256827 4509705.39459160 6.00000000
v 584788.23851123 4509712.36517182 6.00000000
v 584791.80749406 4509710.44091289 6.00000000
v 584778.40312475 4509685.49652288 6.00000000
v 584771.25682760 4509689.33385820 6.00000000
v 584771.86055293 4509690.45097607 21.69999981
v 584780.92371200 4509707.30775335 21.69999981
v 584784.49256827 4509705.39459160 21.69999981
v 584788.23851123 4509712.36517182 21.69999981
v 584791.80749406 4509710.44091289 21.69999981
v 584778.40312475 4509685.49652288 21.69999981
v 584771.25682760 4509689.33385820 21.69999981
v 584759.77486617 4509720.78816648 6.00000000
v 584768.28068224 4509716.22252281 6.00000000
v 584764.06343785 4509708.36949490 6.00000000
v 584758.33264628 4509697.72362923 6.00000000
v 584749.83525993 4509702.28938094 6.00000000
v 584759.77486617 4509720.78816648 23.20000076
v 584768.28068224 4509716.22252281 23.20000076
v 584764.06343785 4509708.36949490 23.20000076
v 584758.33264628 4509697.72362923 23.20000076
v 584749.83525993 4509702.28938094 23.20000076
v 584813.83441692 4509700.67875104 6.00000000
v 584820.46044893 4509712.78928584 6.00000000
v 584819.54264689 4509713.28948336 6.00000000
v 584821.11437815 4509716.16071788 6.00000000
v 584817.48551954 4509718.15089066 6.00000000
v 584816.07923959 4509715.58130779 6.00000000
v 584815.05090332 4509716.14685409 6.00000000
v 584809.64061979 4509706.28176354 6.00000000
v 584801.28675911 4509710.84909892 6.00000000
v 584802.09751643 4509712.32385633 6.00000000
v 584798.00131710 4509714.56404187 6.00000000
v 584805.02429469 4509727.41184490 6.00000000
v 584802.29635670 4509728.90163252 6.00000000
v 584805.96919482 4509735.61603712 6.00000000
v 584814.25509781 4509731.08123644 6.00000000
v 584839.08728217 4509717.49880070 6.00000000
v 584826.18254970 4509693.92560120 6.00000000
v 584813.83441692 4509700.67875104 55.79999924
v 584820.46044893 4509712.78928584 55.79999924
v 584819.54264689 4509713.28948336 55.79999924
v 584821.11437815 4509716.16071788 55.79999924
v 584817.48551954 4509718.15089066 55.79999924
v 584816.07923959 4509715.58130779 55.79999924
v 584815.05090332 4509716.14685409 55.79999924
v 584809.64061979 4509706.28176354 55.79999924
v 584801.28675911 4509710.84909892 55.79999924
v 584802.09751643 4509712.32385633 55.79999924
v 584798.00131710 4509714.56404187 55.79999924
v 584805.02429469 4509727.41184490 55.79999924
v 584802.29635670 4509728.90163252 55.79999924
v 584805.96919482 4509735.61603712 55.79999924
v 584814.25509781 4509731.08123644 55.79999924
v 584839.08728217 4509717.49880070 55.79999924
v 584826.18254970 4509693.92560120 55.79999924
v 584850.85244807 4509674.61263769 6.00000000
v 584858.65158611 4509689.00147201 6.00000000
v 584880.78865301 4509677.00923456 6.00000000
v 584872.98954378 4509662.62037675 6.00000000
v 584866.15725824 4509666.31688950 6.00000000
v 584850.85244807 4509674.61263769 67.90000153
v 584858.65158611 4509689.00147201 67.90000153
v 584880.78865301 4509677.00923456 67.90000153
v 584872.98954378 4509662.62037675 67.90000153
v 584866.15725824 4509666.31688950 67.90000153
v 584797.83421191 4509705.54718945 6.00000000
v 584814.14076074 4509696.78540312 6.00000000
v 584812.30490738 4509693.37824573 6.00000000
v 584816.68961896 4509691.01924504 6.00000000
v 584812.88597906 4509683.92586660 6.00000000
v 584818.58778816 4509680.86029597 6.00000000
v 584815.33796202 4509674.81685438 6.00000000
v 584809.63614978 4509677.88242754 6.00000000
v 584805.81586174 4509670.76665848 6.00000000
v 584778.40312475 4509685.49652288 6.00000000
v 584791.80749406 4509710.44091289 6.00000000
v 584798.52034102 4509706.84288654 6.00000000
v 584797.83421191 4509705.54718945 23.39999962
v 584814.14076074 4509696.78540312 23.39999962
v 584812.30490738 4509693.37824573 23.39999962
v 584816.68961896 4509691.01924504 23.39999962
v 584812.88597906 4509683.92586660 23.39999962
v 584818.58778816 4509680.86029597 23.39999962
v 584815.33796202 4509674.81685438 23.39999962
v 584809.63614978 4509677.88242754 23.39999962
v 584805.81586174 4509670.76665848 23.39999962
v 584778.40312475 4509685.49652288 23.39999962
v 584791.80749406 4509710.44091289 23.39999962
v 584798.52034102 4509706.84288654 23.39999962
v 584877.43276690 4509660.31759170 6.00000000
v 584883.94228005 4509656.78392551 6.00000000
v 584881.28712790 4509651.91298854 6.00000000
v 584871.90730974 4509634.69719192 6.00000000
v 584838.90864570 4509652.67133023 6.00000000
v 584850.85244807 4509674.61263769 6.00000000
v 584866.15725824 4509666.31688950 6.00000000
v 584862.57605181 4509659.71452568 6.00000000
v 584873.81036327 4509653.62593348 6.00000000
v 584877.43276690 4509660.31759170 54.50000000
v 584883.94228005 4509656.78392551 54.50000000
v 584881.28712790 4509651.91298854 54.50000000
v 584871.90730974 4509634.69719192 54.50000000
v 584838.90864570 4509652.67133023 54.50000000
v 584850.85244807 4509674.61263769 54.50000000
v 584866.15725824 4509666.31688950 54.50000000
v 584862.57605181 4509659.71452568 54.50000000
v 584873.81036327 4509653.62593348 54.50000000
v 584857.28998970 4509622.02884700 6.00000000
v 584863.64625975 4509618.60442996 6.00000000
v 584855.02092883 4509602.60742833 6.00000000
v 584853.53248324 4509599.83706001 6.00000000
v 584847.16763110 4509603.27248984 6.00000000
v 584857.28998970 4509622.02884700 23.10000038
v 584863.64625975 4509618.60442996 23.10000038
v 584855.02092883 4509602.60742833 23.10000038
v 584853.53248324 4509599.83706001 23.10000038
v 584847.16763110 4509603.27248984 23.10000038
v 584835.70215283 4509611.84535824 6.00000000
v 584837.11612913 4509614.48164500 6.00000000
v 584845.94528056 4509609.71994816 6.00000000
v 584842.20739857 4509602.78273857 6.00000000
v 584828.60275711 4509610.09879906 6.00000000
v 584818.78786949 4509615.39324327 6.00000000
v 584822.52576626 4509622.33044096 6.00000000
v 584829.72320063 4509618.46043172 6.00000000
v 584831.25280642 4509617.63417161 6.00000000
v 584829.83870169 4509615.00898667 6.00000000
v 584835.70215283 4509611.84535824 28.29999924
v 584837.11612913 4509614.48164500 28.29999924
v 584845.94528056 4509609.71994816 28.29999924
v 584842.20739857 4509602.78273857 28.29999924
v 584828.60275711 4509610.09879906 28.29999924
v 584818.78786949 4509615.39324327 28.29999924
v 584822.52576626 4509622.33044096 28.29999924
v 584829.72320063 4509618.46043172 28.29999924
v 584831.25280642 4509617.63417161 28.29999924
v 584829.83870169 4509615.00898667 28.29999924
v 584854.09604855 4509623.64650837 6.00000000
v 584846.88505849 4509610.25250452 6.00000000
v 584838.97372229 4509614.51400489 6.00000000
v 584840.80139439 4509617.89887034 6.00000000
v 584831.98082716 4509622.64956910 6.00000000
v 584829.72320063 4509618.46043172 6.00000000
v 584822.52576626 4509622.33044096 6.00000000
v 584830.17518189 4509636.52879165 6.00000000
v 584854.09604855 4509623.64650837 54.90000153
v 584846.88505849 4509610.25250452 54.90000153
v 584838.97372229 4509614.51400489 54.90000153
v 584840.80139439 4509617.89887034 54.90000153
v 584831.98082716 4509622.64956910 54.90000153
v 584829.72320063 4509618.46043172 54.90000153
v 584822.52576626 4509622.33044096 54.90000153
v 584830.17518189 4509636.52879165 54.90000153
v 584783.80889762 4509641.11646778 6.00000000
v 584785.47125931 4509644.18856869 6.00000000
v 584770.75333352 4509652.12482207 6.00000000
v 584768.80176928 4509648.49431056 6.00000000
v 584772.15827700 4509646.68973571 6.00000000
v 584767.65116068 4509638.33379656 6.00000000
v 584766.47850563 4509638.96431238 6.00000000
v 584754.69222267 4509645.32430830 6.00000000
v 584759.24887140 4509653.78072498 6.00000000
v 584759.83519743 4509653.46546649 6.00000000
v 584761.47274122 4509656.49286957 6.00000000
v 584758.52409720 4509658.08006941 6.00000000
v 584765.57843736 4509671.15023207 6.00000000
v 584803.23165019 4509650.83095360 6.00000000
v 584789.94199369 4509626.18761703 6.00000000
v 584776.27770459 4509633.55859975 6.00000000
v 584781.13210572 4509642.56244009 6.00000000
v 584783.80889762 4509641.11646778 61.29999924
v 584785.47125931 4509644.18856869 61.29999924
v 584770.75333352 4509652.12482207 61.29999924
v 584768.80176928 4509648.49431056 61.29999924
v 584772.15827700 4509646.68973571 61.29999924
v 584767.65116068 4509638.33379656 61.29999924
v 584766.47850563 4509638.96431238 61.29999924
v 584754.69222267 4509645.32430830 61.29999924
v 584759.24887140 4509653.78072498 61.29999924
v 584759.83519743 4509653.46546649 61.29999924
v 584761.47274122 4509656.49286957 61.29999924
v 584758.52409720 4509658.08006941 61.29999924
v 584765.57843736 4509671.15023207 61.29999924
v 584803.23165019 4509650.83095360 61.29999924
v 584789.94199369 4509626.18761703 61.29999924
v 584776.27770459 4509633.55859975 61.29999924
v 584781.13210572 4509642.56244009 61.29999924
v 584719.33928996 4509654.29042367 6.00000000
v 584724.07235947 4509651.74661315 6.00000000
v 584721.53354391 4509647.03249578 6.00000000
v 584715.56258119 4509635.96204112 6.00000000
v 584710.82950488 4509638.50585712 6.00000000
v 584719.33928996 4509654.29042367 22.29999924
v 584724.07235947 4509651.74661315 22.29999924
v 584721.53354391 4509647.03249578 22.29999924
v 584715.56258119 4509635.96204112 22.29999924
v 584710.82950488 4509638.50585712 22.29999924
v 584714.58051079 4509656.86724976 6.00000000
v 584719.33928996 4509654.29042367 6.00000000
v 584710.82950488 4509638.50585712 6.00000000
v 584706.06227475 4509641.08259224 6.00000000
v 584714.58051079 4509656.86724976 22.29999924
v 584719.33928996 4509654.29042367 22.29999924
v 584710.82950488 4509638.50585712 22.29999924
v 584706.06227475 4509641.08259224 22.29999924
v 584709.94928482 4509659.36782136 6.00000000
v 584714.58051079 4509656.86724976 6.00000000
v 584706.06227475 4509641.08259224 6.00000000
v 584701.43104214 4509643.58316919 6.00000000
v 584709.94928482 4509659.36782136 22.70000076
v 584714.58051079 4509656.86724976 22.70000076
v 584706.06227475 4509641.08259224 22.70000076
v 584701.43104214 4509643.58316919 22.70000076
v 584633.67313077 4509629.67549179 6.00000000
v 584627.00239347 4509633.28524945 6.00000000
v 584628.54901057 4509636.14505152 6.00000000
v 584638.02665750 4509653.71691059 6.00000000
v 584644.70582658 4509650.10725934 6.00000000
v 584645.37573302 4509651.34724540 6.00000000
v 584652.25883490 4509647.62890792 6.00000000
v 584648.15673049 4509640.03261501 6.00000000
v 584644.96433647 4509634.12313409 6.00000000
v 584638.08122615 4509637.84147840 6.00000000
v 584633.67313077 4509629.67549179 23.50000000
v 584627.00239347 4509633.28524945 23.50000000
v 584628.54901057 4509636.14505152 23.50000000
v 584638.02665750 4509653.71691059 23.50000000
v 584644.70582658 4509650.10725934 23.50000000
v 584645.37573302 4509651.34724540 23.50000000
v 584652.25883490 4509647.62890792 23.50000000
v 584648.15673049 4509640.03261501 23.50000000
v 584644.96433647 4509634.12313409 23.50000000
v 584638.08122615 4509637.84147840 23.50000000
v 584661.22300144 4509626.59280368 6.00000000
v 584661.85179957 4509626.25581826 6.00000000
v 584660.45427231 4509623.65306074 6.00000000
v 584664.10821094 4509621.68530200 6.00000000
v 584661.41194988 4509616.70295738 6.00000000
v 584661.04813894 4509616.02157236 6.00000000
v 584641.02767806 4509626.82849239 6.00000000
v 584644.06293485 4509632.44752170 6.00000000
v 584647.97183725 4509630.33833853 6.00000000
v 584649.30333523 4509632.80711406 6.00000000
v 584649.75366417 4509632.56800907 6.00000000
v 584653.01234080 4509638.58927037 6.00000000
v 584649.57922882 4509640.44853443 6.00000000
v 584649.08297342 4509639.53249279 6.00000000
v 584648.15673049 4509640.03261501 6.00000000
v 584652.25883490 4509647.62890792 6.00000000
v 584672.27925797 4509636.82201848 6.00000000
v 584668.70643715 4509630.20874723 6.00000000
v 584664.42370356 4509632.51348881 6.00000000
v 584661.22300144 4509626.59280368 37.20000076
v 584661.85179957 4509626.25581826 37.20000076
v 584660.45427231 4509623.65306074 37.20000076
v 584664.10821094 4509621.68530200 37.20000076
v 584661.41194988 4509616.70295738 37.20000076
v 584661.04813894 4509616.02157236 37.20000076
v 584641.02767806 4509626.82849239 37.20000076
v 584644.06293485 4509632.44752170 37.20000076
v 584647.97183725 4509630.33833853 37.20000076
v 584649.30333523 4509632.80711406 37.20000076
v 584649.75366417 4509632.56800907 37.20000076
v 584653.01234080 4509638.58927037 37.20000076
v 584649.57922882 4509640.44853443 37.20000076
v 584649.08297342 4509639.53249279 37.20000076
v 584648.15673049 4509640.03261501 37.20000076
v 584652.25883490 4509647.62890792 37.20000076
v 584672.27925797 4509636.82201848 37.20000076
v 584668.70643715 4509630.20874723 37.20000076
v 584664.42370356 4509632.51348881 37.20000076
v 584679.26435110 4509633.04935962 6.00000000
v 584685.95200364 4509629.43984151 6.00000000
v 584678.86433995 4509616.31386897 6.00000000
v 584677.31773753 4509613.45405626 6.00000000
v 584670.63007529 4509617.06358223 6.00000000
v 584679.26435110 4509633.04935962 22.79999924
v 584685.95200364 4509629.43984151 22.79999924
v 584678.86433995 4509616.31386897 22.79999924
v 584677.31773753 4509613.45405626 22.79999924
v 584670.63007529 4509617.06358223 22.79999924
v 584685.95200364 4509629.43984151 6.00000000
v 584692.61420347 4509625.84114063 6.00000000
v 584685.53499189 4509612.71525813 6.00000000
v 584678.86433995 4509616.31386897 6.00000000
v 584685.95200364 4509629.43984151 23.50000000
v 584692.61420347 4509625.84114063 23.50000000
v 584685.53499189 4509612.71525813 23.50000000
v 584678.86433995 4509616.31386897 23.50000000
v 584664.10821094 4509621.68530200 6.00000000
v 584668.70643715 4509630.20874723 6.00000000
v 584672.27925797 4509636.82201848 6.00000000
v 584679.26435110 4509633.04935962 6.00000000
v 584670.63007529 4509617.06358223 6.00000000
v 584668.40549994 4509612.93038464 6.00000000
v 584661.41194988 4509616.70295738 6.00000000
v 584664.10821094 4509621.68530200 25.89999962
v 584668.70643715 4509630.20874723 25.89999962
v 584672.27925797 4509636.82201848 25.89999962
v 584679.26435110 4509633.04935962 25.89999962
v 584670.63007529 4509617.06358223 25.89999962
v 584668.40549994 4509612.93038464 25.89999962
v 584661.41194988 4509616.70295738 25.89999962
v 584684.58844002 4509606.12087794 6.00000000
v 584682.55747193 4509607.21899442 6.00000000
v 584685.53499189 4509612.71525813 6.00000000
v 584692.61420347 4509625.84114063 6.00000000
v 584698.40952410 4509622.72103563 6.00000000
v 584691.21425666 4509609.40508531 6.00000000
v 584687.45834031 4509611.42717676 6.00000000
v 584684.58844002 4509606.12087794 23.20000076
v 584682.55747193 4509607.21899442 23.20000076
v 584685.53499189 4509612.71525813 23.20000076
v 584692.61420347 4509625.84114063 23.20000076
v 584698.40952410 4509622.72103563 23.20000076
v 584691.21425666 4509609.40508531 23.20000076
v 584687.45834031 4509611.42717676 23.20000076
v 584692.40783399 4509606.94294391 6.00000000
v 584693.41974166 4509607.07662756 6.00000000
v 584693.89948607 4509607.95917717 6.00000000
v 584691.21425666 4509609.40508531 6.00000000
v 584698.40952410 4509622.72103563 6.00000000
v 584704.74882819 4509619.29629055 6.00000000
v 584693.90653153 4509599.21077293 6.00000000
v 584689.51323680 4509601.58085035 6.00000000
v 584692.40783399 4509606.94294391 23.10000038
v 584693.41974166 4509607.07662756 23.10000038
v 584693.89948607 4509607.95917717 23.10000038
v 584691.21425666 4509609.40508531 23.10000038
v 584698.40952410 4509622.72103563 23.10000038
v 584704.74882819 4509619.29629055 23.10000038
v 584693.90653153 4509599.21077293 23.10000038
v 584689.51323680 4509601.58085035 23.10000038
v 584741.11274275 4509642.32692437 6.00000000
v 584741.92900983 4509639.62733264 6.00000000
v 584747.77538733 4509636.47454307 6.00000000
v 584750.37029156 4509637.75874937 6.00000000
v 584754.69222267 4509645.32430830 6.00000000
v 584766.47850563 4509638.96431238 6.00000000
v 584762.27721216 4509631.18918507 6.00000000
v 584762.87482822 4509628.40938051 6.00000000
v 584768.71277955 4509625.25651069 6.00000000
v 584772.33285591 4509626.25268911 6.00000000
v 584776.27770459 4509633.55859975 6.00000000
v 584789.94199369 4509626.18761703 6.00000000
v 584776.65199249 4509601.56650796 6.00000000
v 584714.95884275 4509634.84492812 6.00000000
v 584715.56258119 4509635.96204112 6.00000000
v 584721.53354391 4509647.03249578 6.00000000
v 584724.83924846 4509645.23842136 6.00000000
v 584727.12063420 4509645.87511233 6.00000000
v 584728.89857158 4509649.18166583 6.00000000
v 584733.10820587 4509656.96797127 6.00000000
v 584745.42128724 4509650.32530825 6.00000000
v 584741.11274275 4509642.32692437 74.50000000
v 584741.92900983 4509639.62733264 74.50000000
v 584747.77538733 4509636.47454307 74.50000000
v 584750.37029156 4509637.75874937 74.50000000
v 584754.69222267 4509645.32430830 74.50000000
v 584766.47850563 4509638.96431238 74.50000000
v 584762.27721216 4509631.18918507 74.50000000
v 584762.87482822 4509628.40938051 74.50000000
v 584768.71277955 4509625.25651069 74.50000000
v 584772.33285591 4509626.25268911 74.50000000
v 584776.27770459 4509633.55859975 74.50000000
v 584789.94199369 4509626.18761703 74.50000000
v 584776.65199249 4509601.56650796 74.50000000
v 584714.95884275 4509634.84492812 74.50000000
v 584715.56258119 4509635.96204112 74.50000000
v 584721.53354391 4509647.03249578 74.50000000
v 584724.83924846 4509645.23842136 74.50000000
v 584727.12063420 4509645.87511233 74.50000000
v 584728.89857158 4509649.18166583 74.50000000
v 584733.10820587 4509656.96797127 74.50000000
v 584745.42128724 4509650.32530825 74.50000000
v 584725.83156432 4509587.22998119 6.00000000
v 584720.21467448 4509590.25218545 6.00000000
v 584721.99275605 4509593.54763606 6.00000000
v 584728.86525931 4509606.28261685 6.00000000
v 584734.47382364 4509603.24922200 6.00000000
v 584725.83156432 4509587.22998119 20.89999962
v 584720.21467448 4509590.25218545 20.89999962
v 584721.99275605 4509593.54763606 20.89999962
v 584728.86525931 4509606.28261685 20.89999962
v 584734.47382364 4509603.24922200 20.89999962
v 584720.24011179 4509610.93576106 6.00000000
v 584728.86525931 4509606.28261685 6.00000000
v 584721.99275605 4509593.54763606 6.00000000
v 584713.36747170 4509598.21188902 6.00000000
v 584720.24011179 4509610.93576106 21.50000000
v 584728.86525931 4509606.28261685 21.50000000
v 584721.99275605 4509593.54763606 21.50000000
v 584713.36747170 4509598.21188902 21.50000000
v 584707.04459614 4509597.24036810 6.00000000
v 584704.51224364 4509598.61030337 6.00000000
v 584706.37312302 4509602.05102396 6.00000000
v 584709.44954811 4509607.75936836 6.00000000
v 584713.21250179 4509614.73010075 6.00000000
v 584720.24011179 4509610.93576106 6.00000000
v 584713.36747170 4509598.21188902 6.00000000
v 584708.87220531 4509600.63630063 6.00000000
v 584707.04459614 4509597.24036810 24.29999924
v 584704.51224364 4509598.61030337 24.29999924
v 584706.37312302 4509602.05102396 24.29999924
v 584709.44954811 4509607.75936836 24.29999924
v 584713.21250179 4509614.73010075 24.29999924
v 584720.24011179 4509610.93576106 24.29999924
v 584713.36747170 4509598.21188902 24.29999924
v 584708.87220531 4509600.63630063 24.29999924
v 584706.22738106 4509604.45852278 6.00000000
v 584705.88745720 4509604.64337521 6.00000000
v 584704.91158957 4509602.83367874 6.00000000
v 584706.37312302 4509602.05102396 6.00000000
v 584704.51224364 4509598.61030337 6.00000000
v 584701.90711099 4509593.78441484 6.00000000
v 584693.44342129 4509598.35061766 6.00000000
v 584693.90653153 4509599.21077293 6.00000000
v 584704.74882819 4509619.29629055 6.00000000
v 584713.21250179 4509614.73010075 6.00000000
v 584709.44954811 4509607.75936836 6.00000000
v 584708.32793916 4509608.35717019 6.00000000
v 584706.22738106 4509604.45852278 24.39999962
v 584705.88745720 4509604.64337521 24.39999962
v 584704.91158957 4509602.83367874 24.39999962
v 584706.37312302 4509602.05102396 24.39999962
v 584704.51224364 4509598.61030337 24.39999962
v 584701.90711099 4509593.78441484 24.39999962
v 584693.44342129 4509598.35061766 24.39999962
v 584693.90653153 4509599.21077293 24.39999962
v 584704.74882819 4509619.29629055 24.39999962
v 584713.21250179 4509614.73010075 24.39999962
v 584709.44954811 4509607.75936836 24.39999962
v 584708.32793916 4509608.35717019 24.39999962
v 584632.11115329 4509610.40655664 6.00000000
v 584638.90051219 4509606.76485096 6.00000000
v 584632.19293949 4509594.36490452 6.00000000
v 584625.40357293 4509598.00661640 6.00000000
v 584632.11115329 4509610.40655664 22.79999924
v 584638.90051219 4509606.76485096 22.79999924
v 584632.19293949 4509594.36490452 22.79999924
v 584625.40357293 4509598.00661640 22.79999924
v 584632.19293949 4509594.36490452 6.00000000
v 584638.90051219 4509606.76485096 6.00000000
v 584641.62993507 4509611.80307611 6.00000000
v 584645.47923112 4509609.73761943 6.00000000
v 584649.29189404 4509616.79770249 6.00000000
v 584652.20649936 4509615.23227510 6.00000000
v 584638.52675280 4509589.94084829 6.00000000
v 584631.76283834 4509593.57174295 6.00000000
v 584632.19293949 4509594.36490452 22.39999962
v 584638.90051219 4509606.76485096 22.39999962
v 584641.62993507 4509611.80307611 22.39999962
v 584645.47923112 4509609.73761943 22.39999962
v 584649.29189404 4509616.79770249 22.39999962
v 584652.20649936 4509615.23227510 22.39999962
v 584638.52675280 4509589.94084829 22.39999962
v 584631.76283834 4509593.57174295 22.39999962
v 584647.48115892 4509595.64966214 6.00000000
v 584649.57148758 4509594.53000966 6.00000000
v 584645.16312361 4509586.38621834 6.00000000
v 584638.52675280 4509589.94084829 6.00000000
v 584652.20649936 4509615.23227510 6.00000000
v 584658.84298165 4509611.66655682 6.00000000
v 584655.40232762 4509605.31015131 6.00000000
v 584651.41588504 4509597.93722113 6.00000000
v 584649.32555703 4509599.05687309 6.00000000
v 584647.48115892 4509595.64966214 22.79999924
v 584649.57148758 4509594.53000966 22.79999924
v 584645.16312361 4509586.38621834 22.79999924
v 584638.52675280 4509589.94084829 22.79999924
v 584652.20649936 4509615.23227510 22.79999924
v 584658.84298165 4509611.66655682 22.79999924
v 584655.40232762 4509605.31015131 22.79999924
v 584651.41588504 4509597.93722113 22.79999924
v 584649.32555703 4509599.05687309 22.79999924
v 584649.57148758 4509594.53000966 6.00000000
v 584650.82064391 4509593.85594045 6.00000000
v 584652.66491422 4509597.27425293 6.00000000
v 584651.41588504 4509597.93722113 6.00000000
v 584655.40232762 4509605.31015131 6.00000000
v 584662.25976374 4509601.62483544 6.00000000
v 584652.02057151 4509582.70089293 6.00000000
v 584645.16312361 4509586.38621834 6.00000000
v 584649.57148758 4509594.53000966 23.00000000
v 584650.82064391 4509593.85594045 23.00000000
v 584652.66491422 4509597.27425293 23.00000000
v 584651.41588504 4509597.93722113 23.00000000
v 584655.40232762 4509605.31015131 23.00000000
v 584662.25976374 4509601.62483544 23.00000000
v 584652.02057151 4509582.70089293 23.00000000
v 584645.16312361 4509586.38621834 23.00000000
v 584665.89014555 4509592.10735536 6.00000000
v 584666.93524836 4509591.55308196 6.00000000
v 584671.46771277 4509599.92034711 6.00000000
v 584677.08457457 4509596.89810630 6.00000000
v 584665.91905624 4509576.26493673 6.00000000
v 584659.25707992 4509579.84146042 6.00000000
v 584665.89014555 4509592.10735536 23.50000000
v 584666.93524836 4509591.55308196 23.50000000
v 584671.46771277 4509599.92034711 23.50000000
v 584677.08457457 4509596.89810630 23.50000000
v 584665.91905624 4509576.26493673 23.50000000
v 584659.25707992 4509579.84146042 23.50000000
v 584652.02057151 4509582.70089293 6.00000000
v 584662.25976374 4509601.62483544 6.00000000
v 584665.70028703 4509607.99234485 6.00000000
v 584672.50668058 4509604.33976185 6.00000000
v 584665.89014555 4509592.10735536 6.00000000
v 584659.25707992 4509579.84146042 6.00000000
v 584658.82698072 4509579.04829726 6.00000000
v 584652.02057151 4509582.70089293 23.50000000
v 584662.25976374 4509601.62483544 23.50000000
v 584665.70028703 4509607.99234485 23.50000000
v 584672.50668058 4509604.33976185 23.50000000
v 584665.89014555 4509592.10735536 23.50000000
v 584659.25707992 4509579.84146042 23.50000000
v 584658.82698072 4509579.04829726 23.50000000
v 584665.91905624 4509576.26493673 6.00000000
v 584677.08457457 4509596.89810630 6.00000000
v 584696.84943376 4509586.29930103 6.00000000
v 584685.25398203 4509564.86183605 6.00000000
v 584665.48895751 4509575.47177318 6.00000000
v 584665.91905624 4509576.26493673 25.89999962
v 584677.08457457 4509596.89810630 25.89999962
v 584696.84943376 4509586.29930103 25.89999962
v 584685.25398203 4509564.86183605 25.89999962
v 584665.48895751 4509575.47177318 25.89999962
v 584631.86014081 4509573.21153789 6.00000000
v 584638.19062965 4509569.81994166 6.00000000
v 584637.98395951 4509569.42900747 6.00000000
v 584631.58371732 4509557.47665730 6.00000000
v 584625.25322132 4509560.86825923 6.00000000
v 584631.86014081 4509573.21153789 19.69999981
v 584638.19062965 4509569.81994166 19.69999981
v 584637.98395951 4509569.42900747 19.69999981
v 584631.58371732 4509557.47665730 19.69999981
v 584625.25322132 4509560.86825923 19.69999981
v 584710.86553789 4509579.92028260 6.00000000
v 584702.83475580 4509565.07378272 6.00000000
v 584698.78192395 4509557.60014912 6.00000000
v 584692.00950539 4509561.23089307 6.00000000
v 584704.08456203 4509583.56201963 6.00000000
v 584710.86553789 4509579.92028260 23.70000076
v 584702.83475580 4509565.07378272 23.70000076
v 584698.78192395 4509557.60014912 23.70000076
v 584692.00950539 4509561.23089307 23.70000076
v 584704.08456203 4509583.56201963 23.70000076
v 584696.84943376 4509586.29930103 6.00000000
v 584697.32917920 4509587.18185081 6.00000000
v 584704.08456203 4509583.56201963 6.00000000
v 584692.00950539 4509561.23089307 6.00000000
v 584685.25398203 4509564.86183605 6.00000000
v 584696.84943376 4509586.29930103 24.60000038
v 584697.32917920 4509587.18185081 24.60000038
v 584704.08456203 4509583.56201963 24.60000038
v 584692.00950539 4509561.23089307 24.60000038
v 584685.25398203 4509564.86183605 24.60000038
v 584742.38183485 4509579.32568417 6.00000000
v 584742.07586995 4509578.75597768 6.00000000
v 584732.47338069 4509583.94194178 6.00000000
v 584735.35131999 4509589.28165792 6.00000000
v 584731.74826486 4509591.22775967 6.00000000
v 584737.38845306 4509601.68382778 6.00000000
v 584749.32779921 4509595.23673599 6.00000000
v 584749.79056997 4509593.90976944 6.00000000
v 584749.45965436 4509593.30647095 6.00000000
v 584756.09645879 4509589.71863744 6.00000000
v 584756.41880292 4509590.33294038 6.00000000
v 584757.88504936 4509590.61615491 6.00000000
v 584767.94645572 4509585.18012149 6.00000000
v 584763.01790433 4509576.00891216 6.00000000
v 584761.57749549 4509575.68158354 6.00000000
v 584760.82113661 4509576.09481726 6.00000000
v 584758.86110192 4509572.46421264 6.00000000
v 584759.61746104 4509572.05097871 6.00000000
v 584760.12347143 4509570.63569000 6.00000000
v 584756.39393346 4509563.69862217 6.00000000
v 584742.95089305 4509570.91676722 6.00000000
v 584746.32482470 4509577.19473688 6.00000000
v 584742.38183485 4509579.32568417 65.50000000
v 584742.07586995 4509578.75597768 65.50000000
v 584732.47338069 4509583.94194178 65.50000000
v 584735.35131999 4509589.28165792 65.50000000
v 584731.74826486 4509591.22775967 65.50000000
v 584737.38845306 4509601.68382778 65.50000000
v 584749.32779921 4509595.23673599 65.50000000
v 584749.79056997 4509593.90976944 65.50000000
v 584749.45965436 4509593.30647095 65.50000000
v 584756.09645879 4509589.71863744 65.50000000
v 584756.41880292 4509590.33294038 65.50000000
v 584757.88504936 4509590.61615491 65.50000000
v 584767.94645572 4509585.18012149 65.50000000
v 584763.01790433 4509576.00891216 65.50000000
v 584761.57749549 4509575.68158354 65.50000000
v 584760.82113661 4509576.09481726 65.50000000
v 584758.86110192 4509572.46421264 65.50000000
v 584759.61746104 4509572.05097871 65.50000000
v 584760.12347143 4509570.63569000 65.50000000
v 584756.39393346 4509563.69862217 65.50000000
v 584742.95089305 4509570.91676722 65.50000000
v 584746.32482470 4509577.19473688 65.50000000
v 584833.23335850 4509591.42246964 6.00000000
v 584821.68503020 4509597.64075723 6.00000000
v 584818.76595063 4509592.21171793 6.00000000
v 584833.00812206 4509584.53656343 6.00000000
v 584827.41795603 4509574.14760485 6.00000000
v 584803.51399709 4509587.01906746 6.00000000
v 584818.78786949 4509615.39324327 6.00000000
v 584828.60275711 4509610.09879906 6.00000000
v 584826.97354652 4509607.08257841 6.00000000
v 584838.36053609 4509600.94016793 6.00000000
v 584833.23335850 4509591.42246964 55.79999924
v 584821.68503020 4509597.64075723 55.79999924
v 584818.76595063 4509592.21171793 55.79999924
v 584833.00812206 4509584.53656343 55.79999924
v 584827.41795603 4509574.14760485 55.79999924
v 584803.51399709 4509587.01906746 55.79999924
v 584818.78786949 4509615.39324327 55.79999924
v 584828.60275711 4509610.09879906 55.79999924
v 584826.97354652 4509607.08257841 55.79999924
v 584838.36053609 4509600.94016793 55.79999924
v 584861.48775109 4509599.11766163 6.00000000
v 584855.02092883 4509602.60742833 6.00000000
v 584863.64625975 4509618.60442996 6.00000000
v 584870.49547538 4509614.90810786 6.00000000
v 584863.56538167 4509602.06130822 6.00000000
v 584863.18297846 4509602.26787158 6.00000000
v 584861.48775109 4509599.11766163 25.79999924
v 584855.02092883 4509602.60742833 25.79999924
v 584863.64625975 4509618.60442996 25.79999924
v 584870.49547538 4509614.90810786 25.79999924
v 584863.56538167 4509602.06130822 25.79999924
v 584863.18297846 4509602.26787158 25.79999924
v 584868.76317693 4509597.29137668 6.00000000
v 584862.74668758 4509600.54204492 6.00000000
v 584863.56538167 4509602.06130822 6.00000000
v 584870.49547538 4509614.90810786 6.00000000
v 584877.24260514 4509611.27723602 6.00000000
v 584870.12236925 4509598.07298455 6.00000000
v 584869.40003723 4509598.46439257 6.00000000
v 584868.76317693 4509597.29137668 25.60000038
v 584862.74668758 4509600.54204492 25.60000038
v 584863.56538167 4509602.06130822 25.60000038
v 584870.49547538 4509614.90810786 25.60000038
v 584877.24260514 4509611.27723602 25.60000038
v 584870.12236925 4509598.07298455 25.60000038
v 584869.40003723 4509598.46439257 25.60000038
v 584870.12236925 4509598.07298455 6.00000000
v 584877.24260514 4509611.27723602 6.00000000
v 584883.76047743 4509607.75476665 6.00000000
v 584875.47427139 4509592.38334372 6.00000000
v 584875.22615573 4509591.92531518 6.00000000
v 584868.70827408 4509595.44779212 6.00000000
v 584870.12236925 4509598.07298455 22.29999924
v 584877.24260514 4509611.27723602 22.29999924
v 584883.76047743 4509607.75476665 22.29999924
v 584875.47427139 4509592.38334372 22.29999924
v 584875.22615573 4509591.92531518 22.29999924
v 584868.70827408 4509595.44779212 22.29999924
v 584837.55605819 4509585.63220795 6.00000000
v 584839.69733912 4509584.49098701 6.00000000
v 584845.12037434 4509594.72261293 6.00000000
v 584849.38591871 4509592.45108344 6.00000000
v 584836.86980147 4509568.84901634 6.00000000
v 584830.46309130 4509572.25067542 6.00000000
v 584837.55605819 4509585.63220795 23.50000000
v 584839.69733912 4509584.49098701 23.50000000
v 584845.12037434 4509594.72261293 23.50000000
v 584849.38591871 4509592.45108344 23.50000000
v 584836.86980147 4509568.84901634 23.50000000
v 584830.46309130 4509572.25067542 23.50000000
v 584849.38591871 4509592.45108344 6.00000000
v 584856.58276089 4509588.63660324 6.00000000
v 584844.06665932 4509565.03452388 6.00000000
v 584836.86980147 4509568.84901634 6.00000000
v 584849.38591871 4509592.45108344 23.50000000
v 584856.58276089 4509588.63660324 23.50000000
v 584844.06665932 4509565.03452388 23.50000000
v 584836.86980147 4509568.84901634 23.50000000
v 584844.06665932 4509565.03452388 6.00000000
v 584856.58276089 4509588.63660324 6.00000000
v 584857.35987188 4509590.09987908 6.00000000
v 584863.47769763 4509586.85036637 6.00000000
v 584860.41890386 4509581.08664643 6.00000000
v 584858.05679829 4509582.33635531 6.00000000
v 584856.13058916 4509578.70611080 6.00000000
v 584858.66272359 4509577.35842820 6.00000000
v 584857.49711874 4509575.15796399 6.00000000
v 584850.13955095 4509561.28488920 6.00000000
v 584843.85180957 4509564.62128577 6.00000000
v 584844.06665932 4509565.03452388 23.60000038
v 584856.58276089 4509588.63660324 23.60000038
v 584857.35987188 4509590.09987908 23.60000038
v 584863.47769763 4509586.85036637 23.60000038
v 584860.41890386 4509581.08664643 23.60000038
v 584858.05679829 4509582.33635531 23.60000038
v 584856.13058916 4509578.70611080 23.60000038
v 584858.66272359 4509577.35842820 23.60000038
v 584857.49711874 4509575.15796399 23.60000038
v 584850.13955095 4509561.28488920 23.60000038
v 584843.85180957 4509564.62128577 23.60000038
v 584921.69221085 4509565.39040013 6.00000000
v 584914.88539912 4509569.06495796 6.00000000
v 584924.03988439 4509586.04508124 6.00000000
v 584930.84668562 4509582.37053189 6.00000000
v 584921.69221085 4509565.39040013 22.29999924
v 584914.88539912 4509569.06495796 22.29999924
v 584924.03988439 4509586.04508124 22.29999924
v 584930.84668562 4509582.37053189 22.29999924
v 584913.30363533 4509570.75657128 6.00000000
v 584908.79126842 4509573.19177010 6.00000000
v 584917.59847985 4509589.52398342 6.00000000
v 584924.03988439 4509586.04508124 6.00000000
v 584914.88539912 4509569.06495796 6.00000000
v 584914.46377042 4509568.27187630 6.00000000
v 584912.52627876 4509569.31549086 6.00000000
v 584913.30363533 4509570.75657128 23.50000000
v 584908.79126842 4509573.19177010 23.50000000
v 584917.59847985 4509589.52398342 23.50000000
v 584924.03988439 4509586.04508124 23.50000000
v 584914.88539912 4509569.06495796 23.50000000
v 584914.46377042 4509568.27187630 23.50000000
v 584912.52627876 4509569.31549086 23.50000000
v 584903.82358108 4509596.94897970 6.00000000
v 584910.75791510 4509593.19815792 6.00000000
v 584901.12381420 4509575.32438714 6.00000000
v 584894.18959604 4509579.06411732 6.00000000
v 584903.82358108 4509596.94897970 23.79999924
v 584910.75791510 4509593.19815792 23.79999924
v 584901.12381420 4509575.32438714 23.79999924
v 584894.18959604 4509579.06411732 23.79999924
v 584910.75791510 4509593.19815792 6.00000000
v 584917.59847985 4509589.52398342 6.00000000
v 584908.79126842 4509573.19177010 6.00000000
v 584907.95607298 4509571.63900628 6.00000000
v 584901.12381420 4509575.32438714 6.00000000
v 584910.75791510 4509593.19815792 23.50000000
v 584917.59847985 4509589.52398342 23.50000000
v 584908.79126842 4509573.19177010 23.50000000
v 584907.95607298 4509571.63900628 23.50000000
v 584901.12381420 4509575.32438714 23.50000000
v 584890.42959724 4509587.33656896 6.00000000
v 584897.45882917 4509600.37326605 6.00000000
v 584903.82358108 4509596.94897970 6.00000000
v 584894.18959604 4509579.06411732 6.00000000
v 584887.82470667 4509582.49951271 6.00000000
v 584890.42959724 4509587.33656896 24.29999924
v 584897.45882917 4509600.37326605 24.29999924
v 584903.82358108 4509596.94897970 24.29999924
v 584894.18959604 4509579.06411732 24.29999924
v 584887.82470667 4509582.49951271 24.29999924
v 584890.60114209 4509604.06946688 6.00000000
v 584897.45882917 4509600.37326605 6.00000000
v 584890.42959724 4509587.33656896 6.00000000
v 584883.57190204 4509591.03277635 6.00000000
v 584890.60114209 4509604.06946688 22.70000076
v 584897.45882917 4509600.37326605 22.70000076
v 584890.42959724 4509587.33656896 22.70000076
v 584883.57190204 4509591.03277635 22.70000076
v 584883.76047743 4509607.75476665 6.00000000
v 584890.60114209 4509604.06946688 6.00000000
v 584883.57190204 4509591.03277635 6.00000000
v 584882.30650140 4509588.69793956 6.00000000
v 584875.47427139 4509592.38334372 6.00000000
v 584883.76047743 4509607.75476665 22.79999924
v 584890.60114209 4509604.06946688 22.79999924
v 584883.57190204 4509591.03277635 22.79999924
v 584882.30650140 4509588.69793956 22.79999924
v 584875.47427139 4509592.38334372 22.79999924
v 584934.42346683 4509601.15193357 6.00000000
v 584941.03085820 4509613.40669142 6.00000000
v 584958.57033314 4509603.94880289 6.00000000
v 584959.71990570 4509606.07138523 6.00000000
v 584966.81559140 4509602.24474934 6.00000000
v 584958.03886268 4509588.42190877 6.00000000
v 584934.42346683 4509601.15193357 46.20000076
v 584941.03085820 4509613.40669142 46.20000076
v 584958.57033314 4509603.94880289 46.20000076
v 584959.71990570 4509606.07138523 46.20000076
v 584966.81559140 4509602.24474934 46.20000076
v 584958.03886268 4509588.42190877 46.20000076
v 585009.29766857 4509593.21721624 6.00000000
v 585012.90911612 4509591.28244578 6.00000000
v 585011.52808248 4509588.72421686 6.00000000
v 585017.98629510 4509585.25668996 6.00000000
v 585013.77742112 4509577.42581691 6.00000000
v 585012.96168349 4509577.86054869 6.00000000
v 585005.76398284 4509581.74148257 6.00000000
v 585006.51649664 4509583.13787985 6.00000000
v 584996.82055063 4509588.35574138 6.00000000
v 584996.06803560 4509586.95934509 6.00000000
v 584988.18217221 4509591.19877685 6.00000000
v 584993.76378561 4509601.57666307 6.00000000
v 585001.64964154 4509597.33723730 6.00000000
v 584999.54935933 4509593.42740385 6.00000000
v 585007.19738908 4509589.30738060 6.00000000
v 585009.29766857 4509593.21721624 54.29999924
v 585012.90911612 4509591.28244578 54.29999924
v 585011.52808248 4509588.72421686 54.29999924
v 585017.98629510 4509585.25668996 54.29999924
v 585013.77742112 4509577.42581691 54.29999924
v 585012.96168349 4509577.86054869 54.29999924
v 585005.76398284 4509581.74148257 54.29999924
v 585006.51649664 4509583.13787985 54.29999924
v 584996.82055063 4509588.35574138 54.29999924
v 584996.06803560 4509586.95934509 54.29999924
v 584988.18217221 4509591.19877685 54.29999924
v 584993.76378561 4509601.57666307 54.29999924
v 585001.64964154 4509597.33723730 54.29999924
v 584999.54935933 4509593.42740385 54.29999924
v 585007.19738908 4509589.30738060 54.29999924
v 585011.86189561 4509575.81624383 6.00000000
v 585012.96168349 4509577.86054869 6.00000000
v 585013.77742112 4509577.42581691 6.00000000
v 585016.07174736 4509576.19758393 6.00000000
v 585008.19139561 4509561.54119883 6.00000000
v 584978.74656453 4509577.39056235 6.00000000
v 584987.55335560 4509591.53573484 6.00000000
v 584988.18217221 4509591.19877685 6.00000000
v 584996.06803560 4509586.95934509 6.00000000
v 584994.96837184 4509584.90394207 6.00000000
v 585011.86189561 4509575.81624383 25.79999924
v 585012.96168349 4509577.86054869 25.79999924
v 585013.77742112 4509577.42581691 25.79999924
v 585016.07174736 4509576.19758393 25.79999924
v 585008.19139561 4509561.54119883 25.79999924
v 584978.74656453 4509577.39056235 25.79999924
v 584987.55335560 4509591.53573484 25.79999924
v 584988.18217221 4509591.19877685 25.79999924
v 584996.06803560 4509586.95934509 25.79999924
v 584994.96837184 4509584.90394207 25.79999924
v 585037.20122910 4509582.89026786 6.00000000
v 585036.23247599 4509583.41205916 6.00000000
v 585047.85876350 4509605.01698752 6.00000000
v 585057.74164462 4509599.70141758 6.00000000
v 585045.11501835 4509576.21983644 6.00000000
v 585044.34600452 4509574.78993934 6.00000000
v 585035.42341015 4509579.58363891 6.00000000
v 585037.20122910 4509582.89026786 25.60000038
v 585036.23247599 4509583.41205916 25.60000038
v 585047.85876350 4509605.01698752 25.60000038
v 585057.74164462 4509599.70141758 25.60000038
v 585045.11501835 4509576.21983644 25.60000038
v 585044.34600452 4509574.78993934 25.60000038
v 585035.42341015 4509579.58363891 25.60000038
v 585057.74164462 4509599.70141758 6.00000000
v 585064.74373888 4509595.94041302 6.00000000
v 585052.11725495 4509572.44771915 6.00000000
v 585045.11501835 4509576.21983644 6.00000000
v 585057.74164462 4509599.70141758 53.29999924
v 585064.74373888 4509595.94041302 53.29999924
v 585052.11725495 4509572.44771915 53.29999924
v 585045.11501835 4509576.21983644 53.29999924
v 585064.74373888 4509595.94041302 6.00000000
v 585070.98114816 4509592.58141972 6.00000000
v 585058.34610597 4509569.09971895 6.00000000
v 585052.11725495 4509572.44771915 6.00000000
v 585064.74373888 4509595.94041302 43.50000000
v 585070.98114816 4509592.58141972 43.50000000
v 585058.34610597 4509569.09971895 43.50000000
v 585052.11725495 4509572.44771915 43.50000000
v 585058.34610597 4509569.09971895 6.00000000
v 585070.98114816 4509592.58141972 6.00000000
v 585076.90408895 4509589.39645720 6.00000000
v 585063.53344297 4509564.51853677 6.00000000
v 585057.60191715 4509567.71451388 6.00000000
v 585058.34610597 4509569.09971895 36.89999962
v 585070.98114816 4509592.58141972 36.89999962
v 585076.90408895 4509589.39645720 36.89999962
v 585063.53344297 4509564.51853677 36.89999962
v 585057.60191715 4509567.71451388 36.89999962
v 585076.90408895 4509589.39645720 6.00000000
v 585088.11259231 4509583.37449947 6.00000000
v 585074.73352749 4509558.49646175 6.00000000
v 585063.53344297 4509564.51853677 6.00000000
v 585076.90408895 4509589.39645720 32.00000000
v 585088.11259231 4509583.37449947 32.00000000
v 585074.73352749 4509558.49646175 32.00000000
v 585063.53344297 4509564.51853677 32.00000000
v 585093.88807146 4509602.60310628 6.00000000
v 585100.87624363 4509615.50630933 6.00000000
v 585106.22153434 4509612.61449752 6.00000000
v 585107.74315115 4509615.42970863 6.00000000
v 585103.49417010 4509617.72348584 6.00000000
v 585107.99299252 4509626.03513478 6.00000000
v 585114.23909666 4509622.65407337 6.00000000
v 585114.92543439 4509623.92759893 6.00000000
v 585122.51439138 4509619.80701530 6.00000000
v 585121.03398232 4509617.08109134 6.00000000
v 585118.47864178 4509612.35554000 6.00000000
v 585114.46770666 4509604.94876073 6.00000000
v 585112.24311631 4509600.83762770 6.00000000
v 585108.82779015 4509594.51459890 6.00000000
v 585101.57043351 4509598.43916458 6.00000000
v 585093.88807146 4509602.60310628 28.60000038
v 585100.87624363 4509615.50630933 28.60000038
v 585106.22153434 4509612.61449752 28.60000038
v 585107.74315115 4509615.42970863 28.60000038
v 585103.49417010 4509617.72348584 28.60000038
v 585107.99299252 4509626.03513478 28.60000038
v 585114.23909666 4509622.65407337 28.60000038
v 585114.92543439 4509623.92759893 28.60000038
v 585122.51439138 4509619.80701530 28.60000038
v 585121.03398232 4509617.08109134 28.60000038
v 585118.47864178 4509612.35554000 28.60000038
v 585114.46770666 4509604.94876073 28.60000038
v 585112.24311631 4509600.83762770 28.60000038
v 585108.82779015 4509594.51459890 28.60000038
v 585101.57043351 4509598.43916458 28.60000038
v 585035.42341015 4509579.58363891 6.00000000
v 585028.05579584 4509583.55141971 6.00000000
v 585030.49514920 4509588.08687096 6.00000000
v 585033.12953567 4509586.66270487 6.00000000
v 585038.48793580 4509596.61618426 6.00000000
v 585035.59869764 4509598.17065100 6.00000000
v 585041.21350745 4509608.59336435 6.00000000
v 585047.85876350 4509605.01698752 6.00000000
v 585036.23247599 4509583.41205916 6.00000000
v 585037.20122910 4509582.89026786 6.00000000
v 585035.42341015 4509579.58363891 25.50000000
v 585028.05579584 4509583.55141971 25.50000000
v 585030.49514920 4509588.08687096 25.50000000
v 585033.12953567 4509586.66270487 25.50000000
v 585038.48793580 4509596.61618426 25.50000000
v 585035.59869764 4509598.17065100 25.50000000
v 585041.21350745 4509608.59336435 25.50000000
v 585047.85876350 4509605.01698752 25.50000000
v 585036.23247599 4509583.41205916 25.50000000
v 585037.20122910 4509582.89026786 25.50000000
v 585024.09056579 4509594.24172268 6.00000000
v 585022.64159916 4509593.92534695 6.00000000
v 585017.98629510 4509585.25668996 6.00000000
v 585011.52808248 4509588.72421686 6.00000000
v 585012.90911612 4509591.28244578 6.00000000
v 585009.29766857 4509593.21721624 6.00000000
v 585010.35612437 4509595.18333182 6.00000000
v 585006.47268282 4509597.27041479 6.00000000
v 585005.41422632 4509595.30429976 6.00000000
v 585001.64964154 4509597.33723730 6.00000000
v 584993.76378561 4509601.57666307 6.00000000
v 585009.50850557 4509625.64901620 6.00000000
v 585035.85135214 4509611.48502895 6.00000000
v 585030.26993209 4509601.09600917 6.00000000
v 585028.34100323 4509602.12858980 6.00000000
v 585024.09056579 4509594.24172268 39.29999924
v 585022.64159916 4509593.92534695 39.29999924
v 585017.98629510 4509585.25668996 39.29999924
v 585011.52808248 4509588.72421686 39.29999924
v 585012.90911612 4509591.28244578 39.29999924
v 585009.29766857 4509593.21721624 39.29999924
v 585010.35612437 4509595.18333182 39.29999924
v 585006.47268282 4509597.27041479 39.29999924
v 585005.41422632 4509595.30429976 39.29999924
v 585001.64964154 4509597.33723730 39.29999924
v 584993.76378561 4509601.57666307 39.29999924
v 585009.50850557 4509625.64901620 39.29999924
v 585035.85135214 4509611.48502895 39.29999924
v 585030.26993209 4509601.09600917 39.29999924
v 585028.34100323 4509602.12858980 39.29999924
v 585033.64558566 4509596.89370538 6.00000000
v 585029.27776284 4509599.24167235 6.00000000
v 585030.26993209 4509601.09600917 6.00000000
v 585035.85135214 4509611.48502895 6.00000000
v 585041.21350745 4509608.59336435 6.00000000
v 585035.59869764 4509598.17065100 6.00000000
v 585034.62137508 4509598.70344632 6.00000000
v 585033.64558566 4509596.89370538 25.39999962
v 585029.27776284 4509599.24167235 25.39999962
v 585030.26993209 4509601.09600917 25.39999962
v 585035.85135214 4509611.48502895 25.39999962
v 585041.21350745 4509608.59336435 25.39999962
v 585035.59869764 4509598.17065100 25.39999962
v 585034.62137508 4509598.70344632 25.39999962
v 585057.01337230 4509621.22013600 6.00000000
v 585060.83421436 4509628.26943310 6.00000000
v 585061.96724780 4509630.35853604 6.00000000
v 585065.92732321 4509628.21685063 6.00000000
v 585069.66645123 4509626.19475560 6.00000000
v 585064.72115365 4509617.04534657 6.00000000
v 585057.01337230 4509621.22013600 16.00000000
v 585060.83421436 4509628.26943310 16.00000000
v 585061.96724780 4509630.35853604 16.00000000
v 585065.92732321 4509628.21685063 16.00000000
v 585069.66645123 4509626.19475560 16.00000000
v 585064.72115365 4509617.04534657 16.00000000
v 585093.30564277 4509618.02841534 6.00000000
v 585095.24925195 4509621.60341403 6.00000000
v 585099.16077766 4509628.84250939 6.00000000
v 585106.06972625 4509625.10267894 6.00000000
v 585100.87624363 4509615.50630933 6.00000000
v 585093.88807146 4509602.60310628 6.00000000
v 585093.32571538 4509601.56415116 6.00000000
v 585086.42519627 4509605.30409051 6.00000000
v 585093.30564277 4509618.02841534 44.59999847
v 585095.24925195 4509621.60341403 44.59999847
v 585099.16077766 4509628.84250939 44.59999847
v 585106.06972625 4509625.10267894 44.59999847
v 585100.87624363 4509615.50630933 44.59999847
v 585093.88807146 4509602.60310628 44.59999847
v 585093.32571538 4509601.56415116 44.59999847
v 585086.42519627 4509605.30409051 44.59999847
v 585090.73074659 4509619.41993650 6.00000000
v 585093.30564277 4509618.02841534 6.00000000
v 585086.42519627 4509605.30409051 6.00000000
v 585077.63822592 4509610.05488724 6.00000000
v 585071.35809739 4509613.45779312 6.00000000
v 585077.79213032 4509625.34431902 6.00000000
v 585086.20263493 4509640.88393997 6.00000000
v 585089.71236869 4509638.98134592 6.00000000
v 585088.24858536 4509636.27782378 6.00000000
v 585099.79747172 4509630.02664642 6.00000000
v 585099.16077766 4509628.84250939 6.00000000
v 585095.24925195 4509621.60341403 6.00000000
v 585092.66591243 4509622.99483758 6.00000000
v 585090.73074659 4509619.41993650 50.29999924
v 585093.30564277 4509618.02841534 50.29999924
v 585086.42519627 4509605.30409051 50.29999924
v 585077.63822592 4509610.05488724 50.29999924
v 585071.35809739 4509613.45779312 50.29999924
v 585077.79213032 4509625.34431902 50.29999924
v 585086.20263493 4509640.88393997 50.29999924
v 585089.71236869 4509638.98134592 50.29999924
v 585088.24858536 4509636.27782378 50.29999924
v 585099.79747172 4509630.02664642 50.29999924
v 585099.16077766 4509628.84250939 50.29999924
v 585095.24925195 4509621.60341403 50.29999924
v 585092.66591243 4509622.99483758 50.29999924
v 585069.66645123 4509626.19475560 6.00000000
v 585072.88346576 4509632.13801724 6.00000000
v 585078.16807380 4509641.89084277 6.00000000
v 585081.88173870 4509639.87956389 6.00000000
v 585083.27937173 4509642.46020185 6.00000000
v 585086.20263493 4509640.88393997 6.00000000
v 585077.79213032 4509625.34431902 6.00000000
v 585071.35809739 4509613.45779312 6.00000000
v 585064.72115365 4509617.04534657 6.00000000
v 585069.66645123 4509626.19475560 52.50000000
v 585072.88346576 4509632.13801724 52.50000000
v 585078.16807380 4509641.89084277 52.50000000
v 585081.88173870 4509639.87956389 52.50000000
v 585083.27937173 4509642.46020185 52.50000000
v 585086.20263493 4509640.88393997 52.50000000
v 585077.79213032 4509625.34431902 52.50000000
v 585071.35809739 4509613.45779312 52.50000000
v 585064.72115365 4509617.04534657 52.50000000
v 585065.92732321 4509628.21685063 6.00000000
v 585061.96724780 4509630.35853604 6.00000000
v 585065.18413911 4509636.31289499 6.00000000
v 585063.79050790 4509637.06295260 6.00000000
v 585065.80336403 4509648.58788000 6.00000000
v 585078.16807380 4509641.89084277 6.00000000
v 585072.88346576 4509632.13801724 6.00000000
v 585069.14421237 4509634.17121132 6.00000000
v 585065.92732321 4509628.21685063 17.69999981
v 585061.96724780 4509630.35853604 17.69999981
v 585065.18413911 4509636.31289499 17.69999981
v 585063.79050790 4509637.06295260 17.69999981
v 585065.80336403 4509648.58788000 17.69999981
v 585078.16807380 4509641.89084277 17.69999981
v 585072.88346576 4509632.13801724 17.69999981
v 585069.14421237 4509634.17121132 17.69999981
v 585109.01334376 4509648.97279925 6.00000000
v 585115.51343534 4509660.98224310 6.00000000
v 585121.96344818 4509657.49250828 6.00000000
v 585114.83499015 4509644.31011791 6.00000000
v 585109.25281355 4509633.99874090 6.00000000
v 585102.80278698 4509637.48848688 6.00000000
v 585109.01334376 4509648.97279925 44.70000076
v 585115.51343534 4509660.98224310 44.70000076
v 585121.96344818 4509657.49250828 44.70000076
v 585114.83499015 4509644.31011791 44.70000076
v 585109.25281355 4509633.99874090 44.70000076
v 585102.80278698 4509637.48848688 44.70000076
v 585114.83499015 4509644.31011791 6.00000000
v 585121.96344818 4509657.49250828 6.00000000
v 585122.61689683 4509658.68794202 6.00000000
v 585129.31332489 4509655.06781698 6.00000000
v 585128.66844857 4509653.86137892 6.00000000
v 585123.16063902 4509643.69517256 6.00000000
v 585118.22348078 4509634.57912544 6.00000000
v 585115.94925658 4509630.37860369 6.00000000
v 585109.25281355 4509633.99874090 6.00000000
v 585114.83499015 4509644.31011791 32.10000038
v 585121.96344818 4509657.49250828 32.10000038
v 585122.61689683 4509658.68794202 32.10000038
v 585129.31332489 4509655.06781698 32.10000038
v 585128.66844857 4509653.86137892 32.10000038
v 585123.16063902 4509643.69517256 32.10000038
v 585118.22348078 4509634.57912544 32.10000038
v 585115.94925658 4509630.37860369 32.10000038
v 585109.25281355 4509633.99874090 32.10000038
v 585089.13793695 4509644.88109898 6.00000000
v 585094.06693377 4509653.97482812 6.00000000
v 585097.57321712 4509660.46542754 6.00000000
v 585101.45170669 4509667.63753303 6.00000000
v 585101.85705852 4509668.37492851 6.00000000
v 585107.25335941 4509665.45039731 6.00000000
v 585115.51343534 4509660.98224310 6.00000000
v 585109.01334376 4509648.97279925 6.00000000
v 585102.80278698 4509637.48848688 6.00000000
v 585094.91665729 4509641.75000695 6.00000000
v 585089.13793695 4509644.88109898 32.50000000
v 585094.06693377 4509653.97482812 32.50000000
v 585097.57321712 4509660.46542754 32.50000000
v 585101.45170669 4509667.63753303 32.50000000
v 585101.85705852 4509668.37492851 32.50000000
v 585107.25335941 4509665.45039731 32.50000000
v 585115.51343534 4509660.98224310 32.50000000
v 585109.01334376 4509648.97279925 32.50000000
v 585102.80278698 4509637.48848688 32.50000000
v 585094.91665729 4509641.75000695 32.50000000
v 585084.04048660 4509647.52041736 6.00000000
v 585081.39753949 4509648.95556909 6.00000000
v 585085.01144426 4509655.63613392 6.00000000
v 585086.84710001 4509654.63580403 6.00000000
v 585088.21171625 4509657.14945123 6.00000000
v 585094.06693377 4509653.97482812 6.00000000
v 585089.13793695 4509644.88109898 6.00000000
v 585088.50955933 4509643.70816046 6.00000000
v 585083.46175411 4509646.43686629 6.00000000
v 585084.04048660 4509647.52041736 14.10000038
v 585081.39753949 4509648.95556909 14.10000038
v 585085.01144426 4509655.63613392 14.10000038
v 585086.84710001 4509654.63580403 14.10000038
v 585088.21171625 4509657.14945123 14.10000038
v 585094.06693377 4509653.97482812 14.10000038
v 585089.13793695 4509644.88109898 14.10000038
v 585088.50955933 4509643.70816046 14.10000038
v 585083.46175411 4509646.43686629 14.10000038
v 585057.57914607 4509648.46020894 6.00000000
v 585064.82285376 4509644.24678923 6.00000000
v 585059.85973195 4509636.65147996 6.00000000
v 585056.06685012 4509630.84594510 6.00000000
v 585060.83421436 4509628.26943310 6.00000000
v 585057.01337230 4509621.22013600 6.00000000
v 585056.74876244 4509620.72860534 6.00000000
v 585043.25383253 4509628.03443369 6.00000000
v 585031.57756677 4509634.35084977 6.00000000
v 585018.96648069 4509641.17836412 6.00000000
v 585024.73806974 4509650.44824013 6.00000000
v 585034.31610759 4509665.81245466 6.00000000
v 585044.67358857 4509682.42906578 6.00000000
v 585054.12504118 4509676.43131256 6.00000000
v 585064.26557814 4509669.99739169 6.00000000
v 585068.39999338 4509667.38031583 6.00000000
v 585062.86117642 4509657.70229495 6.00000000
v 585057.57914607 4509648.46020894 52.29999924
v 585064.82285376 4509644.24678923 52.29999924
v 585059.85973195 4509636.65147996 52.29999924
v 585056.06685012 4509630.84594510 52.29999924
v 585060.83421436 4509628.26943310 52.29999924
v 585057.01337230 4509621.22013600 52.29999924
v 585056.74876244 4509620.72860534 52.29999924
v 585043.25383253 4509628.03443369 52.29999924
v 585031.57756677 4509634.35084977 52.29999924
v 585018.96648069 4509641.17836412 52.29999924
v 585024.73806974 4509650.44824013 52.29999924
v 585034.31610759 4509665.81245466 52.29999924
v 585044.67358857 4509682.42906578 52.29999924
v 585054.12504118 4509676.43131256 52.29999924
v 585064.26557814 4509669.99739169 52.29999924
v 585068.39999338 4509667.38031583 52.29999924
v 585062.86117642 4509657.70229495 52.29999924
v 584956.83156290 4509653.97736455 6.00000000
v 584963.51933879 4509650.36809490 6.00000000
v 584960.49277252 4509644.74902760 6.00000000
v 584957.10241859 4509638.44856165 6.00000000
v 584956.50690596 4509637.35372657 6.00000000
v 584949.81067801 4509640.96290584 6.00000000
v 584956.83156290 4509653.97736455 20.30000019
v 584963.51933879 4509650.36809490 20.30000019
v 584960.49277252 4509644.74902760 20.30000019
v 584957.10241859 4509638.44856165 20.30000019
v 584956.50690596 4509637.35372657 20.30000019
v 584949.81067801 4509640.96290584 20.30000019
v 584943.36981625 4509644.39738261 6.00000000
v 584943.02988797 4509644.58222424 6.00000000
v 584950.05897065 4509657.61897461 6.00000000
v 584956.83156290 4509653.97736455 6.00000000
v 584949.81067801 4509640.96290584 6.00000000
v 584946.96592583 4509635.69009452 6.00000000
v 584940.54169491 4509639.14696867 6.00000000
v 584943.36981625 4509644.39738261 20.30000019
v 584943.02988797 4509644.58222424 20.30000019
v 584950.05897065 4509657.61897461 20.30000019
v 584956.83156290 4509653.97736455 20.30000019
v 584949.81067801 4509640.96290584 20.30000019
v 584946.96592583 4509635.69009452 20.30000019
v 584940.54169491 4509639.14696867 20.30000019
v 584957.10241859 4509638.44856165 6.00000000
v 584960.49277252 4509644.74902760 6.00000000
v 584984.60946650 4509631.74728032 6.00000000
v 584981.02363794 4509625.55558385 6.00000000
v 584958.03712775 4509637.94857447 6.00000000
v 584957.10241859 4509638.44856165 24.20000076
v 584960.49277252 4509644.74902760 24.20000076
v 584984.60946650 4509631.74728032 24.20000076
v 584981.02363794 4509625.55558385 24.20000076
v 584958.03712775 4509637.94857447 24.20000076
v 584963.74275066 4509650.77033276 6.00000000
v 584987.85930419 4509637.77969683 6.00000000
v 584984.60946650 4509631.74728032 6.00000000
v 584960.49277252 4509644.74902760 6.00000000
v 584963.51933879 4509650.36809490 6.00000000
v 584963.74275066 4509650.77033276 22.60000038
v 584987.85930419 4509637.77969683 22.60000038
v 584984.60946650 4509631.74728032 22.60000038
v 584960.49277252 4509644.74902760 22.60000038
v 584963.51933879 4509650.36809490 22.60000038
v 584959.71990570 4509606.07138523 6.00000000
v 584942.18043412 4509615.52927102 6.00000000
v 584945.52116427 4509621.74034351 6.00000000
v 584943.56666615 4509622.79485708 6.00000000
v 584945.99773963 4509627.31908276 6.00000000
v 584947.96068111 4509626.26466660 6.00000000
v 584951.75641724 4509633.30251502 6.00000000
v 584954.67965463 4509631.72620169 6.00000000
v 584977.66617782 4509619.33320057 6.00000000
v 584966.81559140 4509602.24474934 6.00000000
v 584959.71990570 4509606.07138523 22.60000038
v 584942.18043412 4509615.52927102 22.60000038
v 584945.52116427 4509621.74034351 22.60000038
v 584943.56666615 4509622.79485708 22.60000038
v 584945.99773963 4509627.31908276 22.60000038
v 584947.96068111 4509626.26466660 22.60000038
v 584951.75641724 4509633.30251502 22.60000038
v 584954.67965463 4509631.72620169 22.60000038
v 584977.66617782 4509619.33320057 22.60000038
v 584966.81559140 4509602.24474934 22.60000038
v 584958.03712775 4509637.94857447 6.00000000
v 584981.02363794 4509625.55558385 6.00000000
v 584977.66617782 4509619.33320057 6.00000000
v 584954.67965463 4509631.72620169 6.00000000
v 584958.03712775 4509637.94857447 23.89999962
v 584981.02363794 4509625.55558385 23.89999962
v 584977.66617782 4509619.33320057 23.89999962
v 584954.67965463 4509631.72620169 23.89999962
v 584912.37538736 4509623.78089394 6.00000000
v 584912.73159034 4509622.17516248 6.00000000
v 584916.57289768 4509620.07644664 6.00000000
v 584918.21468052 4509620.51713391 6.00000000
v 584919.67046555 4509623.18722262 6.00000000
v 584921.22566775 4509622.33906972 6.00000000
v 584922.92943575 4509625.47828995 6.00000000
v 584919.20711056 4509627.51175251 6.00000000
v 584921.32456681 4509631.39955498 6.00000000
v 584923.39237311 4509635.19797221 6.00000000
v 584943.09991908 4509624.46593352 6.00000000
v 584939.07999265 4509617.09245690 6.00000000
v 584932.93567942 4509620.44152350 6.00000000
v 584932.15001518 4509618.98924335 6.00000000
v 584931.40209483 4509619.40255652 6.00000000
v 584928.36653819 4509613.82780920 6.00000000
v 584935.23318910 4509610.08733707 6.00000000
v 584931.08938143 4509602.46819885 6.00000000
v 584905.06759252 4509616.63623047 6.00000000
v 584910.12133300 4509625.91999555 6.00000000
v 584911.56892989 4509628.56778456 6.00000000
v 584914.20340544 4509627.13247601 6.00000000
v 584912.37538736 4509623.78089394 27.00000000
v 584912.73159034 4509622.17516248 27.00000000
v 584916.57289768 4509620.07644664 27.00000000
v 584918.21468052 4509620.51713391 27.00000000
v 584919.67046555 4509623.18722262 27.00000000
v 584921.22566775 4509622.33906972 27.00000000
v 584922.92943575 4509625.47828995 27.00000000
v 584919.20711056 4509627.51175251 27.00000000
v 584921.32456681 4509631.39955498 27.00000000
v 584923.39237311 4509635.19797221 27.00000000
v 584943.09991908 4509624.46593352 27.00000000
v 584939.07999265 4509617.09245690 27.00000000
v 584932.93567942 4509620.44152350 27.00000000
v 584932.15001518 4509618.98924335 27.00000000
v 584931.40209483 4509619.40255652 27.00000000
v 584928.36653819 4509613.82780920 27.00000000
v 584935.23318910 4509610.08733707 27.00000000
v 584931.08938143 4509602.46819885 27.00000000
v 584905.06759252 4509616.63623047 27.00000000
v 584910.12133300 4509625.91999555 27.00000000
v 584911.56892989 4509628.56778456 27.00000000
v 584914.20340544 4509627.13247601 27.00000000
v 584903.16131538 4509629.70382959 6.00000000
v 584910.12133300 4509625.91999555 6.00000000
v 584905.06759252 4509616.63623047 6.00000000
v 584898.10744195 4509620.43116998 6.00000000
v 584903.16131538 4509629.70382959 17.10000038
v 584910.12133300 4509625.91999555 17.10000038
v 584905.06759252 4509616.63623047 17.10000038
v 584898.10744195 4509620.43116998 17.10000038
v 584887.93277339 4509648.29206715 6.00000000
v 584894.45087340 4509644.74740602 6.00000000
v 584885.07107564 4509627.53159261 6.00000000
v 584878.56140969 4509631.07635874 6.00000000
v 584887.93277339 4509648.29206715 24.29999924
v 584894.45087340 4509644.74740602 24.29999924
v 584885.07107564 4509627.53159261 24.29999924
v 584878.56140969 4509631.07635874 24.29999924
v 584894.45087340 4509644.74740602 6.00000000
v 584896.10803355 4509643.84490485 6.00000000
v 584899.24302377 4509649.58730985 6.00000000
v 584904.51195629 4509646.71668511 6.00000000
v 584891.99718177 4509623.75845563 6.00000000
v 584885.07107564 4509627.53159261 6.00000000
v 584894.45087340 4509644.74740602 24.00000000
v 584896.10803355 4509643.84490485 24.00000000
v 584899.24302377 4509649.58730985 24.00000000
v 584904.51195629 4509646.71668511 24.00000000
v 584891.99718177 4509623.75845563 24.00000000
v 584885.07107564 4509627.53159261 24.00000000
v 584907.90062291 4509636.20845567 6.00000000
v 584906.97432904 4509634.49921819 6.00000000
v 584906.04806724 4509634.99930847 6.00000000
v 584903.16131538 4509629.70382959 6.00000000
v 584898.10744195 4509620.43116998 6.00000000
v 584891.99718177 4509623.75845563 6.00000000
v 584904.51195629 4509646.71668511 6.00000000
v 584923.91354643 4509636.14762498 6.00000000
v 584923.39237311 4509635.19797221 6.00000000
v 584921.32456681 4509631.39955498 6.00000000
v 584913.56898683 4509633.12036891 6.00000000
v 584907.90062291 4509636.20845567 25.10000038
v 584906.97432904 4509634.49921819 25.10000038
v 584906.04806724 4509634.99930847 25.10000038
v 584903.16131538 4509629.70382959 25.10000038
v 584898.10744195 4509620.43116998 25.10000038
v 584891.99718177 4509623.75845563 25.10000038
v 584904.51195629 4509646.71668511 25.10000038
v 584923.91354643 4509636.14762498 25.10000038
v 584923.39237311 4509635.19797221 25.10000038
v 584921.32456681 4509631.39955498 25.10000038
v 584913.56898683 4509633.12036891 25.10000038
v 584936.36257714 4509636.82314671 6.00000000
v 584931.66332563 4509639.35610919 6.00000000
v 584935.30181051 4509646.11459385 6.00000000
v 584943.43069854 4509661.19563144 6.00000000
v 584950.05897065 4509657.61897461 6.00000000
v 584943.02988797 4509644.58222424 6.00000000
v 584941.10098295 4509645.61482728 6.00000000
v 584936.36257714 4509636.82314671 19.69999981
v 584931.66332563 4509639.35610919 19.69999981
v 584935.30181051 4509646.11459385 19.69999981
v 584943.43069854 4509661.19563144 19.69999981
v 584950.05897065 4509657.61897461 19.69999981
v 584943.02988797 4509644.58222424 19.69999981
v 584941.10098295 4509645.61482728 19.69999981
v 584881.28712790 4509651.91298854 6.00000000
v 584887.93277339 4509648.29206715 6.00000000
v 584878.56140969 4509631.07635874 6.00000000
v 584871.90730974 4509634.69719192 6.00000000
v 584881.28712790 4509651.91298854 24.79999924
v 584887.93277339 4509648.29206715 24.79999924
v 584878.56140969 4509631.07635874 24.79999924
v 584871.90730974 4509634.69719192 24.79999924
v 584909.86740957 4509679.79580919 6.00000000
v 584915.41637978 4509676.80627634 6.00000000
v 584907.80018317 4509662.67482467 6.00000000
v 584902.25120582 4509665.66436327 6.00000000
v 584909.86740957 4509679.79580919 22.39999962
v 584915.41637978 4509676.80627634 22.39999962
v 584907.80018317 4509662.67482467 22.39999962
v 584902.25120582 4509665.66436327 22.39999962
v 584923.06418671 4509655.00044463 6.00000000
v 584922.85181164 4509655.10903329 6.00000000
v 584930.23638549 4509668.81596561 6.00000000
v 584936.99206925 4509665.17414418 6.00000000
v 584928.65664751 4509649.69107038 6.00000000
v 584922.10488520 4509653.22421405 6.00000000
v 584923.06418671 4509655.00044463 22.60000038
v 584922.85181164 4509655.10903329 22.60000038
v 584930.23638549 4509668.81596561 22.60000038
v 584936.99206925 4509665.17414418 22.60000038
v 584928.65664751 4509649.69107038 22.60000038
v 584922.10488520 4509653.22421405 22.60000038
v 584910.89058045 4509651.66358361 6.00000000
v 584913.34632220 4509650.34835139 6.00000000
v 584911.36987525 4509646.68420907 6.00000000
v 584906.04170379 4509649.56525270 6.00000000
v 584908.19191954 4509653.54224392 6.00000000
v 584904.07057666 4509655.75988012 6.00000000
v 584907.80018317 4509662.67482467 6.00000000
v 584915.41637978 4509676.80627634 6.00000000
v 584930.23638549 4509668.81596561 6.00000000
v 584922.85181164 4509655.10903329 6.00000000
v 584915.01698226 4509659.32692055 6.00000000
v 584910.89058045 4509651.66358361 27.39999962
v 584913.34632220 4509650.34835139 27.39999962
v 584911.36987525 4509646.68420907 27.39999962
v 584906.04170379 4509649.56525270 27.39999962
v 584908.19191954 4509653.54224392 27.39999962
v 584904.07057666 4509655.75988012 27.39999962
v 584907.80018317 4509662.67482467 27.39999962
v 584915.41637978 4509676.80627634 27.39999962
v 584930.23638549 4509668.81596561 27.39999962
v 584922.85181164 4509655.10903329 27.39999962
v 584915.01698226 4509659.32692055 27.39999962
v 584936.99206925 4509665.17414418 6.00000000
v 584943.63735007 4509661.58657449 6.00000000
v 584943.43069854 4509661.19563144 6.00000000
v 584935.30181051 4509646.11459385 6.00000000
v 584928.65664751 4509649.69107038 6.00000000
v 584936.99206925 4509665.17414418 19.60000038
v 584943.63735007 4509661.58657449 19.60000038
v 584943.43069854 4509661.19563144 19.60000038
v 584935.30181051 4509646.11459385 19.60000038
v 584928.65664751 4509649.69107038 19.60000038
v 584975.16483186 4509666.62189236 6.00000000
v 584978.44741925 4509672.74349789 6.00000000
v 585002.64853862 4509658.26619190 6.00000000
v 584998.96947116 4509652.10672311 6.00000000
v 584974.72670893 4509665.79531131 6.00000000
v 584975.16483186 4509666.62189236 22.79999924
v 584978.44741925 4509672.74349789 22.79999924
v 585002.64853862 4509658.26619190 22.79999924
v 584998.96947116 4509652.10672311 22.79999924
v 584974.72670893 4509665.79531131 22.79999924
v 584978.44741925 4509672.74349789 6.00000000
v 584981.73819068 4509678.88740319 6.00000000
v 584982.43298937 4509680.16101313 6.00000000
v 584984.28678542 4509679.04984479 6.00000000
v 585006.97414950 4509665.48778081 6.00000000
v 585002.64853862 4509658.26619190 6.00000000
v 584978.44741925 4509672.74349789 15.00000000
v 584981.73819068 4509678.88740319 15.00000000
v 584982.43298937 4509680.16101313 15.00000000
v 584984.28678542 4509679.04984479 15.00000000
v 585006.97414950 4509665.48778081 15.00000000
v 585002.64853862 4509658.26619190 15.00000000
v 585006.97414950 4509665.48778081 6.00000000
v 584984.28678542 4509679.04984479 6.00000000
v 584987.89150808 4509685.06412632 6.00000000
v 585010.68095429 4509671.43663124 6.00000000
v 585011.86296130 4509670.72854576 6.00000000
v 585008.25825035 4509664.71425252 6.00000000
v 585006.97414950 4509665.48778081 32.60000038
v 584984.28678542 4509679.04984479 32.60000038
v 584987.89150808 4509685.06412632 32.60000038
v 585010.68095429 4509671.43663124 32.60000038
v 585011.86296130 4509670.72854576 32.60000038
v 585008.25825035 4509664.71425252 32.60000038
v 584975.45892887 4509682.22378493 6.00000000
v 584981.73819068 4509678.88740319 6.00000000
v 584978.44741925 4509672.74349789 6.00000000
v 584975.16483186 4509666.62189236 6.00000000
v 584968.88556298 4509669.95827972 6.00000000
v 584975.45892887 4509682.22378493 22.60000038
v 584981.73819068 4509678.88740319 22.60000038
v 584978.44741925 4509672.74349789 22.60000038
v 584975.16483186 4509666.62189236 22.60000038
v 584968.88556298 4509669.95827972 22.60000038
v 584963.93653148 4509693.54913775 6.00000000
v 584964.61457075 4509694.81145177 6.00000000
v 584971.57367081 4509691.10538034 6.00000000
v 584970.96191278 4509689.95484688 6.00000000
v 584962.15583550 4509673.54485915 6.00000000
v 584955.18828014 4509677.25084273 6.00000000
v 584963.93653148 4509693.54913775 22.60000038
v 584964.61457075 4509694.81145177 22.60000038
v 584971.57367081 4509691.10538034 22.60000038
v 584970.96191278 4509689.95484688 22.60000038
v 584962.15583550 4509673.54485915 22.60000038
v 584955.18828014 4509677.25084273 22.60000038
v 584970.96191278 4509689.95484688 6.00000000
v 584977.69150291 4509686.37937621 6.00000000
v 584975.45892887 4509682.22378493 6.00000000
v 584968.88556298 4509669.95827972 6.00000000
v 584962.15583550 4509673.54485915 6.00000000
v 584970.96191278 4509689.95484688 22.70000076
v 584977.69150291 4509686.37937621 22.70000076
v 584975.45892887 4509682.22378493 22.70000076
v 584968.88556298 4509669.95827972 22.70000076
v 584962.15583550 4509673.54485915 22.70000076
v 585012.12549332 4509672.87427164 6.00000000
v 585011.70023227 4509673.13584667 6.00000000
v 585010.68095429 4509671.43663124 6.00000000
v 584987.89150808 4509685.06412632 6.00000000
v 584985.90158922 4509686.26255045 6.00000000
v 584989.80456749 4509692.77984911 6.00000000
v 585014.71147225 4509677.87769069 6.00000000
v 585013.44358221 4509675.76484419 6.00000000
v 585013.74960716 4509675.59071913 6.00000000
v 585012.12549332 4509672.87427164 23.29999924
v 585011.70023227 4509673.13584667 23.29999924
v 585010.68095429 4509671.43663124 23.29999924
v 584987.89150808 4509685.06412632 23.29999924
v 584985.90158922 4509686.26255045 23.29999924
v 584989.80456749 4509692.77984911 23.29999924
v 585014.71147225 4509677.87769069 23.29999924
v 585013.44358221 4509675.76484419 23.29999924
v 585013.74960716 4509675.59071913 23.29999924
v 584957.45693838 4509698.89272746 6.00000000
v 584957.95302478 4509699.81989116 6.00000000
v 584965.22645654 4509695.95088401 6.00000000
v 584964.61457075 4509694.81145177 6.00000000
v 584963.93653148 4509693.54913775 6.00000000
v 584955.18828014 4509677.25084273 6.00000000
v 584947.91483591 4509681.11985982 6.00000000
v 584957.45693838 4509698.89272746 23.10000038
v 584957.95302478 4509699.81989116 23.10000038
v 584965.22645654 4509695.95088401 23.10000038
v 584964.61457075 4509694.81145177 23.10000038
v 584963.93653148 4509693.54913775 23.10000038
v 584955.18828014 4509677.25084273 23.10000038
v 584947.91483591 4509681.11985982 23.10000038
v 584950.32795357 4509702.68568226 6.00000000
v 584957.45693838 4509698.89272746 6.00000000
v 584947.91483591 4509681.11985982 6.00000000
v 584940.79428360 4509684.91292063 6.00000000
v 584950.32795357 4509702.68568226 22.79999924
v 584957.45693838 4509698.89272746 22.79999924
v 584947.91483591 4509681.11985982 22.79999924
v 584940.79428360 4509684.91292063 22.79999924
v 584904.04657975 4509682.92656043 6.00000000
v 584909.86740957 4509679.79580919 6.00000000
v 584902.25120582 4509665.66436327 6.00000000
v 584896.43036852 4509668.79512054 6.00000000
v 584904.04657975 4509682.92656043 22.39999962
v 584909.86740957 4509679.79580919 22.39999962
v 584902.25120582 4509665.66436327 22.39999962
v 584896.43036852 4509668.79512054 22.39999962
v 584901.35561303 4509684.87192397 6.00000000
v 584894.85494792 4509672.88487382 6.00000000
v 584885.16738920 4509678.12517716 6.00000000
v 584883.70354068 4509675.42169626 6.00000000
v 584880.78865301 4509677.00923456 6.00000000
v 584858.65158611 4509689.00147201 6.00000000
v 584866.61601645 4509703.70306803 6.00000000
v 584901.35561303 4509684.87192397 55.20000076
v 584894.85494792 4509672.88487382 55.20000076
v 584885.16738920 4509678.12517716 55.20000076
v 584883.70354068 4509675.42169626 55.20000076
v 584880.78865301 4509677.00923456 55.20000076
v 584858.65158611 4509689.00147201 55.20000076
v 584866.61601645 4509703.70306803 55.20000076
v 584929.18567345 4509691.97411290 6.00000000
v 584928.54829675 4509692.32207973 6.00000000
v 584930.80533548 4509696.55565166 6.00000000
v 584931.94658358 4509698.66703266 6.00000000
v 584936.72217676 4509696.10163936 6.00000000
v 584940.55077110 4509703.21757502 6.00000000
v 584941.51021683 4509703.50612201 6.00000000
v 584942.39399796 4509703.02775382 6.00000000
v 584943.36147747 4509704.82628548 6.00000000
v 584937.06485842 4509708.20690852 6.00000000
v 584938.33022022 4509710.54175567 6.00000000
v 584941.18250142 4509715.89236623 6.00000000
v 584953.76818290 4509709.05333085 6.00000000
v 584950.32795357 4509702.68568226 6.00000000
v 584940.79428360 4509684.91292063 6.00000000
v 584940.09027110 4509683.70582209 6.00000000
v 584928.14384510 4509690.03040358 6.00000000
v 584929.18567345 4509691.97411290 29.10000038
v 584928.54829675 4509692.32207973 29.10000038
v 584930.80533548 4509696.55565166 29.10000038
v 584931.94658358 4509698.66703266 29.10000038
v 584936.72217676 4509696.10163936 29.10000038
v 584940.55077110 4509703.21757502 29.10000038
v 584941.51021683 4509703.50612201 29.10000038
v 584942.39399796 4509703.02775382 29.10000038
v 584943.36147747 4509704.82628548 29.10000038
v 584937.06485842 4509708.20690852 29.10000038
v 584938.33022022 4509710.54175567 29.10000038
v 584941.18250142 4509715.89236623 29.10000038
v 584953.76818290 4509709.05333085 29.10000038
v 584950.32795357 4509702.68568226 29.10000038
v 584940.79428360 4509684.91292063 29.10000038
v 584940.09027110 4509683.70582209 29.10000038
v 584928.14384510 4509690.03040358 29.10000038
v 584934.05963370 4509705.88543429 6.00000000
v 584935.12163003 4509705.33139202 6.00000000
v 584933.36900276 4509702.03617809 6.00000000
v 584932.26440416 4509702.62303898 6.00000000
v 584929.42030090 4509697.29473026 6.00000000
v 584930.80533548 4509696.55565166 6.00000000
v 584928.54829675 4509692.32207973 6.00000000
v 584929.18567345 4509691.97411290 6.00000000
v 584928.14384510 4509690.03040358 6.00000000
v 584914.65107892 4509697.16995252 6.00000000
v 584914.86604781 4509697.57209220 6.00000000
v 584913.96537973 4509698.05027020 6.00000000
v 584914.20517229 4509698.49710279 6.00000000
v 584914.88309226 4509699.77051284 6.00000000
v 584915.83480619 4509699.25961321 6.00000000
v 584918.38947894 4509704.05169796 6.00000000
v 584921.01497690 4509702.66069809 6.00000000
v 584926.21541434 4509712.40134610 6.00000000
v 584923.41144875 4509713.89021898 6.00000000
v 584928.15711644 4509722.78189580 6.00000000
v 584941.18250142 4509715.89236623 6.00000000
v 584938.33022022 4509710.54175567 6.00000000
v 584936.93674333 4509711.28073611 6.00000000
v 584934.05963370 4509705.88543429 36.10000038
v 584935.12163003 4509705.33139202 36.10000038
v 584933.36900276 4509702.03617809 36.10000038
v 584932.26440416 4509702.62303898 36.10000038
v 584929.42030090 4509697.29473026 36.10000038
v 584930.80533548 4509696.55565166 36.10000038
v 584928.54829675 4509692.32207973 36.10000038
v 584929.18567345 4509691.97411290 36.10000038
v 584928.14384510 4509690.03040358 36.10000038
v 584914.65107892 4509697.16995252 36.10000038
v 584914.86604781 4509697.57209220 36.10000038
v 584913.96537973 4509698.05027020 36.10000038
v 584914.20517229 4509698.49710279 36.10000038
v 584914.88309226 4509699.77051284 36.10000038
v 584915.83480619 4509699.25961321 36.10000038
v 584918.38947894 4509704.05169796 36.10000038
v 584921.01497690 4509702.66069809 36.10000038
v 584926.21541434 4509712.40134610 36.10000038
v 584923.41144875 4509713.89021898 36.10000038
v 584928.15711644 4509722.78189580 36.10000038
v 584941.18250142 4509715.89236623 36.10000038
v 584938.33022022 4509710.54175567 36.10000038
v 584936.93674333 4509711.28073611 36.10000038
v 584882.40891233 4509733.17134538 6.00000000
v 584890.13247487 4509729.07427526 6.00000000
v 584892.27359662 4509727.94417045 6.00000000
v 584889.97496173 4509723.65462331 6.00000000
v 584899.87356741 4509718.41674437 6.00000000
v 584901.78359118 4509721.98020435 6.00000000
v 584905.79907601 4509723.10310196 6.00000000
v 584910.23433884 4509720.75583726 6.00000000
v 584915.83157179 4509731.24486708 6.00000000
v 584919.87599068 4509729.10407204 6.00000000
v 584911.88954008 4509714.12460872 6.00000000
v 584905.89536294 4509702.89829460 6.00000000
v 584874.98451448 4509719.25306317 6.00000000
v 584882.40891233 4509733.17134538 47.20000076
v 584890.13247487 4509729.07427526 47.20000076
v 584892.27359662 4509727.94417045 47.20000076
v 584889.97496173 4509723.65462331 47.20000076
v 584899.87356741 4509718.41674437 47.20000076
v 584901.78359118 4509721.98020435 47.20000076
v 584905.79907601 4509723.10310196 47.20000076
v 584910.23433884 4509720.75583726 47.20000076
v 584915.83157179 4509731.24486708 47.20000076
v 584919.87599068 4509729.10407204 47.20000076
v 584911.88954008 4509714.12460872 47.20000076
v 584905.89536294 4509702.89829460 47.20000076
v 584874.98451448 4509719.25306317 47.20000076
v 584921.73360442 4509726.18328195 6.00000000
v 584928.15711644 4509722.78189580 6.00000000
v 584923.41144875 4509713.89021898 6.00000000
v 584916.98793147 4509717.29160928 6.00000000
v 584921.73360442 4509726.18328195 11.90000010
v 584928.15711644 4509722.78189580 11.90000010
v 584923.41144875 4509713.89021898 11.90000010
v 584916.98793147 4509717.29160928 11.90000010
v 584964.97126421 4509742.53258449 6.00000000
v 584981.55812143 4509733.64114950 6.00000000
v 584968.05716853 4509708.34002154 6.00000000
v 584951.42062615 4509717.14210088 6.00000000
v 584964.97126421 4509742.53258449 51.90000153
v 584981.55812143 4509733.64114950 51.90000153
v 584968.05716853 4509708.34002154 51.90000153
v 584951.42062615 4509717.14210088 51.90000153
v 584983.73371530 4509700.03767242 6.00000000
v 584997.19330233 4509725.26064026 6.00000000
v 585003.92312893 4509721.66299212 6.00000000
v 584989.34753044 4509694.34001280 6.00000000
v 584982.60105331 4509697.91527931 6.00000000
v 584983.73371530 4509700.03767242 16.19999981
v 584997.19330233 4509725.26064026 16.19999981
v 585003.92312893 4509721.66299212 16.19999981
v 584989.34753044 4509694.34001280 16.19999981
v 584982.60105331 4509697.91527931 16.19999981
v 584981.55812143 4509733.64114950 6.00000000
v 584997.19330233 4509725.26064026 6.00000000
v 584983.73371530 4509700.03767242 6.00000000
v 584968.05716853 4509708.34002154 6.00000000
v 584981.55812143 4509733.64114950 50.90000153
v 584997.19330233 4509725.26064026 50.90000153
v 584983.73371530 4509700.03767242 50.90000153
v 584968.05716853 4509708.34002154 50.90000153
v 585002.65775784 4509695.02552181 6.00000000
v 585009.57516636 4509691.27459889 6.00000000
v 585019.95954559 4509685.66497431 6.00000000
v 585020.85190553 4509685.17561153 6.00000000
v 585015.98700043 4509677.11516760 6.00000000
v 585014.71147225 4509677.87769069 6.00000000
v 584989.80456749 4509692.77984911 6.00000000
v 584988.83506838 4509693.36825058 6.00000000
v 584989.34753044 4509694.34001280 6.00000000
v 585003.92312893 4509721.66299212 6.00000000
v 585016.08296617 4509715.14114066 6.00000000
v 585011.08110435 4509705.76907454 6.00000000
v 585007.63362340 4509699.30139559 6.00000000
v 585005.52650600 4509700.40965335 6.00000000
v 585002.65775784 4509695.02552181 46.90000153
v 585009.57516636 4509691.27459889 46.90000153
v 585019.95954559 4509685.66497431 46.90000153
v 585020.85190553 4509685.17561153 46.90000153
v 585015.98700043 4509677.11516760 46.90000153
v 585014.71147225 4509677.87769069 46.90000153
v 584989.80456749 4509692.77984911 46.90000153
v 584988.83506838 4509693.36825058 46.90000153
v 584989.34753044 4509694.34001280 46.90000153
v 585003.92312893 4509721.66299212 46.90000153
v 585016.08296617 4509715.14114066 46.90000153
v 585011.08110435 4509705.76907454 46.90000153
v 585007.63362340 4509699.30139559 46.90000153
v 585005.52650600 4509700.40965335 46.90000153
v 585025.86345951 4509709.90207274 6.00000000
v 585033.66401712 4509705.72831748 6.00000000
v 585026.80824849 4509695.26916899 6.00000000
v 585026.43416198 4509695.48692149 6.00000000
v 585019.49642286 4509699.53735381 6.00000000
v 585020.30993955 4509700.76792046 6.00000000
v 585025.86345951 4509709.90207274 21.10000038
v 585033.66401712 4509705.72831748 21.10000038
v 585026.80824849 4509695.26916899 21.10000038
v 585026.43416198 4509695.48692149 21.10000038
v 585019.49642286 4509699.53735381 21.10000038
v 585020.30993955 4509700.76792046 21.10000038
v 585016.08296617 4509715.14114066 6.00000000
v 585025.86345951 4509709.90207274 6.00000000
v 585020.30993955 4509700.76792046 6.00000000
v 585011.08110435 4509705.76907454 6.00000000
v 585016.08296617 4509715.14114066 19.80000019
v 585025.86345951 4509709.90207274 19.80000019
v 585020.30993955 4509700.76792046 19.80000019
v 585011.08110435 4509705.76907454 19.80000019
v 585099.62936571 4509738.10420257 6.00000000
v 585101.18001191 4509738.38845503 6.00000000
v 585103.44101641 4509742.26685933 6.00000000
v 585110.91854617 4509738.27821319 6.00000000
v 585112.44803322 4509737.46311153 6.00000000
v 585106.51200956 4509726.34831541 6.00000000
v 585101.72522676 4509717.37833152 6.00000000
v 585099.48184765 4509718.58491803 6.00000000
v 585093.38090782 4509721.83443043 6.00000000
v 585095.62133833 4509726.03455838 6.00000000
v 585088.50062146 4509729.83857878 6.00000000
v 585086.34271768 4509725.80593259 6.00000000
v 585084.91519705 4509726.56669913 6.00000000
v 585076.40944266 4509731.10978104 6.00000000
v 585079.81073510 4509736.44454431 6.00000000
v 585088.58781941 4509750.20093422 6.00000000
v 585096.91508856 4509745.75573709 6.00000000
v 585094.92738347 4509742.34676254 6.00000000
v 585095.65898214 4509740.41228306 6.00000000
v 585099.62936571 4509738.10420257 24.50000000
v 585101.18001191 4509738.38845503 24.50000000
v 585103.44101641 4509742.26685933 24.50000000
v 585110.91854617 4509738.27821319 24.50000000
v 585112.44803322 4509737.46311153 24.50000000
v 585106.51200956 4509726.34831541 24.50000000
v 585101.72522676 4509717.37833152 24.50000000
v 585099.48184765 4509718.58491803 24.50000000
v 585093.38090782 4509721.83443043 24.50000000
v 585095.62133833 4509726.03455838 24.50000000
v 585088.50062146 4509729.83857878 24.50000000
v 585086.34271768 4509725.80593259 24.50000000
v 585084.91519705 4509726.56669913 24.50000000
v 585076.40944266 4509731.10978104 24.50000000
v 585079.81073510 4509736.44454431 24.50000000
v 585088.58781941 4509750.20093422 24.50000000
v 585096.91508856 4509745.75573709 24.50000000
v 585094.92738347 4509742.34676254 24.50000000
v 585095.65898214 4509740.41228306 24.50000000
v 585114.44919477 4509712.48402981 6.00000000
v 585107.56247286 4509699.58197355 6.00000000
v 585101.75052240 4509688.69065045 6.00000000
v 585094.27294885 4509692.67930624 6.00000000
v 585094.74419622 4509693.56178578 6.00000000
v 585100.06840089 4509703.53712747 6.00000000
v 585106.18614522 4509715.00927248 6.00000000
v 585106.81451361 4509716.18221276 6.00000000
v 585106.39820533 4509716.39947655 6.00000000
v 585113.44203587 4509729.59199232 6.00000000
v 585118.41880321 4509738.93053714 6.00000000
v 585123.80909171 4509749.02878084 6.00000000
v 585134.59200968 4509743.27956437 6.00000000
v 585127.30857883 4509729.62908702 6.00000000
v 585121.86044605 4509719.41915558 6.00000000
v 585118.97136384 4509720.96248896 6.00000000
v 585114.44919477 4509712.48402981 42.20000076
v 585107.56247286 4509699.58197355 42.20000076
v 585101.75052240 4509688.69065045 42.20000076
v 585094.27294885 4509692.67930624 42.20000076
v 585094.74419622 4509693.56178578 42.20000076
v 585100.06840089 4509703.53712747 42.20000076
v 585106.18614522 4509715.00927248 42.20000076
v 585106.81451361 4509716.18221276 42.20000076
v 585106.39820533 4509716.39947655 42.20000076
v 585113.44203587 4509729.59199232 42.20000076
v 585118.41880321 4509738.93053714 42.20000076
v 585123.80909171 4509749.02878084 42.20000076
v 585134.59200968 4509743.27956437 42.20000076
v 585127.30857883 4509729.62908702 42.20000076
v 585121.86044605 4509719.41915558 42.20000076
v 585118.97136384 4509720.96248896 42.20000076
v 585086.24376181 4509721.91904225 6.00000000
v 585093.27096305 4509718.16945692 6.00000000
v 585090.31937327 4509712.65111266 6.00000000
v 585092.28218677 4509711.60783529 6.00000000
v 585088.11543256 4509703.79960221 6.00000000
v 585085.33771881 4509698.58301422 6.00000000
v 585076.50057506 4509703.29992769 6.00000000
v 585063.21084979 4509710.39713122 6.00000000
v 585066.72002387 4509715.89965800 6.00000000
v 585076.40944266 4509731.10978104 6.00000000
v 585084.91519705 4509726.56669913 6.00000000
v 585081.50813478 4509720.99872214 6.00000000
v 585084.80507217 4509719.23801235 6.00000000
v 585086.24376181 4509721.91904225 44.20000076
v 585093.27096305 4509718.16945692 44.20000076
v 585090.31937327 4509712.65111266 44.20000076
v 585092.28218677 4509711.60783529 44.20000076
v 585088.11543256 4509703.79960221 44.20000076
v 585085.33771881 4509698.58301422 44.20000076
v 585076.50057506 4509703.29992769 44.20000076
v 585063.21084979 4509710.39713122 44.20000076
v 585066.72002387 4509715.89965800 44.20000076
v 585076.40944266 4509731.10978104 44.20000076
v 585084.91519705 4509726.56669913 44.20000076
v 585081.50813478 4509720.99872214 44.20000076
v 585084.80507217 4509719.23801235 44.20000076
v 585094.74419622 4509693.56178578 6.00000000
v 585088.03988546 4509697.13744177 6.00000000
v 585093.51290425 4509707.39204059 6.00000000
v 585099.48184765 4509718.58491803 6.00000000
v 585101.72522676 4509717.37833152 6.00000000
v 585106.18614522 4509715.00927248 6.00000000
v 585100.06840089 4509703.53712747 6.00000000
v 585094.74419622 4509693.56178578 14.19999981
v 585088.03988546 4509697.13744177 14.19999981
v 585093.51290425 4509707.39204059 14.19999981
v 585099.48184765 4509718.58491803 14.19999981
v 585101.72522676 4509717.37833152 14.19999981
v 585106.18614522 4509715.00927248 14.19999981
v 585100.06840089 4509703.53712747 14.19999981
v 585107.56247286 4509699.58197355 6.00000000
v 585114.44919477 4509712.48402981 6.00000000
v 585124.46760096 4509707.12569781 6.00000000
v 585118.83762769 4509696.56951464 6.00000000
v 585112.24851305 4509684.22597945 6.00000000
v 585111.76882298 4509683.34340183 6.00000000
v 585101.75052240 4509688.69065045 6.00000000
v 585107.56247286 4509699.58197355 38.79999924
v 585114.44919477 4509712.48402981 38.79999924
v 585124.46760096 4509707.12569781 38.79999924
v 585118.83762769 4509696.56951464 38.79999924
v 585112.24851305 4509684.22597945 38.79999924
v 585111.76882298 4509683.34340183 38.79999924
v 585101.75052240 4509688.69065045 38.79999924
v 585009.57516636 4509691.27459889 6.00000000
v 585015.35589046 4509701.95454721 6.00000000
v 585019.49642286 4509699.53735381 6.00000000
v 585026.43416198 4509695.48692149 6.00000000
v 585019.95954559 4509685.66497431 6.00000000
v 585009.57516636 4509691.27459889 15.89999962
v 585015.35589046 4509701.95454721 15.89999962
v 585019.49642286 4509699.53735381 15.89999962
v 585026.43416198 4509695.48692149 15.89999962
v 585019.95954559 4509685.66497431 15.89999962
v 585068.07871540 4509687.28279189 6.00000000
v 585075.37573213 4509682.83684955 6.00000000
v 585071.40526934 4509676.31872967 6.00000000
v 585069.00695941 4509677.77889717 6.00000000
v 585064.26557814 4509669.99739169 6.00000000
v 585054.12504118 4509676.43131256 6.00000000
v 585044.67358857 4509682.42906578 6.00000000
v 585053.30610892 4509696.28367025 6.00000000
v 585068.07871540 4509687.28279189 47.00000000
v 585075.37573213 4509682.83684955 47.00000000
v 585071.40526934 4509676.31872967 47.00000000
v 585069.00695941 4509677.77889717 47.00000000
v 585064.26557814 4509669.99739169 47.00000000
v 585054.12504118 4509676.43131256 47.00000000
v 585044.67358857 4509682.42906578 47.00000000
v 585053.30610892 4509696.28367025 47.00000000
v 585086.84710001 4509654.63580403 6.00000000
v 585085.01144426 4509655.63613392 6.00000000
v 585081.39753949 4509648.95556909 6.00000000
v 585084.04048660 4509647.52041736 6.00000000
v 585083.46175411 4509646.43686629 6.00000000
v 585081.90686801 4509643.57686965 6.00000000
v 585079.31496706 4509644.97930153 6.00000000
v 585080.00207287 4509646.18621968 6.00000000
v 585074.77579899 4509649.01280251 6.00000000
v 585068.65728929 4509652.31764528 6.00000000
v 585073.22227952 4509660.75215608 6.00000000
v 585070.79184376 4509662.06762644 6.00000000
v 585072.55350203 4509665.30746689 6.00000000
v 585068.51693735 4509667.49267931 6.00000000
v 585076.04261689 4509681.39012046 6.00000000
v 585087.90589459 4509674.96489978 6.00000000
v 585101.45170669 4509667.63753303 6.00000000
v 585097.57321712 4509660.46542754 6.00000000
v 585094.06693377 4509653.97482812 6.00000000
v 585088.21171625 4509657.14945123 6.00000000
v 585086.84710001 4509654.63580403 26.79999924
v 585085.01144426 4509655.63613392 26.79999924
v 585081.39753949 4509648.95556909 26.79999924
v 585084.04048660 4509647.52041736 26.79999924
v 585083.46175411 4509646.43686629 26.79999924
v 585081.90686801 4509643.57686965 26.79999924
v 585079.31496706 4509644.97930153 26.79999924
v 585080.00207287 4509646.18621968 26.79999924
v 585074.77579899 4509649.01280251 26.79999924
v 585068.65728929 4509652.31764528 26.79999924
v 585073.22227952 4509660.75215608 26.79999924
v 585070.79184376 4509662.06762644 26.79999924
v 585072.55350203 4509665.30746689 26.79999924
v 585068.51693735 4509667.49267931 26.79999924
v 585076.04261689 4509681.39012046 26.79999924
v 585087.90589459 4509674.96489978 26.79999924
v 585101.45170669 4509667.63753303 26.79999924
v 585097.57321712 4509660.46542754 26.79999924
v 585094.06693377 4509653.97482812 26.79999924
v 585088.21171625 4509657.14945123 26.79999924
v 585112.24851305 4509684.22597945 6.00000000
v 585118.83762769 4509696.56951464 6.00000000
v 585124.46760096 4509707.12569781 6.00000000
v 585126.37726655 4509710.71141859 6.00000000
v 585148.88651954 4509698.70204054 6.00000000
v 585148.04332720 4509697.11584931 6.00000000
v 585152.20694467 4509694.89883278 6.00000000
v 585150.09870871 4509690.95555536 6.00000000
v 585138.91313107 4509669.98833637 6.00000000
v 585125.71680720 4509677.03099262 6.00000000
v 585112.24851305 4509684.22597945 38.79999924
v 585118.83762769 4509696.56951464 38.79999924
v 585124.46760096 4509707.12569781 38.79999924
v 585126.37726655 4509710.71141859 38.79999924
v 585148.88651954 4509698.70204054 38.79999924
v 585148.04332720 4509697.11584931 38.79999924
v 585152.20694467 4509694.89883278 38.79999924
v 585150.09870871 4509690.95555536 38.79999924
v 585138.91313107 4509669.98833637 38.79999924
v 585125.71680720 4509677.03099262 38.79999924
v 585143.67710082 4509574.32025733 6.00000000
v 585119.79726146 4509587.24650307 6.00000000
v 585108.26530803 4509593.48674333 6.00000000
v 585108.82779015 4509594.51459890 6.00000000
v 585112.24311631 4509600.83762770 6.00000000
v 585114.46770666 4509604.94876073 6.00000000
v 585118.47864178 4509612.35554000 6.00000000
v 585121.03398232 4509617.08109134 6.00000000
v 585131.45271098 4509611.43870641 6.00000000
v 585143.59659205 4509604.86136330 6.00000000
v 585142.53674779 4509599.34252183 6.00000000
v 585141.71582213 4509595.08096808 6.00000000
v 585141.04641153 4509591.59830545 6.00000000
v 585144.46128648 4509590.60502383 6.00000000
v 585157.07068087 4509587.61904464 6.00000000
v 585158.88284423 4509587.19577426 6.00000000
v 585161.41493427 4509586.59203757 6.00000000
v 585171.07733613 4509584.30497208 6.00000000
v 585167.56546888 4509561.39418448 6.00000000
v 585143.67710082 4509574.32025733 30.00000000
v 585119.79726146 4509587.24650307 30.00000000
v 585108.26530803 4509593.48674333 30.00000000
v 585108.82779015 4509594.51459890 30.00000000
v 585112.24311631 4509600.83762770 30.00000000
v 585114.46770666 4509604.94876073 30.00000000
v 585118.47864178 4509612.35554000 30.00000000
v 585121.03398232 4509617.08109134 30.00000000
v 585131.45271098 4509611.43870641 30.00000000
v 585143.59659205 4509604.86136330 30.00000000
v 585142.53674779 4509599.34252183 30.00000000
v 585141.71582213 4509595.08096808 30.00000000
v 585141.04641153 4509591.59830545 30.00000000
v 585144.46128648 4509590.60502383 30.00000000
v 585157.07068087 4509587.61904464 30.00000000
v 585158.88284423 4509587.19577426 30.00000000
v 585161.41493427 4509586.59203757 30.00000000
v 585171.07733613 4509584.30497208 30.00000000
v 585167.56546888 4509561.39418448 30.00000000
v 585122.68248893 4509528.67135765 6.00000000
v 585124.16253391 4509531.43058337 6.00000000
v 585130.70529356 4509527.96412296 6.00000000
v 585130.86098911 4509524.70187747 6.00000000
v 585134.08463729 4509524.18378719 6.00000000
v 585133.11377024 4509520.47562115 6.00000000
v 585132.91521998 4509517.90874357 6.00000000
v 585132.58952877 4509513.17548601 6.00000000
v 585130.19552279 4509509.10681188 6.00000000
v 585142.71264646 4509502.40052391 6.00000000
v 585142.81461567 4509502.34618420 6.00000000
v 585157.55385385 4509497.76374790 6.00000000
v 585155.96288359 4509488.48627668 6.00000000
v 585154.95777460 4509482.61279442 6.00000000
v 585110.70070140 4509506.40720380 6.00000000
v 585122.68248893 4509528.67135765 56.59999847
v 585124.16253391 4509531.43058337 56.59999847
v 585130.70529356 4509527.96412296 56.59999847
v 585130.86098911 4509524.70187747 56.59999847
v 585134.08463729 4509524.18378719 56.59999847
v 585133.11377024 4509520.47562115 56.59999847
v 585132.91521998 4509517.90874357 56.59999847
v 585132.58952877 4509513.17548601 56.59999847
v 585130.19552279 4509509.10681188 56.59999847
v 585142.71264646 4509502.40052391 56.59999847
v 585142.81461567 4509502.34618420 56.59999847
v 585157.55385385 4509497.76374790 56.59999847
v 585155.96288359 4509488.48627668 56.59999847
v 585154.95777460 4509482.61279442 56.59999847
v 585110.70070140 4509506.40720380 56.59999847
v 585165.10310258 4509541.95932868 6.00000000
v 585161.29668998 4509519.68908808 6.00000000
v 585135.81928622 4509523.89284656 6.00000000
v 585134.08463729 4509524.18378719 6.00000000
v 585130.86098911 4509524.70187747 6.00000000
v 585130.70529356 4509527.96412296 6.00000000
v 585130.51483265 4509532.04752867 6.00000000
v 585115.80754933 4509539.73898660 6.00000000
v 585114.36077039 4509537.02455308 6.00000000
v 585097.63807963 4509545.92524733 6.00000000
v 585111.12470164 4509570.99329874 6.00000000
v 585165.10310258 4509541.95932868 65.09999847
v 585161.29668998 4509519.68908808 65.09999847
v 585135.81928622 4509523.89284656 65.09999847
v 585134.08463729 4509524.18378719 65.09999847
v 585130.86098911 4509524.70187747 65.09999847
v 585130.70529356 4509527.96412296 65.09999847
v 585130.51483265 4509532.04752867 65.09999847
v 585115.80754933 4509539.73898660 65.09999847
v 585114.36077039 4509537.02455308 65.09999847
v 585097.63807963 4509545.92524733 65.09999847
v 585111.12470164 4509570.99329874 65.09999847
v 585091.32864105 4509550.40471006 6.00000000
v 585086.63785200 4509552.92657186 6.00000000
v 585099.66962117 4509577.15672015 6.00000000
v 585111.12470164 4509570.99329874 6.00000000
v 585097.63807963 4509545.92524733 6.00000000
v 585090.87376240 4509549.56682767 6.00000000
v 585091.32864105 4509550.40471006 29.60000038
v 585086.63785200 4509552.92657186 29.60000038
v 585099.66962117 4509577.15672015 29.60000038
v 585111.12470164 4509570.99329874 29.60000038
v 585097.63807963 4509545.92524733 29.60000038
v 585090.87376240 4509549.56682767 29.60000038
v 585088.11259231 4509583.37449947 6.00000000
v 585099.66962117 4509577.15672015 6.00000000
v 585086.63785200 4509552.92657186 6.00000000
v 585086.29058253 4509552.27866139 6.00000000
v 585074.73352749 4509558.49646175 6.00000000
v 585088.11259231 4509583.37449947 40.29999924
v 585099.66962117 4509577.15672015 40.29999924
v 585086.63785200 4509552.92657186 40.29999924
v 585086.29058253 4509552.27866139 40.29999924
v 585074.73352749 4509558.49646175 40.29999924
v 585081.05108466 4509550.36447026 6.00000000
v 585099.48302069 4509540.43975667 6.00000000
v 585087.80738114 4509518.72316036 6.00000000
v 585069.36696438 4509528.64780634 6.00000000
v 585081.05108466 4509550.36447026 30.79999924
v 585099.48302069 4509540.43975667 30.79999924
v 585087.80738114 4509518.72316036 30.79999924
v 585069.36696438 4509528.64780634 30.79999924
v 585099.48302069 4509540.43975667 6.00000000
v 585105.02360156 4509537.46136735 6.00000000
v 585101.61693719 4509531.11623860 6.00000000
v 585103.91986446 4509529.87702868 6.00000000
v 585095.65090346 4509514.50554973 6.00000000
v 585087.80738114 4509518.72316036 6.00000000
v 585099.48302069 4509540.43975667 24.39999962
v 585105.02360156 4509537.46136735 24.39999962
v 585101.61693719 4509531.11623860 24.39999962
v 585103.91986446 4509529.87702868 24.39999962
v 585095.65090346 4509514.50554973 24.39999962
v 585087.80738114 4509518.72316036 24.39999962
v 585068.56787585 4509557.07124829 6.00000000
v 585081.05108466 4509550.36447026 6.00000000
v 585069.36696438 4509528.64780634 6.00000000
v 585056.89217515 4509535.35470110 6.00000000
v 585064.53137836 4509539.37251078 6.00000000
v 585067.91359758 4509537.54615755 6.00000000
v 585072.13945540 4509545.36615448 6.00000000
v 585068.75723859 4509547.19250577 6.00000000
v 585068.56787585 4509557.07124829 24.20000076
v 585081.05108466 4509550.36447026 24.20000076
v 585069.36696438 4509528.64780634 24.20000076
v 585056.89217515 4509535.35470110 24.20000076
v 585064.53137836 4509539.37251078 24.20000076
v 585067.91359758 4509537.54615755 24.20000076
v 585072.13945540 4509545.36615448 24.20000076
v 585068.75723859 4509547.19250577 24.20000076
v 585058.17774271 4509566.84405043 6.00000000
v 585070.32099016 4509560.32209108 6.00000000
v 585068.56787585 4509557.07124829 6.00000000
v 585056.89217515 4509535.35470110 6.00000000
v 585044.75721700 4509541.88788020 6.00000000
v 585058.17774271 4509566.84405043 42.70000076
v 585070.32099016 4509560.32209108 42.70000076
v 585068.56787585 4509557.07124829 42.70000076
v 585056.89217515 4509535.35470110 42.70000076
v 585044.75721700 4509541.88788020 42.70000076
v 585045.88973963 4509571.99880393 6.00000000
v 585046.45049739 4509571.70547864 6.00000000
v 585047.05406479 4509572.83371989 6.00000000
v 585058.17774271 4509566.84405043 6.00000000
v 585044.75721700 4509541.88788020 6.00000000
v 585033.07275481 4509548.17089625 6.00000000
v 585045.88973963 4509571.99880393 39.90000153
v 585046.45049739 4509571.70547864 39.90000153
v 585047.05406479 4509572.83371989 39.90000153
v 585058.17774271 4509566.84405043 39.90000153
v 585044.75721700 4509541.88788020 39.90000153
v 585033.07275481 4509548.17089625 39.90000153
v 585015.60867068 4509568.70942425 6.00000000
v 585019.23727474 4509566.75264902 6.00000000
v 585021.20524776 4509570.41672329 6.00000000
v 585014.95927238 4509573.78676214 6.00000000
v 585019.66423455 4509582.54480346 6.00000000
v 585035.58059686 4509573.97885551 6.00000000
v 585029.35411810 4509562.39450879 6.00000000
v 585027.92644549 4509563.16638720 6.00000000
v 585027.06644994 4509561.56891631 6.00000000
v 585030.36357048 4509559.79708117 6.00000000
v 585026.12155342 4509551.91031059 6.00000000
v 585010.95308697 4509560.06297377 6.00000000
v 585015.60867068 4509568.70942425 33.39999962
v 585019.23727474 4509566.75264902 33.39999962
v 585021.20524776 4509570.41672329 33.39999962
v 585014.95927238 4509573.78676214 33.39999962
v 585019.66423455 4509582.54480346 33.39999962
v 585035.58059686 4509573.97885551 33.39999962
v 585029.35411810 4509562.39450879 33.39999962
v 585027.92644549 4509563.16638720 33.39999962
v 585027.06644994 4509561.56891631 33.39999962
v 585030.36357048 4509559.79708117 33.39999962
v 585026.12155342 4509551.91031059 33.39999962
v 585010.95308697 4509560.06297377 33.39999962
v 585030.36357048 4509559.79708117 6.00000000
v 585038.93855331 4509575.73820615 6.00000000
v 585045.88973963 4509571.99880393 6.00000000
v 585033.07275481 4509548.17089625 6.00000000
v 585026.12155342 4509551.91031059 6.00000000
v 585030.36357048 4509559.79708117 39.00000000
v 585038.93855331 4509575.73820615 39.00000000
v 585045.88973963 4509571.99880393 39.00000000
v 585033.07275481 4509548.17089625 39.00000000
v 585026.12155342 4509551.91031059 39.00000000
v 584884.71061003 4509560.91459245 6.00000000
v 584891.16840276 4509557.48025785 6.00000000
v 584884.14153126 4509544.23265529 6.00000000
v 584883.97607766 4509543.93100300 6.00000000
v 584877.51840396 4509547.35424323 6.00000000
v 584884.71061003 4509560.91459245 23.10000038
v 584891.16840276 4509557.48025785 23.10000038
v 584884.14153126 4509544.23265529 23.10000038
v 584883.97607766 4509543.93100300 23.10000038
v 584877.51840396 4509547.35424323 23.10000038
v 584891.16840276 4509557.48025785 6.00000000
v 584898.26333413 4509553.72016061 6.00000000
v 584891.23659841 4509540.46145057 6.00000000
v 584884.14153126 4509544.23265529 6.00000000
v 584891.16840276 4509557.48025785 22.70000076
v 584898.26333413 4509553.72016061 22.70000076
v 584891.23659841 4509540.46145057 22.70000076
v 584884.14153126 4509544.23265529 22.70000076
v 584898.26333413 4509553.72016061 6.00000000
v 584898.53614691 4509554.23398344 6.00000000
v 584902.82719116 4509551.95167364 6.00000000
v 584906.91105800 4509559.64782245 6.00000000
v 584910.63277730 4509557.66985691 6.00000000
v 584908.90492610 4509554.41934312 6.00000000
v 584899.24924765 4509536.21226588 6.00000000
v 584891.23659841 4509540.46145057 6.00000000
v 584898.26333413 4509553.72016061 27.39999962
v 584898.53614691 4509554.23398344 27.39999962
v 584902.82719116 4509551.95167364 27.39999962
v 584906.91105800 4509559.64782245 27.39999962
v 584910.63277730 4509557.66985691 27.39999962
v 584908.90492610 4509554.41934312 27.39999962
v 584899.24924765 4509536.21226588 27.39999962
v 584891.23659841 4509540.46145057 27.39999962
v 584907.38127030 4509531.86453748 6.00000000
v 584908.17141927 4509531.45170539 6.00000000
v 584914.75821704 4509544.03926414 6.00000000
v 584916.64428702 4509543.06167391 6.00000000
v 584922.75990982 4509554.75567210 6.00000000
v 584922.34359832 4509554.97294623 6.00000000
v 584928.30232182 4509566.35429235 6.00000000
v 584926.20362412 4509567.46266955 6.00000000
v 584933.33584893 4509581.08899504 6.00000000
v 584948.69700183 4509573.06050780 6.00000000
v 584918.01977347 4509524.72558203 6.00000000
v 584906.73672831 4509530.62481761 6.00000000
v 584907.38127030 4509531.86453748 46.00000000
v 584908.17141927 4509531.45170539 46.00000000
v 584914.75821704 4509544.03926414 46.00000000
v 584916.64428702 4509543.06167391 46.00000000
v 584922.75990982 4509554.75567210 46.00000000
v 584922.34359832 4509554.97294623 46.00000000
v 584928.30232182 4509566.35429235 46.00000000
v 584926.20362412 4509567.46266955 46.00000000
v 584933.33584893 4509581.08899504 46.00000000
v 584948.69700183 4509573.06050780 46.00000000
v 584918.01977347 4509524.72558203 46.00000000
v 584906.73672831 4509530.62481761 46.00000000
v 584905.28218493 4509533.00622272 6.00000000
v 584899.24924765 4509536.21226588 6.00000000
v 584908.90492610 4509554.41934312 6.00000000
v 584914.94629752 4509551.21340460 6.00000000
v 584905.28218493 4509533.00622272 20.60000038
v 584899.24924765 4509536.21226588 20.60000038
v 584908.90492610 4509554.41934312 20.60000038
v 584914.94629752 4509551.21340460 20.60000038
v 585005.42652872 4509541.93640644 6.00000000
v 584998.38821657 4509528.96611343 6.00000000
v 584996.41667079 4509530.03152047 6.00000000
v 584990.02349693 4509518.24546044 6.00000000
v 584980.46297038 4509523.43159076 6.00000000
v 584982.36520176 4509526.93947001 6.00000000
v 584980.48718120 4509527.95044256 6.00000000
v 584985.33385855 4509536.87661624 6.00000000
v 584972.10215210 4509544.05236692 6.00000000
v 584971.20900140 4509542.39901219 6.00000000
v 584970.15516919 4509542.97534772 6.00000000
v 584969.50193987 4509541.75772679 6.00000000
v 584972.67188161 4509540.02881716 6.00000000
v 584965.45168065 4509526.71230573 6.00000000
v 584950.54589670 4509534.79038719 6.00000000
v 584968.51040450 4509561.95227220 6.00000000
v 585005.42652872 4509541.93640644 55.29999924
v 584998.38821657 4509528.96611343 55.29999924
v 584996.41667079 4509530.03152047 55.29999924
v 584990.02349693 4509518.24546044 55.29999924
v 584980.46297038 4509523.43159076 55.29999924
v 584982.36520176 4509526.93947001 55.29999924
v 584980.48718120 4509527.95044256 55.29999924
v 584985.33385855 4509536.87661624 55.29999924
v 584972.10215210 4509544.05236692 55.29999924
v 584971.20900140 4509542.39901219 55.29999924
v 584970.15516919 4509542.97534772 55.29999924
v 584969.50193987 4509541.75772679 55.29999924
v 584972.67188161 4509540.02881716 55.29999924
v 584965.45168065 4509526.71230573 55.29999924
v 584950.54589670 4509534.79038719 55.29999924
v 584968.51040450 4509561.95227220 55.29999924
v 584962.28814488 4509501.35205284 6.00000000
v 584945.58067506 4509510.40869116 6.00000000
v 584947.44146793 4509513.84947317 6.00000000
v 584948.62273000 4509513.20798162 6.00000000
v 584949.57385475 4509514.96191693 6.00000000
v 584942.01048085 4509519.06076594 6.00000000
v 584946.40218667 4509527.16014102 6.00000000
v 584961.69039117 4509518.87549278 6.00000000
v 584960.08590929 4509515.91503655 6.00000000
v 584967.89570825 4509511.68580410 6.00000000
v 584962.28814488 4509501.35205284 53.40000153
v 584945.58067506 4509510.40869116 53.40000153
v 584947.44146793 4509513.84947317 53.40000153
v 584948.62273000 4509513.20798162 53.40000153
v 584949.57385475 4509514.96191693 53.40000153
v 584942.01048085 4509519.06076594 53.40000153
v 584946.40218667 4509527.16014102 53.40000153
v 584961.69039117 4509518.87549278 53.40000153
v 584960.08590929 4509515.91503655 53.40000153
v 584967.89570825 4509511.68580410 53.40000153
v 584961.69039117 4509518.87549278 6.00000000
v 584946.40218667 4509527.16014102 6.00000000
v 584950.54589670 4509534.79038719 6.00000000
v 584965.45168065 4509526.71230573 6.00000000
v 584972.11436767 4509523.09165170 6.00000000
v 584967.97911681 4509515.46149014 6.00000000
v 584961.69039117 4509518.87549278 26.60000038
v 584946.40218667 4509527.16014102 26.60000038
v 584950.54589670 4509534.79038719 26.60000038
v 584965.45168065 4509526.71230573 26.60000038
v 584972.11436767 4509523.09165170 26.60000038
v 584967.97911681 4509515.46149014 26.60000038
v 584999.54554659 4509481.79525122 6.00000000
v 585003.30880915 4509488.72172992 6.00000000
v 585004.34550839 4509488.16740674 6.00000000
v 585005.90864862 4509491.04968366 6.00000000
v 584989.54090886 4509499.93248582 6.00000000
v 584987.96944730 4509497.03901489 6.00000000
v 584988.68322400 4509496.65862212 6.00000000
v 584984.92852387 4509489.72114701 6.00000000
v 584969.15572654 4509498.27774903 6.00000000
v 584980.12258419 4509518.49833536 6.00000000
v 585026.25115641 4509493.48118217 6.00000000
v 585015.28438306 4509473.26052703 6.00000000
v 584999.54554659 4509481.79525122 47.20000076
v 585003.30880915 4509488.72172992 47.20000076
v 585004.34550839 4509488.16740674 47.20000076
v 585005.90864862 4509491.04968366 47.20000076
v 584989.54090886 4509499.93248582 47.20000076
v 584987.96944730 4509497.03901489 47.20000076
v 584988.68322400 4509496.65862212 47.20000076
v 584984.92852387 4509489.72114701 47.20000076
v 584969.15572654 4509498.27774903 47.20000076
v 584980.12258419 4509518.49833536 47.20000076
v 585026.25115641 4509493.48118217 47.20000076
v 585015.28438306 4509473.26052703 47.20000076
v 585022.52453365 4509502.50889976 6.00000000
v 585034.95519555 4509525.42197700 6.00000000
v 585041.06547502 4509522.10590813 6.00000000
v 585037.39349739 4509515.32478350 6.00000000
v 585028.52746860 4509498.98064844 6.00000000
v 585022.41717636 4509502.29672773 6.00000000
v 585022.52453365 4509502.50889976 44.79999924
v 585034.95519555 4509525.42197700 44.79999924
v 585041.06547502 4509522.10590813 44.79999924
v 585037.39349739 4509515.32478350 44.79999924
v 585028.52746860 4509498.98064844 44.79999924
v 585022.41717636 4509502.29672773 44.79999924
v 585007.92878497 4509510.79026279 6.00000000
v 585020.20221771 4509533.42395819 6.00000000
v 585027.94409841 4509529.22731599 6.00000000
v 585015.51354929 4509506.30314991 6.00000000
v 585014.99263236 4509505.33128947 6.00000000
v 585007.24216334 4509509.53894918 6.00000000
v 585007.92878497 4509510.79026279 28.89999962
v 585020.20221771 4509533.42395819 28.89999962
v 585027.94409841 4509529.22731599 28.89999962
v 585015.51354929 4509506.30314991 28.89999962
v 585014.99263236 4509505.33128947 28.89999962
v 585007.24216334 4509509.53894918 28.89999962
v 585008.10925719 4509539.97988237 6.00000000
v 585020.20221771 4509533.42395819 6.00000000
v 585007.92878497 4509510.79026279 6.00000000
v 584995.84424400 4509517.34630397 6.00000000
v 585008.10925719 4509539.97988237 52.09999847
v 585020.20221771 4509533.42395819 52.09999847
v 585007.92878497 4509510.79026279 52.09999847
v 584995.84424400 4509517.34630397 52.09999847
v 585027.94409841 4509529.22731599 6.00000000
v 585034.95519555 4509525.42197700 6.00000000
v 585022.52453365 4509502.50889976 6.00000000
v 585015.51354929 4509506.30314991 6.00000000
v 585027.94409841 4509529.22731599 45.00000000
v 585034.95519555 4509525.42197700 45.00000000
v 585022.52453365 4509502.50889976 45.00000000
v 585015.51354929 4509506.30314991 45.00000000
v 585111.54243152 4509525.77902214 6.00000000
v 585115.24683949 4509532.67157941 6.00000000
v 585122.68248893 4509528.67135765 6.00000000
v 585110.70070140 4509506.40720380 6.00000000
v 585103.27348119 4509510.40753462 6.00000000
v 585111.54243152 4509525.77902214 28.20000076
v 585115.24683949 4509532.67157941 28.20000076
v 585122.68248893 4509528.67135765 28.20000076
v 585110.70070140 4509506.40720380 28.20000076
v 585103.27348119 4509510.40753462 28.20000076
v 585103.91986446 4509529.87702868 6.00000000
v 585107.52511227 4509536.57970711 6.00000000
v 585112.38595144 4509533.95989098 6.00000000
v 585108.78915089 4509527.25730710 6.00000000
v 585111.54243152 4509525.77902214 6.00000000
v 585103.27348119 4509510.40753462 6.00000000
v 585095.65090346 4509514.50554973 6.00000000
v 585103.91986446 4509529.87702868 24.20000076
v 585107.52511227 4509536.57970711 24.20000076
v 585112.38595144 4509533.95989098 24.20000076
v 585108.78915089 4509527.25730710 24.20000076
v 585111.54243152 4509525.77902214 24.20000076
v 585103.27348119 4509510.40753462 24.20000076
v 585095.65090346 4509514.50554973 24.20000076
v 585102.05067733 4509463.16494220 6.00000000
v 585085.07938573 4509472.37367440 6.00000000
v 585088.61903658 4509478.90905672 6.00000000
v 585089.61326735 4509478.37646214 6.00000000
v 585090.66365762 4509480.30918993 6.00000000
v 585084.44290779 4509483.67946219 6.00000000
v 585082.71422143 4509480.50661219 6.00000000
v 585056.73482268 4509494.59689961 6.00000000
v 585058.45507216 4509497.76964662 6.00000000
v 585053.61099105 4509500.40079247 6.00000000
v 585052.56072167 4509498.45696928 6.00000000
v 585053.75044000 4509497.81559120 6.00000000
v 585050.20232421 4509491.28012880 6.00000000
v 585033.34170322 4509500.42363304 6.00000000
v 585040.50384737 4509513.63962728 6.00000000
v 585037.39349739 4509515.32478350 6.00000000
v 585041.06547502 4509522.10590813 6.00000000
v 585057.90047014 4509512.98433249 6.00000000
v 585057.24699746 4509511.78890509 6.00000000
v 585061.57265849 4509509.44046956 6.00000000
v 585062.21768639 4509510.63580046 6.00000000
v 585093.49993409 4509493.67542772 6.00000000
v 585092.85490957 4509492.48009407 6.00000000
v 585098.33628501 4509489.51212171 6.00000000
v 585098.98988067 4509490.69645208 6.00000000
v 585115.68914630 4509481.64005920 6.00000000
v 585112.00877009 4509474.85880035 6.00000000
v 585109.21273938 4509476.38100338 6.00000000
v 585102.05067733 4509463.16494220 37.10000038
v 585085.07938573 4509472.37367440 37.10000038
v 585088.61903658 4509478.90905672 37.10000038
v 585089.61326735 4509478.37646214 37.10000038
v 585090.66365762 4509480.30918993 37.10000038
v 585084.44290779 4509483.67946219 37.10000038
v 585082.71422143 4509480.50661219 37.10000038
v 585056.73482268 4509494.59689961 37.10000038
v 585058.45507216 4509497.76964662 37.10000038
v 585053.61099105 4509500.40079247 37.10000038
v 585052.56072167 4509498.45696928 37.10000038
v 585053.75044000 4509497.81559120 37.10000038
v 585050.20232421 4509491.28012880 37.10000038
v 585033.34170322 4509500.42363304 37.10000038
v 585040.50384737 4509513.63962728 37.10000038
v 585037.39349739 4509515.32478350 37.10000038
v 585041.06547502 4509522.10590813 37.10000038
v 585057.90047014 4509512.98433249 37.10000038
v 585057.24699746 4509511.78890509 37.10000038
v 585061.57265849 4509509.44046956 37.10000038
v 585062.21768639 4509510.63580046 37.10000038
v 585093.49993409 4509493.67542772 37.10000038
v 585092.85490957 4509492.48009407 37.10000038
v 585098.33628501 4509489.51212171 37.10000038
v 585098.98988067 4509490.69645208 37.10000038
v 585115.68914630 4509481.64005920 37.10000038
v 585112.00877009 4509474.85880035 37.10000038
v 585109.21273938 4509476.38100338 37.10000038
v 585112.00877009 4509474.85880035 6.00000000
v 585115.68914630 4509481.64005920 6.00000000
v 585118.11964832 4509480.32460288 6.00000000
v 585121.31511260 4509478.58494619 6.00000000
v 585145.44196849 4509465.50610484 6.00000000
v 585119.10888767 4509416.96487510 6.00000000
v 585091.90543363 4509431.71822373 6.00000000
v 585075.55460109 4509440.57883126 6.00000000
v 585072.56319837 4509442.19872561 6.00000000
v 585072.83600365 4509442.71255489 6.00000000
v 585081.34628930 4509458.40873500 6.00000000
v 585085.67173018 4509466.38531076 6.00000000
v 585102.47300183 4509457.27454735 6.00000000
v 585112.00877009 4509474.85880035 32.66035652
v 585115.68914630 4509481.64005920 32.66035652
v 585118.11964832 4509480.32460288 32.66035652
v 585121.31511260 4509478.58494619 32.66035652
v 585145.44196849 4509465.50610484 32.66035652
v 585119.10888767 4509416.96487510 32.66035652
v 585091.90543363 4509431.71822373 32.66035652
v 585075.55460109 4509440.57883126 32.66035652
v 585072.56319837 4509442.19872561 32.66035652
v 585072.83600365 4509442.71255489 32.66035652
v 585081.34628930 4509458.40873500 32.66035652
v 585085.67173018 4509466.38531076 32.66035652
v 585102.47300183 4509457.27454735 32.66035652
v 585070.75217507 4509445.46418135 6.00000000
v 585021.94612407 4509471.93805008 6.00000000
v 585021.49135985 4509471.08907156 6.00000000
v 585018.76341122 4509472.56768037 6.00000000
v 585027.05048653 4509487.85045758 6.00000000
v 585081.34628930 4509458.40873500 6.00000000
v 585072.83600365 4509442.71255489 6.00000000
v 585070.06555741 4509444.21286197 6.00000000
v 585070.75217507 4509445.46418135 42.29999924
v 585021.94612407 4509471.93805008 42.29999924
v 585021.49135985 4509471.08907156 42.29999924
v 585018.76341122 4509472.56768037 42.29999924
v 585027.05048653 4509487.85045758 42.29999924
v 585081.34628930 4509458.40873500 42.29999924
v 585072.83600365 4509442.71255489 42.29999924
v 585070.06555741 4509444.21286197 42.29999924
v 584940.49303115 4509427.41737289 6.00000000
v 584935.10545563 4509430.30882070 6.00000000
v 584922.84314027 4509436.89625159 6.00000000
v 584917.45545158 4509439.79881275 6.00000000
v 584901.14783986 4509448.59368099 6.00000000
v 584905.51417413 4509456.70384021 6.00000000
v 584906.65283810 4509456.09516048 6.00000000
v 584908.46388713 4509459.45764687 6.00000000
v 584906.47544810 4509460.52288437 6.00000000
v 584910.17366862 4509467.23762733 6.00000000
v 584917.21003404 4509480.39654380 6.00000000
v 584921.29456420 4509488.03719585 6.00000000
v 584923.17258618 4509487.02620834 6.00000000
v 584924.80984932 4509490.07584855 6.00000000
v 584923.77302942 4509490.64128345 6.00000000
v 584927.93240125 4509498.38271623 6.00000000
v 584944.13771689 4509489.66445123 6.00000000
v 584949.52525388 4509486.77301032 6.00000000
v 584961.78764059 4509480.17452326 6.00000000
v 584967.17531878 4509477.27199431 6.00000000
v 584982.05501117 4509469.27135938 6.00000000
v 584977.03553149 4509459.94353218 6.00000000
v 584972.29729500 4509451.12963097 6.00000000
v 584969.69690559 4509452.53200468 6.00000000
v 584965.32149805 4509453.32562311 6.00000000
v 584965.84255254 4509454.28637913 6.00000000
v 584962.00308517 4509454.74197504 6.00000000
v 584961.86260194 4509456.68324069 6.00000000
v 584955.25116393 4509460.24898155 6.00000000
v 584954.70067595 4509461.11974308 6.00000000
v 584953.72334181 4509461.65254914 6.00000000
v 584953.33472490 4509460.92645660 6.00000000
v 584951.29523175 4509462.02440368 6.00000000
v 584944.51432352 4509449.42348826 6.00000000
v 584946.51134277 4509448.34725692 6.00000000
v 584946.08971005 4509447.55417366 6.00000000
v 584947.49193519 4509446.79308984 6.00000000
v 584947.79776319 4509447.37390554 6.00000000
v 584954.99543247 4509443.50401534 6.00000000
v 584956.11591268 4509444.48274152 6.00000000
v 584958.69906150 4509441.63688655 6.00000000
v 584959.67636869 4509442.58066616 6.00000000
v 584962.75951917 4509439.58511228 6.00000000
v 584965.22391096 4509438.25889254 6.00000000
v 584972.20064482 4509434.50861026 6.00000000
v 584962.12845602 4509415.79708451 6.00000000
v 584955.33018762 4509419.44950218 6.00000000
v 584940.49303115 4509427.41737289 28.70000076
v 584935.10545563 4509430.30882070 28.70000076
v 584922.84314027 4509436.89625159 28.70000076
v 584917.45545158 4509439.79881275 28.70000076
v 584901.14783986 4509448.59368099 28.70000076
v 584905.51417413 4509456.70384021 28.70000076
v 584906.65283810 4509456.09516048 28.70000076
v 584908.46388713 4509459.45764687 28.70000076
v 584906.47544810 4509460.52288437 28.70000076
v 584910.17366862 4509467.23762733 28.70000076
v 584917.21003404 4509480.39654380 28.70000076
v 584921.29456420 4509488.03719585 28.70000076
v 584923.17258618 4509487.02620834 28.70000076
v 584924.80984932 4509490.07584855 28.70000076
v 584923.77302942 4509490.64128345 28.70000076
v 584927.93240125 4509498.38271623 28.70000076
v 584944.13771689 4509489.66445123 28.70000076
v 584949.52525388 4509486.77301032 28.70000076
v 584961.78764059 4509480.17452326 28.70000076
v 584967.17531878 4509477.27199431 28.70000076
v 584982.05501117 4509469.27135938 28.70000076
v 584977.03553149 4509459.94353218 28.70000076
v 584972.29729500 4509451.12963097 28.70000076
v 584969.69690559 4509452.53200468 28.70000076
v 584965.32149805 4509453.32562311 28.70000076
v 584965.84255254 4509454.28637913 28.70000076
v 584962.00308517 4509454.74197504 28.70000076
v 584961.86260194 4509456.68324069 28.70000076
v 584955.25116393 4509460.24898155 28.70000076
v 584954.70067595 4509461.11974308 28.70000076
v 584953.72334181 4509461.65254914 28.70000076
v 584953.33472490 4509460.92645660 28.70000076
v 584951.29523175 4509462.02440368 28.70000076
v 584944.51432352 4509449.42348826 28.70000076
v 584946.51134277 4509448.34725692 28.70000076
v 584946.08971005 4509447.55417366 28.70000076
v 584947.49193519 4509446.79308984 28.70000076
v 584947.79776319 4509447.37390554 28.70000076
v 584954.99543247 4509443.50401534 28.70000076
v 584956.11591268 4509444.48274152 28.70000076
v 584958.69906150 4509441.63688655 28.70000076
v 584959.67636869 4509442.58066616 28.70000076
v 584962.75951917 4509439.58511228 28.70000076
v 584965.22391096 4509438.25889254 28.70000076
v 584972.20064482 4509434.50861026 28.70000076
v 584962.12845602 4509415.79708451 28.70000076
v 584955.33018762 4509419.44950218 28.70000076
v 584889.99229849 4509390.97904626 6.00000000
v 584882.00463674 4509395.98347574 6.00000000
v 584869.61049672 4509403.75741443 6.00000000
v 584867.79017495 4509404.89119978 6.00000000
v 584887.65423812 4509436.59318335 6.00000000
v 584888.69195223 4509435.95003856 6.00000000
v 584907.65306222 4509424.06582895 6.00000000
v 584890.22760737 4509396.24415589 6.00000000
v 584892.43073062 4509394.87051194 6.00000000
v 584889.99229849 4509390.97904626 35.79999924
v 584882.00463674 4509395.98347574 35.79999924
v 584869.61049672 4509403.75741443 35.79999924
v 584867.79017495 4509404.89119978 35.79999924
v 584887.65423812 4509436.59318335 35.79999924
v 584888.69195223 4509435.95003856 35.79999924
v 584907.65306222 4509424.06582895 35.79999924
v 584890.22760737 4509396.24415589 35.79999924
v 584892.43073062 4509394.87051194 35.79999924
v 584890.22760737 4509396.24415589 6.00000000
v 584907.65306222 4509424.06582895 6.00000000
v 584907.90194470 4509424.45725428 6.00000000
v 584911.16569883 4509422.65167710 6.00000000
v 584934.70878879 4509409.64318578 6.00000000
v 584916.21438550 4509381.50944695 6.00000000
v 584915.99851688 4509381.18501238 6.00000000
v 584910.99682039 4509384.30294063 6.00000000
v 584899.42740545 4509390.85393827 6.00000000
v 584892.59656876 4509395.13886224 6.00000000
v 584892.43073062 4509394.87051194 6.00000000
v 584890.22760737 4509396.24415589 14.10000038
v 584907.65306222 4509424.06582895 14.10000038
v 584907.90194470 4509424.45725428 14.10000038
v 584911.16569883 4509422.65167710 14.10000038
v 584934.70878879 4509409.64318578 14.10000038
v 584916.21438550 4509381.50944695 14.10000038
v 584915.99851688 4509381.18501238 14.10000038
v 584910.99682039 4509384.30294063 14.10000038
v 584899.42740545 4509390.85393827 14.10000038
v 584892.59656876 4509395.13886224 14.10000038
v 584892.43073062 4509394.87051194 14.10000038
v 584972.20064482 4509434.50861026 6.00000000
v 584976.02466726 4509432.45413326 6.00000000
v 584979.37428395 4509438.63201313 6.00000000
v 584980.26654294 4509438.15374592 6.00000000
v 584983.70713290 4509444.49920293 6.00000000
v 585003.18434072 4509434.02002033 6.00000000
v 585006.06506270 4509432.47654434 6.00000000
v 585008.95435758 4509430.92206560 6.00000000
v 585028.39760553 4509420.46476243 6.00000000
v 585024.95716860 4509414.10818382 6.00000000
v 585026.03635645 4509413.53214638 6.00000000
v 585022.49661783 4509406.99679593 6.00000000
v 585025.98929934 4509405.11617864 6.00000000
v 585016.11592218 4509386.75102447 6.00000000
v 584962.12845602 4509415.79708451 6.00000000
v 584972.20064482 4509434.50861026 50.59999847
v 584976.02466726 4509432.45413326 50.59999847
v 584979.37428395 4509438.63201313 50.59999847
v 584980.26654294 4509438.15374592 50.59999847
v 584983.70713290 4509444.49920293 50.59999847
v 585003.18434072 4509434.02002033 50.59999847
v 585006.06506270 4509432.47654434 50.59999847
v 585008.95435758 4509430.92206560 50.59999847
v 585028.39760553 4509420.46476243 50.59999847
v 585024.95716860 4509414.10818382 50.59999847
v 585026.03635645 4509413.53214638 50.59999847
v 585022.49661783 4509406.99679593 50.59999847
v 585025.98929934 4509405.11617864 50.59999847
v 585016.11592218 4509386.75102447 50.59999847
v 584962.12845602 4509415.79708451 50.59999847
v 585130.93406069 4509391.83215013 6.00000000
v 585167.36567655 4509372.20007339 6.00000000
v 585219.64225677 4509343.67981924 6.00000000
v 585191.47480588 4509291.60897645 6.00000000
v 585099.61251404 4509341.53509908 6.00000000
v 585130.93406069 4509391.83215013 71.50000000
v 585167.36567655 4509372.20007339 71.50000000
v 585219.64225677 4509343.67981924 71.50000000
v 585191.47480588 4509291.60897645 71.50000000
v 585099.61251404 4509341.53509908 71.50000000
v 585156.59030248 4509271.35758321 6.00000000
v 585111.71660260 4509279.60192148 6.00000000
v 585111.39641467 4509281.00821884 6.00000000
v 585122.66941897 4509309.86999767 6.00000000
v 585165.69388219 4509286.13919099 6.00000000
v 585156.59030248 4509271.35758321 54.00000000
v 585111.71660260 4509279.60192148 54.00000000
v 585111.39641467 4509281.00821884 54.00000000
v 585122.66941897 4509309.86999767 54.00000000
v 585165.69388219 4509286.13919099 54.00000000
v 585122.66941897 4509309.86999767 6.00000000
v 585111.39641467 4509281.00821884 6.00000000
v 585087.55554585 4509284.57592262 6.00000000
v 585085.92268783 4509284.82363543 6.00000000
v 585071.47494545 4509289.73152958 6.00000000
v 585069.85285234 4509292.72159983 6.00000000
v 585090.26109216 4509327.73881965 6.00000000
v 585098.42728898 4509295.42537196 6.00000000
v 585105.21373039 4509292.08380563 6.00000000
v 585108.38291526 4509298.52612404 6.00000000
v 585101.60492267 4509301.86778435 6.00000000
v 585122.66941897 4509309.86999767 57.79999924
v 585111.39641467 4509281.00821884 57.79999924
v 585087.55554585 4509284.57592262 57.79999924
v 585085.92268783 4509284.82363543 57.79999924
v 585071.47494545 4509289.73152958 57.79999924
v 585069.85285234 4509292.72159983 57.79999924
v 585090.26109216 4509327.73881965 57.79999924
v 585098.42728898 4509295.42537196 57.79999924
v 585105.21373039 4509292.08380563 57.79999924
v 585108.38291526 4509298.52612404 57.79999924
v 585101.60492267 4509301.86778435 57.79999924
v 585143.39947524 4509249.91216929 6.00000000
v 585123.56820519 4509218.34309667 6.00000000
v 585123.24501491 4509218.53922487 6.00000000
v 585100.60756067 4509232.76766763 6.00000000
v 585101.13001601 4509233.60632533 6.00000000
v 585074.07465724 4509251.59217670 6.00000000
v 585076.48655882 4509262.94404188 6.00000000
v 585142.94709849 4509251.06159798 6.00000000
v 585142.80414634 4509250.27170376 6.00000000
v 585110.58302220 4509234.14781482 6.00000000
v 585114.66097532 4509233.52849817 6.00000000
v 585116.56857606 4509236.57018131 6.00000000
v 585110.32435322 4509240.49527430 6.00000000
v 585105.33924071 4509243.62436805 6.00000000
v 585103.19939288 4509240.21365119 6.00000000
v 585105.93811105 4509237.06987265 6.00000000
v 585143.39947524 4509249.91216929 36.89999962
v 585123.56820519 4509218.34309667 36.89999962
v 585123.24501491 4509218.53922487 36.89999962
v 585100.60756067 4509232.76766763 36.89999962
v 585101.13001601 4509233.60632533 36.89999962
v 585074.07465724 4509251.59217670 36.89999962
v 585076.48655882 4509262.94404188 36.89999962
v 585142.94709849 4509251.06159798 36.89999962
v 585142.80414634 4509250.27170376 36.89999962
v 585110.58302220 4509234.14781482 36.89999962
v 585114.66097532 4509233.52849817 36.89999962
v 585116.56857606 4509236.57018131 36.89999962
v 585110.32435322 4509240.49527430 36.89999962
v 585105.33924071 4509243.62436805 36.89999962
v 585103.19939288 4509240.21365119 36.89999962
v 585105.93811105 4509237.06987265 36.89999962
v 585068.67480563 4509238.60732093 6.00000000
v 585071.15871927 4509237.05931556 6.00000000
v 585064.81359074 4509226.96127769 6.00000000
v 585038.79906792 4509243.30497768 6.00000000
v 585052.45147373 4509265.03304548 6.00000000
v 585055.97574670 4509266.29471059 6.00000000
v 585076.48655882 4509262.94404188 6.00000000
v 585074.07465724 4509251.59217670 6.00000000
v 585073.65795532 4509249.63341753 6.00000000
v 585075.05305996 4509248.76125354 6.00000000
v 585068.67480563 4509238.60732093 55.40000153
v 585071.15871927 4509237.05931556 55.40000153
v 585064.81359074 4509226.96127769 55.40000153
v 585038.79906792 4509243.30497768 55.40000153
v 585052.45147373 4509265.03304548 55.40000153
v 585055.97574670 4509266.29471059 55.40000153
v 585076.48655882 4509262.94404188 55.40000153
v 585074.07465724 4509251.59217670 55.40000153
v 585073.65795532 4509249.63341753 55.40000153
v 585075.05305996 4509248.76125354 55.40000153
v 585034.66032215 4509236.70724414 6.00000000
v 585038.79906792 4509243.30497768 6.00000000
v 585064.81359074 4509226.96127769 6.00000000
v 585065.90252672 4509226.27433578 6.00000000
v 585061.76366721 4509219.68768775 6.00000000
v 585034.66032215 4509236.70724414 28.20000076
v 585038.79906792 4509243.30497768 28.20000076
v 585064.81359074 4509226.96127769 28.20000076
v 585065.90252672 4509226.27433578 28.20000076
v 585061.76366721 4509219.68768775 28.20000076
v 584947.49924247 4509228.70266834 6.00000000
v 584945.50839693 4509225.54905551 6.00000000
v 584932.78164478 4509233.57443451 6.00000000
v 584947.29798671 4509256.58894252 6.00000000
v 584982.01572573 4509234.70478834 6.00000000
v 584997.84759939 4509224.72780473 6.00000000
v 584983.41451968 4509201.82517219 6.00000000
v 584958.38628996 4509217.60314454 6.00000000
v 584960.29408525 4509220.63368567 6.00000000
v 584947.49924247 4509228.70266834 64.40000153
v 584945.50839693 4509225.54905551 64.40000153
v 584932.78164478 4509233.57443451 64.40000153
v 584947.29798671 4509256.58894252 64.40000153
v 584982.01572573 4509234.70478834 64.40000153
v 584997.84759939 4509224.72780473 64.40000153
v 584983.41451968 4509201.82517219 64.40000153
v 584958.38628996 4509217.60314454 64.40000153
v 584960.29408525 4509220.63368567 64.40000153
v 584903.51383135 4509230.91887951 6.00000000
v 584914.76590145 4509248.41148456 6.00000000
v 584921.65764846 4509243.98294787 6.00000000
v 584905.06169631 4509218.18024598 6.00000000
v 584898.17825376 4509222.61999552 6.00000000
v 584903.51383135 4509230.91887951 23.10000038
v 584914.76590145 4509248.41148456 23.10000038
v 584921.65764846 4509243.98294787 23.10000038
v 584905.06169631 4509218.18024598 23.10000038
v 584898.17825376 4509222.61999552 23.10000038
v 584883.60459705 4509237.05244850 6.00000000
v 584884.26823329 4509236.62706273 6.00000000
v 584886.61650044 4509240.28434691 6.00000000
v 584884.99995120 4509241.32054261 6.00000000
v 584885.68878024 4509242.38313205 6.00000000
v 584882.78743759 4509244.24838158 6.00000000
v 584882.09860832 4509243.18579241 6.00000000
v 584880.45647238 4509244.24390042 6.00000000
v 584878.10820357 4509240.58661821 6.00000000
v 584878.84847606 4509240.10659858 6.00000000
v 584876.54153862 4509236.52750507 6.00000000
v 584859.55891206 4509247.44635586 6.00000000
v 584864.90295777 4509255.74530865 6.00000000
v 584867.78727510 4509253.89095958 6.00000000
v 584875.83633401 4509266.40639044 6.00000000
v 584886.76946619 4509259.38177798 6.00000000
v 584881.73268697 4509251.54151403 6.00000000
v 584882.37930555 4509251.12703544 6.00000000
v 584883.23410294 4509252.44687395 6.00000000
v 584885.36113806 4509251.08345816 6.00000000
v 584884.50646797 4509249.75251871 6.00000000
v 584885.70605269 4509248.98910267 6.00000000
v 584886.22878489 4509249.80554352 6.00000000
v 584886.53520518 4509249.59811105 6.00000000
v 584891.04912266 4509256.63303772 6.00000000
v 584908.79763907 4509245.21233059 6.00000000
v 584900.74861044 4509232.69686386 6.00000000
v 584903.51383135 4509230.91887951 6.00000000
v 584898.17825376 4509222.61999552 6.00000000
v 584881.29778795 4509233.46225282 6.00000000
v 584883.60459705 4509237.05244850 25.20000076
v 584884.26823329 4509236.62706273 25.20000076
v 584886.61650044 4509240.28434691 25.20000076
v 584884.99995120 4509241.32054261 25.20000076
v 584885.68878024 4509242.38313205 25.20000076
v 584882.78743759 4509244.24838158 25.20000076
v 584882.09860832 4509243.18579241 25.20000076
v 584880.45647238 4509244.24390042 25.20000076
v 584878.10820357 4509240.58661821 25.20000076
v 584878.84847606 4509240.10659858 25.20000076
v 584876.54153862 4509236.52750507 25.20000076
v 584859.55891206 4509247.44635586 25.20000076
v 584864.90295777 4509255.74530865 25.20000076
v 584867.78727510 4509253.89095958 25.20000076
v 584875.83633401 4509266.40639044 25.20000076
v 584886.76946619 4509259.38177798 25.20000076
v 584881.73268697 4509251.54151403 25.20000076
v 584882.37930555 4509251.12703544 25.20000076
v 584883.23410294 4509252.44687395 25.20000076
v 584885.36113806 4509251.08345816 25.20000076
v 584884.50646797 4509249.75251871 25.20000076
v 584885.70605269 4509248.98910267 25.20000076
v 584886.22878489 4509249.80554352 25.20000076
v 584886.53520518 4509249.59811105 25.20000076
v 584891.04912266 4509256.63303772 25.20000076
v 584908.79763907 4509245.21233059 25.20000076
v 584900.74861044 4509232.69686386 25.20000076
v 584903.51383135 4509230.91887951 25.20000076
v 584898.17825376 4509222.61999552 25.20000076
v 584881.29778795 4509233.46225282 25.20000076
v 584934.94246467 4509264.65187652 6.00000000
v 584921.65764846 4509243.98294787 6.00000000
v 584914.76590145 4509248.41148456 6.00000000
v 584928.05072812 4509269.08040083 6.00000000
v 584934.94246467 4509264.65187652 43.90000153
v 584921.65764846 4509243.98294787 43.90000153
v 584914.76590145 4509248.41148456 43.90000153
v 584928.05072812 4509269.08040083 43.90000153
v 584914.76590145 4509248.41148456 6.00000000
v 584910.63080637 4509251.07304988 6.00000000
v 584911.10375803 4509251.81120749 6.00000000
v 584908.51715056 4509253.48021297 6.00000000
v 584921.32916276 4509273.39985904 6.00000000
v 584928.05072812 4509269.08040083 6.00000000
v 584914.76590145 4509248.41148456 49.90000153
v 584910.63080637 4509251.07304988 49.90000153
v 584911.10375803 4509251.81120749 49.90000153
v 584908.51715056 4509253.48021297 49.90000153
v 584921.32916276 4509273.39985904 49.90000153
v 584928.05072812 4509269.08040083 49.90000153
v 584907.95029122 4509252.82979724 6.00000000
v 584906.06135347 4509254.05160542 6.00000000
v 584907.36414568 4509256.07601194 6.00000000
v 584900.70207483 4509260.36286364 6.00000000
v 584912.70178345 4509278.94093628 6.00000000
v 584921.32916276 4509273.39985904 6.00000000
v 584908.51715056 4509253.48021297 6.00000000
v 584908.41505268 4509253.54565660 6.00000000
v 584907.95029122 4509252.82979724 49.90000153
v 584906.06135347 4509254.05160542 49.90000153
v 584907.36414568 4509256.07601194 49.90000153
v 584900.70207483 4509260.36286364 49.90000153
v 584912.70178345 4509278.94093628 49.90000153
v 584921.32916276 4509273.39985904 49.90000153
v 584908.51715056 4509253.48021297 49.90000153
v 584908.41505268 4509253.54565660 49.90000153
v 584893.31678756 4509262.16566317 6.00000000
v 584890.89190584 4509263.72550496 6.00000000
v 584904.19340369 4509284.41677312 6.00000000
v 584912.70178345 4509278.94093628 6.00000000
v 584900.70207483 4509260.36286364 6.00000000
v 584894.65272449 4509264.24595763 6.00000000
v 584893.31678756 4509262.16566317 49.90000153
v 584890.89190584 4509263.72550496 49.90000153
v 584904.19340369 4509284.41677312 49.90000153
v 584912.70178345 4509278.94093628 49.90000153
v 584900.70207483 4509260.36286364 49.90000153
v 584894.65272449 4509264.24595763 49.90000153
v 584895.81272175 4509289.80526449 6.00000000
v 584904.19340369 4509284.41677312 6.00000000
v 584890.89190584 4509263.72550496 6.00000000
v 584882.51121117 4509269.11401140 6.00000000
v 584895.81272175 4509289.80526449 36.79999924
v 584904.19340369 4509284.41677312 36.79999924
v 584890.89190584 4509263.72550496 36.79999924
v 584882.51121117 4509269.11401140 36.79999924
v 585001.70032998 4509265.11716387 6.00000000
v 584973.28176773 4509282.69917079 6.00000000
v 584991.08750395 4509311.23593161 6.00000000
v 584994.52912021 4509316.75984406 6.00000000
v 585003.41791898 4509311.25516478 6.00000000
v 585039.33878232 4509289.02980443 6.00000000
v 585009.00236374 4509240.37648685 6.00000000
v 584992.60268282 4509250.52457179 6.00000000
v 585001.70032998 4509265.11716387 97.80000305
v 584973.28176773 4509282.69917079 97.80000305
v 584991.08750395 4509311.23593161 97.80000305
v 584994.52912021 4509316.75984406 97.80000305
v 585003.41791898 4509311.25516478 97.80000305
v 585039.33878232 4509289.02980443 97.80000305
v 585009.00236374 4509240.37648685 97.80000305
v 584992.60268282 4509250.52457179 97.80000305
v 584948.39260949 4509288.57565363 6.00000000
v 584943.93851390 4509281.48586438 6.00000000
v 584929.39175253 4509290.62281450 6.00000000
v 584936.17655367 4509301.42520583 6.00000000
v 584944.58708362 4509314.81082484 6.00000000
v 584948.23649427 4509312.52118693 6.00000000
v 584954.34100757 4509322.24999639 6.00000000
v 584956.06783724 4509321.17067097 6.00000000
v 584965.23819625 4509315.41382377 6.00000000
v 584960.12065522 4509307.26171712 6.00000000
v 584948.39260949 4509288.57565363 53.79999924
v 584943.93851390 4509281.48586438 53.79999924
v 584929.39175253 4509290.62281450 53.79999924
v 584936.17655367 4509301.42520583 53.79999924
v 584944.58708362 4509314.81082484 53.79999924
v 584948.23649427 4509312.52118693 53.79999924
v 584954.34100757 4509322.24999639 53.79999924
v 584956.06783724 4509321.17067097 53.79999924
v 584965.23819625 4509315.41382377 53.79999924
v 584960.12065522 4509307.26171712 53.79999924
v 584931.26926196 4509321.36394877 6.00000000
v 584936.46155273 4509329.62791287 6.00000000
v 584948.95798405 4509321.78864076 6.00000000
v 584944.58708362 4509314.81082484 6.00000000
v 584936.17655367 4509301.42520583 6.00000000
v 584929.39175253 4509290.62281450 6.00000000
v 584918.26478007 4509297.61183779 6.00000000
v 584904.70502151 4509306.11621528 6.00000000
v 584892.05572203 4509314.03152586 6.00000000
v 584913.42207731 4509348.04891491 6.00000000
v 584926.36893581 4509339.95941543 6.00000000
v 584919.37673246 4509328.83269420 6.00000000
v 584924.59148924 4509325.55067911 6.00000000
v 584931.26926196 4509321.36394877 32.60000038
v 584936.46155273 4509329.62791287 32.60000038
v 584948.95798405 4509321.78864076 32.60000038
v 584944.58708362 4509314.81082484 32.60000038
v 584936.17655367 4509301.42520583 32.60000038
v 584929.39175253 4509290.62281450 32.60000038
v 584918.26478007 4509297.61183779 32.60000038
v 584904.70502151 4509306.11621528 32.60000038
v 584892.05572203 4509314.03152586 32.60000038
v 584913.42207731 4509348.04891491 32.60000038
v 584926.36893581 4509339.95941543 32.60000038
v 584919.37673246 4509328.83269420 32.60000038
v 584924.59148924 4509325.55067911 32.60000038
v 584870.17389106 4509326.50406593 6.00000000
v 584887.31667565 4509353.95607528 6.00000000
v 584891.50649598 4509351.67259769 6.00000000
v 584895.13155524 4509349.29383850 6.00000000
v 584895.42120992 4509349.07511234 6.00000000
v 584879.02074077 4509320.96545367 6.00000000
v 584870.17389106 4509326.50406593 42.00000000
v 584887.31667565 4509353.95607528 42.00000000
v 584891.50649598 4509351.67259769 42.00000000
v 584895.13155524 4509349.29383850 42.00000000
v 584895.42120992 4509349.07511234 42.00000000
v 584879.02074077 4509320.96545367 42.00000000
v 584944.82886425 4509332.77686238 6.00000000
v 584943.33042303 4509330.13958900 6.00000000
v 584935.24366626 4509335.67573092 6.00000000
v 584927.15692163 4509341.21188152 6.00000000
v 584926.36893581 4509339.95941543 6.00000000
v 584913.42207731 4509348.04891491 6.00000000
v 584921.72395770 4509361.33334567 6.00000000
v 584933.21072222 4509353.89326309 6.00000000
v 584947.24103181 4509345.59416840 6.00000000
v 584953.06349297 4509354.87566066 6.00000000
v 584969.48156226 4509344.57227496 6.00000000
v 584971.32278030 4509347.51324039 6.00000000
v 584981.41186897 4509341.17852915 6.00000000
v 584976.87491965 4509333.95454242 6.00000000
v 584969.84989723 4509322.74968068 6.00000000
v 584965.23819625 4509315.41382377 6.00000000
v 584956.06783724 4509321.17067097 6.00000000
v 584958.11649073 4509324.43597178 6.00000000
v 584944.82886425 4509332.77686238 29.89999962
v 584943.33042303 4509330.13958900 29.89999962
v 584935.24366626 4509335.67573092 29.89999962
v 584927.15692163 4509341.21188152 29.89999962
v 584926.36893581 4509339.95941543 29.89999962
v 584913.42207731 4509348.04891491 29.89999962
v 584921.72395770 4509361.33334567 29.89999962
v 584933.21072222 4509353.89326309 29.89999962
v 584947.24103181 4509345.59416840 29.89999962
v 584953.06349297 4509354.87566066 29.89999962
v 584969.48156226 4509344.57227496 29.89999962
v 584971.32278030 4509347.51324039 29.89999962
v 584981.41186897 4509341.17852915 29.89999962
v 584976.87491965 4509333.95454242 29.89999962
v 584969.84989723 4509322.74968068 29.89999962
v 584965.23819625 4509315.41382377 29.89999962
v 584956.06783724 4509321.17067097 29.89999962
v 584958.11649073 4509324.43597178 29.89999962
v 585069.15247027 4509336.83349956 6.00000000
v 585039.33878232 4509289.02980443 6.00000000
v 585003.41791898 4509311.25516478 6.00000000
v 585008.20310229 4509318.92609976 6.00000000
v 585001.05803382 4509323.35165186 6.00000000
v 585017.98435740 4509350.49063411 6.00000000
v 585028.06389344 4509344.25579512 6.00000000
v 585039.59802414 4509337.11617511 6.00000000
v 585047.13642740 4509349.20406496 6.00000000
v 585069.15247027 4509336.83349956 105.40000153
v 585039.33878232 4509289.02980443 105.40000153
v 585003.41791898 4509311.25516478 105.40000153
v 585008.20310229 4509318.92609976 105.40000153
v 585001.05803382 4509323.35165186 105.40000153
v 585017.98435740 4509350.49063411 105.40000153
v 585028.06389344 4509344.25579512 105.40000153
v 585039.59802414 4509337.11617511 105.40000153
v 585047.13642740 4509349.20406496 105.40000153
v 585097.74468153 4509388.00946430 6.00000000
v 585098.12563052 4509386.45953576 6.00000000
v 585097.11668571 4509384.59389611 6.00000000
v 585095.90887466 4509384.60223749 6.00000000
v 585091.31122394 4509376.05632400 6.00000000
v 585088.70651036 4509371.20809720 6.00000000
v 585089.28630338 4509369.99351482 6.00000000
v 585088.32700161 4509368.21726348 6.00000000
v 585087.06928551 4509368.15842073 6.00000000
v 585082.89323753 4509360.40560431 6.00000000
v 585078.89913777 4509352.98794293 6.00000000
v 585063.48366653 4509361.28200206 6.00000000
v 585058.39333306 4509364.02134285 6.00000000
v 585042.50221723 4509372.55423491 6.00000000
v 585037.41189947 4509375.29358991 6.00000000
v 585022.36192505 4509383.39208582 6.00000000
v 585016.11592218 4509386.75102447 6.00000000
v 585025.98929934 4509405.11617864 6.00000000
v 585032.52418474 4509401.60513167 6.00000000
v 585043.03615519 4509395.95258543 6.00000000
v 585056.14856931 4509388.89770914 6.00000000
v 585059.21637939 4509394.60610267 6.00000000
v 585063.29313576 4509402.18013245 6.00000000
v 585050.63966508 4509408.98491120 6.00000000
v 585039.88973512 4509414.76794278 6.00000000
v 585044.65274122 4509423.62658092 6.00000000
v 585049.64733963 4509432.90976094 6.00000000
v 585064.33184507 4509425.00696710 6.00000000
v 585069.42213987 4509422.26763075 6.00000000
v 585077.69064669 4509417.82173054 6.00000000
v 585085.30486689 4509413.72359928 6.00000000
v 585090.40362182 4509410.98437406 6.00000000
v 585096.95555045 4509407.46247659 6.00000000
v 585105.68302068 4509402.76652526 6.00000000
v 585100.75462355 4509393.60619015 6.00000000
v 585097.74468153 4509388.00946430 29.50000000
v 585098.12563052 4509386.45953576 29.50000000
v 585097.11668571 4509384.59389611 29.50000000
v 585095.90887466 4509384.60223749 29.50000000
v 585091.31122394 4509376.05632400 29.50000000
v 585088.70651036 4509371.20809720 29.50000000
v 585089.28630338 4509369.99351482 29.50000000
v 585088.32700161 4509368.21726348 29.50000000
v 585087.06928551 4509368.15842073 29.50000000
v 585082.89323753 4509360.40560431 29.50000000
v 585078.89913777 4509352.98794293 29.50000000
v 585063.48366653 4509361.28200206 29.50000000
v 585058.39333306 4509364.02134285 29.50000000
v 585042.50221723 4509372.55423491 29.50000000
v 585037.41189947 4509375.29358991 29.50000000
v 585022.36192505 4509383.39208582 29.50000000
v 585016.11592218 4509386.75102447 29.50000000
v 585025.98929934 4509405.11617864 29.50000000
v 585032.52418474 4509401.60513167 29.50000000
v 585043.03615519 4509395.95258543 29.50000000
v 585056.14856931 4509388.89770914 29.50000000
v 585059.21637939 4509394.60610267 29.50000000
v 585063.29313576 4509402.18013245 29.50000000
v 585050.63966508 4509408.98491120 29.50000000
v 585039.88973512 4509414.76794278 29.50000000
v 585044.65274122 4509423.62658092 29.50000000
v 585049.64733963 4509432.90976094 29.50000000
v 585064.33184507 4509425.00696710 29.50000000
v 585069.42213987 4509422.26763075 29.50000000
v 585077.69064669 4509417.82173054 29.50000000
v 585085.30486689 4509413.72359928 29.50000000
v 585090.40362182 4509410.98437406 29.50000000
v 585096.95555045 4509407.46247659 29.50000000
v 585105.68302068 4509402.76652526 29.50000000
v 585100.75462355 4509393.60619015 29.50000000
v 584967.33498903 4509391.12117180 6.00000000
v 584974.63439011 4509386.48641712 6.00000000
v 584981.44890406 4509382.15697160 6.00000000
v 584977.48357979 4509375.90542208 6.00000000
v 584980.66534550 4509373.88799411 6.00000000
v 584981.44525574 4509375.10706739 6.00000000
v 584983.51252794 4509373.79850564 6.00000000
v 584987.58571758 4509380.21782712 6.00000000
v 584994.28970354 4509375.95373898 6.00000000
v 585000.92550525 4509371.74438573 6.00000000
v 584997.77298678 4509366.78999277 6.00000000
v 584996.53950349 4509367.56410416 6.00000000
v 584994.56509791 4509364.45507295 6.00000000
v 584995.73908841 4509363.71358564 6.00000000
v 584991.54958218 4509357.12639432 6.00000000
v 584990.38403557 4509357.86797910 6.00000000
v 584988.45108363 4509354.82603777 6.00000000
v 584989.62507499 4509354.08454949 6.00000000
v 584985.10375847 4509346.97175780 6.00000000
v 584979.22510196 4509350.70130921 6.00000000
v 584971.87461498 4509355.36878108 6.00000000
v 584979.28283049 4509367.03322628 6.00000000
v 584976.22004820 4509368.98540573 6.00000000
v 584974.56924368 4509366.37968552 6.00000000
v 584972.09633457 4509366.97306351 6.00000000
v 584969.33381540 4509362.62266880 6.00000000
v 584961.95788583 4509367.30096066 6.00000000
v 584955.10933818 4509371.65223836 6.00000000
v 584957.86354473 4509375.99143030 6.00000000
v 584956.64695619 4509376.76574177 6.00000000
v 584956.39690097 4509377.95080589 6.00000000
v 584957.90669742 4509380.33286330 6.00000000
v 584956.63048960 4509381.15090017 6.00000000
v 584954.93523956 4509381.68658197 6.00000000
v 584953.33407984 4509379.17025257 6.00000000
v 584951.96869991 4509378.18872108 6.00000000
v 584945.98746540 4509368.76108188 6.00000000
v 584938.82419470 4509373.30860702 6.00000000
v 584932.64773793 4509377.23462118 6.00000000
v 584937.16895716 4509384.35848142 6.00000000
v 584938.18134955 4509383.71505320 6.00000000
v 584939.92352531 4509386.45503768 6.00000000
v 584938.85164050 4509387.13109052 6.00000000
v 584943.14879034 4509393.90822131 6.00000000
v 584944.15273756 4509393.26469717 6.00000000
v 584945.98614413 4509396.15005636 6.00000000
v 584944.92283173 4509396.81510438 6.00000000
v 584948.24952459 4509402.04902377 6.00000000
v 584961.59767154 4509393.57560939 6.00000000
v 584958.10502074 4509388.08443287 6.00000000
v 584963.31156472 4509384.78014695 6.00000000
v 584967.33498903 4509391.12117180 24.00000000
v 584974.63439011 4509386.48641712 24.00000000
v 584981.44890406 4509382.15697160 24.00000000
v 584977.48357979 4509375.90542208 24.00000000
v 584980.66534550 4509373.88799411 24.00000000
v 584981.44525574 4509375.10706739 24.00000000
v 584983.51252794 4509373.79850564 24.00000000
v 584987.58571758 4509380.21782712 24.00000000
v 584994.28970354 4509375.95373898 24.00000000
v 585000.92550525 4509371.74438573 24.00000000
v 584997.77298678 4509366.78999277 24.00000000
v 584996.53950349 4509367.56410416 24.00000000
v 584994.56509791 4509364.45507295 24.00000000
v 584995.73908841 4509363.71358564 24.00000000
v 584991.54958218 4509357.12639432 24.00000000
v 584990.38403557 4509357.86797910 24.00000000
v 584988.45108363 4509354.82603777 24.00000000
v 584989.62507499 4509354.08454949 24.00000000
v 584985.10375847 4509346.97175780 24.00000000
v 584979.22510196 4509350.70130921 24.00000000
v 584971.87461498 4509355.36878108 24.00000000
v 584979.28283049 4509367.03322628 24.00000000
v 584976.22004820 4509368.98540573 24.00000000
v 584974.56924368 4509366.37968552 24.00000000
v 584972.09633457 4509366.97306351 24.00000000
v 584969.33381540 4509362.62266880 24.00000000
v 584961.95788583 4509367.30096066 24.00000000
v 584955.10933818 4509371.65223836 24.00000000
v 584957.86354473 4509375.99143030 24.00000000
v 584956.64695619 4509376.76574177 24.00000000
v 584956.39690097 4509377.95080589 24.00000000
v 584957.90669742 4509380.33286330 24.00000000
v 584956.63048960 4509381.15090017 24.00000000
v 584954.93523956 4509381.68658197 24.00000000
v 584953.33407984 4509379.17025257 24.00000000
v 584951.96869991 4509378.18872108 24.00000000
v 584945.98746540 4509368.76108188 24.00000000
v 584938.82419470 4509373.30860702 24.00000000
v 584932.64773793 4509377.23462118 24.00000000
v 584937.16895716 4509384.35848142 24.00000000
v 584938.18134955 4509383.71505320 24.00000000
v 584939.92352531 4509386.45503768 24.00000000
v 584938.85164050 4509387.13109052 24.00000000
v 584943.14879034 4509393.90822131 24.00000000
v 584944.15273756 4509393.26469717 24.00000000
v 584945.98614413 4509396.15005636 24.00000000
v 584944.92283173 4509396.81510438 24.00000000
v 584948.24952459 4509402.04902377 24.00000000
v 584961.59767154 4509393.57560939 24.00000000
v 584958.10502074 4509388.08443287 24.00000000
v 584963.31156472 4509384.78014695 24.00000000
v 584923.94226657 4509364.53396754 6.00000000
v 584926.34729403 4509368.39175539 6.00000000
v 584929.65636141 4509373.69207647 6.00000000
v 584935.44068621 4509370.08352972 6.00000000
v 584942.99431102 4509365.37394140 6.00000000
v 584939.55268097 4509359.85005271 6.00000000
v 584937.28867004 4509356.21591889 6.00000000
v 584930.66222703 4509360.34772057 6.00000000
v 584923.94226657 4509364.53396754 22.50000000
v 584926.34729403 4509368.39175539 22.50000000
v 584929.65636141 4509373.69207647 22.50000000
v 584935.44068621 4509370.08352972 22.50000000
v 584942.99431102 4509365.37394140 22.50000000
v 584939.55268097 4509359.85005271 22.50000000
v 584937.28867004 4509356.21591889 22.50000000
v 584930.66222703 4509360.34772057 22.50000000
v 584909.63997329 4509381.10108623 6.00000000
v 584907.88102342 4509378.34981497 6.00000000
v 584905.83210974 4509375.10672925 6.00000000
v 584904.77092339 4509373.37374459 6.00000000
v 584891.50649598 4509351.67259769 6.00000000
v 584887.31667565 4509353.95607528 6.00000000
v 584878.90751565 4509358.88907007 6.00000000
v 584880.13213492 4509361.10131390 6.00000000
v 584879.56216149 4509361.46115926 6.00000000
v 584880.67351393 4509363.23912298 6.00000000
v 584881.71980898 4509362.58497313 6.00000000
v 584896.82301023 4509386.70522057 6.00000000
v 584899.42740545 4509390.85393827 6.00000000
v 584910.99682039 4509384.30294063 6.00000000
v 584910.10109303 4509382.87160791 6.00000000
v 584910.56884309 4509382.58830916 6.00000000
v 584909.63997329 4509381.10108623 32.79999924
v 584907.88102342 4509378.34981497 32.79999924
v 584905.83210974 4509375.10672925 32.79999924
v 584904.77092339 4509373.37374459 32.79999924
v 584891.50649598 4509351.67259769 32.79999924
v 584887.31667565 4509353.95607528 32.79999924
v 584878.90751565 4509358.88907007 32.79999924
v 584880.13213492 4509361.10131390 32.79999924
v 584879.56216149 4509361.46115926 32.79999924
v 584880.67351393 4509363.23912298 32.79999924
v 584881.71980898 4509362.58497313 32.79999924
v 584896.82301023 4509386.70522057 32.79999924
v 584899.42740545 4509390.85393827 32.79999924
v 584910.99682039 4509384.30294063 32.79999924
v 584910.10109303 4509382.87160791 32.79999924
v 584910.56884309 4509382.58830916 32.79999924
v 584847.98779855 4509369.25982397 6.00000000
v 584869.61049672 4509403.75741443 6.00000000
v 584882.00463674 4509395.98347574 6.00000000
v 584860.39041566 4509361.48594567 6.00000000
v 584859.76082374 4509361.88951871 6.00000000
v 584847.98779855 4509369.25982397 31.60000038
v 584869.61049672 4509403.75741443 31.60000038
v 584882.00463674 4509395.98347574 31.60000038
v 584860.39041566 4509361.48594567 31.60000038
v 584859.76082374 4509361.88951871 31.60000038
v 584832.14142386 4509389.40651004 6.00000000
v 584832.59202750 4509389.14521455 6.00000000
v 584826.90900312 4509379.47684014 6.00000000
v 584825.88011235 4509380.08678811 6.00000000
v 584817.05719643 4509365.08677826 6.00000000
v 584810.40410085 4509369.34050405 6.00000000
v 584819.45877023 4509384.75393635 6.00000000
v 584826.02808137 4509395.94233617 6.00000000
v 584833.43386101 4509391.59731773 6.00000000
v 584832.14142386 4509389.40651004 23.00000000
v 584832.59202750 4509389.14521455 23.00000000
v 584826.90900312 4509379.47684014 23.00000000
v 584825.88011235 4509380.08678811 23.00000000
v 584817.05719643 4509365.08677826 23.00000000
v 584810.40410085 4509369.34050405 23.00000000
v 584819.45877023 4509384.75393635 23.00000000
v 584826.02808137 4509395.94233617 23.00000000
v 584833.43386101 4509391.59731773 23.00000000
v 584819.93201761 4509403.92164292 6.00000000
v 584820.15836788 4509402.59197575 6.00000000
v 584814.25165640 4509392.54357917 6.00000000
v 584803.29171107 4509373.87763774 6.00000000
v 584796.06009207 4509378.50223151 6.00000000
v 584805.10646140 4509393.90444895 6.00000000
v 584813.26638303 4509407.79774933 6.00000000
v 584815.31361485 4509407.49920711 6.00000000
v 584816.00948486 4509408.68399459 6.00000000
v 584815.42618420 4509410.20941690 6.00000000
v 584815.57526287 4509410.46647155 6.00000000
v 584820.01561855 4509418.02231666 6.00000000
v 584827.51045121 4509414.01137585 6.00000000
v 584822.24166065 4509405.04717856 6.00000000
v 584820.57810971 4509405.02814638 6.00000000
v 584819.93201761 4509403.92164292 25.60000038
v 584820.15836788 4509402.59197575 25.60000038
v 584814.25165640 4509392.54357917 25.60000038
v 584803.29171107 4509373.87763774 25.60000038
v 584796.06009207 4509378.50223151 25.60000038
v 584805.10646140 4509393.90444895 25.60000038
v 584813.26638303 4509407.79774933 25.60000038
v 584815.31361485 4509407.49920711 25.60000038
v 584816.00948486 4509408.68399459 25.60000038
v 584815.42618420 4509410.20941690 25.60000038
v 584815.57526287 4509410.46647155 25.60000038
v 584820.01561855 4509418.02231666 25.60000038
v 584827.51045121 4509414.01137585 25.60000038
v 584822.24166065 4509405.04717856 25.60000038
v 584820.57810971 4509405.02814638 25.60000038
v 584796.06009207 4509378.50223151 6.00000000
v 584788.89667248 4509383.07210138 6.00000000
v 584803.97390548 4509408.74615604 6.00000000
v 584804.78571341 4509410.13210707 6.00000000
v 584810.11693262 4509406.99567392 6.00000000
v 584803.10843357 4509395.06952369 6.00000000
v 584805.10646140 4509393.90444895 6.00000000
v 584796.06009207 4509378.50223151 23.39999962
v 584788.89667248 4509383.07210138 23.39999962
v 584803.97390548 4509408.74615604 23.39999962
v 584804.78571341 4509410.13210707 23.39999962
v 584810.11693262 4509406.99567392 23.39999962
v 584803.10843357 4509395.06952369 23.39999962
v 584805.10646140 4509393.90444895 23.39999962
v 584814.25165640 4509392.54357917 6.00000000
v 584818.78365412 4509389.87540109 6.00000000
v 584816.72086445 4509386.36573080 6.00000000
v 584819.45877023 4509384.75393635 6.00000000
v 584810.40410085 4509369.34050405 6.00000000
v 584803.29171107 4509373.87763774 6.00000000
v 584814.25165640 4509392.54357917 23.20000076
v 584818.78365412 4509389.87540109 23.20000076
v 584816.72086445 4509386.36573080 23.20000076
v 584819.45877023 4509384.75393635 23.20000076
v 584810.40410085 4509369.34050405 23.20000076
v 584803.29171107 4509373.87763774 23.20000076
v 584880.67351393 4509363.23912298 6.00000000
v 584879.56216149 4509361.46115926 6.00000000
v 584880.13213492 4509361.10131390 6.00000000
v 584878.90751565 4509358.88907007 6.00000000
v 584869.94871408 4509363.88239517 6.00000000
v 584866.21642871 4509357.92223136 6.00000000
v 584869.03213526 4509356.15591530 6.00000000
v 584864.09712229 4509348.28351934 6.00000000
v 584854.85894783 4509354.07301896 6.00000000
v 584859.76082374 4509361.88951871 6.00000000
v 584860.39041566 4509361.48594567 6.00000000
v 584882.00463674 4509395.98347574 6.00000000
v 584889.99229849 4509390.97904626 6.00000000
v 584896.82301023 4509386.70522057 6.00000000
v 584881.71980898 4509362.58497313 6.00000000
v 584880.67351393 4509363.23912298 11.69999981
v 584879.56216149 4509361.46115926 11.69999981
v 584880.13213492 4509361.10131390 11.69999981
v 584878.90751565 4509358.88907007 11.69999981
v 584869.94871408 4509363.88239517 11.69999981
v 584866.21642871 4509357.92223136 11.69999981
v 584869.03213526 4509356.15591530 11.69999981
v 584864.09712229 4509348.28351934 11.69999981
v 584854.85894783 4509354.07301896 11.69999981
v 584859.76082374 4509361.88951871 11.69999981
v 584860.39041566 4509361.48594567 11.69999981
v 584882.00463674 4509395.98347574 11.69999981
v 584889.99229849 4509390.97904626 11.69999981
v 584896.82301023 4509386.70522057 11.69999981
v 584881.71980898 4509362.58497313 11.69999981
v 584864.09712229 4509348.28351934 6.00000000
v 584869.03213526 4509356.15591530 6.00000000
v 584866.21642871 4509357.92223136 6.00000000
v 584869.94871408 4509363.88239517 6.00000000
v 584878.90751565 4509358.88907007 6.00000000
v 584887.31667565 4509353.95607528 6.00000000
v 584870.17389106 4509326.50406593 6.00000000
v 584834.02077915 4509349.16055435 6.00000000
v 584847.98779855 4509369.25982397 6.00000000
v 584859.76082374 4509361.88951871 6.00000000
v 584854.85894783 4509354.07301896 6.00000000
v 584864.09712229 4509348.28351934 70.19999695
v 584869.03213526 4509356.15591530 70.19999695
v 584866.21642871 4509357.92223136 70.19999695
v 584869.94871408 4509363.88239517 70.19999695
v 584878.90751565 4509358.88907007 70.19999695
v 584887.31667565 4509353.95607528 70.19999695
v 584870.17389106 4509326.50406593 70.19999695
v 584834.02077915 4509349.16055435 70.19999695
v 584847.98779855 4509369.25982397 70.19999695
v 584859.76082374 4509361.88951871 70.19999695
v 584854.85894783 4509354.07301896 70.19999695
v 584490.44841530 4509362.29015882 6.00000000
v 584489.80970321 4509361.27258672 6.00000000
v 584516.45226105 4509344.51228006 6.00000000
v 584516.99153540 4509345.36218906 6.00000000
v 584528.56057427 4509338.07785787 6.00000000
v 584495.18840533 4509285.04008018 6.00000000
v 584445.47583507 4509316.31459681 6.00000000
v 584478.94764038 4509369.51981493 6.00000000
v 584480.24065495 4509338.31537270 6.00000000
v 584497.56002395 4509327.42171436 6.00000000
v 584499.93337306 4509325.92777202 6.00000000
v 584511.20675095 4509343.84186958 6.00000000
v 584491.51393312 4509356.24054091 6.00000000
v 584490.44841530 4509362.29015882 30.10000038
v 584489.80970321 4509361.27258672 30.10000038
v 584516.45226105 4509344.51228006 30.10000038
v 584516.99153540 4509345.36218906 30.10000038
v 584528.56057427 4509338.07785787 30.10000038
v 584495.18840533 4509285.04008018 30.10000038
v 584445.47583507 4509316.31459681 30.10000038
v 584478.94764038 4509369.51981493 30.10000038
v 584480.24065495 4509338.31537270 30.10000038
v 584497.56002395 4509327.42171436 30.10000038
v 584499.93337306 4509325.92777202 30.10000038
v 584511.20675095 4509343.84186958 30.10000038
v 584491.51393312 4509356.24054091 30.10000038
v 584542.88903517 4509329.51495801 6.00000000
v 584549.47318377 4509325.37123071 6.00000000
v 584538.29942928 4509307.61363950 6.00000000
v 584535.45421633 4509303.08483730 6.00000000
v 584528.87005659 4509307.22857710 6.00000000
v 584542.88903517 4509329.51495801 26.39999962
v 584549.47318377 4509325.37123071 26.39999962
v 584538.29942928 4509307.61363950 26.39999962
v 584535.45421633 4509303.08483730 26.39999962
v 584528.87005659 4509307.22857710 26.39999962
v 584542.36535160 4509303.59662259 6.00000000
v 584539.76072752 4509299.44803441 6.00000000
v 584535.98376155 4509301.82523268 6.00000000
v 584538.59683136 4509305.97391582 6.00000000
v 584539.67744199 4509306.75228396 6.00000000
v 584538.29942928 4509307.61363950 6.00000000
v 584549.47318377 4509325.37123071 6.00000000
v 584555.53842662 4509321.55465501 6.00000000
v 584544.56367821 4509304.12128547 6.00000000
v 584544.36468031 4509303.79705463 6.00000000
v 584542.66324278 4509304.87676392 6.00000000
v 584542.36535160 4509303.59662259 23.29999924
v 584539.76072752 4509299.44803441 23.29999924
v 584535.98376155 4509301.82523268 23.29999924
v 584538.59683136 4509305.97391582 23.29999924
v 584539.67744199 4509306.75228396 23.29999924
v 584538.29942928 4509307.61363950 23.29999924
v 584549.47318377 4509325.37123071 23.29999924
v 584555.53842662 4509321.55465501 23.29999924
v 584544.56367821 4509304.12128547 23.29999924
v 584544.36468031 4509303.79705463 23.29999924
v 584542.66324278 4509304.87676392 23.29999924
v 584555.53842662 4509321.55465501 6.00000000
v 584561.99503548 4509317.48719886 6.00000000
v 584561.05764379 4509315.99992463 6.00000000
v 584551.02874015 4509300.05391604 6.00000000
v 584544.56367821 4509304.12128547 6.00000000
v 584555.53842662 4509321.55465501 32.10000038
v 584561.99503548 4509317.48719886 32.10000038
v 584561.05764379 4509315.99992463 32.10000038
v 584551.02874015 4509300.05391604 32.10000038
v 584544.56367821 4509304.12128547 32.10000038
v 584573.05530379 4509356.29316915 6.00000000
v 584574.36159306 4509360.23822375 6.00000000
v 584574.63920784 4509361.07405023 6.00000000
v 584579.29430192 4509360.19457471 6.00000000
v 584583.44944104 4509358.72098551 6.00000000
v 584587.09402840 4509356.84189708 6.00000000
v 584590.11815936 4509354.56715686 6.00000000
v 584592.64144968 4509351.77600544 6.00000000
v 584594.03444801 4509348.86093702 6.00000000
v 584595.26185085 4509345.65532403 6.00000000
v 584596.03312566 4509342.45560890 6.00000000
v 584591.00987739 4509340.81069048 6.00000000
v 584587.73899574 4509344.72573038 6.00000000
v 584583.44253606 4509348.96213525 6.00000000
v 584578.30290002 4509353.07790245 6.00000000
v 584573.05530379 4509356.29316915 10.59999990
v 584574.36159306 4509360.23822375 10.59999990
v 584574.63920784 4509361.07405023 10.59999990
v 584579.29430192 4509360.19457471 10.59999990
v 584583.44944104 4509358.72098551 10.59999990
v 584587.09402840 4509356.84189708 10.59999990
v 584590.11815936 4509354.56715686 10.59999990
v 584592.64144968 4509351.77600544 10.59999990
v 584594.03444801 4509348.86093702 10.59999990
v 584595.26185085 4509345.65532403 10.59999990
v 584596.03312566 4509342.45560890 10.59999990
v 584591.00987739 4509340.81069048 10.59999990
v 584587.73899574 4509344.72573038 10.59999990
v 584583.44253606 4509348.96213525 10.59999990
v 584578.30290002 4509353.07790245 10.59999990
v 584571.64913663 4509305.57370949 6.00000000
v 584572.32963730 4509305.14848877 6.00000000
v 584575.03380289 4509309.45365425 6.00000000
v 584578.60658985 4509307.20737195 6.00000000
v 584573.79550145 4509299.54753299 6.00000000
v 584569.54208494 4509302.23013921 6.00000000
v 584571.64913663 4509305.57370949 16.19999981
v 584572.32963730 4509305.14848877 16.19999981
v 584575.03380289 4509309.45365425 16.19999981
v 584578.60658985 4509307.20737195 16.19999981
v 584573.79550145 4509299.54753299 16.19999981
v 584569.54208494 4509302.23013921 16.19999981
v 584571.19076652 4509295.41003422 6.00000000
v 584573.79550145 4509299.54753299 6.00000000
v 584578.60658985 4509307.20737195 6.00000000
v 584595.27113777 4509296.72834751 6.00000000
v 584578.86314125 4509270.65099186 6.00000000
v 584578.02949517 4509271.17438420 6.00000000
v 584562.20700488 4509281.13014960 6.00000000
v 584565.25965279 4509285.98328975 6.00000000
v 584571.19076652 4509295.41003422 26.50000000
v 584573.79550145 4509299.54753299 26.50000000
v 584578.60658985 4509307.20737195 26.50000000
v 584595.27113777 4509296.72834751 26.50000000
v 584578.86314125 4509270.65099186 26.50000000
v 584578.02949517 4509271.17438420 26.50000000
v 584562.20700488 4509281.13014960 26.50000000
v 584565.25965279 4509285.98328975 26.50000000
v 584515.83065537 4509271.60863760 6.00000000
v 584533.26738535 4509299.32958951 6.00000000
v 584562.20700488 4509281.13014960 6.00000000
v 584578.02949517 4509271.17438420 6.00000000
v 584560.58441483 4509243.45323038 6.00000000
v 584515.83065537 4509271.60863760 50.29999924
v 584533.26738535 4509299.32958951 50.29999924
v 584562.20700488 4509281.13014960 50.29999924
v 584578.02949517 4509271.17438420 50.29999924
v 584560.58441483 4509243.45323038 50.29999924
v 584569.54208494 4509302.23013921 6.00000000
v 584566.93747529 4509298.08154126 6.00000000
v 584571.19076652 4509295.41003422 6.00000000
v 584565.25965279 4509285.98328975 6.00000000
v 584555.38336771 4509292.19886246 6.00000000
v 584557.68098173 4509295.86656341 6.00000000
v 584567.71832184 4509311.81267735 6.00000000
v 584568.73032068 4509313.42292683 6.00000000
v 584575.03380289 4509309.45365425 6.00000000
v 584572.32963730 4509305.14848877 6.00000000
v 584571.64913663 4509305.57370949 6.00000000
v 584569.54208494 4509302.23013921 27.50000000
v 584566.93747529 4509298.08154126 27.50000000
v 584571.19076652 4509295.41003422 27.50000000
v 584565.25965279 4509285.98328975 27.50000000
v 584555.38336771 4509292.19886246 27.50000000
v 584557.68098173 4509295.86656341 27.50000000
v 584567.71832184 4509311.81267735 27.50000000
v 584568.73032068 4509313.42292683 27.50000000
v 584575.03380289 4509309.45365425 27.50000000
v 584572.32963730 4509305.14848877 27.50000000
v 584571.64913663 4509305.57370949 27.50000000
v 584561.05764379 4509315.99992463 6.00000000
v 584567.71832184 4509311.81267735 6.00000000
v 584557.68098173 4509295.86656341 6.00000000
v 584551.02874015 4509300.05391604 6.00000000
v 584561.05764379 4509315.99992463 27.10000038
v 584567.71832184 4509311.81267735 27.10000038
v 584557.68098173 4509295.86656341 27.10000038
v 584551.02874015 4509300.05391604 27.10000038
v 584532.41693309 4509242.06623154 6.00000000
v 584538.61810638 4509238.18457793 6.00000000
v 584526.61541667 4509219.04089620 6.00000000
v 584520.42255239 4509222.93375682 6.00000000
v 584532.41693309 4509242.06623154 21.10000038
v 584538.61810638 4509238.18457793 21.10000038
v 584526.61541667 4509219.04089620 21.10000038
v 584520.42255239 4509222.93375682 21.10000038
v 584538.61810638 4509238.18457793 6.00000000
v 584545.30429983 4509233.98649832 6.00000000
v 584533.30149332 4509214.85390641 6.00000000
v 584526.61541667 4509219.04089620 6.00000000
v 584538.61810638 4509238.18457793 20.50000000
v 584545.30429983 4509233.98649832 20.50000000
v 584533.30149332 4509214.85390641 20.50000000
v 584526.61541667 4509219.04089620 20.50000000
v 584514.53619850 4509227.35191610 6.00000000
v 584526.20719520 4509245.95889466 6.00000000
v 584532.41693309 4509242.06623154 6.00000000
v 584520.42255239 4509222.93375682 6.00000000
v 584518.92947310 4509220.55198425 6.00000000
v 584512.71128039 4509224.44456245 6.00000000
v 584514.53619850 4509227.35191610 24.20000076
v 584526.20719520 4509245.95889466 24.20000076
v 584532.41693309 4509242.06623154 24.20000076
v 584520.42255239 4509222.93375682 24.20000076
v 584518.92947310 4509220.55198425 24.20000076
v 584512.71128039 4509224.44456245 24.20000076
v 584620.55830914 4509281.10756092 6.00000000
v 584619.79568703 4509278.36773324 6.00000000
v 584614.06196860 4509269.40949100 6.00000000
v 584615.54411937 4509268.30509079 6.00000000
v 584608.51549675 4509256.62315614 6.00000000
v 584606.33371096 4509257.60855280 6.00000000
v 584601.82341339 4509250.97352451 6.00000000
v 584607.90512620 4509247.20158618 6.00000000
v 584593.37970590 4509223.41051894 6.00000000
v 584573.33877198 4509236.67097695 6.00000000
v 584607.92541337 4509289.09014873 6.00000000
v 584620.55830914 4509281.10756092 45.59999847
v 584619.79568703 4509278.36773324 45.59999847
v 584614.06196860 4509269.40949100 45.59999847
v 584615.54411937 4509268.30509079 45.59999847
v 584608.51549675 4509256.62315614 45.59999847
v 584606.33371096 4509257.60855280 45.59999847
v 584601.82341339 4509250.97352451 45.59999847
v 584607.90512620 4509247.20158618 45.59999847
v 584593.37970590 4509223.41051894 45.59999847
v 584573.33877198 4509236.67097695 45.59999847
v 584607.92541337 4509289.09014873 45.59999847
v 584601.82341339 4509250.97352451 6.00000000
v 584606.33371096 4509257.60855280 6.00000000
v 584608.51549675 4509256.62315614 6.00000000
v 584615.54411937 4509268.30509079 6.00000000
v 584614.06196860 4509269.40949100 6.00000000
v 584619.79568703 4509278.36773324 6.00000000
v 584623.15156054 4509276.62969405 6.00000000
v 584624.64332794 4509279.12249534 6.00000000
v 584649.77668583 4509262.18999861 6.00000000
v 584648.58208443 4509260.30009992 6.00000000
v 584650.87066016 4509258.83854320 6.00000000
v 584640.84562020 4509243.30323444 6.00000000
v 584618.14169244 4509207.20641679 6.00000000
v 584593.09765471 4509222.96321585 6.00000000
v 584593.37970590 4509223.41051894 6.00000000
v 584607.90512620 4509247.20158618 6.00000000
v 584601.82341339 4509250.97352451 56.00000000
v 584606.33371096 4509257.60855280 56.00000000
v 584608.51549675 4509256.62315614 56.00000000
v 584615.54411937 4509268.30509079 56.00000000
v 584614.06196860 4509269.40949100 56.00000000
v 584619.79568703 4509278.36773324 56.00000000
v 584623.15156054 4509276.62969405 56.00000000
v 584624.64332794 4509279.12249534 56.00000000
v 584649.77668583 4509262.18999861 56.00000000
v 584648.58208443 4509260.30009992 56.00000000
v 584650.87066016 4509258.83854320 56.00000000
v 584640.84562020 4509243.30323444 56.00000000
v 584618.14169244 4509207.20641679 56.00000000
v 584593.09765471 4509222.96321585 56.00000000
v 584593.37970590 4509223.41051894 56.00000000
v 584607.90512620 4509247.20158618 56.00000000
v 584832.38081990 4509304.26694560 6.00000000
v 584830.81559442 4509305.24822918 6.00000000
v 584827.93181422 4509307.05818959 6.00000000
v 584821.90185557 4509297.44136349 6.00000000
v 584825.83193711 4509294.97724300 6.00000000
v 584820.73867520 4509286.90323000 6.00000000
v 584821.41074789 4509286.47793531 6.00000000
v 584814.21280930 4509274.86047207 6.00000000
v 584810.46196195 4509277.16011699 6.00000000
v 584807.16185315 4509279.18736601 6.00000000
v 584787.02682346 4509291.79115171 6.00000000
v 584795.04816539 4509305.26095991 6.00000000
v 584810.03621112 4509329.14655581 6.00000000
v 584817.67530880 4509341.32417099 6.00000000
v 584830.86911960 4509333.04859615 6.00000000
v 584845.96850463 4509323.57361540 6.00000000
v 584844.75745492 4509321.65018869 6.00000000
v 584843.71115763 4509322.30434375 6.00000000
v 584837.45704063 4509312.35187461 6.00000000
v 584832.38081990 4509304.26694560 55.40000153
v 584830.81559442 4509305.24822918 55.40000153
v 584827.93181422 4509307.05818959 55.40000153
v 584821.90185557 4509297.44136349 55.40000153
v 584825.83193711 4509294.97724300 55.40000153
v 584820.73867520 4509286.90323000 55.40000153
v 584821.41074789 4509286.47793531 55.40000153
v 584814.21280930 4509274.86047207 55.40000153
v 584810.46196195 4509277.16011699 55.40000153
v 584807.16185315 4509279.18736601 55.40000153
v 584787.02682346 4509291.79115171 55.40000153
v 584795.04816539 4509305.26095991 55.40000153
v 584810.03621112 4509329.14655581 55.40000153
v 584817.67530880 4509341.32417099 55.40000153
v 584830.86911960 4509333.04859615 55.40000153
v 584845.96850463 4509323.57361540 55.40000153
v 584844.75745492 4509321.65018869 55.40000153
v 584843.71115763 4509322.30434375 55.40000153
v 584837.45704063 4509312.35187461 55.40000153
v 584832.38081990 4509304.26694560 6.00000000
v 584843.71115763 4509322.30434375 6.00000000
v 584844.75745492 4509321.65018869 6.00000000
v 584845.96850463 4509323.57361540 6.00000000
v 584870.39524561 4509307.16667199 6.00000000
v 584861.76254363 4509293.25679763 6.00000000
v 584856.68633508 4509285.17185201 6.00000000
v 584853.87073234 4509286.92707225 6.00000000
v 584843.56085671 4509293.37045033 6.00000000
v 584845.57090120 4509296.32441668 6.00000000
v 584832.38081990 4509304.26694560 55.70000076
v 584843.71115763 4509322.30434375 55.70000076
v 584844.75745492 4509321.65018869 55.70000076
v 584845.96850463 4509323.57361540 55.70000076
v 584870.39524561 4509307.16667199 55.70000076
v 584861.76254363 4509293.25679763 55.70000076
v 584856.68633508 4509285.17185201 55.70000076
v 584853.87073234 4509286.92707225 55.70000076
v 584843.56085671 4509293.37045033 55.70000076
v 584845.57090120 4509296.32441668 55.70000076
v 584869.22116240 4509277.66595000 6.00000000
v 584882.52282025 4509298.34607851 6.00000000
v 584895.81272175 4509289.80526449 6.00000000
v 584882.51121117 4509269.11401140 6.00000000
v 584875.00692743 4509273.93524841 6.00000000
v 584869.22116240 4509277.66595000 41.50000000
v 584882.52282025 4509298.34607851 41.50000000
v 584895.81272175 4509289.80526449 41.50000000
v 584882.51121117 4509269.11401140 41.50000000
v 584875.00692743 4509273.93524841 41.50000000
v 584830.02671275 4509264.94954523 6.00000000
v 584817.79387864 4509272.63660174 6.00000000
v 584814.21280930 4509274.86047207 6.00000000
v 584821.41074789 4509286.47793531 6.00000000
v 584820.73867520 4509286.90323000 6.00000000
v 584825.83193711 4509294.97724300 6.00000000
v 584827.82243952 4509293.73437268 6.00000000
v 584830.46849500 4509297.93905097 6.00000000
v 584833.36072385 4509296.12918813 6.00000000
v 584837.16312567 4509293.75242973 6.00000000
v 584837.85157523 4509294.84831683 6.00000000
v 584842.61532679 4509291.86084174 6.00000000
v 584843.56085671 4509293.37045033 6.00000000
v 584853.87073234 4509286.92707225 6.00000000
v 584856.68633508 4509285.17185201 6.00000000
v 584840.01203669 4509258.82439614 6.00000000
v 584830.02671275 4509264.94954523 49.70000076
v 584817.79387864 4509272.63660174 49.70000076
v 584814.21280930 4509274.86047207 49.70000076
v 584821.41074789 4509286.47793531 49.70000076
v 584820.73867520 4509286.90323000 49.70000076
v 584825.83193711 4509294.97724300 49.70000076
v 584827.82243952 4509293.73437268 49.70000076
v 584830.46849500 4509297.93905097 49.70000076
v 584833.36072385 4509296.12918813 49.70000076
v 584837.16312567 4509293.75242973 49.70000076
v 584837.85157523 4509294.84831683 49.70000076
v 584842.61532679 4509291.86084174 49.70000076
v 584843.56085671 4509293.37045033 49.70000076
v 584853.87073234 4509286.92707225 49.70000076
v 584856.68633508 4509285.17185201 49.70000076
v 584840.01203669 4509258.82439614 49.70000076
v 584859.55891206 4509247.44635586 6.00000000
v 584859.07763752 4509246.69700430 6.00000000
v 584852.16047106 4509251.13640932 6.00000000
v 584869.22116240 4509277.66595000 6.00000000
v 584875.00692743 4509273.93524841 6.00000000
v 584875.19228094 4509271.76135092 6.00000000
v 584864.90295777 4509255.74530865 6.00000000
v 584859.55891206 4509247.44635586 38.20000076
v 584859.07763752 4509246.69700430 38.20000076
v 584852.16047106 4509251.13640932 38.20000076
v 584869.22116240 4509277.66595000 38.20000076
v 584875.00692743 4509273.93524841 38.20000076
v 584875.19228094 4509271.76135092 38.20000076
v 584864.90295777 4509255.74530865 38.20000076
v 584764.16766801 4509253.09418668 6.00000000
v 584777.09416456 4509274.11399345 6.00000000
v 584796.65670764 4509262.09204605 6.00000000
v 584785.15783578 4509243.26454823 6.00000000
v 584783.80637175 4509241.06197344 6.00000000
v 584771.89044146 4509248.36415423 6.00000000
v 584764.16766801 4509253.09418668 31.89999962
v 584777.09416456 4509274.11399345 31.89999962
v 584796.65670764 4509262.09204605 31.89999962
v 584785.15783578 4509243.26454823 31.89999962
v 584783.80637175 4509241.06197344 31.89999962
v 584771.89044146 4509248.36415423 31.89999962
v 584794.49653485 4509237.55382518 6.00000000
v 584785.15783578 4509243.26454823 6.00000000
v 584796.65670764 4509262.09204605 6.00000000
v 584804.71048313 4509257.22150525 6.00000000
v 584802.66929937 4509254.03404986 6.00000000
v 584804.06424300 4509253.17293608 6.00000000
v 584794.49653485 4509237.55382518 32.20000076
v 584785.15783578 4509243.26454823 32.20000076
v 584796.65670764 4509262.09204605 32.20000076
v 584804.71048313 4509257.22150525 32.20000076
v 584802.66929937 4509254.03404986 32.20000076
v 584804.06424300 4509253.17293608 32.20000076
v 584800.97123003 4509221.58528966 6.00000000
v 584801.67581943 4509222.74797037 6.00000000
v 584799.71101776 4509223.95783549 6.00000000
v 584801.23664351 4509226.43995849 6.00000000
v 584791.38756683 4509232.46679868 6.00000000
v 584794.49653485 4509237.55382518 6.00000000
v 584804.06424300 4509253.17293608 6.00000000
v 584802.66929937 4509254.03404986 6.00000000
v 584804.71048313 4509257.22150525 6.00000000
v 584818.51561066 4509248.67534471 6.00000000
v 584828.61904355 4509242.56263338 6.00000000
v 584829.35035988 4509242.12691499 6.00000000
v 584817.17736335 4509223.16953054 6.00000000
v 584812.40157171 4509216.13165609 6.00000000
v 584804.04247102 4509221.10971869 6.00000000
v 584803.42067759 4509220.09231250 6.00000000
v 584800.97123003 4509221.58528966 41.40000153
v 584801.67581943 4509222.74797037 41.40000153
v 584799.71101776 4509223.95783549 41.40000153
v 584801.23664351 4509226.43995849 41.40000153
v 584791.38756683 4509232.46679868 41.40000153
v 584794.49653485 4509237.55382518 41.40000153
v 584804.06424300 4509253.17293608 41.40000153
v 584802.66929937 4509254.03404986 41.40000153
v 584804.71048313 4509257.22150525 41.40000153
v 584818.51561066 4509248.67534471 41.40000153
v 584828.61904355 4509242.56263338 41.40000153
v 584829.35035988 4509242.12691499 41.40000153
v 584817.17736335 4509223.16953054 41.40000153
v 584812.40157171 4509216.13165609 41.40000153
v 584804.04247102 4509221.10971869 41.40000153
v 584803.42067759 4509220.09231250 41.40000153
v 584778.62995452 4509240.99168062 6.00000000
v 584774.54253601 4509234.31697043 6.00000000
v 584770.59600331 4509227.87701837 6.00000000
v 584781.14247823 4509221.42514209 6.00000000
v 584776.56582856 4509213.95658556 6.00000000
v 584772.21311353 4509206.84586079 6.00000000
v 584760.34819001 4509214.11533767 6.00000000
v 584752.20023940 4509219.09587162 6.00000000
v 584745.77016776 4509223.04134649 6.00000000
v 584751.55717021 4509232.49989825 6.00000000
v 584759.54968760 4509245.54745275 6.00000000
v 584764.16766801 4509253.09418668 6.00000000
v 584771.89044146 4509248.36415423 6.00000000
v 584772.22566922 4509245.63686190 6.00000000
v 584771.91073955 4509245.11146083 6.00000000
v 584778.62995452 4509240.99168062 31.50000000
v 584774.54253601 4509234.31697043 31.50000000
v 584770.59600331 4509227.87701837 31.50000000
v 584781.14247823 4509221.42514209 31.50000000
v 584776.56582856 4509213.95658556 31.50000000
v 584772.21311353 4509206.84586079 31.50000000
v 584760.34819001 4509214.11533767 31.50000000
v 584752.20023940 4509219.09587162 31.50000000
v 584745.77016776 4509223.04134649 31.50000000
v 584751.55717021 4509232.49989825 31.50000000
v 584759.54968760 4509245.54745275 31.50000000
v 584764.16766801 4509253.09418668 31.50000000
v 584771.89044146 4509248.36415423 31.50000000
v 584772.22566922 4509245.63686190 31.50000000
v 584771.91073955 4509245.11146083 31.50000000
v 584860.74713021 4509202.66282893 6.00000000
v 584855.92755755 4509195.02490945 6.00000000
v 584839.62780888 4509205.30769826 6.00000000
v 584838.49965936 4509203.51844771 6.00000000
v 584828.10384106 4509210.08298928 6.00000000
v 584840.78826660 4509230.84478976 6.00000000
v 584855.51483938 4509222.23152488 6.00000000
v 584871.13899286 4509213.41762210 6.00000000
v 584863.90549817 4509201.95513474 6.00000000
v 584862.90782651 4509201.31089393 6.00000000
v 584860.74713021 4509202.66282893 49.40000153
v 584855.92755755 4509195.02490945 49.40000153
v 584839.62780888 4509205.30769826 49.40000153
v 584838.49965936 4509203.51844771 49.40000153
v 584828.10384106 4509210.08298928 49.40000153
v 584840.78826660 4509230.84478976 49.40000153
v 584855.51483938 4509222.23152488 49.40000153
v 584871.13899286 4509213.41762210 49.40000153
v 584863.90549817 4509201.95513474 49.40000153
v 584862.90782651 4509201.31089393 49.40000153
v 584796.90000528 4509191.34091979 6.00000000
v 584772.21311353 4509206.84586079 6.00000000
v 584776.56582856 4509213.95658556 6.00000000
v 584781.14247823 4509221.42514209 6.00000000
v 584787.51821553 4509231.83413654 6.00000000
v 584793.59940743 4509228.11785235 6.00000000
v 584790.47379923 4509223.00843186 6.00000000
v 584801.18201664 4509216.44741178 6.00000000
v 584803.42067759 4509220.09231250 6.00000000
v 584804.04247102 4509221.10971869 6.00000000
v 584812.40157171 4509216.13165609 6.00000000
v 584796.90000528 4509191.34091979 64.20000076
v 584772.21311353 4509206.84586079 64.20000076
v 584776.56582856 4509213.95658556 64.20000076
v 584781.14247823 4509221.42514209 64.20000076
v 584787.51821553 4509231.83413654 64.20000076
v 584793.59940743 4509228.11785235 64.20000076
v 584790.47379923 4509223.00843186 64.20000076
v 584801.18201664 4509216.44741178 64.20000076
v 584803.42067759 4509220.09231250 64.20000076
v 584804.04247102 4509221.10971869 64.20000076
v 584812.40157171 4509216.13165609 64.20000076
v 584826.03865222 4509207.51697276 6.00000000
v 584832.95495300 4509203.15524807 6.00000000
v 584830.82316029 4509199.76691013 6.00000000
v 584817.54238026 4509178.70965244 6.00000000
v 584810.61749504 4509183.08239564 6.00000000
v 584826.03865222 4509207.51697276 20.19999981
v 584832.95495300 4509203.15524807 20.19999981
v 584830.82316029 4509199.76691013 20.19999981
v 584817.54238026 4509178.70965244 20.19999981
v 584810.61749504 4509183.08239564 20.19999981
v 584863.90549817 4509201.95513474 6.00000000
v 584871.13899286 4509213.41762210 6.00000000
v 584882.21550144 4509206.41684701 6.00000000
v 584868.95957617 4509185.41528804 6.00000000
v 584857.88317708 4509192.40498230 6.00000000
v 584863.90549817 4509201.95513474 30.79999924
v 584871.13899286 4509213.41762210 30.79999924
v 584882.21550144 4509206.41684701 30.79999924
v 584868.95957617 4509185.41528804 30.79999924
v 584857.88317708 4509192.40498230 30.79999924
v 584882.21550144 4509206.41684701 6.00000000
v 584882.39797955 4509206.70759166 6.00000000
v 584893.21913572 4509199.88154343 6.00000000
v 584877.42503049 4509174.84303669 6.00000000
v 584866.60372678 4509181.68020872 6.00000000
v 584868.95957617 4509185.41528804 6.00000000
v 584882.21550144 4509206.41684701 38.59999847
v 584882.39797955 4509206.70759166 38.59999847
v 584893.21913572 4509199.88154343 38.59999847
v 584877.42503049 4509174.84303669 38.59999847
v 584866.60372678 4509181.68020872 38.59999847
v 584868.95957617 4509185.41528804 38.59999847
v 584830.82316029 4509199.76691013 6.00000000
v 584857.11050574 4509183.17026330 6.00000000
v 584843.82964051 4509162.12405907 6.00000000
v 584817.54238026 4509178.70965244 6.00000000
v 584830.82316029 4509199.76691013 30.50000000
v 584857.11050574 4509183.17026330 30.50000000
v 584843.82964051 4509162.12405907 30.50000000
v 584817.54238026 4509178.70965244 30.50000000
v 584843.82964051 4509162.12405907 6.00000000
v 584857.11050574 4509183.17026330 6.00000000
v 584857.70595247 4509182.79960538 6.00000000
v 584858.11237290 4509183.44818074 6.00000000
v 584863.57400260 4509180.00241487 6.00000000
v 584865.19161898 4509182.56331903 6.00000000
v 584866.60372678 4509181.68020872 6.00000000
v 584877.42503049 4509174.84303669 6.00000000
v 584862.12016079 4509150.58731643 6.00000000
v 584843.82964051 4509162.12405907 38.40000153
v 584857.11050574 4509183.17026330 38.40000153
v 584857.70595247 4509182.79960538 38.40000153
v 584858.11237290 4509183.44818074 38.40000153
v 584863.57400260 4509180.00241487 38.40000153
v 584865.19161898 4509182.56331903 38.40000153
v 584866.60372678 4509181.68020872 38.40000153
v 584877.42503049 4509174.84303669 38.40000153
v 584862.12016079 4509150.58731643 38.40000153
v 584761.67941229 4509175.23978270 6.00000000
v 584763.94828658 4509173.28954068 6.00000000
v 584765.45580236 4509170.70887576 6.00000000
v 584765.93192484 4509168.21633900 6.00000000
v 584765.80206025 4509165.53924027 6.00000000
v 584764.65127566 4509162.77275523 6.00000000
v 584763.48868819 4509161.03863384 6.00000000
v 584761.40937729 4509159.70481178 6.00000000
v 584758.59144292 4509158.70671295 6.00000000
v 584755.60176517 4509158.69474181 6.00000000
v 584753.44919798 4509159.33626423 6.00000000
v 584752.12345036 4509160.05385094 6.00000000
v 584749.18719030 4509155.36849530 6.00000000
v 584739.29947677 4509139.64588769 6.00000000
v 584735.21837907 4509133.14890905 6.00000000
v 584717.65165783 4509144.18353204 6.00000000
v 584717.38624657 4509143.75861855 6.00000000
v 584701.74202972 4509153.59401002 6.00000000
v 584736.00700060 4509208.25274202 6.00000000
v 584743.77341976 4509203.40105521 6.00000000
v 584752.05763777 4509198.32215024 6.00000000
v 584751.65952686 4509197.68477802 6.00000000
v 584769.23666245 4509187.94930535 6.00000000
v 584761.67941229 4509175.23978270 56.50000000
v 584763.94828658 4509173.28954068 56.50000000
v 584765.45580236 4509170.70887576 56.50000000
v 584765.93192484 4509168.21633900 56.50000000
v 584765.80206025 4509165.53924027 56.50000000
v 584764.65127566 4509162.77275523 56.50000000
v 584763.48868819 4509161.03863384 56.50000000
v 584761.40937729 4509159.70481178 56.50000000
v 584758.59144292 4509158.70671295 56.50000000
v 584755.60176517 4509158.69474181 56.50000000
v 584753.44919798 4509159.33626423 56.50000000
v 584752.12345036 4509160.05385094 56.50000000
v 584749.18719030 4509155.36849530 56.50000000
v 584739.29947677 4509139.64588769 56.50000000
v 584735.21837907 4509133.14890905 56.50000000
v 584717.65165783 4509144.18353204 56.50000000
v 584717.38624657 4509143.75861855 56.50000000
v 584701.74202972 4509153.59401002 56.50000000
v 584736.00700060 4509208.25274202 56.50000000
v 584743.77341976 4509203.40105521 56.50000000
v 584752.05763777 4509198.32215024 56.50000000
v 584751.65952686 4509197.68477802 56.50000000
v 584769.23666245 4509187.94930535 56.50000000
v 584656.10643544 4509221.16218296 6.00000000
v 584672.27935363 4509247.10380157 6.00000000
v 584696.22322642 4509232.28948275 6.00000000
v 584721.17101931 4509216.84278658 6.00000000
v 584704.00272058 4509189.32428797 6.00000000
v 584687.92921220 4509163.55027039 6.00000000
v 584639.03747183 4509193.80040469 6.00000000
v 584656.10643544 4509221.16218296 49.00000000
v 584672.27935363 4509247.10380157 49.00000000
v 584696.22322642 4509232.28948275 49.00000000
v 584721.17101931 4509216.84278658 49.00000000
v 584704.00272058 4509189.32428797 49.00000000
v 584687.92921220 4509163.55027039 49.00000000
v 584639.03747183 4509193.80040469 49.00000000
v 584596.96763030 4509201.33601824 6.00000000
v 584609.94123279 4509193.11305034 6.00000000
v 584593.72195233 4509167.50411372 6.00000000
v 584580.74000683 4509175.71591306 6.00000000
v 584582.44909203 4509178.41102183 6.00000000
v 584596.96763030 4509201.33601824 45.29999924
v 584609.94123279 4509193.11305034 45.29999924
v 584593.72195233 4509167.50411372 45.29999924
v 584580.74000683 4509175.71591306 45.29999924
v 584582.44909203 4509178.41102183 45.29999924
v 584579.56235833 4509176.77938543 6.00000000
v 584574.56016835 4509179.94194229 6.00000000
v 584578.06114034 4509185.47742957 6.00000000
v 584579.38353407 4509185.79227174 6.00000000
v 584587.19053411 4509198.10477349 6.00000000
v 584587.08759808 4509199.72450963 6.00000000
v 584590.64677697 4509205.33838245 6.00000000
v 584596.96763030 4509201.33601824 6.00000000
v 584582.44909203 4509178.41102183 6.00000000
v 584581.12197217 4509179.25074633 6.00000000
v 584579.56235833 4509176.77938543 23.50000000
v 584574.56016835 4509179.94194229 23.50000000
v 584578.06114034 4509185.47742957 23.50000000
v 584579.38353407 4509185.79227174 23.50000000
v 584587.19053411 4509198.10477349 23.50000000
v 584587.08759808 4509199.72450963 23.50000000
v 584590.64677697 4509205.33838245 23.50000000
v 584596.96763030 4509201.33601824 23.50000000
v 584582.44909203 4509178.41102183 23.50000000
v 584581.12197217 4509179.25074633 23.50000000
v 584567.92137740 4509177.75681547 6.00000000
v 584568.54358622 4509178.74089925 6.00000000
v 584565.58306306 4509180.61669833 6.00000000
v 584583.92611981 4509209.59153985 6.00000000
v 584590.64677697 4509205.33838245 6.00000000
v 584587.08759808 4509199.72450963 6.00000000
v 584578.06114034 4509185.47742957 6.00000000
v 584574.56016835 4509179.94194229 6.00000000
v 584571.68127310 4509175.40164152 6.00000000
v 584569.99694527 4509176.45933612 6.00000000
v 584567.92137740 4509177.75681547 23.20000076
v 584568.54358622 4509178.74089925 23.20000076
v 584565.58306306 4509180.61669833 23.20000076
v 584583.92611981 4509209.59153985 23.20000076
v 584590.64677697 4509205.33838245 23.20000076
v 584587.08759808 4509199.72450963 23.20000076
v 584578.06114034 4509185.47742957 23.20000076
v 584574.56016835 4509179.94194229 23.20000076
v 584571.68127310 4509175.40164152 23.20000076
v 584569.99694527 4509176.45933612 23.20000076
v 584559.34455270 4509198.87515708 6.00000000
v 584564.05732629 4509195.90912776 6.00000000
v 584565.93115337 4509196.00821431 6.00000000
v 584567.54042241 4509198.56895577 6.00000000
v 584571.09624320 4509196.33357750 6.00000000
v 584561.97183311 4509181.78564339 6.00000000
v 584558.65423145 4509183.86831310 6.00000000
v 584559.91503317 4509185.88107450 6.00000000
v 584559.68277449 4509187.73248058 6.00000000
v 584555.83780929 4509190.14220087 6.00000000
v 584556.09490982 4509190.55591150 6.00000000
v 584554.66569972 4509191.46108911 6.00000000
v 584552.97342352 4509190.25386330 6.00000000
v 584551.57991127 4509188.02864935 6.00000000
v 584545.84643726 4509191.62697092 6.00000000
v 584555.11214585 4509206.37633453 6.00000000
v 584560.18212017 4509203.19233393 6.00000000
v 584560.72662877 4509202.84327591 6.00000000
v 584559.00947693 4509200.11477372 6.00000000
v 584559.34455270 4509198.87515708 27.29999924
v 584564.05732629 4509195.90912776 27.29999924
v 584565.93115337 4509196.00821431 27.29999924
v 584567.54042241 4509198.56895577 27.29999924
v 584571.09624320 4509196.33357750 27.29999924
v 584561.97183311 4509181.78564339 27.29999924
v 584558.65423145 4509183.86831310 27.29999924
v 584559.91503317 4509185.88107450 27.29999924
v 584559.68277449 4509187.73248058 27.29999924
v 584555.83780929 4509190.14220087 27.29999924
v 584556.09490982 4509190.55591150 27.29999924
v 584554.66569972 4509191.46108911 27.29999924
v 584552.97342352 4509190.25386330 27.29999924
v 584551.57991127 4509188.02864935 27.29999924
v 584545.84643726 4509191.62697092 27.29999924
v 584555.11214585 4509206.37633453 27.29999924
v 584560.18212017 4509203.19233393 27.29999924
v 584560.72662877 4509202.84327591 27.29999924
v 584559.00947693 4509200.11477372 27.29999924
v 584565.37069299 4509175.54060493 6.00000000
v 584564.51646366 4509174.16530081 6.00000000
v 584567.41724322 4509172.34433048 6.00000000
v 584565.93235943 4509169.98484623 6.00000000
v 584564.08631623 4509171.15171900 6.00000000
v 584541.78183952 4509185.15249431 6.00000000
v 584545.84643726 4509191.62697092 6.00000000
v 584551.57991127 4509188.02864935 6.00000000
v 584567.92137740 4509177.75681547 6.00000000
v 584569.99694527 4509176.45933612 6.00000000
v 584568.27147224 4509173.71963493 6.00000000
v 584565.37069299 4509175.54060493 23.50000000
v 584564.51646366 4509174.16530081 23.50000000
v 584567.41724322 4509172.34433048 23.50000000
v 584565.93235943 4509169.98484623 23.50000000
v 584564.08631623 4509171.15171900 23.50000000
v 584541.78183952 4509185.15249431 23.50000000
v 584545.84643726 4509191.62697092 23.50000000
v 584551.57991127 4509188.02864935 23.50000000
v 584567.92137740 4509177.75681547 23.50000000
v 584569.99694527 4509176.45933612 23.50000000
v 584568.27147224 4509173.71963493 23.50000000
v 584509.81312230 4509178.61526941 6.00000000
v 584501.53610899 4509183.81664638 6.00000000
v 584494.52672303 4509188.21092081 6.00000000
v 584491.26031787 4509190.24979504 6.00000000
v 584493.36731150 4509193.60444215 6.00000000
v 584495.25853732 4509196.62356736 6.00000000
v 584509.24380543 4509218.93169253 6.00000000
v 584515.43654032 4509215.04992332 6.00000000
v 584529.59142365 4509206.17415549 6.00000000
v 584534.89103743 4509202.84842830 6.00000000
v 584516.90760600 4509174.16646841 6.00000000
v 584509.81312230 4509178.61526941 25.79999924
v 584501.53610899 4509183.81664638 25.79999924
v 584494.52672303 4509188.21092081 25.79999924
v 584491.26031787 4509190.24979504 25.79999924
v 584493.36731150 4509193.60444215 25.79999924
v 584495.25853732 4509196.62356736 25.79999924
v 584509.24380543 4509218.93169253 25.79999924
v 584515.43654032 4509215.04992332 25.79999924
v 584529.59142365 4509206.17415549 25.79999924
v 584534.89103743 4509202.84842830 25.79999924
v 584516.90760600 4509174.16646841 25.79999924
v 584529.59142365 4509206.17415549 6.00000000
v 584529.32982385 4509207.63665350 6.00000000
v 584526.74379705 4509209.26138823 6.00000000
v 584527.15843592 4509209.93224268 6.00000000
v 584525.54218565 4509210.94631466 6.00000000
v 584525.12754670 4509210.27546030 6.00000000
v 584518.85829477 4509214.20075789 6.00000000
v 584522.20112036 4509219.53457745 6.00000000
v 584527.62815015 4509216.14368510 6.00000000
v 584527.90018447 4509215.24751433 6.00000000
v 584532.34912614 4509212.45609161 6.00000000
v 584533.52331013 4509212.43617222 6.00000000
v 584538.82279481 4509209.12154854 6.00000000
v 584534.89103743 4509202.84842830 6.00000000
v 584529.59142365 4509206.17415549 26.70000076
v 584529.32982385 4509207.63665350 26.70000076
v 584526.74379705 4509209.26138823 26.70000076
v 584527.15843592 4509209.93224268 26.70000076
v 584525.54218565 4509210.94631466 26.70000076
v 584525.12754670 4509210.27546030 26.70000076
v 584518.85829477 4509214.20075789 26.70000076
v 584522.20112036 4509219.53457745 26.70000076
v 584527.62815015 4509216.14368510 26.70000076
v 584527.90018447 4509215.24751433 26.70000076
v 584532.34912614 4509212.45609161 26.70000076
v 584533.52331013 4509212.43617222 26.70000076
v 584538.82279481 4509209.12154854 26.70000076
v 584534.89103743 4509202.84842830 26.70000076
v 584567.80425563 4509202.83518126 6.00000000
v 584570.61609125 4509207.33030756 6.00000000
v 584568.49792866 4509208.66060712 6.00000000
v 584567.56052365 4509207.17333251 6.00000000
v 584565.15321809 4509208.67796914 6.00000000
v 584564.12474448 4509208.51080927 6.00000000
v 584562.45737690 4509205.86058887 6.00000000
v 584561.59213633 4509205.45104429 6.00000000
v 584560.18212017 4509203.19233393 6.00000000
v 584555.11214585 4509206.37633453 6.00000000
v 584564.54367072 4509221.39405327 6.00000000
v 584565.28287291 4509221.74665010 6.00000000
v 584567.51169768 4509220.33989702 6.00000000
v 584567.25447227 4509219.93728662 6.00000000
v 584578.78089719 4509212.70805327 6.00000000
v 584579.01316824 4509213.07707303 6.00000000
v 584581.27590345 4509211.65960866 6.00000000
v 584581.92845969 4509210.72337204 6.00000000
v 584573.89877761 4509197.94204613 6.00000000
v 584572.62270994 4509198.74904800 6.00000000
v 584571.09624320 4509196.33357750 6.00000000
v 584567.54042241 4509198.56895577 6.00000000
v 584566.88537304 4509198.98336527 6.00000000
v 584568.41171394 4509201.40993559 6.00000000
v 584567.80425563 4509202.83518126 27.29999924
v 584570.61609125 4509207.33030756 27.29999924
v 584568.49792866 4509208.66060712 27.29999924
v 584567.56052365 4509207.17333251 27.29999924
v 584565.15321809 4509208.67796914 27.29999924
v 584564.12474448 4509208.51080927 27.29999924
v 584562.45737690 4509205.86058887 27.29999924
v 584561.59213633 4509205.45104429 27.29999924
v 584560.18212017 4509203.19233393 27.29999924
v 584555.11214585 4509206.37633453 27.29999924
v 584564.54367072 4509221.39405327 27.29999924
v 584565.28287291 4509221.74665010 27.29999924
v 584567.51169768 4509220.33989702 27.29999924
v 584567.25447227 4509219.93728662 27.29999924
v 584578.78089719 4509212.70805327 27.29999924
v 584579.01316824 4509213.07707303 27.29999924
v 584581.27590345 4509211.65960866 27.29999924
v 584581.92845969 4509210.72337204 27.29999924
v 584573.89877761 4509197.94204613 27.29999924
v 584572.62270994 4509198.74904800 27.29999924
v 584571.09624320 4509196.33357750 27.29999924
v 584567.54042241 4509198.56895577 27.29999924
v 584566.88537304 4509198.98336527 27.29999924
v 584568.41171394 4509201.40993559 27.29999924
v 584545.30429983 4509233.98649832 6.00000000
v 584551.84580315 4509229.88669368 6.00000000
v 584538.82279481 4509209.12154854 6.00000000
v 584533.52331013 4509212.43617222 6.00000000
v 584532.28128113 4509213.22136470 6.00000000
v 584533.30149332 4509214.85390641 6.00000000
v 584545.30429983 4509233.98649832 16.30000019
v 584551.84580315 4509229.88669368 16.30000019
v 584538.82279481 4509209.12154854 16.30000019
v 584533.52331013 4509212.43617222 16.30000019
v 584532.28128113 4509213.22136470 16.30000019
v 584533.30149332 4509214.85390641 16.30000019
v 584523.16538913 4509143.09634663 6.00000000
v 584517.58491265 4509146.60761745 6.00000000
v 584521.59145298 4509152.99260047 6.00000000
v 584527.21427683 4509149.47071334 6.00000000
v 584534.36841785 4509144.97819982 6.00000000
v 584540.15296925 4509141.34714485 6.00000000
v 584545.42717243 4509138.03223657 6.00000000
v 584541.42077027 4509131.63613996 6.00000000
v 584523.16538913 4509143.09634663 23.10000038
v 584517.58491265 4509146.60761745 23.10000038
v 584521.59145298 4509152.99260047 23.10000038
v 584527.21427683 4509149.47071334 23.10000038
v 584534.36841785 4509144.97819982 23.10000038
v 584540.15296925 4509141.34714485 23.10000038
v 584545.42717243 4509138.03223657 23.10000038
v 584541.42077027 4509131.63613996 23.10000038
v 584571.61208157 4509143.70428496 6.00000000
v 584576.63143677 4509140.51971722 6.00000000
v 584572.93181957 4509134.62669783 6.00000000
v 584567.89582592 4509137.78887409 6.00000000
v 584571.61208157 4509143.70428496 22.20000076
v 584576.63143677 4509140.51971722 22.20000076
v 584572.93181957 4509134.62669783 22.20000076
v 584567.89582592 4509137.78887409 22.20000076
v 584554.95491815 4509154.25006523 6.00000000
v 584563.05377764 4509149.12442927 6.00000000
v 584559.32100851 4509143.17552804 6.00000000
v 584551.20550913 4509148.27877413 6.00000000
v 584554.95491815 4509154.25006523 22.70000076
v 584563.05377764 4509149.12442927 22.70000076
v 584559.32100851 4509143.17552804 22.70000076
v 584551.20550913 4509148.27877413 22.70000076
v 584571.61208157 4509143.70428496 6.00000000
v 584563.05377764 4509149.12442927 6.00000000
v 584554.95491815 4509154.25006523 6.00000000
v 584560.93669807 4509163.68847626 6.00000000
v 584564.05881521 4509161.71459910 6.00000000
v 584564.96320787 4509163.13488373 6.00000000
v 584568.76583974 4509160.73578710 6.00000000
v 584572.43247262 4509158.41285600 6.00000000
v 584583.51746537 4509151.38953337 6.00000000
v 584576.63143677 4509140.51971722 6.00000000
v 584571.61208157 4509143.70428496 33.29999924
v 584563.05377764 4509149.12442927 33.29999924
v 584554.95491815 4509154.25006523 33.29999924
v 584560.93669807 4509163.68847626 33.29999924
v 584564.05881521 4509161.71459910 33.29999924
v 584564.96320787 4509163.13488373 33.29999924
v 584568.76583974 4509160.73578710 33.29999924
v 584572.43247262 4509158.41285600 33.29999924
v 584583.51746537 4509151.38953337 33.29999924
v 584576.63143677 4509140.51971722 33.29999924
v 584539.44145912 4509154.86141901 6.00000000
v 584541.22524517 4509156.19180816 6.00000000
v 584542.31188218 4509157.92502729 6.00000000
v 584548.23255566 4509154.20671380 6.00000000
v 584540.15296925 4509141.34714485 6.00000000
v 584534.36841785 4509144.97819982 6.00000000
v 584535.53823967 4509146.82338748 6.00000000
v 584535.82199937 4509148.60296245 6.00000000
v 584530.47129944 4509151.96141369 6.00000000
v 584528.48353785 4509151.48356533 6.00000000
v 584527.21427683 4509149.47071334 6.00000000
v 584521.59145298 4509152.99260047 6.00000000
v 584529.73734954 4509165.96392613 6.00000000
v 584535.54746980 4509162.31095519 6.00000000
v 584534.04593764 4509159.92908362 6.00000000
v 584534.06517468 4509158.24178015 6.00000000
v 584539.44145912 4509154.86141901 26.10000038
v 584541.22524517 4509156.19180816 26.10000038
v 584542.31188218 4509157.92502729 26.10000038
v 584548.23255566 4509154.20671380 26.10000038
v 584540.15296925 4509141.34714485 26.10000038
v 584534.36841785 4509144.97819982 26.10000038
v 584535.53823967 4509146.82338748 26.10000038
v 584535.82199937 4509148.60296245 26.10000038
v 584530.47129944 4509151.96141369 26.10000038
v 584528.48353785 4509151.48356533 26.10000038
v 584527.21427683 4509149.47071334 26.10000038
v 584521.59145298 4509152.99260047 26.10000038
v 584529.73734954 4509165.96392613 26.10000038
v 584535.54746980 4509162.31095519 26.10000038
v 584534.04593764 4509159.92908362 26.10000038
v 584534.06517468 4509158.24178015 26.10000038
v 584546.16062424 4509176.66488958 6.00000000
v 584544.87611147 4509177.47179992 6.00000000
v 584543.49091239 4509175.25778458 6.00000000
v 584537.81692525 4509178.82348436 6.00000000
v 584541.78183952 4509185.15249431 6.00000000
v 584564.08631623 4509171.15171900 6.00000000
v 584561.07520786 4509166.35456589 6.00000000
v 584545.72909573 4509175.99384151 6.00000000
v 584546.16062424 4509176.66488958 26.20000076
v 584544.87611147 4509177.47179992 26.20000076
v 584543.49091239 4509175.25778458 26.20000076
v 584537.81692525 4509178.82348436 26.20000076
v 584541.78183952 4509185.15249431 26.20000076
v 584564.08631623 4509171.15171900 26.20000076
v 584561.07520786 4509166.35456589 26.20000076
v 584545.72909573 4509175.99384151 26.20000076
v 584572.41218973 4509172.77877479 6.00000000
v 584571.80649041 4509171.82818539 6.00000000
v 584574.64790669 4509170.02874496 6.00000000
v 584568.76583974 4509160.73578710 6.00000000
v 584564.96320787 4509163.13488373 6.00000000
v 584564.24853633 4509163.59302201 6.00000000
v 584571.01848701 4509174.27276702 6.00000000
v 584572.41218973 4509172.77877479 18.50000000
v 584571.80649041 4509171.82818539 18.50000000
v 584574.64790669 4509170.02874496 18.50000000
v 584568.76583974 4509160.73578710 18.50000000
v 584564.96320787 4509163.13488373 18.50000000
v 584564.24853633 4509163.59302201 18.50000000
v 584571.01848701 4509174.27276702 18.50000000
v 584547.76364859 4509167.92359245 6.00000000
v 584549.27837565 4509168.40715417 6.00000000
v 584550.57232847 4509170.47580244 6.00000000
v 584556.22074099 4509166.93202473 6.00000000
v 584548.23255566 4509154.20671380 6.00000000
v 584542.31188218 4509157.92502729 6.00000000
v 584543.46493708 4509159.75892305 6.00000000
v 584544.01981049 4509161.46387490 6.00000000
v 584538.43933719 4509164.97513007 6.00000000
v 584536.95762815 4509164.55855981 6.00000000
v 584535.54746980 4509162.31095519 6.00000000
v 584529.73734954 4509165.96392613 6.00000000
v 584537.81692525 4509178.82348436 6.00000000
v 584543.49091239 4509175.25778458 6.00000000
v 584541.85667549 4509172.66345774 6.00000000
v 584542.49790974 4509171.23859520 6.00000000
v 584547.76364859 4509167.92359245 26.10000038
v 584549.27837565 4509168.40715417 26.10000038
v 584550.57232847 4509170.47580244 26.10000038
v 584556.22074099 4509166.93202473 26.10000038
v 584548.23255566 4509154.20671380 26.10000038
v 584542.31188218 4509157.92502729 26.10000038
v 584543.46493708 4509159.75892305 26.10000038
v 584544.01981049 4509161.46387490 26.10000038
v 584538.43933719 4509164.97513007 26.10000038
v 584536.95762815 4509164.55855981 26.10000038
v 584535.54746980 4509162.31095519 26.10000038
v 584529.73734954 4509165.96392613 26.10000038
v 584537.81692525 4509178.82348436 26.10000038
v 584543.49091239 4509175.25778458 26.10000038
v 584541.85667549 4509172.66345774 26.10000038
v 584542.49790974 4509171.23859520 26.10000038
v 584577.02033803 4509165.65936493 6.00000000
v 584573.81313895 4509167.68777684 6.00000000
v 584576.28546421 4509171.59061950 6.00000000
v 584590.57764581 4509162.53889662 6.00000000
v 584587.11800854 4509157.08159012 6.00000000
v 584576.03302053 4509164.10490736 6.00000000
v 584577.02033803 4509165.65936493 20.80000019
v 584573.81313895 4509167.68777684 20.80000019
v 584576.28546421 4509171.59061950 20.80000019
v 584590.57764581 4509162.53889662 20.80000019
v 584587.11800854 4509157.08159012 20.80000019
v 584576.03302053 4509164.10490736 20.80000019
v 584576.28546421 4509171.59061950 6.00000000
v 584579.42977606 4509176.55583052 6.00000000
v 584580.74000683 4509175.71591306 6.00000000
v 584593.72195233 4509167.50411372 6.00000000
v 584590.57764581 4509162.53889662 6.00000000
v 584576.28546421 4509171.59061950 20.60000038
v 584579.42977606 4509176.55583052 20.60000038
v 584580.74000683 4509175.71591306 20.60000038
v 584593.72195233 4509167.50411372 20.60000038
v 584590.57764581 4509162.53889662 20.60000038
v 584576.03302053 4509164.10490736 6.00000000
v 584587.11800854 4509157.08159012 6.00000000
v 584583.51746537 4509151.38953337 6.00000000
v 584572.43247262 4509158.41285600 6.00000000
v 584576.03302053 4509164.10490736 22.20000076
v 584587.11800854 4509157.08159012 22.20000076
v 584583.51746537 4509151.38953337 22.20000076
v 584572.43247262 4509158.41285600 22.20000076
v 584634.55553972 4509101.06868317 6.00000000
v 584631.12174497 4509095.56724305 6.00000000
v 584628.74867647 4509097.02784236 6.00000000
v 584624.20354636 4509089.73738125 6.00000000
v 584622.87665947 4509090.55489712 6.00000000
v 584606.89427291 4509064.89313368 6.00000000
v 584586.48022572 4509077.50538426 6.00000000
v 584608.42600754 4509112.73856788 6.00000000
v 584606.68229378 4509113.81778117 6.00000000
v 584608.72258785 4509117.09398548 6.00000000
v 584610.65347899 4509115.89478521 6.00000000
v 584621.12033640 4509132.70072845 6.00000000
v 584641.67899784 4509119.99030625 6.00000000
v 584631.17876825 4509103.15064630 6.00000000
v 584634.55553972 4509101.06868317 10.80000019
v 584631.12174497 4509095.56724305 10.80000019
v 584628.74867647 4509097.02784236 10.80000019
v 584624.20354636 4509089.73738125 10.80000019
v 584622.87665947 4509090.55489712 10.80000019
v 584606.89427291 4509064.89313368 10.80000019
v 584586.48022572 4509077.50538426 10.80000019
v 584608.42600754 4509112.73856788 10.80000019
v 584606.68229378 4509113.81778117 10.80000019
v 584608.72258785 4509117.09398548 10.80000019
v 584610.65347899 4509115.89478521 10.80000019
v 584621.12033640 4509132.70072845 10.80000019
v 584641.67899784 4509119.99030625 10.80000019
v 584631.17876825 4509103.15064630 10.80000019
v 584533.56378194 4509109.61986632 6.00000000
v 584541.44415990 4509122.17739752 6.00000000
v 584542.29470910 4509121.65419355 6.00000000
v 584558.42354003 4509111.52423942 6.00000000
v 584550.53473355 4509098.96659382 6.00000000
v 584533.56378194 4509109.61986632 26.89999962
v 584541.44415990 4509122.17739752 26.89999962
v 584542.29470910 4509121.65419355 26.89999962
v 584558.42354003 4509111.52423942 26.89999962
v 584550.53473355 4509098.96659382 26.89999962
v 584533.69719558 4509100.14017458 6.00000000
v 584530.49867907 4509102.14650019 6.00000000
v 584529.32469667 4509102.88806077 6.00000000
v 584533.56378194 4509109.61986632 6.00000000
v 584550.53473355 4509098.96659382 6.00000000
v 584546.30422831 4509092.22377415 6.00000000
v 584538.08671386 4509097.38138281 6.00000000
v 584533.69719558 4509100.14017458 23.20000076
v 584530.49867907 4509102.14650019 23.20000076
v 584529.32469667 4509102.88806077 23.20000076
v 584533.56378194 4509109.61986632 23.20000076
v 584550.53473355 4509098.96659382 23.20000076
v 584546.30422831 4509092.22377415 23.20000076
v 584538.08671386 4509097.38138281 23.20000076
v 584546.42576199 4509128.22934573 6.00000000
v 584562.55458485 4509118.09940061 6.00000000
v 584558.42354003 4509111.52423942 6.00000000
v 584542.29470910 4509121.65419355 6.00000000
v 584546.42576199 4509128.22934573 23.60000038
v 584562.55458485 4509118.09940061 23.60000038
v 584558.42354003 4509111.52423942 23.60000038
v 584542.29470910 4509121.65419355 23.60000038
v 584546.42576199 4509128.22934573 6.00000000
v 584544.72441143 4509129.29795419 6.00000000
v 584549.02975892 4509136.14154643 6.00000000
v 584545.12515189 4509138.59500109 6.00000000
v 584551.20550913 4509148.27877413 6.00000000
v 584559.32100851 4509143.17552804 6.00000000
v 584567.89582592 4509137.78887409 6.00000000
v 584572.93181957 4509134.62669783 6.00000000
v 584562.55458485 4509118.09940061 6.00000000
v 584546.42576199 4509128.22934573 37.79999924
v 584544.72441143 4509129.29795419 37.79999924
v 584549.02975892 4509136.14154643 37.79999924
v 584545.12515189 4509138.59500109 37.79999924
v 584551.20550913 4509148.27877413 37.79999924
v 584559.32100851 4509143.17552804 37.79999924
v 584567.89582592 4509137.78887409 37.79999924
v 584572.93181957 4509134.62669783 37.79999924
v 584562.55458485 4509118.09940061 37.79999924
v 584528.77233158 4509115.03858791 6.00000000
v 584512.06513306 4509125.52838308 6.00000000
v 584510.88711025 4509123.66090171 6.00000000
v 584505.34922876 4509127.13936099 6.00000000
v 584517.58491265 4509146.60761745 6.00000000
v 584523.16538913 4509143.09634663 6.00000000
v 584521.87961536 4509141.05000104 6.00000000
v 584538.64641359 4509130.51649932 6.00000000
v 584534.91348872 4509124.57871167 6.00000000
v 584517.93404643 4509135.24302353 6.00000000
v 584515.55317831 4509131.46336750 6.00000000
v 584532.43052927 4509120.86449894 6.00000000
v 584528.77233158 4509115.03858791 29.10000038
v 584512.06513306 4509125.52838308 29.10000038
v 584510.88711025 4509123.66090171 29.10000038
v 584505.34922876 4509127.13936099 29.10000038
v 584517.58491265 4509146.60761745 29.10000038
v 584523.16538913 4509143.09634663 29.10000038
v 584521.87961536 4509141.05000104 29.10000038
v 584538.64641359 4509130.51649932 29.10000038
v 584534.91348872 4509124.57871167 29.10000038
v 584517.93404643 4509135.24302353 29.10000038
v 584515.55317831 4509131.46336750 29.10000038
v 584532.43052927 4509120.86449894 29.10000038
v 584522.56620722 4509072.66875461 6.00000000
v 584538.08671386 4509097.38138281 6.00000000
v 584546.30422831 4509092.22377415 6.00000000
v 584530.19478651 4509066.57183627 6.00000000
v 584521.97725600 4509071.72946285 6.00000000
v 584522.56620722 4509072.66875461 33.50000000
v 584538.08671386 4509097.38138281 33.50000000
v 584546.30422831 4509092.22377415 33.50000000
v 584530.19478651 4509066.57183627 33.50000000
v 584521.97725600 4509071.72946285 33.50000000
v 584523.84581572 4509091.55694841 6.00000000
v 584527.05277958 4509089.55071620 6.00000000
v 584533.69719558 4509100.14017458 6.00000000
v 584538.08671386 4509097.38138281 6.00000000
v 584522.56620722 4509072.66875461 6.00000000
v 584514.97815816 4509077.43388792 6.00000000
v 584523.84581572 4509091.55694841 26.29999924
v 584527.05277958 4509089.55071620 26.29999924
v 584533.69719558 4509100.14017458 26.29999924
v 584538.08671386 4509097.38138281 26.29999924
v 584522.56620722 4509072.66875461 26.29999924
v 584514.97815816 4509077.43388792 26.29999924
v 584700.71410960 4509094.23028213 6.00000000
v 584712.62786483 4509113.00686198 6.00000000
v 584722.22432103 4509106.92151868 6.00000000
v 584721.38649408 4509105.59079202 6.00000000
v 584737.45662760 4509095.44944715 6.00000000
v 584736.58565716 4509094.06282933 6.00000000
v 584743.27787475 4509090.09813626 6.00000000
v 584749.63573399 4509085.82986985 6.00000000
v 584750.56492835 4509087.29486963 6.00000000
v 584761.28415604 4509080.52297444 6.00000000
v 584762.10521628 4509081.84241187 6.00000000
v 584776.34649960 4509072.84596635 6.00000000
v 584775.51686907 4509071.53753147 6.00000000
v 584786.37214819 4509064.68951207 6.00000000
v 584783.83373153 4509060.66371888 6.00000000
v 584785.23740706 4509059.78049649 6.00000000
v 584780.34305222 4509052.01965389 6.00000000
v 584778.93093105 4509052.90278067 6.00000000
v 584776.26811826 4509048.67572969 6.00000000
v 584765.37022121 4509055.55658326 6.00000000
v 584764.43283448 4509054.06928381 6.00000000
v 584750.42976203 4509062.91304540 6.00000000
v 584751.36715033 4509064.40034308 6.00000000
v 584733.97999610 4509075.22604318 6.00000000
v 584727.55534013 4509079.42694688 6.00000000
v 584715.86646224 4509086.79842853 6.00000000
v 584714.87916220 4509085.24395237 6.00000000
v 584700.71410960 4509094.23028213 53.70000076
v 584712.62786483 4509113.00686198 53.70000076
v 584722.22432103 4509106.92151868 53.70000076
v 584721.38649408 4509105.59079202 53.70000076
v 584737.45662760 4509095.44944715 53.70000076
v 584736.58565716 4509094.06282933 53.70000076
v 584743.27787475 4509090.09813626 53.70000076
v 584749.63573399 4509085.82986985 53.70000076
v 584750.56492835 4509087.29486963 53.70000076
v 584761.28415604 4509080.52297444 53.70000076
v 584762.10521628 4509081.84241187 53.70000076
v 584776.34649960 4509072.84596635 53.70000076
v 584775.51686907 4509071.53753147 53.70000076
v 584786.37214819 4509064.68951207 53.70000076
v 584783.83373153 4509060.66371888 53.70000076
v 584785.23740706 4509059.78049649 53.70000076
v 584780.34305222 4509052.01965389 53.70000076
v 584778.93093105 4509052.90278067 53.70000076
v 584776.26811826 4509048.67572969 53.70000076
v 584765.37022121 4509055.55658326 53.70000076
v 584764.43283448 4509054.06928381 53.70000076
v 584750.42976203 4509062.91304540 53.70000076
v 584751.36715033 4509064.40034308 53.70000076
v 584733.97999610 4509075.22604318 53.70000076
v 584727.55534013 4509079.42694688 53.70000076
v 584715.86646224 4509086.79842853 53.70000076
v 584714.87916220 4509085.24395237 53.70000076
v 584687.72420828 4509104.59562198 6.00000000
v 584674.43613431 4509112.97029769 6.00000000
v 584668.78749603 4509116.52508723 6.00000000
v 584652.19870080 4509126.98261768 6.00000000
v 584651.21139332 4509125.42815003 6.00000000
v 584636.89411078 4509134.44616653 6.00000000
v 584637.88141993 4509136.00063227 6.00000000
v 584627.04352841 4509142.82685748 6.00000000
v 584629.67362370 4509146.96466371 6.00000000
v 584628.23582464 4509147.88083163 6.00000000
v 584632.91501462 4509155.26164418 6.00000000
v 584634.36970229 4509154.34566995 6.00000000
v 584637.13237013 4509158.70703493 6.00000000
v 584648.08936169 4509151.80446945 6.00000000
v 584648.97697714 4509153.21347103 6.00000000
v 584662.86896184 4509144.45707302 6.00000000
v 584661.98122112 4509143.05917045 6.00000000
v 584673.08296057 4509136.05837444 6.00000000
v 584672.21185660 4509134.68286489 6.00000000
v 584678.00518448 4509131.02981142 6.00000000
v 584685.13410388 4509126.53715249 6.00000000
v 584686.06330536 4509128.00214417 6.00000000
v 584702.10775329 4509117.88263583 6.00000000
v 584702.90424612 4509119.13517319 6.00000000
v 584712.62786483 4509113.00686198 6.00000000
v 584700.71410960 4509094.23028213 6.00000000
v 584686.73690497 4509103.04114958 6.00000000
v 584687.72420828 4509104.59562198 54.59999847
v 584674.43613431 4509112.97029769 54.59999847
v 584668.78749603 4509116.52508723 54.59999847
v 584652.19870080 4509126.98261768 54.59999847
v 584651.21139332 4509125.42815003 54.59999847
v 584636.89411078 4509134.44616653 54.59999847
v 584637.88141993 4509136.00063227 54.59999847
v 584627.04352841 4509142.82685748 54.59999847
v 584629.67362370 4509146.96466371 54.59999847
v 584628.23582464 4509147.88083163 54.59999847
v 584632.91501462 4509155.26164418 54.59999847
v 584634.36970229 4509154.34566995 54.59999847
v 584637.13237013 4509158.70703493 54.59999847
v 584648.08936169 4509151.80446945 54.59999847
v 584648.97697714 4509153.21347103 54.59999847
v 584662.86896184 4509144.45707302 54.59999847
v 584661.98122112 4509143.05917045 54.59999847
v 584673.08296057 4509136.05837444 54.59999847
v 584672.21185660 4509134.68286489 54.59999847
v 584678.00518448 4509131.02981142 54.59999847
v 584685.13410388 4509126.53715249 54.59999847
v 584686.06330536 4509128.00214417 54.59999847
v 584702.10775329 4509117.88263583 54.59999847
v 584702.90424612 4509119.13517319 54.59999847
v 584712.62786483 4509113.00686198 54.59999847
v 584700.71410960 4509094.23028213 54.59999847
v 584686.73690497 4509103.04114958 54.59999847
v 584780.99206604 4509113.44406990 6.00000000
v 584739.29947677 4509139.64588769 6.00000000
v 584749.18719030 4509155.36849530 6.00000000
v 584790.87128501 4509129.16663670 6.00000000
v 584780.99206604 4509113.44406990 51.00000000
v 584739.29947677 4509139.64588769 51.00000000
v 584749.18719030 4509155.36849530 51.00000000
v 584790.87128501 4509129.16663670 51.00000000
v 584835.65197746 4509140.90312385 6.00000000
v 584832.87379793 4509136.43048328 6.00000000
v 584831.50549812 4509136.43703259 6.00000000
v 584808.66568458 4509099.71634777 6.00000000
v 584806.68370643 4509100.94821951 6.00000000
v 584806.48458704 4509100.63508232 6.00000000
v 584808.48084770 4509097.41609198 6.00000000
v 584805.66117266 4509092.87637537 6.00000000
v 584805.06889566 4509092.96952047 6.00000000
v 584803.72585312 4509090.76703947 6.00000000
v 584788.70384193 4509100.08756884 6.00000000
v 584789.31758409 4509101.07157481 6.00000000
v 584788.69667329 4509101.45304920 6.00000000
v 584787.34298595 4509104.61277964 6.00000000
v 584790.13784076 4509109.10779683 6.00000000
v 584793.99118913 4509108.92981977 6.00000000
v 584794.20694443 4509109.26535113 6.00000000
v 584791.91023033 4509110.69346580 6.00000000
v 584813.03339688 4509144.65223483 6.00000000
v 584816.07012872 4509142.76630219 6.00000000
v 584816.26092878 4509143.06824239 6.00000000
v 584814.37458577 4509147.75396974 6.00000000
v 584817.45144798 4509152.69630964 6.00000000
v 584820.75561474 4509152.53426913 6.00000000
v 584821.23207412 4509152.22885991 6.00000000
v 584821.90377750 4509153.31345117 6.00000000
v 584836.39897916 4509144.26451574 6.00000000
v 584835.03011345 4509142.10614148 6.00000000
v 584835.65197746 4509140.90312385 55.59999847
v 584832.87379793 4509136.43048328 55.59999847
v 584831.50549812 4509136.43703259 55.59999847
v 584808.66568458 4509099.71634777 55.59999847
v 584806.68370643 4509100.94821951 55.59999847
v 584806.48458704 4509100.63508232 55.59999847
v 584808.48084770 4509097.41609198 55.59999847
v 584805.66117266 4509092.87637537 55.59999847
v 584805.06889566 4509092.96952047 55.59999847
v 584803.72585312 4509090.76703947 55.59999847
v 584788.70384193 4509100.08756884 55.59999847
v 584789.31758409 4509101.07157481 55.59999847
v 584788.69667329 4509101.45304920 55.59999847
v 584787.34298595 4509104.61277964 55.59999847
v 584790.13784076 4509109.10779683 55.59999847
v 584793.99118913 4509108.92981977 55.59999847
v 584794.20694443 4509109.26535113 55.59999847
v 584791.91023033 4509110.69346580 55.59999847
v 584813.03339688 4509144.65223483 55.59999847
v 584816.07012872 4509142.76630219 55.59999847
v 584816.26092878 4509143.06824239 55.59999847
v 584814.37458577 4509147.75396974 55.59999847
v 584817.45144798 4509152.69630964 55.59999847
v 584820.75561474 4509152.53426913 55.59999847
v 584821.23207412 4509152.22885991 55.59999847
v 584821.90377750 4509153.31345117 55.59999847
v 584836.39897916 4509144.26451574 55.59999847
v 584835.03011345 4509142.10614148 55.59999847
v 584858.12785807 4509055.16317731 6.00000000
v 584858.55079439 4509055.84524779 6.00000000
v 584831.35522068 4509072.79787778 6.00000000
v 584865.05214038 4509126.86230207 6.00000000
v 584866.69391821 4509125.83749252 6.00000000
v 584888.60668292 4509112.18845811 6.00000000
v 584889.35311236 4509113.38493246 6.00000000
v 584919.32176263 4509094.71013555 6.00000000
v 584905.44685957 4509072.43578512 6.00000000
v 584903.95821501 4509073.36242071 6.00000000
v 584882.95873782 4509039.68236027 6.00000000
v 584882.53707828 4509102.33798911 6.00000000
v 584868.51426312 4509111.42555079 6.00000000
v 584861.03664993 4509099.88256178 6.00000000
v 584872.77899514 4509092.27877258 6.00000000
v 584879.96909349 4509087.62046525 6.00000000
v 584882.91527053 4509092.17276154 6.00000000
v 584878.00565549 4509095.34728026 6.00000000
v 584858.12785807 4509055.16317731 73.30000305
v 584858.55079439 4509055.84524779 73.30000305
v 584831.35522068 4509072.79787778 73.30000305
v 584865.05214038 4509126.86230207 73.30000305
v 584866.69391821 4509125.83749252 73.30000305
v 584888.60668292 4509112.18845811 73.30000305
v 584889.35311236 4509113.38493246 73.30000305
v 584919.32176263 4509094.71013555 73.30000305
v 584905.44685957 4509072.43578512 73.30000305
v 584903.95821501 4509073.36242071 73.30000305
v 584882.95873782 4509039.68236027 73.30000305
v 584882.53707828 4509102.33798911 73.30000305
v 584868.51426312 4509111.42555079 73.30000305
v 584861.03664993 4509099.88256178 73.30000305
v 584872.77899514 4509092.27877258 73.30000305
v 584879.96909349 4509087.62046525 73.30000305
v 584882.91527053 4509092.17276154 73.30000305
v 584878.00565549 4509095.34728026 73.30000305
v 584992.10772623 4509090.34829218 6.00000000
v 584982.48595310 4509075.03917811 6.00000000
v 584947.13031015 4509097.24910055 6.00000000
v 584958.72610794 4509115.71158998 6.00000000
v 584979.96837949 4509102.36599771 6.00000000
v 584983.46475258 4509100.17454013 6.00000000
v 584981.48233024 4509097.02101535 6.00000000
v 584992.10772623 4509090.34829218 46.59999847
v 584982.48595310 4509075.03917811 46.59999847
v 584947.13031015 4509097.24910055 46.59999847
v 584958.72610794 4509115.71158998 46.59999847
v 584979.96837949 4509102.36599771 46.59999847
v 584983.46475258 4509100.17454013 46.59999847
v 584981.48233024 4509097.02101535 46.59999847
v 584982.48595310 4509075.03917811 6.00000000
v 584992.10772623 4509090.34829218 6.00000000
v 584994.03205053 4509093.41233674 6.00000000
v 584986.11181550 4509098.39523083 6.00000000
v 584990.21767003 4509104.92594272 6.00000000
v 584995.10072213 4509101.86221403 6.00000000
v 584999.93272790 4509098.83120970 6.00000000
v 585003.91406216 4509105.17176565 6.00000000
v 585008.26959903 4509102.44616434 6.00000000
v 584987.80699111 4509069.87105753 6.00000000
v 584981.66480338 4509073.73081639 6.00000000
v 584982.48595310 4509075.03917811 29.10000038
v 584992.10772623 4509090.34829218 29.10000038
v 584994.03205053 4509093.41233674 29.10000038
v 584986.11181550 4509098.39523083 29.10000038
v 584990.21767003 4509104.92594272 29.10000038
v 584995.10072213 4509101.86221403 29.10000038
v 584999.93272790 4509098.83120970 29.10000038
v 585003.91406216 4509105.17176565 29.10000038
v 585008.26959903 4509102.44616434 29.10000038
v 584987.80699111 4509069.87105753 29.10000038
v 584981.66480338 4509073.73081639 29.10000038
v 585008.26959903 4509102.44616434 6.00000000
v 585020.02656864 4509095.05371261 6.00000000
v 584999.57230740 4509062.48977074 6.00000000
v 584987.80699111 4509069.87105753 6.00000000
v 585008.26959903 4509102.44616434 28.20000076
v 585020.02656864 4509095.05371261 28.20000076
v 584999.57230740 4509062.48977074 28.20000076
v 584987.80699111 4509069.87105753 28.20000076
v 585020.02656864 4509095.05371261 6.00000000
v 585037.89160449 4509083.83447624 6.00000000
v 585017.42894268 4509051.27038810 6.00000000
v 584999.57230740 4509062.48977074 6.00000000
v 585020.02656864 4509095.05371261 27.50000000
v 585037.89160449 4509083.83447624 27.50000000
v 585017.42894268 4509051.27038810 27.50000000
v 584999.57230740 4509062.48977074 27.50000000
v 585101.79919800 4509045.05515709 6.00000000
v 585090.31408397 4509052.29517265 6.00000000
v 585089.73339178 4509051.37813302 6.00000000
v 585087.05365380 4509053.05711208 6.00000000
v 585063.77719713 4509067.73353032 6.00000000
v 585077.14029292 4509088.93651091 6.00000000
v 585112.48870026 4509066.66050098 6.00000000
v 585108.63987667 4509060.55455123 6.00000000
v 585110.74116449 4509059.23531094 6.00000000
v 585101.79919800 4509045.05515709 20.30000019
v 585090.31408397 4509052.29517265 20.30000019
v 585089.73339178 4509051.37813302 20.30000019
v 585087.05365380 4509053.05711208 20.30000019
v 585063.77719713 4509067.73353032 20.30000019
v 585077.14029292 4509088.93651091 20.30000019
v 585112.48870026 4509066.66050098 20.30000019
v 585108.63987667 4509060.55455123 20.30000019
v 585110.74116449 4509059.23531094 20.30000019
v 585138.92581555 4509084.19454365 6.00000000
v 585139.00232853 4509084.15101361 6.00000000
v 585139.31519887 4509081.91197250 6.00000000
v 585132.71243761 4509071.44455109 6.00000000
v 585120.03626735 4509079.43689369 6.00000000
v 585113.74877311 4509069.46160358 6.00000000
v 585115.58648634 4509068.29476918 6.00000000
v 585113.96905592 4509065.72270922 6.00000000
v 585112.48870026 4509066.66050098 6.00000000
v 585077.14029292 4509088.93651091 6.00000000
v 585090.23791908 4509109.71459033 6.00000000
v 585108.23967663 4509098.36386446 6.00000000
v 585129.25312084 4509085.11598430 6.00000000
v 585131.59223809 4509088.82875277 6.00000000
v 585138.92581555 4509084.19454365 32.89999962
v 585139.00232853 4509084.15101361 32.89999962
v 585139.31519887 4509081.91197250 32.89999962
v 585132.71243761 4509071.44455109 32.89999962
v 585120.03626735 4509079.43689369 32.89999962
v 585113.74877311 4509069.46160358 32.89999962
v 585115.58648634 4509068.29476918 32.89999962
v 585113.96905592 4509065.72270922 32.89999962
v 585112.48870026 4509066.66050098 32.89999962
v 585077.14029292 4509088.93651091 32.89999962
v 585090.23791908 4509109.71459033 32.89999962
v 585108.23967663 4509098.36386446 32.89999962
v 585129.25312084 4509085.11598430 32.89999962
v 585131.59223809 4509088.82875277 32.89999962
v 585129.25312084 4509085.11598430 6.00000000
v 585108.23967663 4509098.36386446 6.00000000
v 585112.85163666 4509105.67760658 6.00000000
v 585129.13497691 4509095.40631750 6.00000000
v 585133.86506924 4509092.42973952 6.00000000
v 585131.59223809 4509088.82875277 6.00000000
v 585129.25312084 4509085.11598430 13.00000000
v 585108.23967663 4509098.36386446 13.00000000
v 585112.85163666 4509105.67760658 13.00000000
v 585129.13497691 4509095.40631750 13.00000000
v 585133.86506924 4509092.42973952 13.00000000
v 585131.59223809 4509088.82875277 13.00000000
v 585009.25786218 4509106.12120141 6.00000000
v 585022.78611389 4509127.65904086 6.00000000
v 585053.35230378 4509108.45872653 6.00000000
v 585037.89160449 4509083.83447624 6.00000000
v 585020.02656864 4509095.05371261 6.00000000
v 585008.26959903 4509102.44616434 6.00000000
v 585003.91406216 4509105.17176565 6.00000000
v 585002.50179584 4509106.06595085 6.00000000
v 585004.44287385 4509109.14129263 6.00000000
v 585009.25786218 4509106.12120141 39.40000153
v 585022.78611389 4509127.65904086 39.40000153
v 585053.35230378 4509108.45872653 39.40000153
v 585037.89160449 4509083.83447624 39.40000153
v 585020.02656864 4509095.05371261 39.40000153
v 585008.26959903 4509102.44616434 39.40000153
v 585003.91406216 4509105.17176565 39.40000153
v 585002.50179584 4509106.06595085 39.40000153
v 585004.44287385 4509109.14129263 39.40000153
v 585094.84988907 4509117.02832122 6.00000000
v 585112.85163666 4509105.67760658 6.00000000
v 585108.23967663 4509098.36386446 6.00000000
v 585090.23791908 4509109.71459033 6.00000000
v 585094.84988907 4509117.02832122 25.39999962
v 585112.85163666 4509105.67760658 25.39999962
v 585108.23967663 4509098.36386446 25.39999962
v 585090.23791908 4509109.71459033 25.39999962
v 585094.84988907 4509117.02832122 6.00000000
v 585099.84342819 4509124.94595052 6.00000000
v 585134.12836805 4509103.33507065 6.00000000
v 585129.13497691 4509095.40631750 6.00000000
v 585112.85163666 4509105.67760658 6.00000000
v 585094.84988907 4509117.02832122 40.00000000
v 585099.84342819 4509124.94595052 40.00000000
v 585134.12836805 4509103.33507065 40.00000000
v 585129.13497691 4509095.40631750 40.00000000
v 585112.85163666 4509105.67760658 40.00000000
v 585047.00738221 4509145.45600495 6.00000000
v 585053.04642805 4509141.75054732 6.00000000
v 585054.90366503 4509144.76943083 6.00000000
v 585069.89330424 4509135.34914261 6.00000000
v 585063.40732272 4509125.00524677 6.00000000
v 585029.91467400 4509146.04822043 6.00000000
v 585036.40925391 4509156.38108305 6.00000000
v 585046.91550116 4509149.78478723 6.00000000
v 585043.88932900 4509144.85403165 6.00000000
v 585045.87965419 4509143.63342034 6.00000000
v 585047.00738221 4509145.45600495 26.60000038
v 585053.04642805 4509141.75054732 26.60000038
v 585054.90366503 4509144.76943083 26.60000038
v 585069.89330424 4509135.34914261 26.60000038
v 585063.40732272 4509125.00524677 26.60000038
v 585029.91467400 4509146.04822043 26.60000038
v 585036.40925391 4509156.38108305 26.60000038
v 585046.91550116 4509149.78478723 26.60000038
v 585043.88932900 4509144.85403165 26.60000038
v 585045.87965419 4509143.63342034 26.60000038
v 585008.88221569 4509129.30926920 6.00000000
v 584979.03937402 4509148.05176235 6.00000000
v 584982.79676203 4509154.03447251 6.00000000
v 585012.50345622 4509135.37925083 6.00000000
v 585014.91945166 4509133.86375398 6.00000000
v 585011.16207827 4509127.88102749 6.00000000
v 585008.88221569 4509129.30926920 51.70000076
v 584979.03937402 4509148.05176235 51.70000076
v 584982.79676203 4509154.03447251 51.70000076
v 585012.50345622 4509135.37925083 51.70000076
v 585014.91945166 4509133.86375398 51.70000076
v 585011.16207827 4509127.88102749 51.70000076
v 584974.65994799 4509141.07383493 6.00000000
v 584979.03937402 4509148.05176235 6.00000000
v 585008.88221569 4509129.30926920 6.00000000
v 585004.50280553 4509122.33132409 6.00000000
v 585004.00100217 4509122.63643123 6.00000000
v 584974.65994799 4509141.07383493 40.00000000
v 584979.03937402 4509148.05176235 40.00000000
v 585008.88221569 4509129.30926920 40.00000000
v 585004.50280553 4509122.33132409 40.00000000
v 585004.00100217 4509122.63643123 40.00000000
v 584974.65994799 4509141.07383493 6.00000000
v 585004.00100217 4509122.63643123 6.00000000
v 585000.23529659 4509116.64251310 6.00000000
v 584970.89422904 4509135.07993176 6.00000000
v 584974.65994799 4509141.07383493 46.59999847
v 585004.00100217 4509122.63643123 46.59999847
v 585000.23529659 4509116.64251310 46.59999847
v 584970.89422904 4509135.07993176 46.59999847
v 585002.50179584 4509106.06595085 6.00000000
v 584999.09050349 4509108.20286418 6.00000000
v 584966.76355011 4509128.50453722 6.00000000
v 584970.89422904 4509135.07993176 6.00000000
v 585000.23529659 4509116.64251310 6.00000000
v 584998.04545734 4509113.16464363 6.00000000
v 585004.44287385 4509109.14129263 6.00000000
v 585002.50179584 4509106.06595085 47.00000000
v 584999.09050349 4509108.20286418 47.00000000
v 584966.76355011 4509128.50453722 47.00000000
v 584970.89422904 4509135.07993176 47.00000000
v 585000.23529659 4509116.64251310 47.00000000
v 584998.04545734 4509113.16464363 47.00000000
v 585004.44287385 4509109.14129263 47.00000000
v 584984.01601430 4509108.81832388 6.00000000
v 584979.96837949 4509102.36599771 6.00000000
v 584958.72610794 4509115.71158998 6.00000000
v 584966.46488215 4509128.03482480 6.00000000
v 584966.76355011 4509128.50453722 6.00000000
v 584999.09050349 4509108.20286418 6.00000000
v 584995.10072213 4509101.86221403 6.00000000
v 584990.21767003 4509104.92594272 6.00000000
v 584984.01601430 4509108.81832388 57.90000153
v 584979.96837949 4509102.36599771 57.90000153
v 584958.72610794 4509115.71158998 57.90000153
v 584966.46488215 4509128.03482480 57.90000153
v 584966.76355011 4509128.50453722 57.90000153
v 584999.09050349 4509108.20286418 57.90000153
v 584995.10072213 4509101.86221403 57.90000153
v 584990.21767003 4509104.92594272 57.90000153
v 584935.04686999 4509129.46230884 6.00000000
v 584937.54767968 4509127.91445231 6.00000000
v 584926.49300384 4509110.13542486 6.00000000
v 584895.48714720 4509129.40893388 6.00000000
v 584893.84118479 4509135.96255376 6.00000000
v 584885.50522084 4509135.95593303 6.00000000
v 584878.36705788 4509146.41014431 6.00000000
v 584881.96636455 4509152.19115308 6.00000000
v 584889.95143127 4509153.33727308 6.00000000
v 584887.92696484 4509162.70650378 6.00000000
v 584903.38309453 4509153.09138774 6.00000000
v 584903.15096446 4509152.71125696 6.00000000
v 584912.04858333 4509147.18436291 6.00000000
v 584915.32436809 4509152.45098522 6.00000000
v 584919.67971677 4509149.73643329 6.00000000
v 584918.70103945 4509148.17092510 6.00000000
v 584941.47273438 4509134.01008225 6.00000000
v 584939.20046076 4509130.35365207 6.00000000
v 584936.59755174 4509131.96695129 6.00000000
v 584935.04686999 4509129.46230884 28.89999962
v 584937.54767968 4509127.91445231 28.89999962
v 584926.49300384 4509110.13542486 28.89999962
v 584895.48714720 4509129.40893388 28.89999962
v 584893.84118479 4509135.96255376 28.89999962
v 584885.50522084 4509135.95593303 28.89999962
v 584878.36705788 4509146.41014431 28.89999962
v 584881.96636455 4509152.19115308 28.89999962
v 584889.95143127 4509153.33727308 28.89999962
v 584887.92696484 4509162.70650378 28.89999962
v 584903.38309453 4509153.09138774 28.89999962
v 584903.15096446 4509152.71125696 28.89999962
v 584912.04858333 4509147.18436291 28.89999962
v 584915.32436809 4509152.45098522 28.89999962
v 584919.67971677 4509149.73643329 28.89999962
v 584918.70103945 4509148.17092510 28.89999962
v 584941.47273438 4509134.01008225 28.89999962
v 584939.20046076 4509130.35365207 28.89999962
v 584936.59755174 4509131.96695129 28.89999962
v 584935.21138397 4509154.17755571 6.00000000
v 584939.48165630 4509151.51755137 6.00000000
v 584939.98762771 4509152.32270171 6.00000000
v 584949.61699015 4509146.32684266 6.00000000
v 584941.82151176 4509133.79203503 6.00000000
v 584941.47273438 4509134.01008225 6.00000000
v 584918.70103945 4509148.17092510 6.00000000
v 584919.67971677 4509149.73643329 6.00000000
v 584915.32436809 4509152.45098522 6.00000000
v 584912.04858333 4509147.18436291 6.00000000
v 584903.15096446 4509152.71125696 6.00000000
v 584903.38309453 4509153.09138774 6.00000000
v 584887.92696484 4509162.70650378 6.00000000
v 584898.10265485 4509179.06543864 6.00000000
v 584924.33638206 4509162.74596415 6.00000000
v 584922.94310100 4509160.50957820 6.00000000
v 584934.63080854 4509153.24942758 6.00000000
v 584935.21138397 4509154.17755571 50.40000153
v 584939.48165630 4509151.51755137 50.40000153
v 584939.98762771 4509152.32270171 50.40000153
v 584949.61699015 4509146.32684266 50.40000153
v 584941.82151176 4509133.79203503 50.40000153
v 584941.47273438 4509134.01008225 50.40000153
v 584918.70103945 4509148.17092510 50.40000153
v 584919.67971677 4509149.73643329 50.40000153
v 584915.32436809 4509152.45098522 50.40000153
v 584912.04858333 4509147.18436291 50.40000153
v 584903.15096446 4509152.71125696 50.40000153
v 584903.38309453 4509153.09138774 50.40000153
v 584887.92696484 4509162.70650378 50.40000153
v 584898.10265485 4509179.06543864 50.40000153
v 584924.33638206 4509162.74596415 50.40000153
v 584922.94310100 4509160.50957820 50.40000153
v 584934.63080854 4509153.24942758 50.40000153
v 584935.21138397 4509154.17755571 6.00000000
v 584934.63080854 4509153.24942758 6.00000000
v 584922.94310100 4509160.50957820 6.00000000
v 584924.33638206 4509162.74596415 6.00000000
v 584934.12141501 4509172.65013276 6.00000000
v 584957.71929911 4509159.35366934 6.00000000
v 584949.61699015 4509146.32684266 6.00000000
v 584939.98762771 4509152.32270171 6.00000000
v 584939.48165630 4509151.51755137 6.00000000
v 584935.21138397 4509154.17755571 56.00000000
v 584934.63080854 4509153.24942758 56.00000000
v 584922.94310100 4509160.50957820 56.00000000
v 584924.33638206 4509162.74596415 56.00000000
v 584934.12141501 4509172.65013276 56.00000000
v 584957.71929911 4509159.35366934 56.00000000
v 584949.61699015 4509146.32684266 56.00000000
v 584939.98762771 4509152.32270171 56.00000000
v 584939.48165630 4509151.51755137 56.00000000
v 584987.08506201 4509160.85593081 6.00000000
v 585016.78329607 4509142.20062953 6.00000000
v 585012.50345622 4509135.37925083 6.00000000
v 584982.79676203 4509154.03447251 6.00000000
v 584987.08506201 4509160.85593081 29.60000038
v 585016.78329607 4509142.20062953 29.60000038
v 585012.50345622 4509135.37925083 29.60000038
v 584982.79676203 4509154.03447251 29.60000038
v 585016.78329607 4509142.20062953 6.00000000
v 584987.08506201 4509160.85593081 6.00000000
v 584994.95630992 4509173.40276007 6.00000000
v 585023.08923280 4509155.72873407 6.00000000
v 585027.43630333 4509153.00304732 6.00000000
v 585019.55664173 4509140.45608663 6.00000000
v 585016.78329607 4509142.20062953 51.20000076
v 584987.08506201 4509160.85593081 51.20000076
v 584994.95630992 4509173.40276007 51.20000076
v 585023.08923280 4509155.72873407 51.20000076
v 585027.43630333 4509153.00304732 51.20000076
v 585019.55664173 4509140.45608663 51.20000076
v 584896.81822966 4509179.86118791 6.00000000
v 584905.51767465 4509193.84957803 6.00000000
v 584933.03579734 4509176.73438666 6.00000000
v 584934.12141501 4509172.65013276 6.00000000
v 584924.33638206 4509162.74596415 6.00000000
v 584898.10265485 4509179.06543864 6.00000000
v 584896.81822966 4509179.86118791 52.70000076
v 584905.51767465 4509193.84957803 52.70000076
v 584933.03579734 4509176.73438666 52.70000076
v 584934.12141501 4509172.65013276 52.70000076
v 584924.33638206 4509162.74596415 52.70000076
v 584898.10265485 4509179.06543864 52.70000076
v 584931.25999998 4509201.99361830 6.00000000
v 584918.10781382 4509210.29170309 6.00000000
v 584932.78164478 4509233.57443451 6.00000000
v 584945.50839693 4509225.54905551 6.00000000
v 584945.94225241 4509225.27647258 6.00000000
v 584943.93477033 4509222.10046534 6.00000000
v 584931.25999998 4509201.99361830 30.10000038
v 584918.10781382 4509210.29170309 30.10000038
v 584932.78164478 4509233.57443451 30.10000038
v 584945.50839693 4509225.54905551 30.10000038
v 584945.94225241 4509225.27647258 30.10000038
v 584943.93477033 4509222.10046534 30.10000038
v 584931.25999998 4509201.99361830 6.00000000
v 584943.93477033 4509222.10046534 6.00000000
v 584944.70038295 4509221.62074245 6.00000000
v 584945.68748921 4509223.18635123 6.00000000
v 584949.88147062 4509220.54768378 6.00000000
v 584949.95782969 4509218.30592609 6.00000000
v 584956.30420829 4509214.30415556 6.00000000
v 584958.38628996 4509217.60314454 6.00000000
v 584983.41451968 4509201.82517219 6.00000000
v 584968.65773080 4509178.41926498 6.00000000
v 584931.25999998 4509201.99361830 62.59999847
v 584943.93477033 4509222.10046534 62.59999847
v 584944.70038295 4509221.62074245 62.59999847
v 584945.68748921 4509223.18635123 62.59999847
v 584949.88147062 4509220.54768378 62.59999847
v 584949.95782969 4509218.30592609 62.59999847
v 584956.30420829 4509214.30415556 62.59999847
v 584958.38628996 4509217.60314454 62.59999847
v 584983.41451968 4509201.82517219 62.59999847
v 584968.65773080 4509178.41926498 62.59999847
v 585026.41548374 4509224.34482009 6.00000000
v 585030.59595794 4509230.98743564 6.00000000
v 585030.93616167 4509230.78039645 6.00000000
v 585058.83072873 4509213.25920444 6.00000000
v 585054.65884078 4509206.60556910 6.00000000
v 585026.41548374 4509224.34482009 28.89999962
v 585030.59595794 4509230.98743564 28.89999962
v 585030.93616167 4509230.78039645 28.89999962
v 585058.83072873 4509213.25920444 28.89999962
v 585054.65884078 4509206.60556910 28.89999962
v 585058.83072873 4509213.25920444 6.00000000
v 585030.93616167 4509230.78039645 6.00000000
v 585034.66032215 4509236.70724414 6.00000000
v 585061.76366721 4509219.68768775 6.00000000
v 585063.13331463 4509218.82633154 6.00000000
v 585059.40072234 4509212.89937263 6.00000000
v 585058.83072873 4509213.25920444 50.79999924
v 585030.93616167 4509230.78039645 50.79999924
v 585034.66032215 4509236.70724414 50.79999924
v 585061.76366721 4509219.68768775 50.79999924
v 585063.13331463 4509218.82633154 50.79999924
v 585059.40072234 4509212.89937263 50.79999924
v 585022.33468273 4509217.84767800 6.00000000
v 585026.41548374 4509224.34482009 6.00000000
v 585054.65884078 4509206.60556910 6.00000000
v 585062.46833908 4509201.69919380 6.00000000
v 585058.38755590 4509195.20203180 6.00000000
v 585022.33468273 4509217.84767800 22.10000038
v 585026.41548374 4509224.34482009 22.10000038
v 585054.65884078 4509206.60556910 22.10000038
v 585062.46833908 4509201.69919380 22.10000038
v 585058.38755590 4509195.20203180 22.10000038
v 585069.38168667 4509223.37218430 6.00000000
v 585078.04914442 4509237.17168435 6.00000000
v 585085.82487347 4509240.35841164 6.00000000
v 585099.84454306 4509231.54877587 6.00000000
v 585100.60756067 4509232.76766763 6.00000000
v 585123.24501491 4509218.53922487 6.00000000
v 585110.18171708 4509197.73926564 6.00000000
v 585069.38168667 4509223.37218430 33.70000076
v 585078.04914442 4509237.17168435 33.70000076
v 585085.82487347 4509240.35841164 33.70000076
v 585099.84454306 4509231.54877587 33.70000076
v 585100.60756067 4509232.76766763 33.70000076
v 585123.24501491 4509218.53922487 33.70000076
v 585110.18171708 4509197.73926564 33.70000076
v 585069.58012331 4509213.43804022 6.00000000
v 585066.19596798 4509208.05908080 6.00000000
v 585060.82804283 4509211.42805960 6.00000000
v 585062.30431841 4509213.78754876 6.00000000
v 585067.29179113 4509214.13342496 6.00000000
v 585069.38168667 4509223.37218430 6.00000000
v 585110.18171708 4509197.73926564 6.00000000
v 585105.76930188 4509190.70536674 6.00000000
v 585089.40162552 4509200.98683648 6.00000000
v 585069.58012331 4509213.43804022 27.79999924
v 585066.19596798 4509208.05908080 27.79999924
v 585060.82804283 4509211.42805960 27.79999924
v 585062.30431841 4509213.78754876 27.79999924
v 585067.29179113 4509214.13342496 27.79999924
v 585069.38168667 4509223.37218430 27.79999924
v 585110.18171708 4509197.73926564 27.79999924
v 585105.76930188 4509190.70536674 27.79999924
v 585089.40162552 4509200.98683648 27.79999924
v 585089.40162552 4509200.98683648 6.00000000
v 585105.76930188 4509190.70536674 6.00000000
v 585101.24056378 4509183.50360345 6.00000000
v 585084.87287845 4509193.78508322 6.00000000
v 585089.40162552 4509200.98683648 26.10000038
v 585105.76930188 4509190.70536674 26.10000038
v 585101.24056378 4509183.50360345 26.10000038
v 585084.87287845 4509193.78508322 26.10000038
v 585063.70666609 4509197.56119810 6.00000000
v 585062.88999300 4509198.07362961 6.00000000
v 585067.16974889 4509204.89503933 6.00000000
v 585084.87287845 4509193.78508322 6.00000000
v 585101.24056378 4509183.50360345 6.00000000
v 585096.95238090 4509176.68207708 6.00000000
v 585063.70666609 4509197.56119810 27.00000000
v 585062.88999300 4509198.07362961 27.00000000
v 585067.16974889 4509204.89503933 27.00000000
v 585084.87287845 4509193.78508322 27.00000000
v 585101.24056378 4509183.50360345 27.00000000
v 585096.95238090 4509176.68207708 27.00000000
v 585059.26912814 4509190.50483554 6.00000000
v 585063.70666609 4509197.56119810 6.00000000
v 585096.95238090 4509176.68207708 6.00000000
v 585092.52343287 4509169.61469078 6.00000000
v 585091.73221618 4509170.11630923 6.00000000
v 585059.26912814 4509190.50483554 26.89999962
v 585063.70666609 4509197.56119810 26.89999962
v 585096.95238090 4509176.68207708 26.89999962
v 585092.52343287 4509169.61469078 26.89999962
v 585091.73221618 4509170.11630923 26.89999962
v 585091.73221618 4509170.11630923 6.00000000
v 585069.89330424 4509135.34914261 6.00000000
v 585054.90366503 4509144.76943083 6.00000000
v 585046.91550116 4509149.78478723 6.00000000
v 585036.40925391 4509156.38108305 6.00000000
v 585035.03115377 4509157.24234739 6.00000000
v 585039.41883121 4509164.23150920 6.00000000
v 585003.40834946 4509186.85553066 6.00000000
v 585022.33468273 4509217.84767800 6.00000000
v 585058.38755590 4509195.20203180 6.00000000
v 585056.51280768 4509192.23845664 6.00000000
v 585059.26912814 4509190.50483554 6.00000000
v 585091.73221618 4509170.11630923 53.59999847
v 585069.89330424 4509135.34914261 53.59999847
v 585054.90366503 4509144.76943083 53.59999847
v 585046.91550116 4509149.78478723 53.59999847
v 585036.40925391 4509156.38108305 53.59999847
v 585035.03115377 4509157.24234739 53.59999847
v 585039.41883121 4509164.23150920 53.59999847
v 585003.40834946 4509186.85553066 53.59999847
v 585022.33468273 4509217.84767800 53.59999847
v 585058.38755590 4509195.20203180 53.59999847
v 585056.51280768 4509192.23845664 53.59999847
v 585059.26912814 4509190.50483554 53.59999847
v 584998.84649598 4509179.58684016 6.00000000
v 585003.40834946 4509186.85553066 6.00000000
v 585039.41883121 4509164.23150920 6.00000000
v 585035.03115377 4509157.24234739 6.00000000
v 585034.85687035 4509156.97389716 6.00000000
v 585026.97083363 4509161.92383282 6.00000000
v 584998.84649598 4509179.58684016 12.09999990
v 585003.40834946 4509186.85553066 12.09999990
v 585039.41883121 4509164.23150920 12.09999990
v 585035.03115377 4509157.24234739 12.09999990
v 585034.85687035 4509156.97389716 12.09999990
v 585026.97083363 4509161.92383282 12.09999990
v 584998.84649598 4509179.58684016 6.00000000
v 585026.97083363 4509161.92383282 6.00000000
v 585023.08923280 4509155.72873407 6.00000000
v 584994.95630992 4509173.40276007 6.00000000
v 584998.84649598 4509179.58684016 43.70000076
v 585026.97083363 4509161.92383282 43.70000076
v 585023.08923280 4509155.72873407 43.70000076
v 584994.95630992 4509173.40276007 43.70000076
v 585165.69199073 4509161.30659290 6.00000000
v 585162.18688990 4509163.52006953 6.00000000
v 585153.26997771 4509149.38454159 6.00000000
v 585156.98773019 4509147.04027721 6.00000000
v 585143.34281987 4509125.40092199 6.00000000
v 585146.13360209 4509123.61221712 6.00000000
v 585151.01721929 4509120.50418747 6.00000000
v 585147.95184425 4509113.10826118 6.00000000
v 585144.76160469 4509115.11442131 6.00000000
v 585126.06213431 4509126.91223697 6.00000000
v 585128.80763933 4509131.27359532 6.00000000
v 585122.24000203 4509135.40590779 6.00000000
v 585123.81595450 4509137.91088125 6.00000000
v 585112.50957174 4509145.04189070 6.00000000
v 585144.10431002 4509195.15336100 6.00000000
v 585152.72237245 4509189.71235874 6.00000000
v 585154.87897520 4509193.13438440 6.00000000
v 585159.56666665 4509190.16843892 6.00000000
v 585160.18035253 4509191.15247659 6.00000000
v 585162.51984966 4509189.68055732 6.00000000
v 585159.74956302 4509185.27449175 6.00000000
v 585169.60962577 4509179.05952106 6.00000000
v 585165.56193536 4509172.62929117 6.00000000
v 585168.34387861 4509170.87379979 6.00000000
v 585170.75145129 4509169.35825631 6.00000000
v 585166.62083928 4509162.79384776 6.00000000
v 585165.69199073 4509161.30659290 31.60000038
v 585162.18688990 4509163.52006953 31.60000038
v 585153.26997771 4509149.38454159 31.60000038
v 585156.98773019 4509147.04027721 31.60000038
v 585143.34281987 4509125.40092199 31.60000038
v 585146.13360209 4509123.61221712 31.60000038
v 585151.01721929 4509120.50418747 31.60000038
v 585147.95184425 4509113.10826118 31.60000038
v 585144.76160469 4509115.11442131 31.60000038
v 585126.06213431 4509126.91223697 31.60000038
v 585128.80763933 4509131.27359532 31.60000038
v 585122.24000203 4509135.40590779 31.60000038
v 585123.81595450 4509137.91088125 31.60000038
v 585112.50957174 4509145.04189070 31.60000038
v 585144.10431002 4509195.15336100 31.60000038
v 585152.72237245 4509189.71235874 31.60000038
v 585154.87897520 4509193.13438440 31.60000038
v 585159.56666665 4509190.16843892 31.60000038
v 585160.18035253 4509191.15247659 31.60000038
v 585162.51984966 4509189.68055732 31.60000038
v 585159.74956302 4509185.27449175 31.60000038
v 585169.60962577 4509179.05952106 31.60000038
v 585165.56193536 4509172.62929117 31.60000038
v 585168.34387861 4509170.87379979 31.60000038
v 585170.75145129 4509169.35825631 31.60000038
v 585166.62083928 4509162.79384776 31.60000038
v 585159.17879317 4509015.09421639 6.00000000
v 585114.84935363 4509041.27478855 6.00000000
v 585129.53016934 4509066.13449535 6.00000000
v 585140.87381205 4509059.44802276 6.00000000
v 585143.77354056 4509064.35516179 6.00000000
v 585145.20450661 4509063.30578755 6.00000000
v 585155.85142425 4509055.51222434 6.00000000
v 585167.28107706 4509051.63562218 6.00000000
v 585159.17879317 4509015.09421639 35.79999924
v 585114.84935363 4509041.27478855 35.79999924
v 585129.53016934 4509066.13449535 35.79999924
v 585140.87381205 4509059.44802276 35.79999924
v 585143.77354056 4509064.35516179 35.79999924
v 585145.20450661 4509063.30578755 35.79999924
v 585155.85142425 4509055.51222434 35.79999924
v 585167.28107706 4509051.63562218 35.79999924
v 585059.88674735 4509061.57161867 6.00000000
v 585063.77719713 4509067.73353032 6.00000000
v 585087.05365380 4509053.05711208 6.00000000
v 585083.16334223 4509046.88408750 6.00000000
v 585078.82450711 4509049.62093998 6.00000000
v 585059.88674735 4509061.57161867 33.89999962
v 585063.77719713 4509067.73353032 33.89999962
v 585087.05365380 4509053.05711208 33.89999962
v 585083.16334223 4509046.88408750 33.89999962
v 585078.82450711 4509049.62093998 33.89999962
v 585069.20923326 4509041.11739925 6.00000000
v 585059.22196006 4509025.28219033 6.00000000
v 585043.32151694 4509035.30267554 6.00000000
v 585059.88674735 4509061.57161867 6.00000000
v 585078.82450711 4509049.62093998 6.00000000
v 585076.62623825 4509046.14295050 6.00000000
v 585073.58057175 4509048.06198295 6.00000000
v 585069.20923326 4509041.11739925 36.89999962
v 585059.22196006 4509025.28219033 36.89999962
v 585043.32151694 4509035.30267554 36.89999962
v 585059.88674735 4509061.57161867 36.89999962
v 585078.82450711 4509049.62093998 36.89999962
v 585076.62623825 4509046.14295050 36.89999962
v 585073.58057175 4509048.06198295 36.89999962
v 584975.97425948 4509040.39248642 6.00000000
v 584968.24961228 4509045.25551830 6.00000000
v 584963.64712274 4509048.15594786 6.00000000
v 584929.35438866 4509069.73421158 6.00000000
v 584936.65497044 4509081.24193661 6.00000000
v 585008.06501213 4509036.30836450 6.00000000
v 584996.11040045 4509017.46421455 6.00000000
v 584976.72232365 4509029.65418870 6.00000000
v 584981.37642625 4509036.99053088 6.00000000
v 584975.97425948 4509040.39248642 56.50000000
v 584968.24961228 4509045.25551830 56.50000000
v 584963.64712274 4509048.15594786 56.50000000
v 584929.35438866 4509069.73421158 56.50000000
v 584936.65497044 4509081.24193661 56.50000000
v 585008.06501213 4509036.30836450 56.50000000
v 584996.11040045 4509017.46421455 56.50000000
v 584976.72232365 4509029.65418870 56.50000000
v 584981.37642625 4509036.99053088 56.50000000
v 584954.70397538 4509034.05368092 6.00000000
v 584948.09208646 4509023.61963463 6.00000000
v 584913.79084405 4509045.19787380 6.00000000
v 584920.41120482 4509055.63198613 6.00000000
v 584954.70397538 4509034.05368092 20.89999962
v 584948.09208646 4509023.61963463 20.89999962
v 584913.79084405 4509045.19787380 20.89999962
v 584920.41120482 4509055.63198613 20.89999962
v 584920.41120482 4509055.63198613 6.00000000
v 584929.35438866 4509069.73421158 6.00000000
v 584963.64712274 4509048.15594786 6.00000000
v 584954.70397538 4509034.05368092 6.00000000
v 584920.41120482 4509055.63198613 53.00000000
v 584929.35438866 4509069.73421158 53.00000000
v 584963.64712274 4509048.15594786 53.00000000
v 584954.70397538 4509034.05368092 53.00000000
v 584836.07138756 4509009.75841061 6.00000000
v 584837.92119070 4509012.69943591 6.00000000
v 584839.92020565 4509015.88641591 6.00000000
v 584840.72843739 4509015.37386329 6.00000000
v 584842.65284381 4509018.43786696 6.00000000
v 584819.00305358 4509033.29950689 6.00000000
v 584820.02335697 4509034.92098750 6.00000000
v 584817.69245492 4509036.38201009 6.00000000
v 584817.41040948 4509035.93469850 6.00000000
v 584811.13215365 4509039.88185733 6.00000000
v 584815.06390000 4509046.14402402 6.00000000
v 584818.48373672 4509043.99602254 6.00000000
v 584819.37965188 4509045.41624186 6.00000000
v 584818.51193013 4509045.96142259 6.00000000
v 584823.04102720 4509053.16300616 6.00000000
v 584859.05156853 4509030.53811198 6.00000000
v 584855.85797624 4509025.46119495 6.00000000
v 584864.55226838 4509019.99852785 6.00000000
v 584859.15235827 4509011.39918608 6.00000000
v 584858.02080602 4509012.11897712 6.00000000
v 584856.49464396 4509009.68124636 6.00000000
v 584857.62606939 4509008.97255577 6.00000000
v 584840.65459276 4508981.96669995 6.00000000
v 584838.97018207 4508983.02433440 6.00000000
v 584836.15816208 4508978.55130808 6.00000000
v 584823.70376926 4508986.36905484 6.00000000
v 584837.73890215 4509008.70058232 6.00000000
v 584836.07138756 4509009.75841061 61.40000153
v 584837.92119070 4509012.69943591 61.40000153
v 584839.92020565 4509015.88641591 61.40000153
v 584840.72843739 4509015.37386329 61.40000153
v 584842.65284381 4509018.43786696 61.40000153
v 584819.00305358 4509033.29950689 61.40000153
v 584820.02335697 4509034.92098750 61.40000153
v 584817.69245492 4509036.38201009 61.40000153
v 584817.41040948 4509035.93469850 61.40000153
v 584811.13215365 4509039.88185733 61.40000153
v 584815.06390000 4509046.14402402 61.40000153
v 584818.48373672 4509043.99602254 61.40000153
v 584819.37965188 4509045.41624186 61.40000153
v 584818.51193013 4509045.96142259 61.40000153
v 584823.04102720 4509053.16300616 61.40000153
v 584859.05156853 4509030.53811198 61.40000153
v 584855.85797624 4509025.46119495 61.40000153
v 584864.55226838 4509019.99852785 61.40000153
v 584859.15235827 4509011.39918608 61.40000153
v 584858.02080602 4509012.11897712 61.40000153
v 584856.49464396 4509009.68124636 61.40000153
v 584857.62606939 4509008.97255577 61.40000153
v 584840.65459276 4508981.96669995 61.40000153
v 584838.97018207 4508983.02433440 61.40000153
v 584836.15816208 4508978.55130808 61.40000153
v 584823.70376926 4508986.36905484 61.40000153
v 584837.73890215 4509008.70058232 61.40000153
v 584652.84835300 4509021.25337817 6.00000000
v 584640.71134957 4509002.03027173 6.00000000
v 584632.71450281 4509007.07927689 6.00000000
v 584633.61045767 4509008.49947307 6.00000000
v 584617.33609165 4509018.77193758 6.00000000
v 584618.11597348 4509020.00207116 6.00000000
v 584610.57632358 4509024.95639779 6.00000000
v 584605.07438070 4509028.23535714 6.00000000
v 584604.33596195 4509027.07231080 6.00000000
v 584593.01279216 4509034.22611464 6.00000000
v 584592.00907628 4509032.62706007 6.00000000
v 584578.65279742 4509041.05663945 6.00000000
v 584579.65651492 4509042.65569221 6.00000000
v 584568.31650352 4509049.80934055 6.00000000
v 584571.06248781 4509054.15938571 6.00000000
v 584569.62480536 4509055.06446435 6.00000000
v 584574.44476431 4509062.70219017 6.00000000
v 584575.88257254 4509061.78601179 6.00000000
v 584578.62842115 4509066.14716064 6.00000000
v 584589.69628501 4509059.15695543 6.00000000
v 584590.69167941 4509060.74481278 6.00000000
v 584604.76262249 4509051.85712058 6.00000000
v 584603.76710314 4509050.28036202 6.00000000
v 584620.05147383 4509039.86365612 6.00000000
v 584626.00504572 4509036.23459429 6.00000000
v 584639.13173102 4509027.94680543 6.00000000
v 584640.01104574 4509029.34460834 6.00000000
v 584652.84835300 4509021.25337817 54.29999924
v 584640.71134957 4509002.03027173 54.29999924
v 584632.71450281 4509007.07927689 54.29999924
v 584633.61045767 4509008.49947307 54.29999924
v 584617.33609165 4509018.77193758 54.29999924
v 584618.11597348 4509020.00207116 54.29999924
v 584610.57632358 4509024.95639779 54.29999924
v 584605.07438070 4509028.23535714 54.29999924
v 584604.33596195 4509027.07231080 54.29999924
v 584593.01279216 4509034.22611464 54.29999924
v 584592.00907628 4509032.62706007 54.29999924
v 584578.65279742 4509041.05663945 54.29999924
v 584579.65651492 4509042.65569221 54.29999924
v 584568.31650352 4509049.80934055 54.29999924
v 584571.06248781 4509054.15938571 54.29999924
v 584569.62480536 4509055.06446435 54.29999924
v 584574.44476431 4509062.70219017 54.29999924
v 584575.88257254 4509061.78601179 54.29999924
v 584578.62842115 4509066.14716064 54.29999924
v 584589.69628501 4509059.15695543 54.29999924
v 584590.69167941 4509060.74481278 54.29999924
v 584604.76262249 4509051.85712058 54.29999924
v 584603.76710314 4509050.28036202 54.29999924
v 584620.05147383 4509039.86365612 54.29999924
v 584626.00504572 4509036.23459429 54.29999924
v 584639.13173102 4509027.94680543 54.29999924
v 584640.01104574 4509029.34460834 54.29999924
f 3 4 1
f 2 3 1
f 5 8 7
f 5 7 6
f 5 6 1
f 1 6 2
f 6 7 2
f 2 7 3
f 8 5 4
f 4 5 1
f 7 8 3
f 3 8 4
f 23 24 25
f 22 23 25
f 21 22 25
f 19 20 21
f 18 19 21
f 15 16 17
f 12 13 14
f 11 12 14
f 10 11 14
f 26 9 10
f 21 25 26
f 18 21 26
f 17 18 26
f 15 17 26
f 14 15 26
f 10 14 26
f 43 42 41
f 43 41 40
f 43 40 39
f 39 38 37
f 39 37 36
f 35 34 33
f 32 31 30
f 32 30 29
f 32 29 28
f 28 27 44
f 44 43 39
f 44 39 36
f 44 36 35
f 44 35 33
f 44 33 32
f 44 32 28
f 27 28 9
f 9 28 10
f 28 29 10
f 10 29 11
f 29 30 11
f 11 30 12
f 30 31 12
f 12 31 13
f 31 32 13
f 13 32 14
f 32 33 14
f 14 33 15
f 33 34 15
f 15 34 16
f 34 35 16
f 16 35 17
f 35 36 17
f 17 36 18
f 36 37 18
f 18 37 19
f 37 38 19
f 19 38 20
f 38 39 20
f 20 39 21
f 39 40 21
f 21 40 22
f 40 41 22
f 22 41 23
f 41 42 23
f 23 42 24
f 42 43 24
f 24 43 25
f 44 27 26
f 26 27 9
f 43 44 25
f 25 44 26
f 50 51 45
f 48 49 50
f 46 47 48
f 45 46 48
f 50 45 48
f 52 58 57
f 57 56 55
f 55 54 53
f 55 53 52
f 55 52 57
f 52 53 45
f 45 53 46
f 53 54 46
f 46 54 47
f 54 55 47
f 47 55 48
f 55 56 48
f 48 56 49
f 56 57 49
f 49 57 50
f 58 52 51
f 51 52 45
f 57 58 50
f 50 58 51
f 63 64 65
f 62 63 65
f 61 62 65
f 60 61 65
f 59 60 65
f 72 71 70
f 72 70 69
f 72 69 68
f 72 68 67
f 72 67 66
f 66 67 59
f 59 67 60
f 67 68 60
f 60 68 61
f 68 69 61
f 61 69 62
f 69 70 62
f 62 70 63
f 70 71 63
f 63 71 64
f 72 66 65
f 65 66 59
f 71 72 64
f 64 72 65
f 76 77 73
f 75 76 73
f 74 75 73
f 78 82 81
f 78 81 80
f 78 80 79
f 78 79 73
f 73 79 74
f 79 80 74
f 74 80 75
f 80 81 75
f 75 81 76
f 82 78 77
f 77 78 73
f 81 82 76
f 76 82 77
f 88 89 83
f 87 88 83
f 85 86 87
f 84 85 87
f 83 84 87
f 90 96 95
f 90 95 94
f 94 93 92
f 94 92 91
f 94 91 90
f 90 91 83
f 83 91 84
f 91 92 84
f 84 92 85
f 92 93 85
f 85 93 86
f 93 94 86
f 86 94 87
f 94 95 87
f 87 95 88
f 96 90 89
f 89 90 83
f 95 96 88
f 88 96 89
f 99 100 97
f 98 99 97
f 101 104 103
f 101 103 102
f 101 102 97
f 97 102 98
f 102 103 98
f 98 103 99
f 104 101 100
f 100 101 97
f 103 104 99
f 99 104 100
f 107 108 105
f 106 107 105
f 109 112 111
f 109 111 110
f 109 110 105
f 105 110 106
f 110 111 106
f 106 111 107
f 112 109 108
f 108 109 105
f 111 112 107
f 107 112 108
f 115 116 113
f 114 115 113
f 117 120 119
f 117 119 118
f 117 118 113
f 113 118 114
f 118 119 114
f 114 119 115
f 120 117 116
f 116 117 113
f 119 120 115
f 115 120 116
f 124 125 121
f 123 124 121
f 122 123 121
f 126 130 129
f 126 129 128
f 126 128 127
f 126 127 121
f 121 127 122
f 127 128 122
f 122 128 123
f 128 129 123
f 123 129 124
f 130 126 125
f 125 126 121
f 129 130 124
f 124 130 125
f 133 134 131
f 132 133 131
f 135 138 137
f 135 137 136
f 135 136 131
f 131 136 132
f 136 137 132
f 132 137 133
f 138 135 134
f 134 135 131
f 137 138 133
f 133 138 134
f 142 143 139
f 141 142 139
f 140 141 139
f 144 148 147
f 144 147 146
f 144 146 145
f 144 145 139
f 139 145 140
f 145 146 140
f 140 146 141
f 146 147 141
f 141 147 142
f 148 144 143
f 143 144 139
f 147 148 142
f 142 148 143
f 151 152 149
f 150 151 149
f 153 156 155
f 153 155 154
f 153 154 149
f 149 154 150
f 154 155 150
f 150 155 151
f 156 153 152
f 152 153 149
f 155 156 151
f 151 156 152
f 160 161 157
f 159 160 157
f 158 159 157
f 162 166 165
f 162 165 164
f 162 164 163
f 162 163 157
f 157 163 158
f 163 164 158
f 158 164 159
f 164 165 159
f 159 165 160
f 166 162 161
f 161 162 157
f 165 166 160
f 160 166 161
f 169 170 167
f 168 169 167
f 171 174 173
f 171 173 172
f 171 172 167
f 167 172 168
f 172 173 168
f 168 173 169
f 174 171 170
f 170 171 167
f 173 174 169
f 169 174 170
f 178 179 175
f 177 178 175
f 176 177 175
f 180 184 183
f 180 183 182
f 180 182 181
f 180 181 175
f 175 181 176
f 181 182 176
f 176 182 177
f 182 183 177
f 177 183 178
f 184 180 179
f 179 180 175
f 183 184 178
f 178 184 179
f 187 188 185
f 186 187 185
f 189 192 191
f 189 191 190
f 189 190 185
f 185 190 186
f 190 191 186
f 186 191 187
f 192 189 188
f 188 189 185
f 191 192 187
f 187 192 188
f 195 196 193
f 194 195 193
f 197 200 199
f 197 199 198
f 197 198 193
f 193 198 194
f 198 199 194
f 194 199 195
f 200 197 196
f 196 197 193
f 199 200 195
f 195 200 196
f 203 204 201
f 202 203 201
f 205 208 207
f 205 207 206
f 205 206 201
f 201 206 202
f 206 207 202
f 202 207 203
f 208 205 204
f 204 205 201
f 207 208 203
f 203 208 204
f 211 212 209
f 210 211 209
f 213 216 215
f 213 215 214
f 213 214 209
f 209 214 210
f 214 215 210
f 210 215 211
f 216 213 212
f 212 213 209
f 215 216 211
f 211 216 212
f 219 220 217
f 218 219 217
f 221 224 223
f 221 223 222
f 221 222 217
f 217 222 218
f 222 223 218
f 218 223 219
f 224 221 220
f 220 221 217
f 223 224 219
f 219 224 220
f 227 228 225
f 226 227 225
f 229 232 231
f 229 231 230
f 229 230 225
f 225 230 226
f 230 231 226
f 226 231 227
f 232 229 228
f 228 229 225
f 231 232 227
f 227 232 228
f 235 236 233
f 234 235 233
f 237 240 239
f 237 239 238
f 237 238 233
f 233 238 234
f 238 239 234
f 234 239 235
f 240 237 236
f 236 237 233
f 239 240 235
f 235 240 236
f 243 244 241
f 242 243 241
f 245 248 247
f 245 247 246
f 245 246 241
f 241 246 242
f 246 247 242
f 242 247 243
f 248 245 244
f 244 245 241
f 247 248 243
f 243 248 244
f 251 252 249
f 250 251 249
f 253 256 255
f 253 255 254
f 253 254 249
f 249 254 250
f 254 255 250
f 250 255 251
f 256 253 252
f 252 253 249
f 255 256 251
f 251 256 252
f 261 262 257
f 260 261 257
f 259 260 257
f 258 259 257
f 263 268 267
f 263 267 266
f 263 266 265
f 263 265 264
f 263 264 257
f 257 264 258
f 264 265 258
f 258 265 259
f 265 266 259
f 259 266 260
f 266 267 260
f 260 267 261
f 268 263 262
f 262 263 257
f 267 268 261
f 261 268 262
f 275 276 269
f 274 275 269
f 273 274 269
f 272 273 269
f 271 272 269
f 270 271 269
f 277 284 283
f 277 283 282
f 277 282 281
f 277 281 280
f 277 280 279
f 277 279 278
f 277 278 269
f 269 278 270
f 278 279 270
f 270 279 271
f 279 280 271
f 271 280 272
f 280 281 272
f 272 281 273
f 281 282 273
f 273 282 274
f 282 283 274
f 274 283 275
f 284 277 276
f 276 277 269
f 283 284 275
f 275 284 276
f 288 289 285
f 287 288 285
f 286 287 285
f 290 294 293
f 290 293 292
f 290 292 291
f 290 291 285
f 285 291 286
f 291 292 286
f 286 292 287
f 292 293 287
f 287 293 288
f 294 290 289
f 289 290 285
f 293 294 288
f 288 294 289
f 304 305 306
f 303 304 306
f 302 303 306
f 301 302 306
f 299 300 301
f 297 298 299
f 296 297 299
f 295 296 299
f 306 295 299
f 301 306 299
f 318 317 316
f 318 316 315
f 318 315 314
f 318 314 313
f 313 312 311
f 311 310 309
f 311 309 308
f 311 308 307
f 311 307 318
f 311 318 313
f 307 308 295
f 295 308 296
f 308 309 296
f 296 309 297
f 309 310 297
f 297 310 298
f 310 311 298
f 298 311 299
f 311 312 299
f 299 312 300
f 312 313 300
f 300 313 301
f 313 314 301
f 301 314 302
f 314 315 302
f 302 315 303
f 315 316 303
f 303 316 304
f 316 317 304
f 304 317 305
f 318 307 306
f 306 307 295
f 317 318 305
f 305 318 306
f 324 325 319
f 323 324 319
f 322 323 319
f 321 322 319
f 320 321 319
f 326 332 331
f 326 331 330
f 326 330 329
f 326 329 328
f 326 328 327
f 326 327 319
f 319 327 320
f 327 328 320
f 320 328 321
f 328 329 321
f 321 329 322
f 329 330 322
f 322 330 323
f 330 331 323
f 323 331 324
f 332 326 325
f 325 326 319
f 331 332 324
f 324 332 325
f 339 340 341
f 338 339 341
f 337 338 341
f 335 336 337
f 333 334 335
f 341 333 335
f 337 341 335
f 350 349 348
f 350 348 347
f 350 347 346
f 346 345 344
f 344 343 342
f 344 342 350
f 344 350 346
f 342 343 333
f 333 343 334
f 343 344 334
f 334 344 335
f 344 345 335
f 335 345 336
f 345 346 336
f 336 346 337
f 346 347 337
f 337 347 338
f 347 348 338
f 338 348 339
f 348 349 339
f 339 349 340
f 350 342 341
f 341 342 333
f 349 350 340
f 340 350 341
f 356 357 358
f 355 356 358
f 353 354 355
f 351 352 353
f 358 351 353
f 355 358 353
f 366 365 364
f 366 364 363
f 363 362 361
f 361 360 359
f 361 359 366
f 361 366 363
f 359 360 351
f 351 360 352
f 360 361 352
f 352 361 353
f 361 362 353
f 353 362 354
f 362 363 354
f 354 363 355
f 363 364 355
f 355 364 356
f 364 365 356
f 356 365 357
f 366 359 358
f 358 359 351
f 365 366 357
f 357 366 358
f 372 373 374
f 371 372 374
f 370 371 374
f 369 370 374
f 368 369 374
f 367 368 374
f 382 381 380
f 382 380 379
f 382 379 378
f 382 378 377
f 382 377 376
f 382 376 375
f 375 376 367
f 367 376 368
f 376 377 368
f 368 377 369
f 377 378 369
f 369 378 370
f 378 379 370
f 370 379 371
f 379 380 371
f 371 380 372
f 380 381 372
f 372 381 373
f 382 375 374
f 374 375 367
f 381 382 373
f 373 382 374
f 386 387 383
f 385 386 383
f 384 385 383
f 388 392 391
f 388 391 390
f 388 390 389
f 388 389 383
f 383 389 384
f 389 390 384
f 384 390 385
f 390 391 385
f 385 391 386
f 392 388 387
f 387 388 383
f 391 392 386
f 386 392 387
f 398 399 400
f 397 398 400
f 396 397 400
f 395 396 400
f 394 395 400
f 393 394 400
f 408 407 406
f 408 406 405
f 408 405 404
f 408 404 403
f 408 403 402
f 408 402 401
f 401 402 393
f 393 402 394
f 402 403 394
f 394 403 395
f 403 404 395
f 395 404 396
f 404 405 396
f 396 405 397
f 405 406 397
f 397 406 398
f 406 407 398
f 398 407 399
f 408 401 400
f 400 401 393
f 407 408 399
f 399 408 400
f 412 413 409
f 410 411 412
f 409 410 412
f 414 418 417
f 417 416 415
f 417 415 414
f 414 415 409
f 409 415 410
f 415 416 410
f 410 416 411
f 416 417 411
f 411 417 412
f 418 414 413
f 413 414 409
f 417 418 412
f 412 418 413
f 421 422 419
f 420 421 419
f 423 426 425
f 423 425 424
f 423 424 419
f 419 424 420
f 424 425 420
f 420 425 421
f 426 423 422
f 422 423 419
f 425 426 421
f 421 426 422
f 429 430 427
f 428 429 427
f 431 434 433
f 431 433 432
f 431 432 427
f 427 432 428
f 432 433 428
f 428 433 429
f 434 431 430
f 430 431 427
f 433 434 429
f 429 434 430
f 437 438 435
f 436 437 435
f 439 442 441
f 439 441 440
f 439 440 435
f 435 440 436
f 440 441 436
f 436 441 437
f 442 439 438
f 438 439 435
f 441 442 437
f 437 442 438
f 445 446 443
f 444 445 443
f 447 450 449
f 447 449 448
f 447 448 443
f 443 448 444
f 448 449 444
f 444 449 445
f 450 447 446
f 446 447 443
f 449 450 445
f 445 450 446
f 512 513 451
f 510 511 512
f 509 510 512
f 507 508 509
f 505 506 507
f 502 503 504
f 500 501 502
f 498 499 500
f 497 498 500
f 496 497 500
f 495 496 500
f 493 494 495
f 490 491 492
f 489 490 492
f 488 489 492
f 487 488 492
f 486 487 492
f 485 486 492
f 484 485 492
f 482 483 484
f 480 481 482
f 478 479 480
f 476 477 478
f 475 476 478
f 473 474 475
f 471 472 473
f 469 470 471
f 467 468 469
f 464 465 466
f 462 463 464
f 460 461 462
f 458 459 460
f 457 458 460
f 455 456 457
f 454 455 457
f 453 454 457
f 452 453 457
f 451 452 457
f 512 451 457
f 509 512 457
f 507 509 457
f 505 507 457
f 504 505 457
f 502 504 457
f 495 500 502
f 493 495 502
f 484 492 493
f 482 484 493
f 480 482 493
f 478 480 493
f 475 478 493
f 473 475 493
f 471 473 493
f 469 471 493
f 467 469 493
f 466 467 493
f 464 466 493
f 462 464 493
f 457 460 462
f 502 457 462
f 493 502 462
f 514 576 575
f 575 574 573
f 575 573 572
f 572 571 570
f 570 569 568
f 567 566 565
f 565 564 563
f 563 562 561
f 563 561 560
f 563 560 559
f 563 559 558
f 558 557 556
f 555 554 553
f 555 553 552
f 555 552 551
f 555 551 550
f 555 550 549
f 555 549 548
f 555 548 547
f 547 546 545
f 545 544 543
f 543 542 541
f 541 540 539
f 541 539 538
f 538 537 536
f 536 535 534
f 534 533 532
f 532 531 530
f 529 528 527
f 527 526 525
f 525 524 523
f 523 522 521
f 523 521 520
f 520 519 518
f 520 518 517
f 520 517 516
f 520 516 515
f 520 515 514
f 520 514 575
f 520 575 572
f 520 572 570
f 520 570 568
f 520 568 567
f 520 567 565
f 565 563 558
f 565 558 556
f 556 555 547
f 556 547 545
f 556 545 543
f 556 543 541
f 556 541 538
f 556 538 536
f 556 536 534
f 556 534 532
f 556 532 530
f 556 530 529
f 556 529 527
f 556 527 525
f 525 523 520
f 525 520 565
f 525 565 556
f 514 515 451
f 451 515 452
f 515 516 452
f 452 516 453
f 516 517 453
f 453 517 454
f 517 518 454
f 454 518 455
f 518 519 455
f 455 519 456
f 519 520 456
f 456 520 457
f 520 521 457
f 457 521 458
f 521 522 458
f 458 522 459
f 522 523 459
f 459 523 460
f 523 524 460
f 460 524 461
f 524 525 461
f 461 525 462
f 525 526 462
f 462 526 463
f 526 527 463
f 463 527 464
f 527 528 464
f 464 528 465
f 528 529 465
f 465 529 466
f 529 530 466
f 466 530 467
f 530 531 467
f 467 531 468
f 531 532 468
f 468 532 469
f 532 533 469
f 469 533 470
f 533 534 470
f 470 534 471
f 534 535 471
f 471 535 472
f 535 536 472
f 472 536 473
f 536 537 473
f 473 537 474
f 537 538 474
f 474 538 475
f 538 539 475
f 475 539 476
f 539 540 476
f 476 540 477
f 540 541 477
f 477 541 478
f 541 542 478
f 478 542 479
f 542 543 479
f 479 543 480
f 543 544 480
f 480 544 481
f 544 545 481
f 481 545 482
f 545 546 482
f 482 546 483
f 546 547 483
f 483 547 484
f 547 548 484
f 484 548 485
f 548 549 485
f 485 549 486
f 549 550 486
f 486 550 487
f 550 551 487
f 487 551 488
f 551 552 488
f 488 552 489
f 552 553 489
f 489 553 490
f 553 554 490
f 490 554 491
f 554 555 491
f 491 555 492
f 555 556 492
f 492 556 493
f 556 557 493
f 493 557 494
f 557 558 494
f 494 558 495
f 558 559 495
f 495 559 496
f 559 560 496
f 496 560 497
f 560 561 497
f 497 561 498
f 561 562 498
f 498 562 499
f 562 563 499
f 499 563 500
f 563 564 500
f 500 564 501
f 564 565 501
f 501 565 502
f 565 566 502
f 502 566 503
f 566 567 503
f 503 567 504
f 567 568 504
f 504 568 505
f 568 569 505
f 505 569 506
f 569 570 506
f 506 570 507
f 570 571 507
f 507 571 508
f 571 572 508
f 508 572 509
f 572 573 509
f 509 573 510
f 573 574 510
f 510 574 511
f 574 575 511
f 511 575 512
f 576 514 513
f 513 514 451
f 575 576 512
f 512 576 513
f 582 583 577
f 581 582 577
f 579 580 581
f 578 579 581
f 577 578 581
f 584 590 589
f 584 589 588
f 588 587 586
f 588 586 585
f 588 585 584
f 584 585 577
f 577 585 578
f 585 586 578
f 578 586 579
f 586 587 579
f 579 587 580
f 587 588 580
f 580 588 581
f 588 589 581
f 581 589 582
f 590 584 583
f 583 584 577
f 589 590 582
f 582 590 583
f 608 609 610
f 607 608 610
f 606 607 610
f 605 606 610
f 604 605 610
f 603 604 610
f 602 603 610
f 601 602 610
f 597 598 599
f 596 597 599
f 595 596 599
f 594 595 599
f 593 594 599
f 592 593 599
f 610 591 592
f 601 610 592
f 600 601 592
f 599 600 592
f 630 629 628
f 630 628 627
f 630 627 626
f 630 626 625
f 630 625 624
f 630 624 623
f 630 623 622
f 630 622 621
f 619 618 617
f 619 617 616
f 619 616 615
f 619 615 614
f 619 614 613
f 619 613 612
f 612 611 630
f 612 630 621
f 612 621 620
f 612 620 619
f 611 612 591
f 591 612 592
f 612 613 592
f 592 613 593
f 613 614 593
f 593 614 594
f 614 615 594
f 594 615 595
f 615 616 595
f 595 616 596
f 616 617 596
f 596 617 597
f 617 618 597
f 597 618 598
f 618 619 598
f 598 619 599
f 619 620 599
f 599 620 600
f 620 621 600
f 600 621 601
f 621 622 601
f 601 622 602
f 622 623 602
f 602 623 603
f 623 624 603
f 603 624 604
f 624 625 604
f 604 625 605
f 625 626 605
f 605 626 606
f 626 627 606
f 606 627 607
f 627 628 607
f 607 628 608
f 628 629 608
f 608 629 609
f 630 611 610
f 610 611 591
f 629 630 609
f 609 630 610
f 633 634 631
f 632 633 631
f 635 638 637
f 635 637 636
f 635 636 631
f 631 636 632
f 636 637 632
f 632 637 633
f 638 635 634
f 634 635 631
f 637 638 633
f 633 638 634
f 644 645 639
f 643 644 639
f 642 643 639
f 641 642 639
f 640 641 639
f 646 652 651
f 646 651 650
f 646 650 649
f 646 649 648
f 646 648 647
f 646 647 639
f 639 647 640
f 647 648 640
f 640 648 641
f 648 649 641
f 641 649 642
f 649 650 642
f 642 650 643
f 650 651 643
f 643 651 644
f 652 646 645
f 645 646 639
f 651 652 644
f 644 652 645
f 655 656 653
f 654 655 653
f 657 660 659
f 657 659 658
f 657 658 653
f 653 658 654
f 658 659 654
f 654 659 655
f 660 657 656
f 656 657 653
f 659 660 655
f 655 660 656
f 663 664 661
f 662 663 661
f 665 668 667
f 665 667 666
f 665 666 661
f 661 666 662
f 666 667 662
f 662 667 663
f 668 665 664
f 664 665 661
f 667 668 663
f 663 668 664
f 673 674 669
f 672 673 669
f 671 672 669
f 670 671 669
f 675 680 679
f 675 679 678
f 675 678 677
f 675 677 676
f 675 676 669
f 669 676 670
f 676 677 670
f 670 677 671
f 677 678 671
f 671 678 672
f 678 679 672
f 672 679 673
f 680 675 674
f 674 675 669
f 679 680 673
f 673 680 674
f 698 699 681
f 697 698 681
f 695 696 697
f 694 695 697
f 692 693 694
f 691 692 694
f 688 689 690
f 686 687 688
f 684 685 686
f 683 684 686
f 681 682 683
f 697 681 683
f 691 694 697
f 690 691 697
f 688 690 697
f 686 688 697
f 683 686 697
f 700 718 717
f 700 717 716
f 716 715 714
f 716 714 713
f 713 712 711
f 713 711 710
f 709 708 707
f 707 706 705
f 705 704 703
f 705 703 702
f 702 701 700
f 702 700 716
f 716 713 710
f 716 710 709
f 716 709 707
f 716 707 705
f 716 705 702
f 700 701 681
f 681 701 682
f 701 702 682
f 682 702 683
f 702 703 683
f 683 703 684
f 703 704 684
f 684 704 685
f 704 705 685
f 685 705 686
f 705 706 686
f 686 706 687
f 706 707 687
f 687 707 688
f 707 708 688
f 688 708 689
f 708 709 689
f 689 709 690
f 709 710 690
f 690 710 691
f 710 711 691
f 691 711 692
f 711 712 692
f 692 712 693
f 712 713 693
f 693 713 694
f 713 714 694
f 694 714 695
f 714 715 695
f 695 715 696
f 715 716 696
f 696 716 697
f 716 717 697
f 697 717 698
f 718 700 699
f 699 700 681
f 717 718 698
f 698 718 699
f 754 755 726
f 755 756 757
f 726 755 757
f 724 725 726
f 721 722 723
f 720 721 723
f 751 719 720
f 748 749 750
f 747 748 750
f 746 747 750
f 745 746 750
f 744 745 750
f 743 744 750
f 742 743 750
f 741 742 750
f 740 741 750
f 737 738 739
f 735 736 737
f 734 735 737
f 731 732 733
f 730 731 733
f 729 730 733
f 726 727 728
f 754 726 728
f 726 757 752
f 724 726 752
f 723 724 752
f 720 723 752
f 751 720 752
f 750 751 752
f 734 737 739
f 733 734 739
f 729 733 739
f 728 729 739
f 754 728 739
f 753 754 739
f 750 752 753
f 740 750 753
f 739 740 753
f 765 794 793
f 796 795 794
f 796 794 765
f 765 764 763
f 762 761 760
f 762 760 759
f 759 758 790
f 789 788 787
f 789 787 786
f 789 786 785
f 789 785 784
f 789 784 783
f 789 783 782
f 789 782 781
f 789 781 780
f 789 780 779
f 778 777 776
f 776 775 774
f 776 774 773
f 772 771 770
f 772 770 769
f 772 769 768
f 767 766 765
f 767 765 793
f 791 796 765
f 791 765 763
f 791 763 762
f 791 762 759
f 791 759 790
f 791 790 789
f 778 776 773
f 778 773 772
f 778 772 768
f 778 768 767
f 778 767 793
f 778 793 792
f 792 791 789
f 792 789 779
f 792 779 778
f 758 759 719
f 719 759 720
f 759 760 720
f 720 760 721
f 760 761 721
f 721 761 722
f 761 762 722
f 722 762 723
f 762 763 723
f 723 763 724
f 763 764 724
f 724 764 725
f 764 765 725
f 725 765 726
f 765 766 726
f 726 766 727
f 766 767 727
f 727 767 728
f 767 768 728
f 728 768 729
f 768 769 729
f 729 769 730
f 769 770 730
f 730 770 731
f 770 771 731
f 731 771 732
f 771 772 732
f 732 772 733
f 772 773 733
f 733 773 734
f 773 774 734
f 734 774 735
f 774 775 735
f 735 775 736
f 775 776 736
f 736 776 737
f 776 777 737
f 737 777 738
f 777 778 738
f 738 778 739
f 778 779 739
f 739 779 740
f 779 780 740
f 740 780 741
f 780 781 741
f 741 781 742
f 781 782 742
f 742 782 743
f 782 783 743
f 743 783 744
f 783 784 744
f 744 784 745
f 784 785 745
f 745 785 746
f 785 786 746
f 746 786 747
f 786 787 747
f 747 787 748
f 787 788 748
f 748 788 749
f 788 789 749
f 749 789 750
f 790 758 751
f 751 758 719
f 789 790 750
f 750 790 751
f 791 792 752
f 752 792 753
f 792 793 753
f 753 793 754
f 793 794 754
f 754 794 755
f 794 795 755
f 755 795 756
f 796 791 757
f 757 791 752
f 795 796 756
f 756 796 757
f 802 803 797
f 799 800 801
f 798 799 801
f 802 797 798
f 801 802 798
f 804 810 809
f 808 807 806
f 808 806 805
f 805 804 809
f 805 809 808
f 804 805 797
f 797 805 798
f 805 806 798
f 798 806 799
f 806 807 799
f 799 807 800
f 807 808 800
f 800 808 801
f 808 809 801
f 801 809 802
f 810 804 803
f 803 804 797
f 809 810 802
f 802 810 803
f 814 815 811
f 813 814 811
f 812 813 811
f 816 820 819
f 816 819 818
f 816 818 817
f 816 817 811
f 811 817 812
f 817 818 812
f 812 818 813
f 818 819 813
f 813 819 814
f 820 816 815
f 815 816 811
f 819 820 814
f 814 820 815
f 826 827 821
f 825 826 821
f 823 824 825
f 822 823 825
f 821 822 825
f 828 834 833
f 828 833 832
f 832 831 830
f 832 830 829
f 832 829 828
f 828 829 821
f 821 829 822
f 829 830 822
f 822 830 823
f 830 831 823
f 823 831 824
f 831 832 824
f 824 832 825
f 832 833 825
f 825 833 826
f 834 828 827
f 827 828 821
f 833 834 826
f 826 834 827
f 837 838 835
f 836 837 835
f 839 842 841
f 839 841 840
f 839 840 835
f 835 840 836
f 840 841 836
f 836 841 837
f 842 839 838
f 838 839 835
f 841 842 837
f 837 842 838
f 848 849 843
f 847 848 843
f 845 846 847
f 843 844 845
f 847 843 845
f 850 856 855
f 850 855 854
f 854 853 852
f 852 851 850
f 852 850 854
f 850 851 843
f 843 851 844
f 851 852 844
f 844 852 845
f 852 853 845
f 845 853 846
f 853 854 846
f 846 854 847
f 854 855 847
f 847 855 848
f 856 850 849
f 849 850 843
f 855 856 848
f 848 856 849
f 869 870 857
f 868 869 857
f 867 868 857
f 863 864 865
f 862 863 865
f 860 861 862
f 867 857 858
f 866 867 858
f 865 866 858
f 860 862 865
f 859 860 865
f 858 859 865
f 871 884 883
f 871 883 882
f 871 882 881
f 879 878 877
f 879 877 876
f 876 875 874
f 872 871 881
f 872 881 880
f 872 880 879
f 879 876 874
f 879 874 873
f 879 873 872
f 871 872 857
f 857 872 858
f 872 873 858
f 858 873 859
f 873 874 859
f 859 874 860
f 874 875 860
f 860 875 861
f 875 876 861
f 861 876 862
f 876 877 862
f 862 877 863
f 877 878 863
f 863 878 864
f 878 879 864
f 864 879 865
f 879 880 865
f 865 880 866
f 880 881 866
f 866 881 867
f 881 882 867
f 867 882 868
f 882 883 868
f 868 883 869
f 884 871 870
f 870 871 857
f 883 884 869
f 869 884 870
f 889 890 885
f 888 889 885
f 887 888 885
f 886 887 885
f 891 896 895
f 891 895 894
f 891 894 893
f 891 893 892
f 891 892 885
f 885 892 886
f 892 893 886
f 886 893 887
f 893 894 887
f 887 894 888
f 894 895 888
f 888 895 889
f 896 891 890
f 890 891 885
f 895 896 889
f 889 896 890
f 902 903 897
f 899 900 901
f 898 899 901
f 902 897 898
f 901 902 898
f 904 910 909
f 908 907 906
f 908 906 905
f 905 904 909
f 905 909 908
f 904 905 897
f 897 905 898
f 905 906 898
f 898 906 899
f 906 907 899
f 899 907 900
f 907 908 900
f 900 908 901
f 908 909 901
f 901 909 902
f 910 904 903
f 903 904 897
f 909 910 902
f 902 910 903
f 919 920 911
f 917 918 919
f 915 916 917
f 914 915 917
f 913 914 917
f 912 913 917
f 919 911 912
f 917 919 912
f 921 930 929
f 929 928 927
f 927 926 925
f 927 925 924
f 927 924 923
f 927 923 922
f 922 921 929
f 922 929 927
f 921 922 911
f 911 922 912
f 922 923 912
f 912 923 913
f 923 924 913
f 913 924 914
f 924 925 914
f 914 925 915
f 925 926 915
f 915 926 916
f 926 927 916
f 916 927 917
f 927 928 917
f 917 928 918
f 928 929 918
f 918 929 919
f 930 921 920
f 920 921 911
f 929 930 919
f 919 930 920
f 934 935 931
f 933 934 931
f 932 933 931
f 936 940 939
f 936 939 938
f 936 938 937
f 936 937 931
f 931 937 932
f 937 938 932
f 932 938 933
f 938 939 933
f 933 939 934
f 940 936 935
f 935 936 931
f 939 940 934
f 934 940 935
f 947 948 941
f 946 947 941
f 945 946 941
f 944 945 941
f 943 944 941
f 942 943 941
f 949 956 955
f 949 955 954
f 949 954 953
f 949 953 952
f 949 952 951
f 949 951 950
f 949 950 941
f 941 950 942
f 950 951 942
f 942 951 943
f 951 952 943
f 943 952 944
f 952 953 944
f 944 953 945
f 953 954 945
f 945 954 946
f 954 955 946
f 946 955 947
f 956 949 948
f 948 949 941
f 955 956 947
f 947 956 948
f 960 961 957
f 959 960 957
f 958 959 957
f 962 966 965
f 962 965 964
f 962 964 963
f 962 963 957
f 957 963 958
f 963 964 958
f 958 964 959
f 964 965 959
f 959 965 960
f 966 962 961
f 961 962 957
f 965 966 960
f 960 966 961
f 972 973 967
f 970 971 972
f 969 970 972
f 968 969 972
f 967 968 972
f 974 980 979
f 979 978 977
f 979 977 976
f 979 976 975
f 979 975 974
f 974 975 967
f 967 975 968
f 975 976 968
f 968 976 969
f 976 977 969
f 969 977 970
f 977 978 970
f 970 978 971
f 978 979 971
f 971 979 972
f 980 974 973
f 973 974 967
f 979 980 972
f 972 980 973
f 987 988 981
f 986 987 981
f 985 986 981
f 984 985 981
f 983 984 981
f 982 983 981
f 989 996 995
f 989 995 994
f 989 994 993
f 989 993 992
f 989 992 991
f 989 991 990
f 989 990 981
f 981 990 982
f 990 991 982
f 982 991 983
f 991 992 983
f 983 992 984
f 992 993 984
f 984 993 985
f 993 994 985
f 985 994 986
f 994 995 986
f 986 995 987
f 996 989 988
f 988 989 981
f 995 996 987
f 987 996 988
f 999 1000 997
f 998 999 997
f 1001 1004 1003
f 1001 1003 1002
f 1001 1002 997
f 997 1002 998
f 1002 1003 998
f 998 1003 999
f 1004 1001 1000
f 1000 1001 997
f 1003 1004 999
f 999 1004 1000
f 1007 1008 1005
f 1006 1007 1005
f 1009 1012 1011
f 1009 1011 1010
f 1009 1010 1005
f 1005 1010 1006
f 1010 1011 1006
f 1006 1011 1007
f 1012 1009 1008
f 1008 1009 1005
f 1011 1012 1007
f 1007 1012 1008
f 1017 1018 1013
f 1016 1017 1013
f 1015 1016 1013
f 1014 1015 1013
f 1019 1024 1023
f 1019 1023 1022
f 1019 1022 1021
f 1019 1021 1020
f 1019 1020 1013
f 1013 1020 1014
f 1020 1021 1014
f 1014 1021 1015
f 1021 1022 1015
f 1015 1022 1016
f 1022 1023 1016
f 1016 1023 1017
f 1024 1019 1018
f 1018 1019 1013
f 1023 1024 1017
f 1017 1024 1018
f 1027 1028 1025
f 1026 1027 1025
f 1029 1032 1031
f 1029 1031 1030
f 1029 1030 1025
f 1025 1030 1026
f 1030 1031 1026
f 1026 1031 1027
f 1032 1029 1028
f 1028 1029 1025
f 1031 1032 1027
f 1027 1032 1028
f 1043 1044 1045
f 1042 1043 1045
f 1041 1042 1045
f 1040 1041 1045
f 1039 1040 1045
f 1037 1038 1039
f 1036 1037 1039
f 1035 1036 1039
f 1034 1035 1039
f 1033 1034 1039
f 1045 1033 1039
f 1058 1057 1056
f 1058 1056 1055
f 1058 1055 1054
f 1058 1054 1053
f 1058 1053 1052
f 1052 1051 1050
f 1052 1050 1049
f 1052 1049 1048
f 1052 1048 1047
f 1052 1047 1046
f 1052 1046 1058
f 1046 1047 1033
f 1033 1047 1034
f 1047 1048 1034
f 1034 1048 1035
f 1048 1049 1035
f 1035 1049 1036
f 1049 1050 1036
f 1036 1050 1037
f 1050 1051 1037
f 1037 1051 1038
f 1051 1052 1038
f 1038 1052 1039
f 1052 1053 1039
f 1039 1053 1040
f 1053 1054 1040
f 1040 1054 1041
f 1054 1055 1041
f 1041 1055 1042
f 1055 1056 1042
f 1042 1056 1043
f 1056 1057 1043
f 1043 1057 1044
f 1058 1046 1045
f 1045 1046 1033
f 1057 1058 1044
f 1044 1058 1045
f 1063 1064 1059
f 1061 1062 1063
f 1059 1060 1061
f 1063 1059 1061
f 1065 1070 1069
f 1069 1068 1067
f 1067 1066 1065
f 1067 1065 1069
f 1065 1066 1059
f 1059 1066 1060
f 1066 1067 1060
f 1060 1067 1061
f 1067 1068 1061
f 1061 1068 1062
f 1068 1069 1062
f 1062 1069 1063
f 1070 1065 1064
f 1064 1065 1059
f 1069 1070 1063
f 1063 1070 1064
f 1077 1078 1071
f 1076 1077 1071
f 1075 1076 1071
f 1074 1075 1071
f 1073 1074 1071
f 1072 1073 1071
f 1079 1086 1085
f 1079 1085 1084
f 1079 1084 1083
f 1079 1083 1082
f 1079 1082 1081
f 1079 1081 1080
f 1079 1080 1071
f 1071 1080 1072
f 1080 1081 1072
f 1072 1081 1073
f 1081 1082 1073
f 1073 1082 1074
f 1082 1083 1074
f 1074 1083 1075
f 1083 1084 1075
f 1075 1084 1076
f 1084 1085 1076
f 1076 1085 1077
f 1086 1079 1078
f 1078 1079 1071
f 1085 1086 1077
f 1077 1086 1078
f 1107 1108 1100
f 1104 1105 1106
f 1109 1110 1111
f 1100 1108 1109
f 1098 1099 1100
f 1114 1098 1100
f 1113 1114 1100
f 1098 1114 1115
f 1097 1098 1115
f 1095 1096 1097
f 1094 1095 1097
f 1090 1091 1092
f 1088 1089 1090
f 1087 1088 1090
f 1103 1087 1090
f 1102 1103 1090
f 1101 1102 1090
f 1100 1101 1090
f 1107 1100 1090
f 1106 1107 1090
f 1104 1106 1090
f 1100 1109 1111
f 1113 1100 1111
f 1112 1113 1111
f 1115 1112 1111
f 1097 1115 1111
f 1104 1090 1092
f 1097 1111 1104
f 1094 1097 1104
f 1093 1094 1104
f 1092 1093 1104
f 1129 1137 1136
f 1135 1134 1133
f 1140 1139 1138
f 1138 1137 1129
f 1129 1128 1127
f 1129 1127 1143
f 1129 1143 1142
f 1144 1143 1127
f 1144 1127 1126
f 1126 1125 1124
f 1126 1124 1123
f 1121 1120 1119
f 1119 1118 1117
f 1119 1117 1116
f 1119 1116 1132
f 1119 1132 1131
f 1119 1131 1130
f 1119 1130 1129
f 1119 1129 1136
f 1119 1136 1135
f 1119 1135 1133
f 1140 1138 1129
f 1140 1129 1142
f 1140 1142 1141
f 1140 1141 1144
f 1140 1144 1126
f 1121 1119 1133
f 1133 1140 1126
f 1133 1126 1123
f 1133 1123 1122
f 1133 1122 1121
f 1116 1117 1087
f 1087 1117 1088
f 1117 1118 1088
f 1088 1118 1089
f 1118 1119 1089
f 1089 1119 1090
f 1119 1120 1090
f 1090 1120 1091
f 1120 1121 1091
f 1091 1121 1092
f 1121 1122 1092
f 1092 1122 1093
f 1122 1123 1093
f 1093 1123 1094
f 1123 1124 1094
f 1094 1124 1095
f 1124 1125 1095
f 1095 1125 1096
f 1125 1126 1096
f 1096 1126 1097
f 1126 1127 1097
f 1097 1127 1098
f 1127 1128 1098
f 1098 1128 1099
f 1128 1129 1099
f 1099 1129 1100
f 1129 1130 1100
f 1100 1130 1101
f 1130 1131 1101
f 1101 1131 1102
f 1132 1116 1103
f 1103 1116 1087
f 1131 1132 1102
f 1102 1132 1103
f 1133 1134 1104
f 1104 1134 1105
f 1134 1135 1105
f 1105 1135 1106
f 1135 1136 1106
f 1106 1136 1107
f 1136 1137 1107
f 1107 1137 1108
f 1137 1138 1108
f 1108 1138 1109
f 1138 1139 1109
f 1109 1139 1110
f 1140 1133 1111
f 1111 1133 1104
f 1139 1140 1110
f 1110 1140 1111
f 1141 1142 1112
f 1112 1142 1113
f 1142 1143 1113
f 1113 1143 1114
f 1144 1141 1115
f 1115 1141 1112
f 1143 1144 1114
f 1114 1144 1115
f 1155 1156 1157
f 1154 1155 1157
f 1153 1154 1157
f 1152 1153 1157
f 1150 1151 1152
f 1149 1150 1152
f 1148 1149 1152
f 1146 1147 1148
f 1145 1146 1148
f 1157 1145 1148
f 1152 1157 1148
f 1170 1169 1168
f 1170 1168 1167
f 1170 1167 1166
f 1170 1166 1165
f 1165 1164 1163
f 1165 1163 1162
f 1165 1162 1161
f 1161 1160 1159
f 1161 1159 1158
f 1161 1158 1170
f 1161 1170 1165
f 1158 1159 1145
f 1145 1159 1146
f 1159 1160 1146
f 1146 1160 1147
f 1160 1161 1147
f 1147 1161 1148
f 1161 1162 1148
f 1148 1162 1149
f 1162 1163 1149
f 1149 1163 1150
f 1163 1164 1150
f 1150 1164 1151
f 1164 1165 1151
f 1151 1165 1152
f 1165 1166 1152
f 1152 1166 1153
f 1166 1167 1153
f 1153 1167 1154
f 1167 1168 1154
f 1154 1168 1155
f 1168 1169 1155
f 1155 1169 1156
f 1170 1158 1157
f 1157 1158 1145
f 1169 1170 1156
f 1156 1170 1157
f 1173 1174 1171
f 1172 1173 1171
f 1175 1178 1177
f 1175 1177 1176
f 1175 1176 1171
f 1171 1176 1172
f 1176 1177 1172
f 1172 1177 1173
f 1178 1175 1174
f 1174 1175 1171
f 1177 1178 1173
f 1173 1178 1174
f 1181 1182 1179
f 1180 1181 1179
f 1183 1186 1185
f 1183 1185 1184
f 1183 1184 1179
f 1179 1184 1180
f 1184 1185 1180
f 1180 1185 1181
f 1186 1183 1182
f 1182 1183 1179
f 1185 1186 1181
f 1181 1186 1182
f 1194 1195 1187
f 1193 1194 1187
f 1192 1193 1187
f 1191 1192 1187
f 1190 1191 1187
f 1189 1190 1187
f 1188 1189 1187
f 1196 1204 1203
f 1196 1203 1202
f 1196 1202 1201
f 1196 1201 1200
f 1196 1200 1199
f 1196 1199 1198
f 1196 1198 1197
f 1196 1197 1187
f 1187 1197 1188
f 1197 1198 1188
f 1188 1198 1189
f 1198 1199 1189
f 1189 1199 1190
f 1199 1200 1190
f 1190 1200 1191
f 1200 1201 1191
f 1191 1201 1192
f 1201 1202 1192
f 1192 1202 1193
f 1202 1203 1193
f 1193 1203 1194
f 1204 1196 1195
f 1195 1196 1187
f 1203 1204 1194
f 1194 1204 1195
f 1208 1209 1210
f 1207 1208 1210
f 1206 1207 1210
f 1205 1206 1210
f 1216 1215 1214
f 1216 1214 1213
f 1216 1213 1212
f 1216 1212 1211
f 1211 1212 1205
f 1205 1212 1206
f 1212 1213 1206
f 1206 1213 1207
f 1213 1214 1207
f 1207 1214 1208
f 1214 1215 1208
f 1208 1215 1209
f 1216 1211 1210
f 1210 1211 1205
f 1215 1216 1209
f 1209 1216 1210
f 1223 1224 1225
f 1222 1223 1225
f 1221 1222 1225
f 1220 1221 1225
f 1219 1220 1225
f 1218 1219 1225
f 1217 1218 1225
f 1234 1233 1232
f 1234 1232 1231
f 1234 1231 1230
f 1234 1230 1229
f 1234 1229 1228
f 1234 1228 1227
f 1234 1227 1226
f 1226 1227 1217
f 1217 1227 1218
f 1227 1228 1218
f 1218 1228 1219
f 1228 1229 1219
f 1219 1229 1220
f 1229 1230 1220
f 1220 1230 1221
f 1230 1231 1221
f 1221 1231 1222
f 1231 1232 1222
f 1222 1232 1223
f 1232 1233 1223
f 1223 1233 1224
f 1234 1226 1225
f 1225 1226 1217
f 1233 1234 1224
f 1224 1234 1225
f 1240 1241 1235
f 1239 1240 1235
f 1238 1239 1235
f 1237 1238 1235
f 1236 1237 1235
f 1242 1248 1247
f 1242 1247 1246
f 1242 1246 1245
f 1242 1245 1244
f 1242 1244 1243
f 1242 1243 1235
f 1235 1243 1236
f 1243 1244 1236
f 1236 1244 1237
f 1244 1245 1237
f 1237 1245 1238
f 1245 1246 1238
f 1238 1246 1239
f 1246 1247 1239
f 1239 1247 1240
f 1248 1242 1241
f 1241 1242 1235
f 1247 1248 1240
f 1240 1248 1241
f 1252 1253 1249
f 1251 1252 1249
f 1250 1251 1249
f 1254 1258 1257
f 1254 1257 1256
f 1254 1256 1255
f 1254 1255 1249
f 1249 1255 1250
f 1255 1256 1250
f 1250 1256 1251
f 1256 1257 1251
f 1251 1257 1252
f 1258 1254 1253
f 1253 1254 1249
f 1257 1258 1252
f 1252 1258 1253
f 1261 1262 1259
f 1260 1261 1259
f 1263 1266 1265
f 1263 1265 1264
f 1263 1264 1259
f 1259 1264 1260
f 1264 1265 1260
f 1260 1265 1261
f 1266 1263 1262
f 1262 1263 1259
f 1265 1266 1261
f 1261 1266 1262
f 1274 1275 1267
f 1272 1273 1274
f 1271 1272 1274
f 1270 1271 1274
f 1269 1270 1274
f 1268 1269 1274
f 1267 1268 1274
f 1276 1284 1283
f 1283 1282 1281
f 1283 1281 1280
f 1283 1280 1279
f 1283 1279 1278
f 1283 1278 1277
f 1283 1277 1276
f 1276 1277 1267
f 1267 1277 1268
f 1277 1278 1268
f 1268 1278 1269
f 1278 1279 1269
f 1269 1279 1270
f 1279 1280 1270
f 1270 1280 1271
f 1280 1281 1271
f 1271 1281 1272
f 1281 1282 1272
f 1272 1282 1273
f 1282 1283 1273
f 1273 1283 1274
f 1284 1276 1275
f 1275 1276 1267
f 1283 1284 1274
f 1274 1284 1275
f 1288 1289 1285
f 1287 1288 1285
f 1286 1287 1285
f 1290 1294 1293
f 1290 1293 1292
f 1290 1292 1291
f 1290 1291 1285
f 1285 1291 1286
f 1291 1292 1286
f 1286 1292 1287
f 1292 1293 1287
f 1287 1293 1288
f 1294 1290 1289
f 1289 1290 1285
f 1293 1294 1288
f 1288 1294 1289
f 1299 1300 1295
f 1298 1299 1295
f 1297 1298 1295
f 1296 1297 1295
f 1301 1306 1305
f 1301 1305 1304
f 1301 1304 1303
f 1301 1303 1302
f 1301 1302 1295
f 1295 1302 1296
f 1302 1303 1296
f 1296 1303 1297
f 1303 1304 1297
f 1297 1304 1298
f 1304 1305 1298
f 1298 1305 1299
f 1306 1301 1300
f 1300 1301 1295
f 1305 1306 1299
f 1299 1306 1300
f 1313 1314 1307
f 1312 1313 1307
f 1311 1312 1307
f 1310 1311 1307
f 1309 1310 1307
f 1308 1309 1307
f 1315 1322 1321
f 1315 1321 1320
f 1315 1320 1319
f 1315 1319 1318
f 1315 1318 1317
f 1315 1317 1316
f 1315 1316 1307
f 1307 1316 1308
f 1316 1317 1308
f 1308 1317 1309
f 1317 1318 1309
f 1309 1318 1310
f 1318 1319 1310
f 1310 1319 1311
f 1319 1320 1311
f 1311 1320 1312
f 1320 1321 1312
f 1312 1321 1313
f 1322 1315 1314
f 1314 1315 1307
f 1321 1322 1313
f 1313 1322 1314
f 1335 1336 1323
f 1334 1335 1323
f 1333 1334 1323
f 1331 1332 1333
f 1330 1331 1333
f 1329 1330 1333
f 1327 1328 1329
f 1325 1326 1327
f 1333 1323 1324
f 1327 1329 1333
f 1325 1327 1333
f 1324 1325 1333
f 1337 1350 1349
f 1337 1349 1348
f 1337 1348 1347
f 1347 1346 1345
f 1347 1345 1344
f 1347 1344 1343
f 1343 1342 1341
f 1341 1340 1339
f 1338 1337 1347
f 1347 1343 1341
f 1347 1341 1339
f 1347 1339 1338
f 1337 1338 1323
f 1323 1338 1324
f 1338 1339 1324
f 1324 1339 1325
f 1339 1340 1325
f 1325 1340 1326
f 1340 1341 1326
f 1326 1341 1327
f 1341 1342 1327
f 1327 1342 1328
f 1342 1343 1328
f 1328 1343 1329
f 1343 1344 1329
f 1329 1344 1330
f 1344 1345 1330
f 1330 1345 1331
f 1345 1346 1331
f 1331 1346 1332
f 1346 1347 1332
f 1332 1347 1333
f 1347 1348 1333
f 1333 1348 1334
f 1348 1349 1334
f 1334 1349 1335
f 1350 1337 1336
f 1336 1337 1323
f 1349 1350 1335
f 1335 1350 1336
f 1361 1362 1351
f 1360 1361 1351
f 1359 1360 1351
f 1358 1359 1351
f 1357 1358 1351
f 1355 1356 1357
f 1354 1355 1357
f 1353 1354 1357
f 1352 1353 1357
f 1351 1352 1357
f 1363 1374 1373
f 1363 1373 1372
f 1363 1372 1371
f 1363 1371 1370
f 1363 1370 1369
f 1369 1368 1367
f 1369 1367 1366
f 1369 1366 1365
f 1369 1365 1364
f 1369 1364 1363
f 1363 1364 1351
f 1351 1364 1352
f 1364 1365 1352
f 1352 1365 1353
f 1365 1366 1353
f 1353 1366 1354
f 1366 1367 1354
f 1354 1367 1355
f 1367 1368 1355
f 1355 1368 1356
f 1368 1369 1356
f 1356 1369 1357
f 1369 1370 1357
f 1357 1370 1358
f 1370 1371 1358
f 1358 1371 1359
f 1371 1372 1359
f 1359 1372 1360
f 1372 1373 1360
f 1360 1373 1361
f 1374 1363 1362
f 1362 1363 1351
f 1373 1374 1361
f 1361 1374 1362
f 1377 1378 1375
f 1376 1377 1375
f 1379 1382 1381
f 1379 1381 1380
f 1379 1380 1375
f 1375 1380 1376
f 1380 1381 1376
f 1376 1381 1377
f 1382 1379 1378
f 1378 1379 1375
f 1381 1382 1377
f 1377 1382 1378
f 1389 1390 1383
f 1388 1389 1383
f 1387 1388 1383
f 1386 1387 1383
f 1384 1385 1386
f 1383 1384 1386
f 1391 1398 1397
f 1391 1397 1396
f 1391 1396 1395
f 1391 1395 1394
f 1394 1393 1392
f 1394 1392 1391
f 1391 1392 1383
f 1383 1392 1384
f 1392 1393 1384
f 1384 1393 1385
f 1393 1394 1385
f 1385 1394 1386
f 1394 1395 1386
f 1386 1395 1387
f 1395 1396 1387
f 1387 1396 1388
f 1396 1397 1388
f 1388 1397 1389
f 1398 1391 1390
f 1390 1391 1383
f 1397 1398 1389
f 1389 1398 1390
f 1401 1402 1399
f 1400 1401 1399
f 1403 1406 1405
f 1403 1405 1404
f 1403 1404 1399
f 1399 1404 1400
f 1404 1405 1400
f 1400 1405 1401
f 1406 1403 1402
f 1402 1403 1399
f 1405 1406 1401
f 1401 1406 1402
f 1409 1410 1407
f 1408 1409 1407
f 1411 1414 1413
f 1411 1413 1412
f 1411 1412 1407
f 1407 1412 1408
f 1412 1413 1408
f 1408 1413 1409
f 1414 1411 1410
f 1410 1411 1407
f 1413 1414 1409
f 1409 1414 1410
f 1417 1418 1419
f 1416 1417 1419
f 1415 1416 1419
f 1424 1423 1422
f 1424 1422 1421
f 1424 1421 1420
f 1420 1421 1415
f 1415 1421 1416
f 1421 1422 1416
f 1416 1422 1417
f 1422 1423 1417
f 1417 1423 1418
f 1424 1420 1419
f 1419 1420 1415
f 1423 1424 1418
f 1418 1424 1419
f 1427 1428 1425
f 1426 1427 1425
f 1429 1432 1431
f 1429 1431 1430
f 1429 1430 1425
f 1425 1430 1426
f 1430 1431 1426
f 1426 1431 1427
f 1432 1429 1428
f 1428 1429 1425
f 1431 1432 1427
f 1427 1432 1428
f 1435 1436 1433
f 1434 1435 1433
f 1437 1440 1439
f 1437 1439 1438
f 1437 1438 1433
f 1433 1438 1434
f 1438 1439 1434
f 1434 1439 1435
f 1440 1437 1436
f 1436 1437 1433
f 1439 1440 1435
f 1435 1440 1436
f 1446 1447 1448
f 1445 1446 1448
f 1444 1445 1448
f 1443 1444 1448
f 1442 1443 1448
f 1441 1442 1448
f 1456 1455 1454
f 1456 1454 1453
f 1456 1453 1452
f 1456 1452 1451
f 1456 1451 1450
f 1456 1450 1449
f 1449 1450 1441
f 1441 1450 1442
f 1450 1451 1442
f 1442 1451 1443
f 1451 1452 1443
f 1443 1452 1444
f 1452 1453 1444
f 1444 1453 1445
f 1453 1454 1445
f 1445 1454 1446
f 1454 1455 1446
f 1446 1455 1447
f 1456 1449 1448
f 1448 1449 1441
f 1455 1456 1447
f 1447 1456 1448
f 1463 1464 1457
f 1461 1462 1463
f 1460 1461 1463
f 1459 1460 1463
f 1458 1459 1463
f 1457 1458 1463
f 1465 1472 1471
f 1471 1470 1469
f 1471 1469 1468
f 1471 1468 1467
f 1471 1467 1466
f 1471 1466 1465
f 1465 1466 1457
f 1457 1466 1458
f 1466 1467 1458
f 1458 1467 1459
f 1467 1468 1459
f 1459 1468 1460
f 1468 1469 1460
f 1460 1469 1461
f 1469 1470 1461
f 1461 1470 1462
f 1470 1471 1462
f 1462 1471 1463
f 1472 1465 1464
f 1464 1465 1457
f 1471 1472 1463
f 1463 1472 1464
f 1478 1479 1473
f 1477 1478 1473
f 1476 1477 1473
f 1475 1476 1473
f 1474 1475 1473
f 1480 1486 1485
f 1480 1485 1484
f 1480 1484 1483
f 1480 1483 1482
f 1480 1482 1481
f 1480 1481 1473
f 1473 1481 1474
f 1481 1482 1474
f 1474 1482 1475
f 1482 1483 1475
f 1475 1483 1476
f 1483 1484 1476
f 1476 1484 1477
f 1484 1485 1477
f 1477 1485 1478
f 1486 1480 1479
f 1479 1480 1473
f 1485 1486 1478
f 1478 1486 1479
f 1494 1495 1487
f 1492 1493 1494
f 1491 1492 1494
f 1490 1491 1494
f 1489 1490 1494
f 1488 1489 1494
f 1487 1488 1494
f 1496 1504 1503
f 1503 1502 1501
f 1503 1501 1500
f 1503 1500 1499
f 1503 1499 1498
f 1503 1498 1497
f 1503 1497 1496
f 1496 1497 1487
f 1487 1497 1488
f 1497 1498 1488
f 1488 1498 1489
f 1498 1499 1489
f 1489 1499 1490
f 1499 1500 1490
f 1490 1500 1491
f 1500 1501 1491
f 1491 1501 1492
f 1501 1502 1492
f 1492 1502 1493
f 1502 1503 1493
f 1493 1503 1494
f 1504 1496 1495
f 1495 1496 1487
f 1503 1504 1494
f 1494 1504 1495
f 1507 1508 1509
f 1506 1507 1509
f 1505 1506 1509
f 1514 1513 1512
f 1514 1512 1511
f 1514 1511 1510
f 1510 1511 1505
f 1505 1511 1506
f 1511 1512 1506
f 1506 1512 1507
f 1512 1513 1507
f 1507 1513 1508
f 1514 1510 1509
f 1509 1510 1505
f 1513 1514 1508
f 1508 1514 1509
f 1519 1520 1521
f 1518 1519 1521
f 1517 1518 1521
f 1516 1517 1521
f 1515 1516 1521
f 1528 1527 1526
f 1528 1526 1525
f 1528 1525 1524
f 1528 1524 1523
f 1528 1523 1522
f 1522 1523 1515
f 1515 1523 1516
f 1523 1524 1516
f 1516 1524 1517
f 1524 1525 1517
f 1517 1525 1518
f 1525 1526 1518
f 1518 1526 1519
f 1526 1527 1519
f 1519 1527 1520
f 1528 1522 1521
f 1521 1522 1515
f 1527 1528 1520
f 1520 1528 1521
f 1532 1533 1529
f 1531 1532 1529
f 1530 1531 1529
f 1534 1538 1537
f 1534 1537 1536
f 1534 1536 1535
f 1534 1535 1529
f 1529 1535 1530
f 1535 1536 1530
f 1530 1536 1531
f 1536 1537 1531
f 1531 1537 1532
f 1538 1534 1533
f 1533 1534 1529
f 1537 1538 1532
f 1532 1538 1533
f 1542 1543 1539
f 1541 1542 1539
f 1540 1541 1539
f 1544 1548 1547
f 1544 1547 1546
f 1544 1546 1545
f 1544 1545 1539
f 1539 1545 1540
f 1545 1546 1540
f 1540 1546 1541
f 1546 1547 1541
f 1541 1547 1542
f 1548 1544 1543
f 1543 1544 1539
f 1547 1548 1542
f 1542 1548 1543
f 1551 1552 1549
f 1550 1551 1549
f 1553 1556 1555
f 1553 1555 1554
f 1553 1554 1549
f 1549 1554 1550
f 1554 1555 1550
f 1550 1555 1551
f 1556 1553 1552
f 1552 1553 1549
f 1555 1556 1551
f 1551 1556 1552
f 1560 1561 1557
f 1559 1560 1557
f 1558 1559 1557
f 1562 1566 1565
f 1562 1565 1564
f 1562 1564 1563
f 1562 1563 1557
f 1557 1563 1558
f 1563 1564 1558
f 1558 1564 1559
f 1564 1565 1559
f 1559 1565 1560
f 1566 1562 1561
f 1561 1562 1557
f 1565 1566 1560
f 1560 1566 1561
f 1571 1572 1573
f 1570 1571 1573
f 1569 1570 1573
f 1568 1569 1573
f 1567 1568 1573
f 1580 1579 1578
f 1580 1578 1577
f 1580 1577 1576
f 1580 1576 1575
f 1580 1575 1574
f 1574 1575 1567
f 1567 1575 1568
f 1575 1576 1568
f 1568 1576 1569
f 1576 1577 1569
f 1569 1577 1570
f 1577 1578 1570
f 1570 1578 1571
f 1578 1579 1571
f 1571 1579 1572
f 1580 1574 1573
f 1573 1574 1567
f 1579 1580 1572
f 1572 1580 1573
f 1587 1588 1581
f 1585 1586 1587
f 1584 1585 1587
f 1583 1584 1587
f 1582 1583 1587
f 1581 1582 1587
f 1589 1596 1595
f 1595 1594 1593
f 1595 1593 1592
f 1595 1592 1591
f 1595 1591 1590
f 1595 1590 1589
f 1589 1590 1581
f 1581 1590 1582
f 1590 1591 1582
f 1582 1591 1583
f 1591 1592 1583
f 1583 1592 1584
f 1592 1593 1584
f 1584 1593 1585
f 1593 1594 1585
f 1585 1594 1586
f 1594 1595 1586
f 1586 1595 1587
f 1596 1589 1588
f 1588 1589 1581
f 1595 1596 1587
f 1587 1596 1588
f 1602 1603 1604
f 1601 1602 1604
f 1600 1601 1604
f 1599 1600 1604
f 1598 1599 1604
f 1597 1598 1604
f 1612 1611 1610
f 1612 1610 1609
f 1612 1609 1608
f 1612 1608 1607
f 1612 1607 1606
f 1612 1606 1605
f 1605 1606 1597
f 1597 1606 1598
f 1606 1607 1598
f 1598 1607 1599
f 1607 1608 1599
f 1599 1608 1600
f 1608 1609 1600
f 1600 1609 1601
f 1609 1610 1601
f 1601 1610 1602
f 1610 1611 1602
f 1602 1611 1603
f 1612 1605 1604
f 1604 1605 1597
f 1611 1612 1603
f 1603 1612 1604
f 1617 1618 1613
f 1616 1617 1613
f 1615 1616 1613
f 1614 1615 1613
f 1619 1624 1623
f 1619 1623 1622
f 1619 1622 1621
f 1619 1621 1620
f 1619 1620 1613
f 1613 1620 1614
f 1620 1621 1614
f 1614 1621 1615
f 1621 1622 1615
f 1615 1622 1616
f 1622 1623 1616
f 1616 1623 1617
f 1624 1619 1618
f 1618 1619 1613
f 1623 1624 1617
f 1617 1624 1618
f 1628 1629 1625
f 1627 1628 1625
f 1626 1627 1625
f 1630 1634 1633
f 1630 1633 1632
f 1630 1632 1631
f 1630 1631 1625
f 1625 1631 1626
f 1631 1632 1626
f 1626 1632 1627
f 1632 1633 1627
f 1627 1633 1628
f 1634 1630 1629
f 1629 1630 1625
f 1633 1634 1628
f 1628 1634 1629
f 1639 1640 1635
f 1637 1638 1639
f 1635 1636 1637
f 1639 1635 1637
f 1641 1646 1645
f 1645 1644 1643
f 1643 1642 1641
f 1643 1641 1645
f 1641 1642 1635
f 1635 1642 1636
f 1642 1643 1636
f 1636 1643 1637
f 1643 1644 1637
f 1637 1644 1638
f 1644 1645 1638
f 1638 1645 1639
f 1646 1641 1640
f 1640 1641 1635
f 1645 1646 1639
f 1639 1646 1640
f 1651 1652 1647
f 1650 1651 1647
f 1649 1650 1647
f 1648 1649 1647
f 1653 1658 1657
f 1653 1657 1656
f 1653 1656 1655
f 1653 1655 1654
f 1653 1654 1647
f 1647 1654 1648
f 1654 1655 1648
f 1648 1655 1649
f 1655 1656 1649
f 1649 1656 1650
f 1656 1657 1650
f 1650 1657 1651
f 1658 1653 1652
f 1652 1653 1647
f 1657 1658 1651
f 1651 1658 1652
f 1662 1663 1664
f 1661 1662 1664
f 1659 1660 1661
f 1664 1659 1661
f 1670 1669 1668
f 1670 1668 1667
f 1667 1666 1665
f 1667 1665 1670
f 1665 1666 1659
f 1659 1666 1660
f 1666 1667 1660
f 1660 1667 1661
f 1667 1668 1661
f 1661 1668 1662
f 1668 1669 1662
f 1662 1669 1663
f 1670 1665 1664
f 1664 1665 1659
f 1669 1670 1663
f 1663 1670 1664
f 1679 1680 1681
f 1678 1679 1681
f 1676 1677 1678
f 1675 1676 1678
f 1674 1675 1678
f 1672 1673 1674
f 1671 1672 1674
f 1681 1671 1674
f 1678 1681 1674
f 1692 1691 1690
f 1692 1690 1689
f 1689 1688 1687
f 1689 1687 1686
f 1689 1686 1685
f 1685 1684 1683
f 1685 1683 1682
f 1685 1682 1692
f 1685 1692 1689
f 1682 1683 1671
f 1671 1683 1672
f 1683 1684 1672
f 1672 1684 1673
f 1684 1685 1673
f 1673 1685 1674
f 1685 1686 1674
f 1674 1686 1675
f 1686 1687 1675
f 1675 1687 1676
f 1687 1688 1676
f 1676 1688 1677
f 1688 1689 1677
f 1677 1689 1678
f 1689 1690 1678
f 1678 1690 1679
f 1690 1691 1679
f 1679 1691 1680
f 1692 1682 1681
f 1681 1682 1671
f 1691 1692 1680
f 1680 1692 1681
f 1698 1699 1693
f 1697 1698 1693
f 1696 1697 1693
f 1694 1695 1696
f 1693 1694 1696
f 1700 1706 1705
f 1700 1705 1704
f 1700 1704 1703
f 1703 1702 1701
f 1703 1701 1700
f 1700 1701 1693
f 1693 1701 1694
f 1701 1702 1694
f 1694 1702 1695
f 1702 1703 1695
f 1695 1703 1696
f 1703 1704 1696
f 1696 1704 1697
f 1704 1705 1697
f 1697 1705 1698
f 1706 1700 1699
f 1699 1700 1693
f 1705 1706 1698
f 1698 1706 1699
f 1709 1710 1707
f 1708 1709 1707
f 1711 1714 1713
f 1711 1713 1712
f 1711 1712 1707
f 1707 1712 1708
f 1712 1713 1708
f 1708 1713 1709
f 1714 1711 1710
f 1710 1711 1707
f 1713 1714 1709
f 1709 1714 1710
f 1721 1722 1723
f 1720 1721 1723
f 1719 1720 1723
f 1718 1719 1723
f 1717 1718 1723
f 1716 1717 1723
f 1715 1716 1723
f 1732 1731 1730
f 1732 1730 1729
f 1732 1729 1728
f 1732 1728 1727
f 1732 1727 1726
f 1732 1726 1725
f 1732 1725 1724
f 1724 1725 1715
f 1715 1725 1716
f 1725 1726 1716
f 1716 1726 1717
f 1726 1727 1717
f 1717 1727 1718
f 1727 1728 1718
f 1718 1728 1719
f 1728 1729 1719
f 1719 1729 1720
f 1729 1730 1720
f 1720 1730 1721
f 1730 1731 1721
f 1721 1731 1722
f 1732 1724 1723
f 1723 1724 1715
f 1731 1732 1722
f 1722 1732 1723
f 1746 1747 1733
f 1745 1746 1733
f 1744 1745 1733
f 1743 1744 1733
f 1742 1743 1733
f 1741 1742 1733
f 1740 1741 1733
f 1738 1739 1740
f 1737 1738 1740
f 1736 1737 1740
f 1735 1736 1740
f 1734 1735 1740
f 1733 1734 1740
f 1748 1762 1761
f 1748 1761 1760
f 1748 1760 1759
f 1748 1759 1758
f 1748 1758 1757
f 1748 1757 1756
f 1748 1756 1755
f 1755 1754 1753
f 1755 1753 1752
f 1755 1752 1751
f 1755 1751 1750
f 1755 1750 1749
f 1755 1749 1748
f 1748 1749 1733
f 1733 1749 1734
f 1749 1750 1734
f 1734 1750 1735
f 1750 1751 1735
f 1735 1751 1736
f 1751 1752 1736
f 1736 1752 1737
f 1752 1753 1737
f 1737 1753 1738
f 1753 1754 1738
f 1738 1754 1739
f 1754 1755 1739
f 1739 1755 1740
f 1755 1756 1740
f 1740 1756 1741
f 1756 1757 1741
f 1741 1757 1742
f 1757 1758 1742
f 1742 1758 1743
f 1758 1759 1743
f 1743 1759 1744
f 1759 1760 1744
f 1744 1760 1745
f 1760 1761 1745
f 1745 1761 1746
f 1762 1748 1747
f 1747 1748 1733
f 1761 1762 1746
f 1746 1762 1747
f 1777 1778 1779
f 1776 1777 1779
f 1775 1776 1779
f 1774 1775 1779
f 1773 1774 1779
f 1771 1772 1773
f 1770 1771 1773
f 1769 1770 1773
f 1768 1769 1773
f 1766 1767 1768
f 1765 1766 1768
f 1764 1765 1768
f 1763 1764 1768
f 1779 1763 1768
f 1773 1779 1768
f 1796 1795 1794
f 1796 1794 1793
f 1796 1793 1792
f 1796 1792 1791
f 1796 1791 1790
f 1790 1789 1788
f 1790 1788 1787
f 1790 1787 1786
f 1790 1786 1785
f 1785 1784 1783
f 1785 1783 1782
f 1785 1782 1781
f 1785 1781 1780
f 1785 1780 1796
f 1785 1796 1790
f 1780 1781 1763
f 1763 1781 1764
f 1781 1782 1764
f 1764 1782 1765
f 1782 1783 1765
f 1765 1783 1766
f 1783 1784 1766
f 1766 1784 1767
f 1784 1785 1767
f 1767 1785 1768
f 1785 1786 1768
f 1768 1786 1769
f 1786 1787 1769
f 1769 1787 1770
f 1787 1788 1770
f 1770 1788 1771
f 1788 1789 1771
f 1771 1789 1772
f 1789 1790 1772
f 1772 1790 1773
f 1790 1791 1773
f 1773 1791 1774
f 1791 1792 1774
f 1774 1792 1775
f 1792 1793 1775
f 1775 1793 1776
f 1793 1794 1776
f 1776 1794 1777
f 1794 1795 1777
f 1777 1795 1778
f 1796 1780 1779
f 1779 1780 1763
f 1795 1796 1778
f 1778 1796 1779
f 1800 1801 1797
f 1799 1800 1797
f 1798 1799 1797
f 1802 1806 1805
f 1802 1805 1804
f 1802 1804 1803
f 1802 1803 1797
f 1797 1803 1798
f 1803 1804 1798
f 1798 1804 1799
f 1804 1805 1799
f 1799 1805 1800
f 1806 1802 1801
f 1801 1802 1797
f 1805 1806 1800
f 1800 1806 1801
f 1810 1811 1807
f 1809 1810 1807
f 1808 1809 1807
f 1812 1816 1815
f 1812 1815 1814
f 1812 1814 1813
f 1812 1813 1807
f 1807 1813 1808
f 1813 1814 1808
f 1808 1814 1809
f 1814 1815 1809
f 1809 1815 1810
f 1816 1812 1811
f 1811 1812 1807
f 1815 1816 1810
f 1810 1816 1811
f 1822 1823 1817
f 1821 1822 1817
f 1820 1821 1817
f 1818 1819 1820
f 1817 1818 1820
f 1824 1830 1829
f 1824 1829 1828
f 1824 1828 1827
f 1827 1826 1825
f 1827 1825 1824
f 1824 1825 1817
f 1817 1825 1818
f 1825 1826 1818
f 1818 1826 1819
f 1826 1827 1819
f 1819 1827 1820
f 1827 1828 1820
f 1820 1828 1821
f 1828 1829 1821
f 1821 1829 1822
f 1830 1824 1823
f 1823 1824 1817
f 1829 1830 1822
f 1822 1830 1823
f 1833 1834 1831
f 1832 1833 1831
f 1835 1838 1837
f 1835 1837 1836
f 1835 1836 1831
f 1831 1836 1832
f 1836 1837 1832
f 1832 1837 1833
f 1838 1835 1834
f 1834 1835 1831
f 1837 1838 1833
f 1833 1838 1834
f 1841 1842 1839
f 1840 1841 1839
f 1843 1846 1845
f 1843 1845 1844
f 1843 1844 1839
f 1839 1844 1840
f 1844 1845 1840
f 1840 1845 1841
f 1846 1843 1842
f 1842 1843 1839
f 1845 1846 1841
f 1841 1846 1842
f 1853 1854 1847
f 1852 1853 1847
f 1851 1852 1847
f 1850 1851 1847
f 1849 1850 1847
f 1848 1849 1847
f 1855 1862 1861
f 1855 1861 1860
f 1855 1860 1859
f 1855 1859 1858
f 1855 1858 1857
f 1855 1857 1856
f 1855 1856 1847
f 1847 1856 1848
f 1856 1857 1848
f 1848 1857 1849
f 1857 1858 1849
f 1849 1858 1850
f 1858 1859 1850
f 1850 1859 1851
f 1859 1860 1851
f 1851 1860 1852
f 1860 1861 1852
f 1852 1861 1853
f 1862 1855 1854
f 1854 1855 1847
f 1861 1862 1853
f 1853 1862 1854
f 1870 1871 1863
f 1868 1869 1870
f 1867 1868 1870
f 1866 1867 1870
f 1865 1866 1870
f 1863 1864 1865
f 1870 1863 1865
f 1872 1880 1879
f 1879 1878 1877
f 1879 1877 1876
f 1879 1876 1875
f 1879 1875 1874
f 1874 1873 1872
f 1874 1872 1879
f 1872 1873 1863
f 1863 1873 1864
f 1873 1874 1864
f 1864 1874 1865
f 1874 1875 1865
f 1865 1875 1866
f 1875 1876 1866
f 1866 1876 1867
f 1876 1877 1867
f 1867 1877 1868
f 1877 1878 1868
f 1868 1878 1869
f 1878 1879 1869
f 1869 1879 1870
f 1880 1872 1871
f 1871 1872 1863
f 1879 1880 1870
f 1870 1880 1871
f 1888 1889 1881
f 1886 1887 1888
f 1884 1885 1886
f 1883 1884 1886
f 1882 1883 1886
f 1888 1881 1882
f 1886 1888 1882
f 1890 1898 1897
f 1897 1896 1895
f 1895 1894 1893
f 1895 1893 1892
f 1895 1892 1891
f 1891 1890 1897
f 1891 1897 1895
f 1890 1891 1881
f 1881 1891 1882
f 1891 1892 1882
f 1882 1892 1883
f 1892 1893 1883
f 1883 1893 1884
f 1893 1894 1884
f 1884 1894 1885
f 1894 1895 1885
f 1885 1895 1886
f 1895 1896 1886
f 1886 1896 1887
f 1896 1897 1887
f 1887 1897 1888
f 1898 1890 1889
f 1889 1890 1881
f 1897 1898 1888
f 1888 1898 1889
f 1902 1903 1899
f 1901 1902 1899
f 1900 1901 1899
f 1904 1908 1907
f 1904 1907 1906
f 1904 1906 1905
f 1904 1905 1899
f 1899 1905 1900
f 1905 1906 1900
f 1900 1906 1901
f 1906 1907 1901
f 1901 1907 1902
f 1908 1904 1903
f 1903 1904 1899
f 1907 1908 1902
f 1902 1908 1903
f 1912 1913 1909
f 1911 1912 1909
f 1910 1911 1909
f 1914 1918 1917
f 1914 1917 1916
f 1914 1916 1915
f 1914 1915 1909
f 1909 1915 1910
f 1915 1916 1910
f 1910 1916 1911
f 1916 1917 1911
f 1911 1917 1912
f 1918 1914 1913
f 1913 1914 1909
f 1917 1918 1912
f 1912 1918 1913
f 1921 1922 1919
f 1920 1921 1919
f 1923 1926 1925
f 1923 1925 1924
f 1923 1924 1919
f 1919 1924 1920
f 1924 1925 1920
f 1920 1925 1921
f 1926 1923 1922
f 1922 1923 1919
f 1925 1926 1921
f 1921 1926 1922
f 1931 1932 1927
f 1930 1931 1927
f 1929 1930 1927
f 1928 1929 1927
f 1933 1938 1937
f 1933 1937 1936
f 1933 1936 1935
f 1933 1935 1934
f 1933 1934 1927
f 1927 1934 1928
f 1934 1935 1928
f 1928 1935 1929
f 1935 1936 1929
f 1929 1936 1930
f 1936 1937 1930
f 1930 1937 1931
f 1938 1933 1932
f 1932 1933 1927
f 1937 1938 1931
f 1931 1938 1932
f 1942 1943 1939
f 1941 1942 1939
f 1940 1941 1939
f 1944 1948 1947
f 1944 1947 1946
f 1944 1946 1945
f 1944 1945 1939
f 1939 1945 1940
f 1945 1946 1940
f 1940 1946 1941
f 1946 1947 1941
f 1941 1947 1942
f 1948 1944 1943
f 1943 1944 1939
f 1947 1948 1942
f 1942 1948 1943
f 1960 1961 1949
f 1959 1960 1949
f 1958 1959 1949
f 1955 1956 1957
f 1954 1955 1957
f 1953 1954 1957
f 1952 1953 1957
f 1950 1951 1952
f 1949 1950 1952
f 1958 1949 1952
f 1957 1958 1952
f 1962 1974 1973
f 1962 1973 1972
f 1962 1972 1971
f 1970 1969 1968
f 1970 1968 1967
f 1970 1967 1966
f 1970 1966 1965
f 1965 1964 1963
f 1965 1963 1962
f 1965 1962 1971
f 1965 1971 1970
f 1962 1963 1949
f 1949 1963 1950
f 1963 1964 1950
f 1950 1964 1951
f 1964 1965 1951
f 1951 1965 1952
f 1965 1966 1952
f 1952 1966 1953
f 1966 1967 1953
f 1953 1967 1954
f 1967 1968 1954
f 1954 1968 1955
f 1968 1969 1955
f 1955 1969 1956
f 1969 1970 1956
f 1956 1970 1957
f 1970 1971 1957
f 1957 1971 1958
f 1971 1972 1958
f 1958 1972 1959
f 1972 1973 1959
f 1959 1973 1960
f 1974 1962 1961
f 1961 1962 1949
f 1973 1974 1960
f 1960 1974 1961
f 1979 1980 1975
f 1978 1979 1975
f 1977 1978 1975
f 1976 1977 1975
f 1981 1986 1985
f 1981 1985 1984
f 1981 1984 1983
f 1981 1983 1982
f 1981 1982 1975
f 1975 1982 1976
f 1982 1983 1976
f 1976 1983 1977
f 1983 1984 1977
f 1977 1984 1978
f 1984 1985 1978
f 1978 1985 1979
f 1986 1981 1980
f 1980 1981 1975
f 1985 1986 1979
f 1979 1986 1980
f 1991 1992 1987
f 1990 1991 1987
f 1988 1989 1990
f 1987 1988 1990
f 1993 1998 1997
f 1993 1997 1996
f 1996 1995 1994
f 1996 1994 1993
f 1993 1994 1987
f 1987 1994 1988
f 1994 1995 1988
f 1988 1995 1989
f 1995 1996 1989
f 1989 1996 1990
f 1996 1997 1990
f 1990 1997 1991
f 1998 1993 1992
f 1992 1993 1987
f 1997 1998 1991
f 1991 1998 1992
f 2018 2019 2020
f 2017 2018 2020
f 2016 2017 2020
f 2015 2016 2020
f 2014 2015 2020
f 2013 2014 2020
f 2012 2013 2020
f 2011 2012 2020
f 2010 2011 2020
f 2008 2009 2010
f 2006 2007 2008
f 2005 2006 2008
f 2004 2005 2008
f 2003 2004 2008
f 2002 2003 2008
f 2001 2002 2008
f 2000 2001 2008
f 2020 1999 2000
f 2010 2020 2000
f 2008 2010 2000
f 2042 2041 2040
f 2042 2040 2039
f 2042 2039 2038
f 2042 2038 2037
f 2042 2037 2036
f 2042 2036 2035
f 2042 2035 2034
f 2042 2034 2033
f 2042 2033 2032
f 2032 2031 2030
f 2030 2029 2028
f 2030 2028 2027
f 2030 2027 2026
f 2030 2026 2025
f 2030 2025 2024
f 2030 2024 2023
f 2030 2023 2022
f 2022 2021 2042
f 2022 2042 2032
f 2022 2032 2030
f 2021 2022 1999
f 1999 2022 2000
f 2022 2023 2000
f 2000 2023 2001
f 2023 2024 2001
f 2001 2024 2002
f 2024 2025 2002
f 2002 2025 2003
f 2025 2026 2003
f 2003 2026 2004
f 2026 2027 2004
f 2004 2027 2005
f 2027 2028 2005
f 2005 2028 2006
f 2028 2029 2006
f 2006 2029 2007
f 2029 2030 2007
f 2007 2030 2008
f 2030 2031 2008
f 2008 2031 2009
f 2031 2032 2009
f 2009 2032 2010
f 2032 2033 2010
f 2010 2033 2011
f 2033 2034 2011
f 2011 2034 2012
f 2034 2035 2012
f 2012 2035 2013
f 2035 2036 2013
f 2013 2036 2014
f 2036 2037 2014
f 2014 2037 2015
f 2037 2038 2015
f 2015 2038 2016
f 2038 2039 2016
f 2016 2039 2017
f 2039 2040 2017
f 2017 2040 2018
f 2040 2041 2018
f 2018 2041 2019
f 2042 2021 2020
f 2020 2021 1999
f 2041 2042 2019
f 2019 2042 2020
f 2054 2055 2056
f 2053 2054 2056
f 2052 2053 2056
f 2050 2051 2052
f 2047 2048 2049
f 2046 2047 2049
f 2045 2046 2049
f 2043 2044 2045
f 2052 2056 2043
f 2050 2052 2043
f 2049 2050 2043
f 2045 2049 2043
f 2070 2069 2068
f 2070 2068 2067
f 2070 2067 2066
f 2066 2065 2064
f 2063 2062 2061
f 2063 2061 2060
f 2063 2060 2059
f 2059 2058 2057
f 2057 2070 2066
f 2057 2066 2064
f 2057 2064 2063
f 2057 2063 2059
f 2057 2058 2043
f 2043 2058 2044
f 2058 2059 2044
f 2044 2059 2045
f 2059 2060 2045
f 2045 2060 2046
f 2060 2061 2046
f 2046 2061 2047
f 2061 2062 2047
f 2047 2062 2048
f 2062 2063 2048
f 2048 2063 2049
f 2063 2064 2049
f 2049 2064 2050
f 2064 2065 2050
f 2050 2065 2051
f 2065 2066 2051
f 2051 2066 2052
f 2066 2067 2052
f 2052 2067 2053
f 2067 2068 2053
f 2053 2068 2054
f 2068 2069 2054
f 2054 2069 2055
f 2070 2057 2056
f 2056 2057 2043
f 2069 2070 2055
f 2055 2070 2056
f 2075 2076 2071
f 2074 2075 2071
f 2073 2074 2071
f 2072 2073 2071
f 2077 2082 2081
f 2077 2081 2080
f 2077 2080 2079
f 2077 2079 2078
f 2077 2078 2071
f 2071 2078 2072
f 2078 2079 2072
f 2072 2079 2073
f 2079 2080 2073
f 2073 2080 2074
f 2080 2081 2074
f 2074 2081 2075
f 2082 2077 2076
f 2076 2077 2071
f 2081 2082 2075
f 2075 2082 2076
f 2093 2094 2095
f 2092 2093 2095
f 2091 2092 2095
f 2090 2091 2095
f 2087 2088 2089
f 2086 2087 2089
f 2083 2084 2085
f 2095 2083 2085
f 2090 2095 2085
f 2086 2089 2090
f 2085 2086 2090
f 2108 2107 2106
f 2108 2106 2105
f 2108 2105 2104
f 2108 2104 2103
f 2102 2101 2100
f 2102 2100 2099
f 2098 2097 2096
f 2098 2096 2108
f 2098 2108 2103
f 2103 2102 2099
f 2103 2099 2098
f 2096 2097 2083
f 2083 2097 2084
f 2097 2098 2084
f 2084 2098 2085
f 2098 2099 2085
f 2085 2099 2086
f 2099 2100 2086
f 2086 2100 2087
f 2100 2101 2087
f 2087 2101 2088
f 2101 2102 2088
f 2088 2102 2089
f 2102 2103 2089
f 2089 2103 2090
f 2103 2104 2090
f 2090 2104 2091
f 2104 2105 2091
f 2091 2105 2092
f 2105 2106 2092
f 2092 2106 2093
f 2106 2107 2093
f 2093 2107 2094
f 2108 2096 2095
f 2095 2096 2083
f 2107 2108 2094
f 2094 2108 2095
f 2122 2123 2124
f 2121 2122 2124
f 2119 2120 2121
f 2116 2117 2118
f 2115 2116 2118
f 2113 2114 2115
f 2112 2113 2115
f 2111 2112 2115
f 2110 2111 2115
f 2109 2110 2115
f 2124 2109 2115
f 2119 2121 2124
f 2118 2119 2124
f 2115 2118 2124
f 2140 2139 2138
f 2140 2138 2137
f 2137 2136 2135
f 2134 2133 2132
f 2134 2132 2131
f 2131 2130 2129
f 2131 2129 2128
f 2131 2128 2127
f 2131 2127 2126
f 2131 2126 2125
f 2131 2125 2140
f 2140 2137 2135
f 2140 2135 2134
f 2140 2134 2131
f 2125 2126 2109
f 2109 2126 2110
f 2126 2127 2110
f 2110 2127 2111
f 2127 2128 2111
f 2111 2128 2112
f 2128 2129 2112
f 2112 2129 2113
f 2129 2130 2113
f 2113 2130 2114
f 2130 2131 2114
f 2114 2131 2115
f 2131 2132 2115
f 2115 2132 2116
f 2132 2133 2116
f 2116 2133 2117
f 2133 2134 2117
f 2117 2134 2118
f 2134 2135 2118
f 2118 2135 2119
f 2135 2136 2119
f 2119 2136 2120
f 2136 2137 2120
f 2120 2137 2121
f 2137 2138 2121
f 2121 2138 2122
f 2138 2139 2122
f 2122 2139 2123
f 2140 2125 2124
f 2124 2125 2109
f 2139 2140 2123
f 2123 2140 2124
f 2159 2160 2161
f 2158 2159 2161
f 2157 2158 2161
f 2155 2156 2157
f 2153 2154 2155
f 2151 2152 2153
f 2150 2151 2153
f 2148 2149 2150
f 2147 2148 2150
f 2146 2147 2150
f 2145 2146 2150
f 2144 2145 2150
f 2143 2144 2150
f 2142 2143 2150
f 2141 2142 2150
f 2161 2141 2150
f 2155 2157 2161
f 2153 2155 2161
f 2150 2153 2161
f 2182 2181 2180
f 2182 2180 2179
f 2182 2179 2178
f 2178 2177 2176
f 2176 2175 2174
f 2174 2173 2172
f 2174 2172 2171
f 2171 2170 2169
f 2171 2169 2168
f 2171 2168 2167
f 2171 2167 2166
f 2171 2166 2165
f 2171 2165 2164
f 2171 2164 2163
f 2171 2163 2162
f 2171 2162 2182
f 2182 2178 2176
f 2182 2176 2174
f 2182 2174 2171
f 2162 2163 2141
f 2141 2163 2142
f 2163 2164 2142
f 2142 2164 2143
f 2164 2165 2143
f 2143 2165 2144
f 2165 2166 2144
f 2144 2166 2145
f 2166 2167 2145
f 2145 2167 2146
f 2167 2168 2146
f 2146 2168 2147
f 2168 2169 2147
f 2147 2169 2148
f 2169 2170 2148
f 2148 2170 2149
f 2170 2171 2149
f 2149 2171 2150
f 2171 2172 2150
f 2150 2172 2151
f 2172 2173 2151
f 2151 2173 2152
f 2173 2174 2152
f 2152 2174 2153
f 2174 2175 2153
f 2153 2175 2154
f 2175 2176 2154
f 2154 2176 2155
f 2176 2177 2155
f 2155 2177 2156
f 2177 2178 2156
f 2156 2178 2157
f 2178 2179 2157
f 2157 2179 2158
f 2179 2180 2158
f 2158 2180 2159
f 2180 2181 2159
f 2159 2181 2160
f 2182 2162 2161
f 2161 2162 2141
f 2181 2182 2160
f 2160 2182 2161
f 2186 2187 2183
f 2185 2186 2183
f 2184 2185 2183
f 2188 2192 2191
f 2188 2191 2190
f 2188 2190 2189
f 2188 2189 2183
f 2183 2189 2184
f 2189 2190 2184
f 2184 2190 2185
f 2190 2191 2185
f 2185 2191 2186
f 2192 2188 2187
f 2187 2188 2183
f 2191 2192 2186
f 2186 2192 2187
f 2195 2196 2193
f 2194 2195 2193
f 2197 2200 2199
f 2197 2199 2198
f 2197 2198 2193
f 2193 2198 2194
f 2198 2199 2194
f 2194 2199 2195
f 2200 2197 2196
f 2196 2197 2193
f 2199 2200 2195
f 2195 2200 2196
f 2203 2204 2201
f 2202 2203 2201
f 2205 2208 2207
f 2205 2207 2206
f 2205 2206 2201
f 2201 2206 2202
f 2206 2207 2202
f 2202 2207 2203
f 2208 2205 2204
f 2204 2205 2201
f 2207 2208 2203
f 2203 2208 2204
f 2211 2212 2209
f 2210 2211 2209
f 2213 2216 2215
f 2213 2215 2214
f 2213 2214 2209
f 2209 2214 2210
f 2214 2215 2210
f 2210 2215 2211
f 2216 2213 2212
f 2212 2213 2209
f 2215 2216 2211
f 2211 2216 2212
f 2219 2220 2217
f 2218 2219 2217
f 2221 2224 2223
f 2221 2223 2222
f 2221 2222 2217
f 2217 2222 2218
f 2222 2223 2218
f 2218 2223 2219
f 2224 2221 2220
f 2220 2221 2217
f 2223 2224 2219
f 2219 2224 2220
f 2228 2229 2225
f 2227 2228 2225
f 2226 2227 2225
f 2230 2234 2233
f 2230 2233 2232
f 2230 2232 2231
f 2230 2231 2225
f 2225 2231 2226
f 2231 2232 2226
f 2226 2232 2227
f 2232 2233 2227
f 2227 2233 2228
f 2234 2230 2229
f 2229 2230 2225
f 2233 2234 2228
f 2228 2234 2229
f 2239 2240 2235
f 2237 2238 2239
f 2235 2236 2237
f 2239 2235 2237
f 2241 2246 2245
f 2245 2244 2243
f 2243 2242 2241
f 2243 2241 2245
f 2241 2242 2235
f 2235 2242 2236
f 2242 2243 2236
f 2236 2243 2237
f 2243 2244 2237
f 2237 2244 2238
f 2244 2245 2238
f 2238 2245 2239
f 2246 2241 2240
f 2240 2241 2235
f 2245 2246 2239
f 2239 2246 2240
f 2251 2252 2247
f 2249 2250 2251
f 2248 2249 2251
f 2247 2248 2251
f 2253 2258 2257
f 2257 2256 2255
f 2257 2255 2254
f 2257 2254 2253
f 2253 2254 2247
f 2247 2254 2248
f 2254 2255 2248
f 2248 2255 2249
f 2255 2256 2249
f 2249 2256 2250
f 2256 2257 2250
f 2250 2257 2251
f 2258 2253 2252
f 2252 2253 2247
f 2257 2258 2251
f 2251 2258 2252
f 2272 2273 2274
f 2271 2272 2274
f 2267 2268 2269
f 2264 2265 2266
f 2262 2263 2264
f 2261 2262 2264
f 2260 2261 2264
f 2259 2260 2264
f 2274 2259 2264
f 2267 2269 2270
f 2274 2264 2266
f 2267 2270 2271
f 2274 2266 2267
f 2271 2274 2267
f 2290 2289 2288
f 2290 2288 2287
f 2285 2284 2283
f 2282 2281 2280
f 2280 2279 2278
f 2280 2278 2277
f 2280 2277 2276
f 2280 2276 2275
f 2280 2275 2290
f 2286 2285 2283
f 2282 2280 2290
f 2287 2286 2283
f 2283 2282 2290
f 2283 2290 2287
f 2275 2276 2259
f 2259 2276 2260
f 2276 2277 2260
f 2260 2277 2261
f 2277 2278 2261
f 2261 2278 2262
f 2278 2279 2262
f 2262 2279 2263
f 2279 2280 2263
f 2263 2280 2264
f 2280 2281 2264
f 2264 2281 2265
f 2281 2282 2265
f 2265 2282 2266
f 2282 2283 2266
f 2266 2283 2267
f 2283 2284 2267
f 2267 2284 2268
f 2284 2285 2268
f 2268 2285 2269
f 2285 2286 2269
f 2269 2286 2270
f 2286 2287 2270
f 2270 2287 2271
f 2287 2288 2271
f 2271 2288 2272
f 2288 2289 2272
f 2272 2289 2273
f 2290 2275 2274
f 2274 2275 2259
f 2289 2290 2273
f 2273 2290 2274
f 2294 2295 2291
f 2293 2294 2291
f 2292 2293 2291
f 2296 2300 2299
f 2296 2299 2298
f 2296 2298 2297
f 2296 2297 2291
f 2291 2297 2292
f 2297 2298 2292
f 2292 2298 2293
f 2298 2299 2293
f 2293 2299 2294
f 2300 2296 2295
f 2295 2296 2291
f 2299 2300 2294
f 2294 2300 2295
f 2320 2321 2322
f 2319 2320 2322
f 2318 2319 2322
f 2317 2318 2322
f 2316 2317 2322
f 2314 2315 2316
f 2313 2314 2316
f 2312 2313 2316
f 2311 2312 2316
f 2310 2311 2316
f 2309 2310 2316
f 2308 2309 2316
f 2307 2308 2316
f 2306 2307 2316
f 2305 2306 2316
f 2304 2305 2316
f 2303 2304 2316
f 2302 2303 2316
f 2301 2302 2316
f 2322 2301 2316
f 2344 2343 2342
f 2344 2342 2341
f 2344 2341 2340
f 2344 2340 2339
f 2344 2339 2338
f 2338 2337 2336
f 2338 2336 2335
f 2338 2335 2334
f 2338 2334 2333
f 2338 2333 2332
f 2338 2332 2331
f 2338 2331 2330
f 2338 2330 2329
f 2338 2329 2328
f 2338 2328 2327
f 2338 2327 2326
f 2338 2326 2325
f 2338 2325 2324
f 2338 2324 2323
f 2338 2323 2344
f 2323 2324 2301
f 2301 2324 2302
f 2324 2325 2302
f 2302 2325 2303
f 2325 2326 2303
f 2303 2326 2304
f 2326 2327 2304
f 2304 2327 2305
f 2327 2328 2305
f 2305 2328 2306
f 2328 2329 2306
f 2306 2329 2307
f 2329 2330 2307
f 2307 2330 2308
f 2330 2331 2308
f 2308 2331 2309
f 2331 2332 2309
f 2309 2332 2310
f 2332 2333 2310
f 2310 2333 2311
f 2333 2334 2311
f 2311 2334 2312
f 2334 2335 2312
f 2312 2335 2313
f 2335 2336 2313
f 2313 2336 2314
f 2336 2337 2314
f 2314 2337 2315
f 2337 2338 2315
f 2315 2338 2316
f 2338 2339 2316
f 2316 2339 2317
f 2339 2340 2317
f 2317 2340 2318
f 2340 2341 2318
f 2318 2341 2319
f 2341 2342 2319
f 2319 2342 2320
f 2342 2343 2320
f 2320 2343 2321
f 2344 2323 2322
f 2322 2323 2301
f 2343 2344 2321
f 2321 2344 2322
f 2356 2357 2345
f 2355 2356 2345
f 2354 2355 2345
f 2353 2354 2345
f 2352 2353 2345
f 2350 2351 2352
f 2349 2350 2352
f 2348 2349 2352
f 2347 2348 2352
f 2346 2347 2352
f 2345 2346 2352
f 2358 2370 2369
f 2358 2369 2368
f 2358 2368 2367
f 2358 2367 2366
f 2358 2366 2365
f 2365 2364 2363
f 2365 2363 2362
f 2365 2362 2361
f 2365 2361 2360
f 2365 2360 2359
f 2365 2359 2358
f 2358 2359 2345
f 2345 2359 2346
f 2359 2360 2346
f 2346 2360 2347
f 2360 2361 2347
f 2347 2361 2348
f 2361 2362 2348
f 2348 2362 2349
f 2362 2363 2349
f 2349 2363 2350
f 2363 2364 2350
f 2350 2364 2351
f 2364 2365 2351
f 2351 2365 2352
f 2365 2366 2352
f 2352 2366 2353
f 2366 2367 2353
f 2353 2367 2354
f 2367 2368 2354
f 2354 2368 2355
f 2368 2369 2355
f 2355 2369 2356
f 2370 2358 2357
f 2357 2358 2345
f 2369 2370 2356
f 2356 2370 2357
f 2373 2374 2371
f 2372 2373 2371
f 2375 2378 2377
f 2375 2377 2376
f 2375 2376 2371
f 2371 2376 2372
f 2376 2377 2372
f 2372 2377 2373
f 2378 2375 2374
f 2374 2375 2371
f 2377 2378 2373
f 2373 2378 2374
f 2388 2389 2390
f 2387 2388 2390
f 2386 2387 2390
f 2385 2386 2390
f 2384 2385 2390
f 2383 2384 2390
f 2382 2383 2390
f 2381 2382 2390
f 2380 2381 2390
f 2379 2380 2390
f 2402 2401 2400
f 2402 2400 2399
f 2402 2399 2398
f 2402 2398 2397
f 2402 2397 2396
f 2402 2396 2395
f 2402 2395 2394
f 2402 2394 2393
f 2402 2393 2392
f 2402 2392 2391
f 2391 2392 2379
f 2379 2392 2380
f 2392 2393 2380
f 2380 2393 2381
f 2393 2394 2381
f 2381 2394 2382
f 2394 2395 2382
f 2382 2395 2383
f 2395 2396 2383
f 2383 2396 2384
f 2396 2397 2384
f 2384 2397 2385
f 2397 2398 2385
f 2385 2398 2386
f 2398 2399 2386
f 2386 2399 2387
f 2399 2400 2387
f 2387 2400 2388
f 2400 2401 2388
f 2388 2401 2389
f 2402 2391 2390
f 2390 2391 2379
f 2401 2402 2389
f 2389 2402 2390
f 2405 2406 2403
f 2404 2405 2403
f 2407 2410 2409
f 2407 2409 2408
f 2407 2408 2403
f 2403 2408 2404
f 2408 2409 2404
f 2404 2409 2405
f 2410 2407 2406
f 2406 2407 2403
f 2409 2410 2405
f 2405 2410 2406
f 2415 2416 2411
f 2414 2415 2411
f 2413 2414 2411
f 2412 2413 2411
f 2417 2422 2421
f 2417 2421 2420
f 2417 2420 2419
f 2417 2419 2418
f 2417 2418 2411
f 2411 2418 2412
f 2418 2419 2412
f 2412 2419 2413
f 2419 2420 2413
f 2413 2420 2414
f 2420 2421 2414
f 2414 2421 2415
f 2422 2417 2416
f 2416 2417 2411
f 2421 2422 2415
f 2415 2422 2416
f 2434 2435 2436
f 2433 2434 2436
f 2432 2433 2436
f 2431 2432 2436
f 2430 2431 2436
f 2429 2430 2436
f 2428 2429 2436
f 2426 2427 2428
f 2425 2426 2428
f 2423 2424 2425
f 2428 2436 2423
f 2425 2428 2423
f 2450 2449 2448
f 2450 2448 2447
f 2450 2447 2446
f 2450 2446 2445
f 2450 2445 2444
f 2450 2444 2443
f 2450 2443 2442
f 2442 2441 2440
f 2442 2440 2439
f 2439 2438 2437
f 2437 2450 2442
f 2437 2442 2439
f 2437 2438 2423
f 2423 2438 2424
f 2438 2439 2424
f 2424 2439 2425
f 2439 2440 2425
f 2425 2440 2426
f 2440 2441 2426
f 2426 2441 2427
f 2441 2442 2427
f 2427 2442 2428
f 2442 2443 2428
f 2428 2443 2429
f 2443 2444 2429
f 2429 2444 2430
f 2444 2445 2430
f 2430 2445 2431
f 2445 2446 2431
f 2431 2446 2432
f 2446 2447 2432
f 2432 2447 2433
f 2447 2448 2433
f 2433 2448 2434
f 2448 2449 2434
f 2434 2449 2435
f 2450 2437 2436
f 2436 2437 2423
f 2449 2450 2435
f 2435 2450 2436
f 2457 2458 2451
f 2456 2457 2451
f 2453 2454 2455
f 2452 2453 2455
f 2456 2451 2452
f 2455 2456 2452
f 2459 2466 2465
f 2459 2465 2464
f 2463 2462 2461
f 2463 2461 2460
f 2460 2459 2464
f 2460 2464 2463
f 2459 2460 2451
f 2451 2460 2452
f 2460 2461 2452
f 2452 2461 2453
f 2461 2462 2453
f 2453 2462 2454
f 2462 2463 2454
f 2454 2463 2455
f 2463 2464 2455
f 2455 2464 2456
f 2464 2465 2456
f 2456 2465 2457
f 2466 2459 2458
f 2458 2459 2451
f 2465 2466 2457
f 2457 2466 2458
f 2470 2471 2467
f 2469 2470 2467
f 2468 2469 2467
f 2472 2476 2475
f 2472 2475 2474
f 2472 2474 2473
f 2472 2473 2467
f 2467 2473 2468
f 2473 2474 2468
f 2468 2474 2469
f 2474 2475 2469
f 2469 2475 2470
f 2476 2472 2471
f 2471 2472 2467
f 2475 2476 2470
f 2470 2476 2471
f 2479 2480 2477
f 2478 2479 2477
f 2481 2484 2483
f 2481 2483 2482
f 2481 2482 2477
f 2477 2482 2478
f 2482 2483 2478
f 2478 2483 2479
f 2484 2481 2480
f 2480 2481 2477
f 2483 2484 2479
f 2479 2484 2480
f 2487 2488 2485
f 2486 2487 2485
f 2489 2492 2491
f 2489 2491 2490
f 2489 2490 2485
f 2485 2490 2486
f 2490 2491 2486
f 2486 2491 2487
f 2492 2489 2488
f 2488 2489 2485
f 2491 2492 2487
f 2487 2492 2488
f 2495 2496 2493
f 2494 2495 2493
f 2497 2500 2499
f 2497 2499 2498
f 2497 2498 2493
f 2493 2498 2494
f 2498 2499 2494
f 2494 2499 2495
f 2500 2497 2496
f 2496 2497 2493
f 2499 2500 2495
f 2495 2500 2496
f 2503 2504 2501
f 2502 2503 2501
f 2505 2508 2507
f 2505 2507 2506
f 2505 2506 2501
f 2501 2506 2502
f 2506 2507 2502
f 2502 2507 2503
f 2508 2505 2504
f 2504 2505 2501
f 2507 2508 2503
f 2503 2508 2504
f 2511 2512 2509
f 2510 2511 2509
f 2513 2516 2515
f 2513 2515 2514
f 2513 2514 2509
f 2509 2514 2510
f 2514 2515 2510
f 2510 2515 2511
f 2516 2513 2512
f 2512 2513 2509
f 2515 2516 2511
f 2511 2516 2512
f 2519 2520 2517
f 2518 2519 2517
f 2521 2524 2523
f 2521 2523 2522
f 2521 2522 2517
f 2517 2522 2518
f 2522 2523 2518
f 2518 2523 2519
f 2524 2521 2520
f 2520 2521 2517
f 2523 2524 2519
f 2519 2524 2520
f 2531 2532 2525
f 2530 2531 2525
f 2529 2530 2525
f 2528 2529 2525
f 2527 2528 2525
f 2526 2527 2525
f 2533 2540 2539
f 2533 2539 2538
f 2533 2538 2537
f 2533 2537 2536
f 2533 2536 2535
f 2533 2535 2534
f 2533 2534 2525
f 2525 2534 2526
f 2534 2535 2526
f 2526 2535 2527
f 2535 2536 2527
f 2527 2536 2528
f 2536 2537 2528
f 2528 2537 2529
f 2537 2538 2529
f 2529 2538 2530
f 2538 2539 2530
f 2530 2539 2531
f 2540 2533 2532
f 2532 2533 2525
f 2539 2540 2531
f 2531 2540 2532
f 2553 2554 2555
f 2552 2553 2555
f 2551 2552 2555
f 2549 2550 2551
f 2545 2546 2547
f 2544 2545 2547
f 2543 2544 2547
f 2542 2543 2547
f 2541 2542 2547
f 2555 2541 2547
f 2549 2551 2555
f 2548 2549 2555
f 2547 2548 2555
f 2570 2569 2568
f 2570 2568 2567
f 2570 2567 2566
f 2566 2565 2564
f 2562 2561 2560
f 2562 2560 2559
f 2562 2559 2558
f 2562 2558 2557
f 2562 2557 2556
f 2562 2556 2570
f 2570 2566 2564
f 2570 2564 2563
f 2570 2563 2562
f 2556 2557 2541
f 2541 2557 2542
f 2557 2558 2542
f 2542 2558 2543
f 2558 2559 2543
f 2543 2559 2544
f 2559 2560 2544
f 2544 2560 2545
f 2560 2561 2545
f 2545 2561 2546
f 2561 2562 2546
f 2546 2562 2547
f 2562 2563 2547
f 2547 2563 2548
f 2563 2564 2548
f 2548 2564 2549
f 2564 2565 2549
f 2549 2565 2550
f 2565 2566 2550
f 2550 2566 2551
f 2566 2567 2551
f 2551 2567 2552
f 2567 2568 2552
f 2552 2568 2553
f 2568 2569 2553
f 2553 2569 2554
f 2570 2556 2555
f 2555 2556 2541
f 2569 2570 2554
f 2554 2570 2555
f 2574 2575 2571
f 2573 2574 2571
f 2572 2573 2571
f 2576 2580 2579
f 2576 2579 2578
f 2576 2578 2577
f 2576 2577 2571
f 2571 2577 2572
f 2577 2578 2572
f 2572 2578 2573
f 2578 2579 2573
f 2573 2579 2574
f 2580 2576 2575
f 2575 2576 2571
f 2579 2580 2574
f 2574 2580 2575
f 2583 2584 2581
f 2582 2583 2581
f 2585 2588 2587
f 2585 2587 2586
f 2585 2586 2581
f 2581 2586 2582
f 2586 2587 2582
f 2582 2587 2583
f 2588 2585 2584
f 2584 2585 2581
f 2587 2588 2583
f 2583 2588 2584
f 2600 2601 2589
f 2598 2599 2600
f 2595 2596 2597
f 2593 2594 2595
f 2592 2593 2595
f 2590 2591 2592
f 2589 2590 2592
f 2600 2589 2592
f 2598 2600 2592
f 2597 2598 2592
f 2595 2597 2592
f 2602 2614 2613
f 2613 2612 2611
f 2610 2609 2608
f 2608 2607 2606
f 2608 2606 2605
f 2605 2604 2603
f 2605 2603 2602
f 2605 2602 2613
f 2605 2613 2611
f 2605 2611 2610
f 2605 2610 2608
f 2602 2603 2589
f 2589 2603 2590
f 2603 2604 2590
f 2590 2604 2591
f 2604 2605 2591
f 2591 2605 2592
f 2605 2606 2592
f 2592 2606 2593
f 2606 2607 2593
f 2593 2607 2594
f 2607 2608 2594
f 2594 2608 2595
f 2608 2609 2595
f 2595 2609 2596
f 2609 2610 2596
f 2596 2610 2597
f 2610 2611 2597
f 2597 2611 2598
f 2611 2612 2598
f 2598 2612 2599
f 2612 2613 2599
f 2599 2613 2600
f 2614 2602 2601
f 2601 2602 2589
f 2613 2614 2600
f 2600 2614 2601
f 2619 2620 2615
f 2618 2619 2615
f 2617 2618 2615
f 2616 2617 2615
f 2621 2626 2625
f 2621 2625 2624
f 2621 2624 2623
f 2621 2623 2622
f 2621 2622 2615
f 2615 2622 2616
f 2622 2623 2616
f 2616 2623 2617
f 2623 2624 2617
f 2617 2624 2618
f 2624 2625 2618
f 2618 2625 2619
f 2626 2621 2620
f 2620 2621 2615
f 2625 2626 2619
f 2619 2626 2620
f 2629 2630 2627
f 2628 2629 2627
f 2631 2634 2633
f 2631 2633 2632
f 2631 2632 2627
f 2627 2632 2628
f 2632 2633 2628
f 2628 2633 2629
f 2634 2631 2630
f 2630 2631 2627
f 2633 2634 2629
f 2629 2634 2630
f 2637 2638 2635
f 2636 2637 2635
f 2639 2642 2641
f 2639 2641 2640
f 2639 2640 2635
f 2635 2640 2636
f 2640 2641 2636
f 2636 2641 2637
f 2642 2639 2638
f 2638 2639 2635
f 2641 2642 2637
f 2637 2642 2638
f 2645 2646 2643
f 2644 2645 2643
f 2647 2650 2649
f 2647 2649 2648
f 2647 2648 2643
f 2643 2648 2644
f 2648 2649 2644
f 2644 2649 2645
f 2650 2647 2646
f 2646 2647 2643
f 2649 2650 2645
f 2645 2650 2646
f 2654 2655 2651
f 2653 2654 2651
f 2652 2653 2651
f 2656 2660 2659
f 2656 2659 2658
f 2656 2658 2657
f 2656 2657 2651
f 2651 2657 2652
f 2657 2658 2652
f 2652 2658 2653
f 2658 2659 2653
f 2653 2659 2654
f 2660 2656 2655
f 2655 2656 2651
f 2659 2660 2654
f 2654 2660 2655
f 2666 2667 2661
f 2665 2666 2661
f 2663 2664 2665
f 2661 2662 2663
f 2665 2661 2663
f 2668 2674 2673
f 2668 2673 2672
f 2672 2671 2670
f 2670 2669 2668
f 2670 2668 2672
f 2668 2669 2661
f 2661 2669 2662
f 2669 2670 2662
f 2662 2670 2663
f 2670 2671 2663
f 2663 2671 2664
f 2671 2672 2664
f 2664 2672 2665
f 2672 2673 2665
f 2665 2673 2666
f 2674 2668 2667
f 2667 2668 2661
f 2673 2674 2666
f 2666 2674 2667
f 2678 2679 2675
f 2677 2678 2675
f 2676 2677 2675
f 2680 2684 2683
f 2680 2683 2682
f 2680 2682 2681
f 2680 2681 2675
f 2675 2681 2676
f 2681 2682 2676
f 2676 2682 2677
f 2682 2683 2677
f 2677 2683 2678
f 2684 2680 2679
f 2679 2680 2675
f 2683 2684 2678
f 2678 2684 2679
f 2700 2701 2685
f 2697 2698 2699
f 2696 2697 2699
f 2695 2696 2699
f 2694 2695 2699
f 2693 2694 2699
f 2692 2693 2699
f 2691 2692 2699
f 2690 2691 2699
f 2689 2690 2699
f 2688 2689 2699
f 2686 2687 2688
f 2700 2685 2686
f 2688 2699 2700
f 2686 2688 2700
f 2702 2718 2717
f 2716 2715 2714
f 2716 2714 2713
f 2716 2713 2712
f 2716 2712 2711
f 2716 2711 2710
f 2716 2710 2709
f 2716 2709 2708
f 2716 2708 2707
f 2716 2707 2706
f 2716 2706 2705
f 2705 2704 2703
f 2703 2702 2717
f 2717 2716 2705
f 2717 2705 2703
f 2702 2703 2685
f 2685 2703 2686
f 2703 2704 2686
f 2686 2704 2687
f 2704 2705 2687
f 2687 2705 2688
f 2705 2706 2688
f 2688 2706 2689
f 2706 2707 2689
f 2689 2707 2690
f 2707 2708 2690
f 2690 2708 2691
f 2708 2709 2691
f 2691 2709 2692
f 2709 2710 2692
f 2692 2710 2693
f 2710 2711 2693
f 2693 2711 2694
f 2711 2712 2694
f 2694 2712 2695
f 2712 2713 2695
f 2695 2713 2696
f 2713 2714 2696
f 2696 2714 2697
f 2714 2715 2697
f 2697 2715 2698
f 2715 2716 2698
f 2698 2716 2699
f 2716 2717 2699
f 2699 2717 2700
f 2718 2702 2701
f 2701 2702 2685
f 2717 2718 2700
f 2700 2718 2701
f 2722 2723 2719
f 2721 2722 2719
f 2720 2721 2719
f 2724 2728 2727
f 2724 2727 2726
f 2724 2726 2725
f 2724 2725 2719
f 2719 2725 2720
f 2725 2726 2720
f 2720 2726 2721
f 2726 2727 2721
f 2721 2727 2722
f 2728 2724 2723
f 2723 2724 2719
f 2727 2728 2722
f 2722 2728 2723
f 2739 2740 2729
f 2738 2739 2729
f 2737 2738 2729
f 2736 2737 2729
f 2735 2736 2729
f 2733 2734 2735
f 2731 2732 2733
f 2729 2730 2731
f 2733 2735 2729
f 2731 2733 2729
f 2741 2752 2751
f 2741 2751 2750
f 2741 2750 2749
f 2741 2749 2748
f 2741 2748 2747
f 2747 2746 2745
f 2745 2744 2743
f 2743 2742 2741
f 2741 2747 2745
f 2741 2745 2743
f 2741 2742 2729
f 2729 2742 2730
f 2742 2743 2730
f 2730 2743 2731
f 2743 2744 2731
f 2731 2744 2732
f 2744 2745 2732
f 2732 2745 2733
f 2745 2746 2733
f 2733 2746 2734
f 2746 2747 2734
f 2734 2747 2735
f 2747 2748 2735
f 2735 2748 2736
f 2748 2749 2736
f 2736 2749 2737
f 2749 2750 2737
f 2737 2750 2738
f 2750 2751 2738
f 2738 2751 2739
f 2752 2741 2740
f 2740 2741 2729
f 2751 2752 2739
f 2739 2752 2740
f 2758 2759 2760
f 2757 2758 2760
f 2756 2757 2760
f 2753 2754 2755
f 2761 2753 2755
f 2756 2760 2761
f 2755 2756 2761
f 2769 2768 2767
f 2769 2767 2766
f 2769 2766 2765
f 2764 2763 2762
f 2764 2762 2770
f 2770 2769 2765
f 2770 2765 2764
f 2762 2763 2753
f 2753 2763 2754
f 2763 2764 2754
f 2754 2764 2755
f 2764 2765 2755
f 2755 2765 2756
f 2765 2766 2756
f 2756 2766 2757
f 2766 2767 2757
f 2757 2767 2758
f 2767 2768 2758
f 2758 2768 2759
f 2768 2769 2759
f 2759 2769 2760
f 2770 2762 2761
f 2761 2762 2753
f 2769 2770 2760
f 2760 2770 2761
f 2774 2775 2771
f 2773 2774 2771
f 2772 2773 2771
f 2776 2780 2779
f 2776 2779 2778
f 2776 2778 2777
f 2776 2777 2771
f 2771 2777 2772
f 2777 2778 2772
f 2772 2778 2773
f 2778 2779 2773
f 2773 2779 2774
f 2780 2776 2775
f 2775 2776 2771
f 2779 2780 2774
f 2774 2780 2775
f 2788 2789 2790
f 2787 2788 2790
f 2786 2787 2790
f 2785 2786 2790
f 2784 2785 2790
f 2782 2783 2784
f 2781 2782 2784
f 2790 2781 2784
f 2800 2799 2798
f 2800 2798 2797
f 2800 2797 2796
f 2800 2796 2795
f 2800 2795 2794
f 2794 2793 2792
f 2794 2792 2791
f 2794 2791 2800
f 2791 2792 2781
f 2781 2792 2782
f 2792 2793 2782
f 2782 2793 2783
f 2793 2794 2783
f 2783 2794 2784
f 2794 2795 2784
f 2784 2795 2785
f 2795 2796 2785
f 2785 2796 2786
f 2796 2797 2786
f 2786 2797 2787
f 2797 2798 2787
f 2787 2798 2788
f 2798 2799 2788
f 2788 2799 2789
f 2800 2791 2790
f 2790 2791 2781
f 2799 2800 2789
f 2789 2800 2790
f 2807 2808 2801
f 2805 2806 2807
f 2802 2803 2804
f 2801 2802 2804
f 2805 2807 2801
f 2804 2805 2801
f 2809 2816 2815
f 2815 2814 2813
f 2812 2811 2810
f 2812 2810 2809
f 2809 2815 2813
f 2809 2813 2812
f 2809 2810 2801
f 2801 2810 2802
f 2810 2811 2802
f 2802 2811 2803
f 2811 2812 2803
f 2803 2812 2804
f 2812 2813 2804
f 2804 2813 2805
f 2813 2814 2805
f 2805 2814 2806
f 2814 2815 2806
f 2806 2815 2807
f 2816 2809 2808
f 2808 2809 2801
f 2815 2816 2807
f 2807 2816 2808
f 2832 2833 2817
f 2831 2832 2817
f 2830 2831 2817
f 2828 2829 2830
f 2827 2828 2830
f 2826 2827 2830
f 2824 2825 2826
f 2823 2824 2826
f 2822 2823 2826
f 2820 2821 2822
f 2830 2817 2818
f 2820 2822 2826
f 2819 2820 2826
f 2830 2818 2819
f 2826 2830 2819
f 2834 2850 2849
f 2834 2849 2848
f 2834 2848 2847
f 2847 2846 2845
f 2847 2845 2844
f 2847 2844 2843
f 2843 2842 2841
f 2843 2841 2840
f 2843 2840 2839
f 2839 2838 2837
f 2835 2834 2847
f 2843 2839 2837
f 2843 2837 2836
f 2836 2835 2847
f 2836 2847 2843
f 2834 2835 2817
f 2817 2835 2818
f 2835 2836 2818
f 2818 2836 2819
f 2836 2837 2819
f 2819 2837 2820
f 2837 2838 2820
f 2820 2838 2821
f 2838 2839 2821
f 2821 2839 2822
f 2839 2840 2822
f 2822 2840 2823
f 2840 2841 2823
f 2823 2841 2824
f 2841 2842 2824
f 2824 2842 2825
f 2842 2843 2825
f 2825 2843 2826
f 2843 2844 2826
f 2826 2844 2827
f 2844 2845 2827
f 2827 2845 2828
f 2845 2846 2828
f 2828 2846 2829
f 2846 2847 2829
f 2829 2847 2830
f 2847 2848 2830
f 2830 2848 2831
f 2848 2849 2831
f 2831 2849 2832
f 2850 2834 2833
f 2833 2834 2817
f 2849 2850 2832
f 2832 2850 2833
f 2854 2855 2851
f 2853 2854 2851
f 2852 2853 2851
f 2856 2860 2859
f 2856 2859 2858
f 2856 2858 2857
f 2856 2857 2851
f 2851 2857 2852
f 2857 2858 2852
f 2852 2858 2853
f 2858 2859 2853
f 2853 2859 2854
f 2860 2856 2855
f 2855 2856 2851
f 2859 2860 2854
f 2854 2860 2855
f 2863 2864 2861
f 2862 2863 2861
f 2865 2868 2867
f 2865 2867 2866
f 2865 2866 2861
f 2861 2866 2862
f 2866 2867 2862
f 2862 2867 2863
f 2868 2865 2864
f 2864 2865 2861
f 2867 2868 2863
f 2863 2868 2864
f 2871 2872 2869
f 2870 2871 2869
f 2873 2876 2875
f 2873 2875 2874
f 2873 2874 2869
f 2869 2874 2870
f 2874 2875 2870
f 2870 2875 2871
f 2876 2873 2872
f 2872 2873 2869
f 2875 2876 2871
f 2871 2876 2872
f 2884 2885 2886
f 2883 2884 2886
f 2882 2883 2886
f 2881 2882 2886
f 2880 2881 2886
f 2879 2880 2886
f 2878 2879 2886
f 2877 2878 2886
f 2896 2895 2894
f 2896 2894 2893
f 2896 2893 2892
f 2896 2892 2891
f 2896 2891 2890
f 2896 2890 2889
f 2896 2889 2888
f 2896 2888 2887
f 2887 2888 2877
f 2877 2888 2878
f 2888 2889 2878
f 2878 2889 2879
f 2889 2890 2879
f 2879 2890 2880
f 2890 2891 2880
f 2880 2891 2881
f 2891 2892 2881
f 2881 2892 2882
f 2892 2893 2882
f 2882 2893 2883
f 2893 2894 2883
f 2883 2894 2884
f 2894 2895 2884
f 2884 2895 2885
f 2896 2887 2886
f 2886 2887 2877
f 2895 2896 2885
f 2885 2896 2886
f 2913 2914 2915
f 2912 2913 2915
f 2910 2911 2912
f 2909 2910 2912
f 2908 2909 2912
f 2905 2906 2907
f 2903 2904 2905
f 2902 2903 2905
f 2901 2902 2905
f 2900 2901 2905
f 2899 2900 2905
f 2898 2899 2905
f 2897 2898 2905
f 2915 2897 2905
f 2908 2912 2915
f 2907 2908 2915
f 2905 2907 2915
f 2934 2933 2932
f 2934 2932 2931
f 2931 2930 2929
f 2931 2929 2928
f 2931 2928 2927
f 2926 2925 2924
f 2924 2923 2922
f 2924 2922 2921
f 2924 2921 2920
f 2924 2920 2919
f 2924 2919 2918
f 2924 2918 2917
f 2924 2917 2916
f 2924 2916 2934
f 2934 2931 2927
f 2934 2927 2926
f 2934 2926 2924
f 2916 2917 2897
f 2897 2917 2898
f 2917 2918 2898
f 2898 2918 2899
f 2918 2919 2899
f 2899 2919 2900
f 2919 2920 2900
f 2900 2920 2901
f 2920 2921 2901
f 2901 2921 2902
f 2921 2922 2902
f 2902 2922 2903
f 2922 2923 2903
f 2903 2923 2904
f 2923 2924 2904
f 2904 2924 2905
f 2924 2925 2905
f 2905 2925 2906
f 2925 2926 2906
f 2906 2926 2907
f 2926 2927 2907
f 2907 2927 2908
f 2927 2928 2908
f 2908 2928 2909
f 2928 2929 2909
f 2909 2929 2910
f 2929 2930 2910
f 2910 2930 2911
f 2930 2931 2911
f 2911 2931 2912
f 2931 2932 2912
f 2912 2932 2913
f 2932 2933 2913
f 2913 2933 2914
f 2934 2916 2915
f 2915 2916 2897
f 2933 2934 2914
f 2914 2934 2915
f 2938 2939 2935
f 2937 2938 2935
f 2936 2937 2935
f 2940 2944 2943
f 2940 2943 2942
f 2940 2942 2941
f 2940 2941 2935
f 2935 2941 2936
f 2941 2942 2936
f 2936 2942 2937
f 2942 2943 2937
f 2937 2943 2938
f 2944 2940 2939
f 2939 2940 2935
f 2943 2944 2938
f 2938 2944 2939
f 2947 2948 2945
f 2946 2947 2945
f 2949 2952 2951
f 2949 2951 2950
f 2949 2950 2945
f 2945 2950 2946
f 2950 2951 2946
f 2946 2951 2947
f 2952 2949 2948
f 2948 2949 2945
f 2951 2952 2947
f 2947 2952 2948
f 2958 2959 2953
f 2957 2958 2953
f 2956 2957 2953
f 2955 2956 2953
f 2954 2955 2953
f 2960 2966 2965
f 2960 2965 2964
f 2960 2964 2963
f 2960 2963 2962
f 2960 2962 2961
f 2960 2961 2953
f 2953 2961 2954
f 2961 2962 2954
f 2954 2962 2955
f 2962 2963 2955
f 2955 2963 2956
f 2963 2964 2956
f 2956 2964 2957
f 2964 2965 2957
f 2957 2965 2958
f 2966 2960 2959
f 2959 2960 2953
f 2965 2966 2958
f 2958 2966 2959
f 2971 2972 2973
f 2970 2971 2973
f 2969 2970 2973
f 2968 2969 2973
f 2967 2968 2973
f 2980 2979 2978
f 2980 2978 2977
f 2980 2977 2976
f 2980 2976 2975
f 2980 2975 2974
f 2974 2975 2967
f 2967 2975 2968
f 2975 2976 2968
f 2968 2976 2969
f 2976 2977 2969
f 2969 2977 2970
f 2977 2978 2970
f 2970 2978 2971
f 2978 2979 2971
f 2971 2979 2972
f 2980 2974 2973
f 2973 2974 2967
f 2979 2980 2972
f 2972 2980 2973
f 2987 2988 2981
f 2985 2986 2987
f 2983 2984 2985
f 2987 2981 2982
f 2983 2985 2987
f 2982 2983 2987
f 2989 2996 2995
f 2995 2994 2993
f 2993 2992 2991
f 2990 2989 2995
f 2995 2993 2991
f 2995 2991 2990
f 2989 2990 2981
f 2981 2990 2982
f 2990 2991 2982
f 2982 2991 2983
f 2991 2992 2983
f 2983 2992 2984
f 2992 2993 2984
f 2984 2993 2985
f 2993 2994 2985
f 2985 2994 2986
f 2994 2995 2986
f 2986 2995 2987
f 2996 2989 2988
f 2988 2989 2981
f 2995 2996 2987
f 2987 2996 2988
f 3016 3017 2997
f 3015 3016 2997
f 3014 3015 2997
f 3013 3014 2997
f 3011 3012 3013
f 3010 3011 3013
f 3009 3010 3013
f 3007 3008 3009
f 3006 3007 3009
f 3005 3006 3009
f 3004 3005 3009
f 3001 3002 3003
f 3000 3001 3003
f 2999 3000 3003
f 3013 2997 2998
f 3009 3013 2998
f 2999 3003 3004
f 3009 2998 2999
f 3004 3009 2999
f 3018 3038 3037
f 3018 3037 3036
f 3018 3036 3035
f 3018 3035 3034
f 3034 3033 3032
f 3034 3032 3031
f 3034 3031 3030
f 3030 3029 3028
f 3030 3028 3027
f 3030 3027 3026
f 3030 3026 3025
f 3024 3023 3022
f 3024 3022 3021
f 3024 3021 3020
f 3019 3018 3034
f 3019 3034 3030
f 3025 3024 3020
f 3020 3019 3030
f 3020 3030 3025
f 3018 3019 2997
f 2997 3019 2998
f 3019 3020 2998
f 2998 3020 2999
f 3020 3021 2999
f 2999 3021 3000
f 3021 3022 3000
f 3000 3022 3001
f 3022 3023 3001
f 3001 3023 3002
f 3023 3024 3002
f 3002 3024 3003
f 3024 3025 3003
f 3003 3025 3004
f 3025 3026 3004
f 3004 3026 3005
f 3026 3027 3005
f 3005 3027 3006
f 3027 3028 3006
f 3006 3028 3007
f 3028 3029 3007
f 3007 3029 3008
f 3029 3030 3008
f 3008 3030 3009
f 3030 3031 3009
f 3009 3031 3010
f 3031 3032 3010
f 3010 3032 3011
f 3032 3033 3011
f 3011 3033 3012
f 3033 3034 3012
f 3012 3034 3013
f 3034 3035 3013
f 3013 3035 3014
f 3035 3036 3014
f 3014 3036 3015
f 3036 3037 3015
f 3015 3037 3016
f 3038 3018 3017
f 3017 3018 2997
f 3037 3038 3016
f 3016 3038 3017
f 3042 3043 3039
f 3041 3042 3039
f 3040 3041 3039
f 3044 3048 3047
f 3044 3047 3046
f 3044 3046 3045
f 3044 3045 3039
f 3039 3045 3040
f 3045 3046 3040
f 3040 3046 3041
f 3046 3047 3041
f 3041 3047 3042
f 3048 3044 3043
f 3043 3044 3039
f 3047 3048 3042
f 3042 3048 3043
f 3051 3052 3049
f 3050 3051 3049
f 3053 3056 3055
f 3053 3055 3054
f 3053 3054 3049
f 3049 3054 3050
f 3054 3055 3050
f 3050 3055 3051
f 3056 3053 3052
f 3052 3053 3049
f 3055 3056 3051
f 3051 3056 3052
f 3062 3063 3064
f 3061 3062 3064
f 3060 3061 3064
f 3059 3060 3064
f 3058 3059 3064
f 3057 3058 3064
f 3072 3071 3070
f 3072 3070 3069
f 3072 3069 3068
f 3072 3068 3067
f 3072 3067 3066
f 3072 3066 3065
f 3065 3066 3057
f 3057 3066 3058
f 3066 3067 3058
f 3058 3067 3059
f 3067 3068 3059
f 3059 3068 3060
f 3068 3069 3060
f 3060 3069 3061
f 3069 3070 3061
f 3061 3070 3062
f 3070 3071 3062
f 3062 3071 3063
f 3072 3065 3064
f 3064 3065 3057
f 3071 3072 3063
f 3063 3072 3064
f 3082 3083 3084
f 3081 3082 3084
f 3080 3081 3084
f 3079 3080 3084
f 3077 3078 3079
f 3076 3077 3079
f 3075 3076 3079
f 3074 3075 3079
f 3084 3073 3074
f 3079 3084 3074
f 3096 3095 3094
f 3096 3094 3093
f 3096 3093 3092
f 3096 3092 3091
f 3091 3090 3089
f 3091 3089 3088
f 3091 3088 3087
f 3091 3087 3086
f 3086 3085 3096
f 3086 3096 3091
f 3085 3086 3073
f 3073 3086 3074
f 3086 3087 3074
f 3074 3087 3075
f 3087 3088 3075
f 3075 3088 3076
f 3088 3089 3076
f 3076 3089 3077
f 3089 3090 3077
f 3077 3090 3078
f 3090 3091 3078
f 3078 3091 3079
f 3091 3092 3079
f 3079 3092 3080
f 3092 3093 3080
f 3080 3093 3081
f 3093 3094 3081
f 3081 3094 3082
f 3094 3095 3082
f 3082 3095 3083
f 3096 3085 3084
f 3084 3085 3073
f 3095 3096 3083
f 3083 3096 3084
f 3099 3100 3097
f 3098 3099 3097
f 3101 3104 3103
f 3101 3103 3102
f 3101 3102 3097
f 3097 3102 3098
f 3102 3103 3098
f 3098 3103 3099
f 3104 3101 3100
f 3100 3101 3097
f 3103 3104 3099
f 3099 3104 3100
f 3111 3112 3105
f 3110 3111 3105
f 3108 3109 3110
f 3106 3107 3108
f 3105 3106 3108
f 3110 3105 3108
f 3113 3120 3119
f 3113 3119 3118
f 3118 3117 3116
f 3116 3115 3114
f 3116 3114 3113
f 3116 3113 3118
f 3113 3114 3105
f 3105 3114 3106
f 3114 3115 3106
f 3106 3115 3107
f 3115 3116 3107
f 3107 3116 3108
f 3116 3117 3108
f 3108 3117 3109
f 3117 3118 3109
f 3109 3118 3110
f 3118 3119 3110
f 3110 3119 3111
f 3120 3113 3112
f 3112 3113 3105
f 3119 3120 3111
f 3111 3120 3112
f 3127 3128 3129
f 3126 3127 3129
f 3125 3126 3129
f 3124 3125 3129
f 3122 3123 3124
f 3121 3122 3124
f 3129 3121 3124
f 3138 3137 3136
f 3138 3136 3135
f 3138 3135 3134
f 3138 3134 3133
f 3133 3132 3131
f 3133 3131 3130
f 3133 3130 3138
f 3130 3131 3121
f 3121 3131 3122
f 3131 3132 3122
f 3122 3132 3123
f 3132 3133 3123
f 3123 3133 3124
f 3133 3134 3124
f 3124 3134 3125
f 3134 3135 3125
f 3125 3135 3126
f 3135 3136 3126
f 3126 3136 3127
f 3136 3137 3127
f 3127 3137 3128
f 3138 3130 3129
f 3129 3130 3121
f 3137 3138 3128
f 3128 3138 3129
f 3145 3146 3139
f 3143 3144 3145
f 3141 3142 3143
f 3145 3139 3140
f 3141 3143 3145
f 3140 3141 3145
f 3147 3154 3153
f 3153 3152 3151
f 3151 3150 3149
f 3148 3147 3153
f 3153 3151 3149
f 3153 3149 3148
f 3147 3148 3139
f 3139 3148 3140
f 3148 3149 3140
f 3140 3149 3141
f 3149 3150 3141
f 3141 3150 3142
f 3150 3151 3142
f 3142 3151 3143
f 3151 3152 3143
f 3143 3152 3144
f 3152 3153 3144
f 3144 3153 3145
f 3154 3147 3146
f 3146 3147 3139
f 3153 3154 3145
f 3145 3154 3146
f 3159 3160 3155
f 3157 3158 3159
f 3156 3157 3159
f 3155 3156 3159
f 3161 3166 3165
f 3165 3164 3163
f 3165 3163 3162
f 3165 3162 3161
f 3161 3162 3155
f 3155 3162 3156
f 3162 3163 3156
f 3156 3163 3157
f 3163 3164 3157
f 3157 3164 3158
f 3164 3165 3158
f 3158 3165 3159
f 3166 3161 3160
f 3160 3161 3155
f 3165 3166 3159
f 3159 3166 3160
f 3172 3173 3167
f 3171 3172 3167
f 3170 3171 3167
f 3168 3169 3170
f 3167 3168 3170
f 3174 3180 3179
f 3174 3179 3178
f 3174 3178 3177
f 3177 3176 3175
f 3177 3175 3174
f 3174 3175 3167
f 3167 3175 3168
f 3175 3176 3168
f 3168 3176 3169
f 3176 3177 3169
f 3169 3177 3170
f 3177 3178 3170
f 3170 3178 3171
f 3178 3179 3171
f 3171 3179 3172
f 3180 3174 3173
f 3173 3174 3167
f 3179 3180 3172
f 3172 3180 3173
f 3184 3185 3181
f 3183 3184 3181
f 3182 3183 3181
f 3186 3190 3189
f 3186 3189 3188
f 3186 3188 3187
f 3186 3187 3181
f 3181 3187 3182
f 3187 3188 3182
f 3182 3188 3183
f 3188 3189 3183
f 3183 3189 3184
f 3190 3186 3185
f 3185 3186 3181
f 3189 3190 3184
f 3184 3190 3185
f 3194 3195 3191
f 3193 3194 3191
f 3192 3193 3191
f 3196 3200 3199
f 3196 3199 3198
f 3196 3198 3197
f 3196 3197 3191
f 3191 3197 3192
f 3197 3198 3192
f 3192 3198 3193
f 3198 3199 3193
f 3193 3199 3194
f 3200 3196 3195
f 3195 3196 3191
f 3199 3200 3194
f 3194 3200 3195
f 3204 3205 3201
f 3203 3204 3201
f 3202 3203 3201
f 3206 3210 3209
f 3206 3209 3208
f 3206 3208 3207
f 3206 3207 3201
f 3201 3207 3202
f 3207 3208 3202
f 3202 3208 3203
f 3208 3209 3203
f 3203 3209 3204
f 3210 3206 3205
f 3205 3206 3201
f 3209 3210 3204
f 3204 3210 3205
f 3214 3215 3211
f 3213 3214 3211
f 3212 3213 3211
f 3216 3220 3219
f 3216 3219 3218
f 3216 3218 3217
f 3216 3217 3211
f 3211 3217 3212
f 3217 3218 3212
f 3212 3218 3213
f 3218 3219 3213
f 3213 3219 3214
f 3220 3216 3215
f 3215 3216 3211
f 3219 3220 3214
f 3214 3220 3215
f 3240 3241 3242
f 3239 3240 3242
f 3238 3239 3242
f 3237 3238 3242
f 3236 3237 3242
f 3234 3235 3236
f 3233 3234 3236
f 3232 3233 3236
f 3231 3232 3236
f 3230 3231 3236
f 3229 3230 3236
f 3227 3228 3229
f 3226 3227 3229
f 3225 3226 3229
f 3224 3225 3229
f 3223 3224 3229
f 3222 3223 3229
f 3221 3222 3229
f 3242 3221 3229
f 3236 3242 3229
f 3264 3263 3262
f 3264 3262 3261
f 3264 3261 3260
f 3264 3260 3259
f 3264 3259 3258
f 3258 3257 3256
f 3258 3256 3255
f 3258 3255 3254
f 3258 3254 3253
f 3258 3253 3252
f 3258 3252 3251
f 3251 3250 3249
f 3251 3249 3248
f 3251 3248 3247
f 3251 3247 3246
f 3251 3246 3245
f 3251 3245 3244
f 3251 3244 3243
f 3251 3243 3264
f 3251 3264 3258
f 3243 3244 3221
f 3221 3244 3222
f 3244 3245 3222
f 3222 3245 3223
f 3245 3246 3223
f 3223 3246 3224
f 3246 3247 3224
f 3224 3247 3225
f 3247 3248 3225
f 3225 3248 3226
f 3248 3249 3226
f 3226 3249 3227
f 3249 3250 3227
f 3227 3250 3228
f 3250 3251 3228
f 3228 3251 3229
f 3251 3252 3229
f 3229 3252 3230
f 3252 3253 3230
f 3230 3253 3231
f 3253 3254 3231
f 3231 3254 3232
f 3254 3255 3232
f 3232 3255 3233
f 3255 3256 3233
f 3233 3256 3234
f 3256 3257 3234
f 3234 3257 3235
f 3257 3258 3235
f 3235 3258 3236
f 3258 3259 3236
f 3236 3259 3237
f 3259 3260 3237
f 3237 3260 3238
f 3260 3261 3238
f 3238 3261 3239
f 3261 3262 3239
f 3239 3262 3240
f 3262 3263 3240
f 3240 3263 3241
f 3264 3243 3242
f 3242 3243 3221
f 3263 3264 3241
f 3241 3264 3242
f 3273 3274 3265
f 3271 3272 3273
f 3270 3271 3273
f 3268 3269 3270
f 3267 3268 3270
f 3266 3267 3270
f 3273 3265 3266
f 3270 3273 3266
f 3275 3284 3283
f 3283 3282 3281
f 3283 3281 3280
f 3280 3279 3278
f 3280 3278 3277
f 3280 3277 3276
f 3276 3275 3283
f 3276 3283 3280
f 3275 3276 3265
f 3265 3276 3266
f 3276 3277 3266
f 3266 3277 3267
f 3277 3278 3267
f 3267 3278 3268
f 3278 3279 3268
f 3268 3279 3269
f 3279 3280 3269
f 3269 3280 3270
f 3280 3281 3270
f 3270 3281 3271
f 3281 3282 3271
f 3271 3282 3272
f 3282 3283 3272
f 3272 3283 3273
f 3284 3275 3274
f 3274 3275 3265
f 3283 3284 3273
f 3273 3284 3274
f 3288 3289 3290
f 3287 3288 3290
f 3286 3287 3290
f 3285 3286 3290
f 3296 3295 3294
f 3296 3294 3293
f 3296 3293 3292
f 3296 3292 3291
f 3291 3292 3285
f 3285 3292 3286
f 3292 3293 3286
f 3286 3293 3287
f 3293 3294 3287
f 3287 3294 3288
f 3294 3295 3288
f 3288 3295 3289
f 3296 3291 3290
f 3290 3291 3285
f 3295 3296 3289
f 3289 3296 3290
f 3301 3302 3303
f 3300 3301 3303
f 3299 3300 3303
f 3298 3299 3303
f 3297 3298 3303
f 3310 3309 3308
f 3310 3308 3307
f 3310 3307 3306
f 3310 3306 3305
f 3310 3305 3304
f 3304 3305 3297
f 3297 3305 3298
f 3305 3306 3298
f 3298 3306 3299
f 3306 3307 3299
f 3299 3307 3300
f 3307 3308 3300
f 3300 3308 3301
f 3308 3309 3301
f 3301 3309 3302
f 3310 3304 3303
f 3303 3304 3297
f 3309 3310 3302
f 3302 3310 3303
f 3315 3316 3311
f 3314 3315 3311
f 3313 3314 3311
f 3312 3313 3311
f 3317 3322 3321
f 3317 3321 3320
f 3317 3320 3319
f 3317 3319 3318
f 3317 3318 3311
f 3311 3318 3312
f 3318 3319 3312
f 3312 3319 3313
f 3319 3320 3313
f 3313 3320 3314
f 3320 3321 3314
f 3314 3321 3315
f 3322 3317 3316
f 3316 3317 3311
f 3321 3322 3315
f 3315 3322 3316
f 3327 3328 3323
f 3325 3326 3327
f 3324 3325 3327
f 3323 3324 3327
f 3329 3334 3333
f 3333 3332 3331
f 3333 3331 3330
f 3333 3330 3329
f 3329 3330 3323
f 3323 3330 3324
f 3330 3331 3324
f 3324 3331 3325
f 3331 3332 3325
f 3325 3332 3326
f 3332 3333 3326
f 3326 3333 3327
f 3334 3329 3328
f 3328 3329 3323
f 3333 3334 3327
f 3327 3334 3328
f 3337 3338 3335
f 3336 3337 3335
f 3339 3342 3341
f 3339 3341 3340
f 3339 3340 3335
f 3335 3340 3336
f 3340 3341 3336
f 3336 3341 3337
f 3342 3339 3338
f 3338 3339 3335
f 3341 3342 3337
f 3337 3342 3338
f 3352 3353 3343
f 3351 3352 3343
f 3350 3351 3343
f 3349 3350 3343
f 3348 3349 3343
f 3346 3347 3348
f 3345 3346 3348
f 3344 3345 3348
f 3343 3344 3348
f 3354 3364 3363
f 3354 3363 3362
f 3354 3362 3361
f 3354 3361 3360
f 3354 3360 3359
f 3359 3358 3357
f 3359 3357 3356
f 3359 3356 3355
f 3359 3355 3354
f 3354 3355 3343
f 3343 3355 3344
f 3355 3356 3344
f 3344 3356 3345
f 3356 3357 3345
f 3345 3357 3346
f 3357 3358 3346
f 3346 3358 3347
f 3358 3359 3347
f 3347 3359 3348
f 3359 3360 3348
f 3348 3360 3349
f 3360 3361 3349
f 3349 3361 3350
f 3361 3362 3350
f 3350 3362 3351
f 3362 3363 3351
f 3351 3363 3352
f 3364 3354 3353
f 3353 3354 3343
f 3363 3364 3352
f 3352 3364 3353
f 3367 3368 3365
f 3366 3367 3365
f 3369 3372 3371
f 3369 3371 3370
f 3369 3370 3365
f 3365 3370 3366
f 3370 3371 3366
f 3366 3371 3367
f 3372 3369 3368
f 3368 3369 3365
f 3371 3372 3367
f 3367 3372 3368
f 3378 3379 3373
f 3377 3378 3373
f 3376 3377 3373
f 3375 3376 3373
f 3374 3375 3373
f 3380 3386 3385
f 3380 3385 3384
f 3380 3384 3383
f 3380 3383 3382
f 3380 3382 3381
f 3380 3381 3373
f 3373 3381 3374
f 3381 3382 3374
f 3374 3382 3375
f 3382 3383 3375
f 3375 3383 3376
f 3383 3384 3376
f 3376 3384 3377
f 3384 3385 3377
f 3377 3385 3378
f 3386 3380 3379
f 3379 3380 3373
f 3385 3386 3378
f 3378 3386 3379
f 3389 3390 3387
f 3388 3389 3387
f 3391 3394 3393
f 3391 3393 3392
f 3391 3392 3387
f 3387 3392 3388
f 3392 3393 3388
f 3388 3393 3389
f 3394 3391 3390
f 3390 3391 3387
f 3393 3394 3389
f 3389 3394 3390
f 3398 3399 3395
f 3397 3398 3395
f 3396 3397 3395
f 3400 3404 3403
f 3400 3403 3402
f 3400 3402 3401
f 3400 3401 3395
f 3395 3401 3396
f 3401 3402 3396
f 3396 3402 3397
f 3402 3403 3397
f 3397 3403 3398
f 3404 3400 3399
f 3399 3400 3395
f 3403 3404 3398
f 3398 3404 3399
f 3408 3409 3405
f 3407 3408 3405
f 3406 3407 3405
f 3410 3414 3413
f 3410 3413 3412
f 3410 3412 3411
f 3410 3411 3405
f 3405 3411 3406
f 3411 3412 3406
f 3406 3412 3407
f 3412 3413 3407
f 3407 3413 3408
f 3414 3410 3409
f 3409 3410 3405
f 3413 3414 3408
f 3408 3414 3409
f 3417 3418 3415
f 3416 3417 3415
f 3419 3422 3421
f 3419 3421 3420
f 3419 3420 3415
f 3415 3420 3416
f 3420 3421 3416
f 3416 3421 3417
f 3422 3419 3418
f 3418 3419 3415
f 3421 3422 3417
f 3417 3422 3418
f 3426 3427 3423
f 3425 3426 3423
f 3424 3425 3423
f 3428 3432 3431
f 3428 3431 3430
f 3428 3430 3429
f 3428 3429 3423
f 3423 3429 3424
f 3429 3430 3424
f 3424 3430 3425
f 3430 3431 3425
f 3425 3431 3426
f 3432 3428 3427
f 3427 3428 3423
f 3431 3432 3426
f 3426 3432 3427
f 3437 3438 3433
f 3435 3436 3437
f 3433 3434 3435
f 3437 3433 3435
f 3439 3444 3443
f 3443 3442 3441
f 3441 3440 3439
f 3441 3439 3443
f 3439 3440 3433
f 3433 3440 3434
f 3440 3441 3434
f 3434 3441 3435
f 3441 3442 3435
f 3435 3442 3436
f 3442 3443 3436
f 3436 3443 3437
f 3444 3439 3438
f 3438 3439 3433
f 3443 3444 3437
f 3437 3444 3438
f 3456 3457 3458
f 3455 3456 3458
f 3454 3455 3458
f 3453 3454 3458
f 3452 3453 3458
f 3450 3451 3452
f 3449 3450 3452
f 3448 3449 3452
f 3447 3448 3452
f 3446 3447 3452
f 3445 3446 3452
f 3459 3445 3452
f 3458 3459 3452
f 3473 3472 3471
f 3473 3471 3470
f 3473 3470 3469
f 3473 3469 3468
f 3473 3468 3467
f 3467 3466 3465
f 3467 3465 3464
f 3467 3464 3463
f 3467 3463 3462
f 3467 3462 3461
f 3467 3461 3460
f 3467 3460 3474
f 3467 3474 3473
f 3460 3461 3445
f 3445 3461 3446
f 3461 3462 3446
f 3446 3462 3447
f 3462 3463 3447
f 3447 3463 3448
f 3463 3464 3448
f 3448 3464 3449
f 3464 3465 3449
f 3449 3465 3450
f 3465 3466 3450
f 3450 3466 3451
f 3466 3467 3451
f 3451 3467 3452
f 3467 3468 3452
f 3452 3468 3453
f 3468 3469 3453
f 3453 3469 3454
f 3469 3470 3454
f 3454 3470 3455
f 3470 3471 3455
f 3455 3471 3456
f 3471 3472 3456
f 3456 3472 3457
f 3472 3473 3457
f 3457 3473 3458
f 3474 3460 3459
f 3459 3460 3445
f 3473 3474 3458
f 3458 3474 3459
f 3482 3483 3484
f 3481 3482 3484
f 3480 3481 3484
f 3479 3480 3484
f 3477 3478 3479
f 3476 3477 3479
f 3475 3476 3479
f 3484 3475 3479
f 3494 3493 3492
f 3494 3492 3491
f 3494 3491 3490
f 3494 3490 3489
f 3489 3488 3487
f 3489 3487 3486
f 3489 3486 3485
f 3489 3485 3494
f 3485 3486 3475
f 3475 3486 3476
f 3486 3487 3476
f 3476 3487 3477
f 3487 3488 3477
f 3477 3488 3478
f 3488 3489 3478
f 3478 3489 3479
f 3489 3490 3479
f 3479 3490 3480
f 3490 3491 3480
f 3480 3491 3481
f 3491 3492 3481
f 3481 3492 3482
f 3492 3493 3482
f 3482 3493 3483
f 3494 3485 3484
f 3484 3485 3475
f 3493 3494 3483
f 3483 3494 3484
f 3500 3501 3495
f 3499 3500 3495
f 3498 3499 3495
f 3497 3498 3495
f 3496 3497 3495
f 3502 3508 3507
f 3502 3507 3506
f 3502 3506 3505
f 3502 3505 3504
f 3502 3504 3503
f 3502 3503 3495
f 3495 3503 3496
f 3503 3504 3496
f 3496 3504 3497
f 3504 3505 3497
f 3497 3505 3498
f 3505 3506 3498
f 3498 3506 3499
f 3506 3507 3499
f 3499 3507 3500
f 3508 3502 3501
f 3501 3502 3495
f 3507 3508 3500
f 3500 3508 3501
f 3511 3512 3509
f 3510 3511 3509
f 3513 3516 3515
f 3513 3515 3514
f 3513 3514 3509
f 3509 3514 3510
f 3514 3515 3510
f 3510 3515 3511
f 3516 3513 3512
f 3512 3513 3509
f 3515 3516 3511
f 3511 3516 3512
f 3519 3520 3517
f 3518 3519 3517
f 3521 3524 3523
f 3521 3523 3522
f 3521 3522 3517
f 3517 3522 3518
f 3522 3523 3518
f 3518 3523 3519
f 3524 3521 3520
f 3520 3521 3517
f 3523 3524 3519
f 3519 3524 3520
f 3528 3529 3525
f 3527 3528 3525
f 3526 3527 3525
f 3530 3534 3533
f 3530 3533 3532
f 3530 3532 3531
f 3530 3531 3525
f 3525 3531 3526
f 3531 3532 3526
f 3526 3532 3527
f 3532 3533 3527
f 3527 3533 3528
f 3534 3530 3529
f 3529 3530 3525
f 3533 3534 3528
f 3528 3534 3529
f 3537 3538 3535
f 3536 3537 3535
f 3539 3542 3541
f 3539 3541 3540
f 3539 3540 3535
f 3535 3540 3536
f 3540 3541 3536
f 3536 3541 3537
f 3542 3539 3538
f 3538 3539 3535
f 3541 3542 3537
f 3537 3542 3538
f 3556 3557 3543
f 3555 3556 3543
f 3554 3555 3543
f 3553 3554 3543
f 3552 3553 3543
f 3551 3552 3543
f 3549 3550 3551
f 3547 3548 3549
f 3546 3547 3549
f 3545 3546 3549
f 3543 3544 3545
f 3551 3543 3545
f 3549 3551 3545
f 3558 3572 3571
f 3558 3571 3570
f 3558 3570 3569
f 3558 3569 3568
f 3558 3568 3567
f 3558 3567 3566
f 3566 3565 3564
f 3564 3563 3562
f 3564 3562 3561
f 3564 3561 3560
f 3560 3559 3558
f 3560 3558 3566
f 3560 3566 3564
f 3558 3559 3543
f 3543 3559 3544
f 3559 3560 3544
f 3544 3560 3545
f 3560 3561 3545
f 3545 3561 3546
f 3561 3562 3546
f 3546 3562 3547
f 3562 3563 3547
f 3547 3563 3548
f 3563 3564 3548
f 3548 3564 3549
f 3564 3565 3549
f 3549 3565 3550
f 3565 3566 3550
f 3550 3566 3551
f 3566 3567 3551
f 3551 3567 3552
f 3567 3568 3552
f 3552 3568 3553
f 3568 3569 3553
f 3553 3569 3554
f 3569 3570 3554
f 3554 3570 3555
f 3570 3571 3555
f 3555 3571 3556
f 3572 3558 3557
f 3557 3558 3543
f 3571 3572 3556
f 3556 3572 3557
f 3581 3582 3573
f 3579 3580 3581
f 3577 3578 3579
f 3574 3575 3576
f 3573 3574 3576
f 3581 3573 3576
f 3577 3579 3581
f 3576 3577 3581
f 3583 3592 3591
f 3591 3590 3589
f 3589 3588 3587
f 3586 3585 3584
f 3586 3584 3583
f 3586 3583 3591
f 3591 3589 3587
f 3591 3587 3586
f 3583 3584 3573
f 3573 3584 3574
f 3584 3585 3574
f 3574 3585 3575
f 3585 3586 3575
f 3575 3586 3576
f 3586 3587 3576
f 3576 3587 3577
f 3587 3588 3577
f 3577 3588 3578
f 3588 3589 3578
f 3578 3589 3579
f 3589 3590 3579
f 3579 3590 3580
f 3590 3591 3580
f 3580 3591 3581
f 3592 3583 3582
f 3582 3583 3573
f 3591 3592 3581
f 3581 3592 3582
f 3605 3606 3607
f 3604 3605 3607
f 3603 3604 3607
f 3602 3603 3607
f 3600 3601 3602
f 3597 3598 3599
f 3595 3596 3597
f 3594 3595 3597
f 3607 3593 3594
f 3600 3602 3607
f 3599 3600 3607
f 3597 3599 3607
f 3594 3597 3607
f 3622 3621 3620
f 3622 3620 3619
f 3622 3619 3618
f 3622 3618 3617
f 3617 3616 3615
f 3614 3613 3612
f 3612 3611 3610
f 3612 3610 3609
f 3609 3608 3622
f 3622 3617 3615
f 3622 3615 3614
f 3622 3614 3612
f 3622 3612 3609
f 3608 3609 3593
f 3593 3609 3594
f 3609 3610 3594
f 3594 3610 3595
f 3610 3611 3595
f 3595 3611 3596
f 3611 3612 3596
f 3596 3612 3597
f 3612 3613 3597
f 3597 3613 3598
f 3613 3614 3598
f 3598 3614 3599
f 3614 3615 3599
f 3599 3615 3600
f 3615 3616 3600
f 3600 3616 3601
f 3616 3617 3601
f 3601 3617 3602
f 3617 3618 3602
f 3602 3618 3603
f 3618 3619 3603
f 3603 3619 3604
f 3619 3620 3604
f 3604 3620 3605
f 3620 3621 3605
f 3605 3621 3606
f 3622 3608 3607
f 3607 3608 3593
f 3621 3622 3606
f 3606 3622 3607
f 3627 3628 3629
f 3626 3627 3629
f 3625 3626 3629
f 3624 3625 3629
f 3623 3624 3629
f 3636 3635 3634
f 3636 3634 3633
f 3636 3633 3632
f 3636 3632 3631
f 3636 3631 3630
f 3630 3631 3623
f 3623 3631 3624
f 3631 3632 3624
f 3624 3632 3625
f 3632 3633 3625
f 3625 3633 3626
f 3633 3634 3626
f 3626 3634 3627
f 3634 3635 3627
f 3627 3635 3628
f 3636 3630 3629
f 3629 3630 3623
f 3635 3636 3628
f 3628 3636 3629
f 3641 3642 3637
f 3640 3641 3637
f 3639 3640 3637
f 3638 3639 3637
f 3643 3648 3647
f 3643 3647 3646
f 3643 3646 3645
f 3643 3645 3644
f 3643 3644 3637
f 3637 3644 3638
f 3644 3645 3638
f 3638 3645 3639
f 3645 3646 3639
f 3639 3646 3640
f 3646 3647 3640
f 3640 3647 3641
f 3648 3643 3642
f 3642 3643 3637
f 3647 3648 3641
f 3641 3648 3642
f 3655 3656 3649
f 3654 3655 3649
f 3653 3654 3649
f 3652 3653 3649
f 3650 3651 3652
f 3649 3650 3652
f 3657 3664 3663
f 3657 3663 3662
f 3657 3662 3661
f 3657 3661 3660
f 3660 3659 3658
f 3660 3658 3657
f 3657 3658 3649
f 3649 3658 3650
f 3658 3659 3650
f 3650 3659 3651
f 3659 3660 3651
f 3651 3660 3652
f 3660 3661 3652
f 3652 3661 3653
f 3661 3662 3653
f 3653 3662 3654
f 3662 3663 3654
f 3654 3663 3655
f 3664 3657 3656
f 3656 3657 3649
f 3663 3664 3655
f 3655 3664 3656
f 3675 3676 3677
f 3674 3675 3677
f 3673 3674 3677
f 3671 3672 3673
f 3670 3671 3673
f 3669 3670 3673
f 3668 3669 3673
f 3667 3668 3673
f 3665 3666 3667
f 3673 3677 3665
f 3667 3673 3665
f 3690 3689 3688
f 3690 3688 3687
f 3690 3687 3686
f 3686 3685 3684
f 3686 3684 3683
f 3686 3683 3682
f 3686 3682 3681
f 3686 3681 3680
f 3680 3679 3678
f 3678 3690 3686
f 3678 3686 3680
f 3678 3679 3665
f 3665 3679 3666
f 3679 3680 3666
f 3666 3680 3667
f 3680 3681 3667
f 3667 3681 3668
f 3681 3682 3668
f 3668 3682 3669
f 3682 3683 3669
f 3669 3683 3670
f 3683 3684 3670
f 3670 3684 3671
f 3684 3685 3671
f 3671 3685 3672
f 3685 3686 3672
f 3672 3686 3673
f 3686 3687 3673
f 3673 3687 3674
f 3687 3688 3674
f 3674 3688 3675
f 3688 3689 3675
f 3675 3689 3676
f 3690 3678 3677
f 3677 3678 3665
f 3689 3690 3676
f 3676 3690 3677
f 3698 3699 3691
f 3697 3698 3691
f 3696 3697 3691
f 3694 3695 3696
f 3692 3693 3694
f 3691 3692 3694
f 3696 3691 3694
f 3700 3708 3707
f 3700 3707 3706
f 3700 3706 3705
f 3705 3704 3703
f 3703 3702 3701
f 3703 3701 3700
f 3703 3700 3705
f 3700 3701 3691
f 3691 3701 3692
f 3701 3702 3692
f 3692 3702 3693
f 3702 3703 3693
f 3693 3703 3694
f 3703 3704 3694
f 3694 3704 3695
f 3704 3705 3695
f 3695 3705 3696
f 3705 3706 3696
f 3696 3706 3697
f 3706 3707 3697
f 3697 3707 3698
f 3708 3700 3699
f 3699 3700 3691
f 3707 3708 3698
f 3698 3708 3699
f 3714 3715 3716
f 3713 3714 3716
f 3711 3712 3713
f 3709 3710 3711
f 3716 3709 3711
f 3713 3716 3711
f 3724 3723 3722
f 3724 3722 3721
f 3721 3720 3719
f 3719 3718 3717
f 3719 3717 3724
f 3719 3724 3721
f 3717 3718 3709
f 3709 3718 3710
f 3718 3719 3710
f 3710 3719 3711
f 3719 3720 3711
f 3711 3720 3712
f 3720 3721 3712
f 3712 3721 3713
f 3721 3722 3713
f 3713 3722 3714
f 3722 3723 3714
f 3714 3723 3715
f 3724 3717 3716
f 3716 3717 3709
f 3723 3724 3715
f 3715 3724 3716
f 3729 3730 3725
f 3728 3729 3725
f 3727 3728 3725
f 3726 3727 3725
f 3731 3736 3735
f 3731 3735 3734
f 3731 3734 3733
f 3731 3733 3732
f 3731 3732 3725
f 3725 3732 3726
f 3732 3733 3726
f 3726 3733 3727
f 3733 3734 3727
f 3727 3734 3728
f 3734 3735 3728
f 3728 3735 3729
f 3736 3731 3730
f 3730 3731 3725
f 3735 3736 3729
f 3729 3736 3730
f 3744 3745 3737
f 3743 3744 3737
f 3742 3743 3737
f 3741 3742 3737
f 3740 3741 3737
f 3739 3740 3737
f 3738 3739 3737
f 3746 3754 3753
f 3746 3753 3752
f 3746 3752 3751
f 3746 3751 3750
f 3746 3750 3749
f 3746 3749 3748
f 3746 3748 3747
f 3746 3747 3737
f 3737 3747 3738
f 3747 3748 3738
f 3738 3748 3739
f 3748 3749 3739
f 3739 3749 3740
f 3749 3750 3740
f 3740 3750 3741
f 3750 3751 3741
f 3741 3751 3742
f 3751 3752 3742
f 3742 3752 3743
f 3752 3753 3743
f 3743 3753 3744
f 3754 3746 3745
f 3745 3746 3737
f 3753 3754 3744
f 3744 3754 3745
f 3763 3764 3755
f 3762 3763 3755
f 3761 3762 3755
f 3760 3761 3755
f 3758 3759 3760
f 3757 3758 3760
f 3756 3757 3760
f 3755 3756 3760
f 3765 3774 3773
f 3765 3773 3772
f 3765 3772 3771
f 3765 3771 3770
f 3770 3769 3768
f 3770 3768 3767
f 3770 3767 3766
f 3770 3766 3765
f 3765 3766 3755
f 3755 3766 3756
f 3766 3767 3756
f 3756 3767 3757
f 3767 3768 3757
f 3757 3768 3758
f 3768 3769 3758
f 3758 3769 3759
f 3769 3770 3759
f 3759 3770 3760
f 3770 3771 3760
f 3760 3771 3761
f 3771 3772 3761
f 3761 3772 3762
f 3772 3773 3762
f 3762 3773 3763
f 3774 3765 3764
f 3764 3765 3755
f 3773 3774 3763
f 3763 3774 3764
f 3782 3783 3775
f 3781 3782 3775
f 3780 3781 3775
f 3779 3780 3775
f 3778 3779 3775
f 3777 3778 3775
f 3776 3777 3775
f 3784 3792 3791
f 3784 3791 3790
f 3784 3790 3789
f 3784 3789 3788
f 3784 3788 3787
f 3784 3787 3786
f 3784 3786 3785
f 3784 3785 3775
f 3775 3785 3776
f 3785 3786 3776
f 3776 3786 3777
f 3786 3787 3777
f 3777 3787 3778
f 3787 3788 3778
f 3778 3788 3779
f 3788 3789 3779
f 3779 3789 3780
f 3789 3790 3780
f 3780 3790 3781
f 3790 3791 3781
f 3781 3791 3782
f 3792 3784 3783
f 3783 3784 3775
f 3791 3792 3782
f 3782 3792 3783
f 3807 3808 3809
f 3806 3807 3809
f 3805 3806 3809
f 3804 3805 3809
f 3803 3804 3809
f 3802 3803 3809
f 3801 3802 3809
f 3800 3801 3809
f 3798 3799 3800
f 3797 3798 3800
f 3796 3797 3800
f 3795 3796 3800
f 3794 3795 3800
f 3793 3794 3800
f 3809 3793 3800
f 3826 3825 3824
f 3826 3824 3823
f 3826 3823 3822
f 3826 3822 3821
f 3826 3821 3820
f 3826 3820 3819
f 3826 3819 3818
f 3826 3818 3817
f 3817 3816 3815
f 3817 3815 3814
f 3817 3814 3813
f 3817 3813 3812
f 3817 3812 3811
f 3817 3811 3810
f 3817 3810 3826
f 3810 3811 3793
f 3793 3811 3794
f 3811 3812 3794
f 3794 3812 3795
f 3812 3813 3795
f 3795 3813 3796
f 3813 3814 3796
f 3796 3814 3797
f 3814 3815 3797
f 3797 3815 3798
f 3815 3816 3798
f 3798 3816 3799
f 3816 3817 3799
f 3799 3817 3800
f 3817 3818 3800
f 3800 3818 3801
f 3818 3819 3801
f 3801 3819 3802
f 3819 3820 3802
f 3802 3820 3803
f 3820 3821 3803
f 3803 3821 3804
f 3821 3822 3804
f 3804 3822 3805
f 3822 3823 3805
f 3805 3823 3806
f 3823 3824 3806
f 3806 3824 3807
f 3824 3825 3807
f 3807 3825 3808
f 3826 3810 3809
f 3809 3810 3793
f 3825 3826 3808
f 3808 3826 3809
f 3831 3832 3827
f 3830 3831 3827
f 3829 3830 3827
f 3828 3829 3827
f 3833 3838 3837
f 3833 3837 3836
f 3833 3836 3835
f 3833 3835 3834
f 3833 3834 3827
f 3827 3834 3828
f 3834 3835 3828
f 3828 3835 3829
f 3835 3836 3829
f 3829 3836 3830
f 3836 3837 3830
f 3830 3837 3831
f 3838 3833 3832
f 3832 3833 3827
f 3837 3838 3831
f 3831 3838 3832
f 3844 3845 3839
f 3843 3844 3839
f 3842 3843 3839
f 3841 3842 3839
f 3840 3841 3839
f 3846 3852 3851
f 3846 3851 3850
f 3846 3850 3849
f 3846 3849 3848
f 3846 3848 3847
f 3846 3847 3839
f 3839 3847 3840
f 3847 3848 3840
f 3840 3848 3841
f 3848 3849 3841
f 3841 3849 3842
f 3849 3850 3842
f 3842 3850 3843
f 3850 3851 3843
f 3843 3851 3844
f 3852 3846 3845
f 3845 3846 3839
f 3851 3852 3844
f 3844 3852 3845
f 3855 3856 3857
f 3854 3855 3857
f 3853 3854 3857
f 3862 3861 3860
f 3862 3860 3859
f 3862 3859 3858
f 3858 3859 3853
f 3853 3859 3854
f 3859 3860 3854
f 3854 3860 3855
f 3860 3861 3855
f 3855 3861 3856
f 3862 3858 3857
f 3857 3858 3853
f 3861 3862 3856
f 3856 3862 3857
f 3866 3867 3863
f 3865 3866 3863
f 3864 3865 3863
f 3868 3872 3871
f 3868 3871 3870
f 3868 3870 3869
f 3868 3869 3863
f 3863 3869 3864
f 3869 3870 3864
f 3864 3870 3865
f 3870 3871 3865
f 3865 3871 3866
f 3872 3868 3867
f 3867 3868 3863
f 3871 3872 3866
f 3866 3872 3867
f 3881 3882 3873
f 3880 3881 3873
f 3879 3880 3873
f 3878 3879 3873
f 3877 3878 3873
f 3875 3876 3877
f 3873 3874 3875
f 3877 3873 3875
f 3883 3892 3891
f 3883 3891 3890
f 3883 3890 3889
f 3883 3889 3888
f 3883 3888 3887
f 3887 3886 3885
f 3885 3884 3883
f 3885 3883 3887
f 3883 3884 3873
f 3873 3884 3874
f 3884 3885 3874
f 3874 3885 3875
f 3885 3886 3875
f 3875 3886 3876
f 3886 3887 3876
f 3876 3887 3877
f 3887 3888 3877
f 3877 3888 3878
f 3888 3889 3878
f 3878 3889 3879
f 3889 3890 3879
f 3879 3890 3880
f 3890 3891 3880
f 3880 3891 3881
f 3892 3883 3882
f 3882 3883 3873
f 3891 3892 3881
f 3881 3892 3882
f 3895 3896 3893
f 3894 3895 3893
f 3897 3900 3899
f 3897 3899 3898
f 3897 3898 3893
f 3893 3898 3894
f 3898 3899 3894
f 3894 3899 3895
f 3900 3897 3896
f 3896 3897 3893
f 3899 3900 3895
f 3895 3900 3896
f 3921 3922 3901
f 3920 3921 3901
f 3919 3920 3901
f 3917 3918 3919
f 3916 3917 3919
f 3915 3916 3919
f 3913 3914 3915
f 3911 3912 3913
f 3910 3911 3913
f 3909 3910 3913
f 3908 3909 3913
f 3907 3908 3913
f 3906 3907 3913
f 3904 3905 3906
f 3919 3901 3902
f 3913 3915 3919
f 3904 3906 3913
f 3903 3904 3913
f 3919 3902 3903
f 3913 3919 3903
f 3923 3944 3943
f 3923 3943 3942
f 3923 3942 3941
f 3941 3940 3939
f 3941 3939 3938
f 3941 3938 3937
f 3937 3936 3935
f 3935 3934 3933
f 3935 3933 3932
f 3935 3932 3931
f 3935 3931 3930
f 3935 3930 3929
f 3935 3929 3928
f 3928 3927 3926
f 3924 3923 3941
f 3941 3937 3935
f 3935 3928 3926
f 3935 3926 3925
f 3925 3924 3941
f 3925 3941 3935
f 3923 3924 3901
f 3901 3924 3902
f 3924 3925 3902
f 3902 3925 3903
f 3925 3926 3903
f 3903 3926 3904
f 3926 3927 3904
f 3904 3927 3905
f 3927 3928 3905
f 3905 3928 3906
f 3928 3929 3906
f 3906 3929 3907
f 3929 3930 3907
f 3907 3930 3908
f 3930 3931 3908
f 3908 3931 3909
f 3931 3932 3909
f 3909 3932 3910
f 3932 3933 3910
f 3910 3933 3911
f 3933 3934 3911
f 3911 3934 3912
f 3934 3935 3912
f 3912 3935 3913
f 3935 3936 3913
f 3913 3936 3914
f 3936 3937 3914
f 3914 3937 3915
f 3937 3938 3915
f 3915 3938 3916
f 3938 3939 3916
f 3916 3939 3917
f 3939 3940 3917
f 3917 3940 3918
f 3940 3941 3918
f 3918 3941 3919
f 3941 3942 3919
f 3919 3942 3920
f 3942 3943 3920
f 3920 3943 3921
f 3944 3923 3922
f 3922 3923 3901
f 3943 3944 3921
f 3921 3944 3922
f 3947 3948 3945
f 3946 3947 3945
f 3949 3952 3951
f 3949 3951 3950
f 3949 3950 3945
f 3945 3950 3946
f 3950 3951 3946
f 3946 3951 3947
f 3952 3949 3948
f 3948 3949 3945
f 3951 3952 3947
f 3947 3952 3948
f 3955 3956 3953
f 3954 3955 3953
f 3957 3960 3959
f 3957 3959 3958
f 3957 3958 3953
f 3953 3958 3954
f 3958 3959 3954
f 3954 3959 3955
f 3960 3957 3956
f 3956 3957 3953
f 3959 3960 3955
f 3955 3960 3956
f 3965 3966 3961
f 3963 3964 3965
f 3962 3963 3965
f 3961 3962 3965
f 3967 3972 3971
f 3971 3970 3969
f 3971 3969 3968
f 3971 3968 3967
f 3967 3968 3961
f 3961 3968 3962
f 3968 3969 3962
f 3962 3969 3963
f 3969 3970 3963
f 3963 3970 3964
f 3970 3971 3964
f 3964 3971 3965
f 3972 3967 3966
f 3966 3967 3961
f 3971 3972 3965
f 3965 3972 3966
f 3982 3983 3973
f 3981 3982 3973
f 3980 3981 3973
f 3979 3980 3973
f 3977 3978 3979
f 3976 3977 3979
f 3975 3976 3979
f 3974 3975 3979
f 3973 3974 3979
f 3984 3994 3993
f 3984 3993 3992
f 3984 3992 3991
f 3984 3991 3990
f 3990 3989 3988
f 3990 3988 3987
f 3990 3987 3986
f 3990 3986 3985
f 3990 3985 3984
f 3984 3985 3973
f 3973 3985 3974
f 3985 3986 3974
f 3974 3986 3975
f 3986 3987 3975
f 3975 3987 3976
f 3987 3988 3976
f 3976 3988 3977
f 3988 3989 3977
f 3977 3989 3978
f 3989 3990 3978
f 3978 3990 3979
f 3990 3991 3979
f 3979 3991 3980
f 3991 3992 3980
f 3980 3992 3981
f 3992 3993 3981
f 3981 3993 3982
f 3994 3984 3983
f 3983 3984 3973
f 3993 3994 3982
f 3982 3994 3983
f 3999 4000 4001
f 3998 3999 4001
f 3997 3998 4001
f 3996 3997 4001
f 3995 3996 4001
f 4008 4007 4006
f 4008 4006 4005
f 4008 4005 4004
f 4008 4004 4003
f 4008 4003 4002
f 4002 4003 3995
f 3995 4003 3996
f 4003 4004 3996
f 3996 4004 3997
f 4004 4005 3997
f 3997 4005 3998
f 4005 4006 3998
f 3998 4006 3999
f 4006 4007 3999
f 3999 4007 4000
f 4008 4002 4001
f 4001 4002 3995
f 4007 4008 4000
f 4000 4008 4001
f 4011 4012 4009
f 4010 4011 4009
f 4013 4016 4015
f 4013 4015 4014
f 4013 4014 4009
f 4009 4014 4010
f 4014 4015 4010
f 4010 4015 4011
f 4016 4013 4012
f 4012 4013 4009
f 4015 4016 4011
f 4011 4016 4012
f 4019 4020 4017
f 4018 4019 4017
f 4021 4024 4023
f 4021 4023 4022
f 4021 4022 4017
f 4017 4022 4018
f 4022 4023 4018
f 4018 4023 4019
f 4024 4021 4020
f 4020 4021 4017
f 4023 4024 4019
f 4019 4024 4020
f 4029 4030 4025
f 4028 4029 4025
f 4027 4028 4025
f 4026 4027 4025
f 4031 4036 4035
f 4031 4035 4034
f 4031 4034 4033
f 4031 4033 4032
f 4031 4032 4025
f 4025 4032 4026
f 4032 4033 4026
f 4026 4033 4027
f 4033 4034 4027
f 4027 4034 4028
f 4034 4035 4028
f 4028 4035 4029
f 4036 4031 4030
f 4030 4031 4025
f 4035 4036 4029
f 4029 4036 4030
f 4045 4046 4047
f 4044 4045 4047
f 4043 4044 4047
f 4042 4043 4047
f 4041 4042 4047
f 4040 4041 4047
f 4038 4039 4040
f 4037 4038 4040
f 4047 4037 4040
f 4058 4057 4056
f 4058 4056 4055
f 4058 4055 4054
f 4058 4054 4053
f 4058 4053 4052
f 4058 4052 4051
f 4051 4050 4049
f 4051 4049 4048
f 4051 4048 4058
f 4048 4049 4037
f 4037 4049 4038
f 4049 4050 4038
f 4038 4050 4039
f 4050 4051 4039
f 4039 4051 4040
f 4051 4052 4040
f 4040 4052 4041
f 4052 4053 4041
f 4041 4053 4042
f 4053 4054 4042
f 4042 4054 4043
f 4054 4055 4043
f 4043 4055 4044
f 4055 4056 4044
f 4044 4056 4045
f 4056 4057 4045
f 4045 4057 4046
f 4058 4048 4047
f 4047 4048 4037
f 4057 4058 4046
f 4046 4058 4047
f 4062 4063 4059
f 4061 4062 4059
f 4060 4061 4059
f 4064 4068 4067
f 4064 4067 4066
f 4064 4066 4065
f 4064 4065 4059
f 4059 4065 4060
f 4065 4066 4060
f 4060 4066 4061
f 4066 4067 4061
f 4061 4067 4062
f 4068 4064 4063
f 4063 4064 4059
f 4067 4068 4062
f 4062 4068 4063
f 4072 4073 4069
f 4071 4072 4069
f 4070 4071 4069
f 4074 4078 4077
f 4074 4077 4076
f 4074 4076 4075
f 4074 4075 4069
f 4069 4075 4070
f 4075 4076 4070
f 4070 4076 4071
f 4076 4077 4071
f 4071 4077 4072
f 4078 4074 4073
f 4073 4074 4069
f 4077 4078 4072
f 4072 4078 4073
f 4083 4084 4079
f 4082 4083 4079
f 4081 4082 4079
f 4080 4081 4079
f 4085 4090 4089
f 4085 4089 4088
f 4085 4088 4087
f 4085 4087 4086
f 4085 4086 4079
f 4079 4086 4080
f 4086 4087 4080
f 4080 4087 4081
f 4087 4088 4081
f 4081 4088 4082
f 4088 4089 4082
f 4082 4089 4083
f 4090 4085 4084
f 4084 4085 4079
f 4089 4090 4083
f 4083 4090 4084
f 4095 4096 4091
f 4094 4095 4091
f 4093 4094 4091
f 4092 4093 4091
f 4097 4102 4101
f 4097 4101 4100
f 4097 4100 4099
f 4097 4099 4098
f 4097 4098 4091
f 4091 4098 4092
f 4098 4099 4092
f 4092 4099 4093
f 4099 4100 4093
f 4093 4100 4094
f 4100 4101 4094
f 4094 4101 4095
f 4102 4097 4096
f 4096 4097 4091
f 4101 4102 4095
f 4095 4102 4096
f 4106 4107 4103
f 4105 4106 4103
f 4104 4105 4103
f 4108 4112 4111
f 4108 4111 4110
f 4108 4110 4109
f 4108 4109 4103
f 4103 4109 4104
f 4109 4110 4104
f 4104 4110 4105
f 4110 4111 4105
f 4105 4111 4106
f 4112 4108 4107
f 4107 4108 4103
f 4111 4112 4106
f 4106 4112 4107
f 4117 4118 4113
f 4116 4117 4113
f 4115 4116 4113
f 4114 4115 4113
f 4119 4124 4123
f 4119 4123 4122
f 4119 4122 4121
f 4119 4121 4120
f 4119 4120 4113
f 4113 4120 4114
f 4120 4121 4114
f 4114 4121 4115
f 4121 4122 4115
f 4115 4122 4116
f 4122 4123 4116
f 4116 4123 4117
f 4124 4119 4118
f 4118 4119 4113
f 4123 4124 4117
f 4117 4124 4118
f 4128 4129 4125
f 4127 4128 4125
f 4126 4127 4125
f 4130 4134 4133
f 4130 4133 4132
f 4130 4132 4131
f 4130 4131 4125
f 4125 4131 4126
f 4131 4132 4126
f 4126 4132 4127
f 4132 4133 4127
f 4127 4133 4128
f 4134 4130 4129
f 4129 4130 4125
f 4133 4134 4128
f 4128 4134 4129
f 4142 4143 4135
f 4140 4141 4142
f 4139 4140 4142
f 4138 4139 4142
f 4136 4137 4138
f 4142 4135 4136
f 4138 4142 4136
f 4144 4152 4151
f 4151 4150 4149
f 4151 4149 4148
f 4151 4148 4147
f 4147 4146 4145
f 4145 4144 4151
f 4145 4151 4147
f 4144 4145 4135
f 4135 4145 4136
f 4145 4146 4136
f 4136 4146 4137
f 4146 4147 4137
f 4137 4147 4138
f 4147 4148 4138
f 4138 4148 4139
f 4148 4149 4139
f 4139 4149 4140
f 4149 4150 4140
f 4140 4150 4141
f 4150 4151 4141
f 4141 4151 4142
f 4152 4144 4143
f 4143 4144 4135
f 4151 4152 4142
f 4142 4152 4143
f 4158 4159 4153
f 4157 4158 4153
f 4156 4157 4153
f 4155 4156 4153
f 4154 4155 4153
f 4160 4166 4165
f 4160 4165 4164
f 4160 4164 4163
f 4160 4163 4162
f 4160 4162 4161
f 4160 4161 4153
f 4153 4161 4154
f 4161 4162 4154
f 4154 4162 4155
f 4162 4163 4155
f 4155 4163 4156
f 4163 4164 4156
f 4156 4164 4157
f 4164 4165 4157
f 4157 4165 4158
f 4166 4160 4159
f 4159 4160 4153
f 4165 4166 4158
f 4158 4166 4159
f 4169 4170 4167
f 4168 4169 4167
f 4171 4174 4173
f 4171 4173 4172
f 4171 4172 4167
f 4167 4172 4168
f 4172 4173 4168
f 4168 4173 4169
f 4174 4171 4170
f 4170 4171 4167
f 4173 4174 4169
f 4169 4174 4170
f 4177 4178 4175
f 4176 4177 4175
f 4179 4182 4181
f 4179 4181 4180
f 4179 4180 4175
f 4175 4180 4176
f 4180 4181 4176
f 4176 4181 4177
f 4182 4179 4178
f 4178 4179 4175
f 4181 4182 4177
f 4177 4182 4178
f 4188 4189 4183
f 4187 4188 4183
f 4185 4186 4187
f 4183 4184 4185
f 4187 4183 4185
f 4190 4196 4195
f 4190 4195 4194
f 4194 4193 4192
f 4192 4191 4190
f 4192 4190 4194
f 4190 4191 4183
f 4183 4191 4184
f 4191 4192 4184
f 4184 4192 4185
f 4192 4193 4185
f 4185 4193 4186
f 4193 4194 4186
f 4186 4194 4187
f 4194 4195 4187
f 4187 4195 4188
f 4196 4190 4189
f 4189 4190 4183
f 4195 4196 4188
f 4188 4196 4189
f 4212 4213 4197
f 4211 4212 4197
f 4210 4211 4197
f 4208 4209 4210
f 4207 4208 4210
f 4206 4207 4210
f 4205 4206 4210
f 4204 4205 4210
f 4202 4203 4204
f 4201 4202 4204
f 4199 4200 4201
f 4198 4199 4201
f 4197 4198 4201
f 4210 4197 4201
f 4204 4210 4201
f 4214 4230 4229
f 4214 4229 4228
f 4214 4228 4227
f 4227 4226 4225
f 4227 4225 4224
f 4227 4224 4223
f 4227 4223 4222
f 4227 4222 4221
f 4221 4220 4219
f 4221 4219 4218
f 4218 4217 4216
f 4218 4216 4215
f 4218 4215 4214
f 4218 4214 4227
f 4218 4227 4221
f 4214 4215 4197
f 4197 4215 4198
f 4215 4216 4198
f 4198 4216 4199
f 4216 4217 4199
f 4199 4217 4200
f 4217 4218 4200
f 4200 4218 4201
f 4218 4219 4201
f 4201 4219 4202
f 4219 4220 4202
f 4202 4220 4203
f 4220 4221 4203
f 4203 4221 4204
f 4221 4222 4204
f 4204 4222 4205
f 4222 4223 4205
f 4205 4223 4206
f 4223 4224 4206
f 4206 4224 4207
f 4224 4225 4207
f 4207 4225 4208
f 4225 4226 4208
f 4208 4226 4209
f 4226 4227 4209
f 4209 4227 4210
f 4227 4228 4210
f 4210 4228 4211
f 4228 4229 4211
f 4211 4229 4212
f 4230 4214 4213
f 4213 4214 4197
f 4229 4230 4212
f 4212 4230 4213
f 4251 4252 4253
f 4250 4251 4253
f 4249 4250 4253
f 4248 4249 4253
f 4247 4248 4253
f 4245 4246 4247
f 4243 4244 4245
f 4242 4243 4245
f 4241 4242 4245
f 4240 4241 4245
f 4239 4240 4245
f 4238 4239 4245
f 4237 4238 4245
f 4236 4237 4245
f 4235 4236 4245
f 4234 4235 4245
f 4232 4233 4234
f 4231 4232 4234
f 4253 4231 4234
f 4247 4253 4234
f 4245 4247 4234
f 4276 4275 4274
f 4276 4274 4273
f 4276 4273 4272
f 4276 4272 4271
f 4276 4271 4270
f 4270 4269 4268
f 4268 4267 4266
f 4268 4266 4265
f 4268 4265 4264
f 4268 4264 4263
f 4268 4263 4262
f 4268 4262 4261
f 4268 4261 4260
f 4268 4260 4259
f 4268 4259 4258
f 4268 4258 4257
f 4257 4256 4255
f 4257 4255 4254
f 4257 4254 4276
f 4257 4276 4270
f 4257 4270 4268
f 4254 4255 4231
f 4231 4255 4232
f 4255 4256 4232
f 4232 4256 4233
f 4256 4257 4233
f 4233 4257 4234
f 4257 4258 4234
f 4234 4258 4235
f 4258 4259 4235
f 4235 4259 4236
f 4259 4260 4236
f 4236 4260 4237
f 4260 4261 4237
f 4237 4261 4238
f 4261 4262 4238
f 4238 4262 4239
f 4262 4263 4239
f 4239 4263 4240
f 4263 4264 4240
f 4240 4264 4241
f 4264 4265 4241
f 4241 4265 4242
f 4265 4266 4242
f 4242 4266 4243
f 4266 4267 4243
f 4243 4267 4244
f 4267 4268 4244
f 4244 4268 4245
f 4268 4269 4245
f 4245 4269 4246
f 4269 4270 4246
f 4246 4270 4247
f 4270 4271 4247
f 4247 4271 4248
f 4271 4272 4248
f 4248 4272 4249
f 4272 4273 4249
f 4249 4273 4250
f 4273 4274 4250
f 4250 4274 4251
f 4274 4275 4251
f 4251 4275 4252
f 4276 4254 4253
f 4253 4254 4231
f 4275 4276 4252
f 4252 4276 4253
f 4288 4289 4277
f 4286 4287 4288
f 4285 4286 4288
f 4284 4285 4288
f 4283 4284 4288
f 4282 4283 4288
f 4281 4282 4288
f 4280 4281 4288
f 4278 4279 4280
f 4277 4278 4280
f 4288 4277 4280
f 4290 4302 4301
f 4301 4300 4299
f 4301 4299 4298
f 4301 4298 4297
f 4301 4297 4296
f 4301 4296 4295
f 4301 4295 4294
f 4301 4294 4293
f 4293 4292 4291
f 4293 4291 4290
f 4293 4290 4301
f 4290 4291 4277
f 4277 4291 4278
f 4291 4292 4278
f 4278 4292 4279
f 4292 4293 4279
f 4279 4293 4280
f 4293 4294 4280
f 4280 4294 4281
f 4294 4295 4281
f 4281 4295 4282
f 4295 4296 4282
f 4282 4296 4283
f 4296 4297 4283
f 4283 4297 4284
f 4297 4298 4284
f 4284 4298 4285
f 4298 4299 4285
f 4285 4299 4286
f 4299 4300 4286
f 4286 4300 4287
f 4300 4301 4287
f 4287 4301 4288
f 4302 4290 4289
f 4289 4290 4277
f 4301 4302 4288
f 4288 4302 4289
f 4305 4306 4303
f 4304 4305 4303
f 4307 4310 4309
f 4307 4309 4308
f 4307 4308 4303
f 4303 4308 4304
f 4308 4309 4304
f 4304 4309 4305
f 4310 4307 4306
f 4306 4307 4303
f 4309 4310 4305
f 4305 4310 4306
f 4313 4314 4311
f 4312 4313 4311
f 4315 4318 4317
f 4315 4317 4316
f 4315 4316 4311
f 4311 4316 4312
f 4316 4317 4312
f 4312 4317 4313
f 4318 4315 4314
f 4314 4315 4311
f 4317 4318 4313
f 4313 4318 4314
f 4322 4323 4319
f 4321 4322 4319
f 4320 4321 4319
f 4324 4328 4327
f 4324 4327 4326
f 4324 4326 4325
f 4324 4325 4319
f 4319 4325 4320
f 4325 4326 4320
f 4320 4326 4321
f 4326 4327 4321
f 4321 4327 4322
f 4328 4324 4323
f 4323 4324 4319
f 4327 4328 4322
f 4322 4328 4323
f 4331 4332 4329
f 4330 4331 4329
f 4333 4336 4335
f 4333 4335 4334
f 4333 4334 4329
f 4329 4334 4330
f 4334 4335 4330
f 4330 4335 4331
f 4336 4333 4332
f 4332 4333 4329
f 4335 4336 4331
f 4331 4336 4332
f 4348 4349 4350
f 4347 4348 4350
f 4346 4347 4350
f 4345 4346 4350
f 4344 4345 4350
f 4343 4344 4350
f 4341 4342 4343
f 4340 4341 4343
f 4339 4340 4343
f 4338 4339 4343
f 4337 4338 4343
f 4350 4337 4343
f 4364 4363 4362
f 4364 4362 4361
f 4364 4361 4360
f 4364 4360 4359
f 4364 4359 4358
f 4364 4358 4357
f 4357 4356 4355
f 4357 4355 4354
f 4357 4354 4353
f 4357 4353 4352
f 4357 4352 4351
f 4357 4351 4364
f 4351 4352 4337
f 4337 4352 4338
f 4352 4353 4338
f 4338 4353 4339
f 4353 4354 4339
f 4339 4354 4340
f 4354 4355 4340
f 4340 4355 4341
f 4355 4356 4341
f 4341 4356 4342
f 4356 4357 4342
f 4342 4357 4343
f 4357 4358 4343
f 4343 4358 4344
f 4358 4359 4344
f 4344 4359 4345
f 4359 4360 4345
f 4345 4360 4346
f 4360 4361 4346
f 4346 4361 4347
f 4361 4362 4347
f 4347 4362 4348
f 4362 4363 4348
f 4348 4363 4349
f 4364 4351 4350
f 4350 4351 4337
f 4363 4364 4349
f 4349 4364 4350
f 4368 4369 4370
f 4367 4368 4370
f 4366 4367 4370
f 4365 4366 4370
f 4376 4375 4374
f 4376 4374 4373
f 4376 4373 4372
f 4376 4372 4371
f 4371 4372 4365
f 4365 4372 4366
f 4372 4373 4366
f 4366 4373 4367
f 4373 4374 4367
f 4367 4374 4368
f 4374 4375 4368
f 4368 4375 4369
f 4376 4371 4370
f 4370 4371 4365
f 4375 4376 4369
f 4369 4376 4370
f 4379 4380 4377
f 4378 4379 4377
f 4381 4384 4383
f 4381 4383 4382
f 4381 4382 4377
f 4377 4382 4378
f 4382 4383 4378
f 4378 4383 4379
f 4384 4381 4380
f 4380 4381 4377
f 4383 4384 4379
f 4379 4384 4380
f 4400 4401 4402
f 4399 4400 4402
f 4398 4399 4402
f 4397 4398 4402
f 4396 4397 4402
f 4395 4396 4402
f 4394 4395 4402
f 4392 4393 4394
f 4391 4392 4394
f 4390 4391 4394
f 4389 4390 4394
f 4388 4389 4394
f 4387 4388 4394
f 4386 4387 4394
f 4385 4386 4394
f 4403 4385 4394
f 4402 4403 4394
f 4421 4420 4419
f 4421 4419 4418
f 4421 4418 4417
f 4421 4417 4416
f 4421 4416 4415
f 4421 4415 4414
f 4421 4414 4413
f 4413 4412 4411
f 4413 4411 4410
f 4413 4410 4409
f 4413 4409 4408
f 4413 4408 4407
f 4413 4407 4406
f 4413 4406 4405
f 4413 4405 4404
f 4413 4404 4422
f 4413 4422 4421
f 4404 4405 4385
f 4385 4405 4386
f 4405 4406 4386
f 4386 4406 4387
f 4406 4407 4387
f 4387 4407 4388
f 4407 4408 4388
f 4388 4408 4389
f 4408 4409 4389
f 4389 4409 4390
f 4409 4410 4390
f 4390 4410 4391
f 4410 4411 4391
f 4391 4411 4392
f 4411 4412 4392
f 4392 4412 4393
f 4412 4413 4393
f 4393 4413 4394
f 4413 4414 4394
f 4394 4414 4395
f 4414 4415 4395
f 4395 4415 4396
f 4415 4416 4396
f 4396 4416 4397
f 4416 4417 4397
f 4397 4417 4398
f 4417 4418 4398
f 4398 4418 4399
f 4418 4419 4399
f 4399 4419 4400
f 4419 4420 4400
f 4400 4420 4401
f 4420 4421 4401
f 4401 4421 4402
f 4422 4404 4403
f 4403 4404 4385
f 4421 4422 4402
f 4402 4422 4403
f 4436 4437 4438
f 4435 4436 4438
f 4434 4435 4438
f 4433 4434 4438
f 4432 4433 4438
f 4431 4432 4438
f 4430 4431 4438
f 4429 4430 4438
f 4428 4429 4438
f 4427 4428 4438
f 4426 4427 4438
f 4425 4426 4438
f 4424 4425 4438
f 4423 4424 4438
f 4454 4453 4452
f 4454 4452 4451
f 4454 4451 4450
f 4454 4450 4449
f 4454 4449 4448
f 4454 4448 4447
f 4454 4447 4446
f 4454 4446 4445
f 4454 4445 4444
f 4454 4444 4443
f 4454 4443 4442
f 4454 4442 4441
f 4454 4441 4440
f 4454 4440 4439
f 4439 4440 4423
f 4423 4440 4424
f 4440 4441 4424
f 4424 4441 4425
f 4441 4442 4425
f 4425 4442 4426
f 4442 4443 4426
f 4426 4443 4427
f 4443 4444 4427
f 4427 4444 4428
f 4444 4445 4428
f 4428 4445 4429
f 4445 4446 4429
f 4429 4446 4430
f 4446 4447 4430
f 4430 4447 4431
f 4447 4448 4431
f 4431 4448 4432
f 4448 4449 4432
f 4432 4449 4433
f 4449 4450 4433
f 4433 4450 4434
f 4450 4451 4434
f 4434 4451 4435
f 4451 4452 4435
f 4435 4452 4436
f 4452 4453 4436
f 4436 4453 4437
f 4454 4439 4438
f 4438 4439 4423
f 4453 4454 4437
f 4437 4454 4438
f 4464 4465 4466
f 4463 4464 4466
f 4462 4463 4466
f 4461 4462 4466
f 4460 4461 4466
f 4459 4460 4466
f 4457 4458 4459
f 4455 4456 4457
f 4467 4455 4457
f 4466 4467 4457
f 4459 4466 4457
f 4479 4478 4477
f 4479 4477 4476
f 4479 4476 4475
f 4479 4475 4474
f 4479 4474 4473
f 4479 4473 4472
f 4472 4471 4470
f 4470 4469 4468
f 4470 4468 4480
f 4470 4480 4479
f 4470 4479 4472
f 4468 4469 4455
f 4455 4469 4456
f 4469 4470 4456
f 4456 4470 4457
f 4470 4471 4457
f 4457 4471 4458
f 4471 4472 4458
f 4458 4472 4459
f 4472 4473 4459
f 4459 4473 4460
f 4473 4474 4460
f 4460 4474 4461
f 4474 4475 4461
f 4461 4475 4462
f 4475 4476 4462
f 4462 4476 4463
f 4476 4477 4463
f 4463 4477 4464
f 4477 4478 4464
f 4464 4478 4465
f 4478 4479 4465
f 4465 4479 4466
f 4480 4468 4467
f 4467 4468 4455
f 4479 4480 4466
f 4466 4480 4467
f 4486 4487 4481
f 4485 4486 4481
f 4484 4485 4481
f 4483 4484 4481
f 4482 4483 4481
f 4488 4494 4493
f 4488 4493 4492
f 4488 4492 4491
f 4488 4491 4490
f 4488 4490 4489
f 4488 4489 4481
f 4481 4489 4482
f 4489 4490 4482
f 4482 4490 4483
f 4490 4491 4483
f 4483 4491 4484
f 4491 4492 4484
f 4484 4492 4485
f 4492 4493 4485
f 4485 4493 4486
f 4494 4488 4487
f 4487 4488 4481
f 4493 4494 4486
f 4486 4494 4487
f 4500 4501 4495
f 4499 4500 4495
f 4498 4499 4495
f 4497 4498 4495
f 4496 4497 4495
f 4502 4508 4507
f 4502 4507 4506
f 4502 4506 4505
f 4502 4505 4504
f 4502 4504 4503
f 4502 4503 4495
f 4495 4503 4496
f 4503 4504 4496
f 4496 4504 4497
f 4504 4505 4497
f 4497 4505 4498
f 4505 4506 4498
f 4498 4506 4499
f 4506 4507 4499
f 4499 4507 4500
f 4508 4502 4501
f 4501 4502 4495
f 4507 4508 4500
f 4500 4508 4501
f 4512 4513 4509
f 4511 4512 4509
f 4510 4511 4509
f 4514 4518 4517
f 4514 4517 4516
f 4514 4516 4515
f 4514 4515 4509
f 4509 4515 4510
f 4515 4516 4510
f 4510 4516 4511
f 4516 4517 4511
f 4511 4517 4512
f 4518 4514 4513
f 4513 4514 4509
f 4517 4518 4512
f 4512 4518 4513
f 4525 4526 4519
f 4524 4525 4519
f 4523 4524 4519
f 4522 4523 4519
f 4521 4522 4519
f 4520 4521 4519
f 4527 4534 4533
f 4527 4533 4532
f 4527 4532 4531
f 4527 4531 4530
f 4527 4530 4529
f 4527 4529 4528
f 4527 4528 4519
f 4519 4528 4520
f 4528 4529 4520
f 4520 4529 4521
f 4529 4530 4521
f 4521 4530 4522
f 4530 4531 4522
f 4522 4531 4523
f 4531 4532 4523
f 4523 4532 4524
f 4532 4533 4524
f 4524 4533 4525
f 4534 4527 4526
f 4526 4527 4519
f 4533 4534 4525
f 4525 4534 4526
f 4552 4553 4554
f 4551 4552 4554
f 4550 4551 4554
f 4549 4550 4554
f 4548 4549 4554
f 4547 4548 4554
f 4546 4547 4554
f 4545 4546 4554
f 4544 4545 4554
f 4540 4541 4542
f 4539 4540 4542
f 4538 4539 4542
f 4537 4538 4542
f 4554 4535 4536
f 4544 4554 4536
f 4543 4544 4536
f 4537 4542 4543
f 4536 4537 4543
f 4574 4573 4572
f 4574 4572 4571
f 4574 4571 4570
f 4574 4570 4569
f 4574 4569 4568
f 4574 4568 4567
f 4574 4567 4566
f 4574 4566 4565
f 4574 4565 4564
f 4562 4561 4560
f 4562 4560 4559
f 4562 4559 4558
f 4562 4558 4557
f 4556 4555 4574
f 4556 4574 4564
f 4556 4564 4563
f 4563 4562 4557
f 4563 4557 4556
f 4555 4556 4535
f 4535 4556 4536
f 4556 4557 4536
f 4536 4557 4537
f 4557 4558 4537
f 4537 4558 4538
f 4558 4559 4538
f 4538 4559 4539
f 4559 4560 4539
f 4539 4560 4540
f 4560 4561 4540
f 4540 4561 4541
f 4561 4562 4541
f 4541 4562 4542
f 4562 4563 4542
f 4542 4563 4543
f 4563 4564 4543
f 4543 4564 4544
f 4564 4565 4544
f 4544 4565 4545
f 4565 4566 4545
f 4545 4566 4546
f 4566 4567 4546
f 4546 4567 4547
f 4567 4568 4547
f 4547 4568 4548
f 4568 4569 4548
f 4548 4569 4549
f 4569 4570 4549
f 4549 4570 4550
f 4570 4571 4550
f 4550 4571 4551
f 4571 4572 4551
f 4551 4572 4552
f 4572 4573 4552
f 4552 4573 4553
f 4574 4555 4554
f 4554 4555 4535
f 4573 4574 4553
f 4553 4574 4554
f 4583 4584 4575
f 4582 4583 4575
f 4581 4582 4575
f 4580 4581 4575
f 4579 4580 4575
f 4577 4578 4579
f 4576 4577 4579
f 4575 4576 4579
f 4585 4594 4593
f 4585 4593 4592
f 4585 4592 4591
f 4585 4591 4590
f 4585 4590 4589
f 4589 4588 4587
f 4589 4587 4586
f 4589 4586 4585
f 4585 4586 4575
f 4575 4586 4576
f 4586 4587 4576
f 4576 4587 4577
f 4587 4588 4577
f 4577 4588 4578
f 4588 4589 4578
f 4578 4589 4579
f 4589 4590 4579
f 4579 4590 4580
f 4590 4591 4580
f 4580 4591 4581
f 4591 4592 4581
f 4581 4592 4582
f 4592 4593 4582
f 4582 4593 4583
f 4594 4585 4584
f 4584 4585 4575
f 4593 4594 4583
f 4583 4594 4584
f 4612 4613 4595
f 4611 4612 4595
f 4610 4611 4595
f 4609 4610 4595
f 4608 4609 4595
f 4607 4608 4595
f 4604 4605 4606
f 4603 4604 4606
f 4602 4603 4606
f 4601 4602 4606
f 4600 4601 4606
f 4599 4600 4606
f 4598 4599 4606
f 4597 4598 4606
f 4596 4597 4606
f 4607 4595 4596
f 4606 4607 4596
f 4614 4632 4631
f 4614 4631 4630
f 4614 4630 4629
f 4614 4629 4628
f 4614 4628 4627
f 4614 4627 4626
f 4625 4624 4623
f 4625 4623 4622
f 4625 4622 4621
f 4625 4621 4620
f 4625 4620 4619
f 4625 4619 4618
f 4625 4618 4617
f 4625 4617 4616
f 4625 4616 4615
f 4615 4614 4626
f 4615 4626 4625
f 4614 4615 4595
f 4595 4615 4596
f 4615 4616 4596
f 4596 4616 4597
f 4616 4617 4597
f 4597 4617 4598
f 4617 4618 4598
f 4598 4618 4599
f 4618 4619 4599
f 4599 4619 4600
f 4619 4620 4600
f 4600 4620 4601
f 4620 4621 4601
f 4601 4621 4602
f 4621 4622 4602
f 4602 4622 4603
f 4622 4623 4603
f 4603 4623 4604
f 4623 4624 4604
f 4604 4624 4605
f 4624 4625 4605
f 4605 4625 4606
f 4625 4626 4606
f 4606 4626 4607
f 4626 4627 4607
f 4607 4627 4608
f 4627 4628 4608
f 4608 4628 4609
f 4628 4629 4609
f 4609 4629 4610
f 4629 4630 4610
f 4610 4630 4611
f 4630 4631 4611
f 4611 4631 4612
f 4632 4614 4613
f 4613 4614 4595
f 4631 4632 4612
f 4612 4632 4613
f 4645 4646 4647
f 4644 4645 4647
f 4643 4644 4647
f 4642 4643 4647
f 4641 4642 4647
f 4640 4641 4647
f 4639 4640 4647
f 4638 4639 4647
f 4637 4638 4647
f 4636 4637 4647
f 4635 4636 4647
f 4633 4634 4635
f 4647 4633 4635
f 4662 4661 4660
f 4662 4660 4659
f 4662 4659 4658
f 4662 4658 4657
f 4662 4657 4656
f 4662 4656 4655
f 4662 4655 4654
f 4662 4654 4653
f 4662 4653 4652
f 4662 4652 4651
f 4662 4651 4650
f 4650 4649 4648
f 4650 4648 4662
f 4648 4649 4633
f 4633 4649 4634
f 4649 4650 4634
f 4634 4650 4635
f 4650 4651 4635
f 4635 4651 4636
f 4651 4652 4636
f 4636 4652 4637
f 4652 4653 4637
f 4637 4653 4638
f 4653 4654 4638
f 4638 4654 4639
f 4654 4655 4639
f 4639 4655 4640
f 4655 4656 4640
f 4640 4656 4641
f 4656 4657 4641
f 4641 4657 4642
f 4657 4658 4642
f 4642 4658 4643
f 4658 4659 4643
f 4643 4659 4644
f 4659 4660 4644
f 4644 4660 4645
f 4660 4661 4645
f 4645 4661 4646
f 4662 4648 4647
f 4647 4648 4633
f 4661 4662 4646
f 4646 4662 4647
f 4672 4673 4663
f 4670 4671 4672
f 4667 4668 4669
f 4666 4667 4669
f 4665 4666 4669
f 4664 4665 4669
f 4663 4664 4669
f 4670 4672 4663
f 4669 4670 4663
f 4674 4684 4683
f 4683 4682 4681
f 4680 4679 4678
f 4680 4678 4677
f 4680 4677 4676
f 4680 4676 4675
f 4680 4675 4674
f 4674 4683 4681
f 4674 4681 4680
f 4674 4675 4663
f 4663 4675 4664
f 4675 4676 4664
f 4664 4676 4665
f 4676 4677 4665
f 4665 4677 4666
f 4677 4678 4666
f 4666 4678 4667
f 4678 4679 4667
f 4667 4679 4668
f 4679 4680 4668
f 4668 4680 4669
f 4680 4681 4669
f 4669 4681 4670
f 4681 4682 4670
f 4670 4682 4671
f 4682 4683 4671
f 4671 4683 4672
f 4684 4674 4673
f 4673 4674 4663
f 4683 4684 4672
f 4672 4684 4673
f 4689 4690 4685
f 4688 4689 4685
f 4687 4688 4685
f 4686 4687 4685
f 4691 4696 4695
f 4691 4695 4694
f 4691 4694 4693
f 4691 4693 4692
f 4691 4692 4685
f 4685 4692 4686
f 4692 4693 4686
f 4686 4693 4687
f 4693 4694 4687
f 4687 4694 4688
f 4694 4695 4688
f 4688 4695 4689
f 4696 4691 4690
f 4690 4691 4685
f 4695 4696 4689
f 4689 4696 4690
f 4700 4701 4697
f 4699 4700 4697
f 4698 4699 4697
f 4702 4706 4705
f 4702 4705 4704
f 4702 4704 4703
f 4702 4703 4697
f 4697 4703 4698
f 4703 4704 4698
f 4698 4704 4699
f 4704 4705 4699
f 4699 4705 4700
f 4706 4702 4701
f 4701 4702 4697
f 4705 4706 4700
f 4700 4706 4701
f 4709 4710 4707
f 4708 4709 4707
f 4711 4714 4713
f 4711 4713 4712
f 4711 4712 4707
f 4707 4712 4708
f 4712 4713 4708
f 4708 4713 4709
f 4714 4711 4710
f 4710 4711 4707
f 4713 4714 4709
f 4709 4714 4710
f 4719 4720 4715
f 4717 4718 4719
f 4715 4716 4717
f 4719 4715 4717
f 4721 4726 4725
f 4725 4724 4723
f 4723 4722 4721
f 4723 4721 4725
f 4721 4722 4715
f 4715 4722 4716
f 4722 4723 4716
f 4716 4723 4717
f 4723 4724 4717
f 4717 4724 4718
f 4724 4725 4718
f 4718 4725 4719
f 4726 4721 4720
f 4720 4721 4715
f 4725 4726 4719
f 4719 4726 4720
f 4734 4731 4730
f 4730 4731 4732
f 4729 4730 4732
f 4728 4729 4732
f 4734 4730 4727
f 4733 4734 4727
f 4728 4732 4733
f 4727 4728 4733
f 4738 4739 4742
f 4740 4739 4738
f 4740 4738 4737
f 4740 4737 4736
f 4735 4738 4742
f 4735 4742 4741
f 4741 4740 4736
f 4741 4736 4735
f 4735 4736 4727
f 4727 4736 4728
f 4736 4737 4728
f 4728 4737 4729
f 4738 4735 4730
f 4730 4735 4727
f 4737 4738 4729
f 4729 4738 4730
f 4739 4740 4731
f 4731 4740 4732
f 4740 4741 4732
f 4732 4741 4733
f 4742 4739 4734
f 4734 4739 4731
f 4741 4742 4733
f 4733 4742 4734
f 4746 4747 4743
f 4745 4746 4743
f 4744 4745 4743
f 4748 4752 4751
f 4748 4751 4750
f 4748 4750 4749
f 4748 4749 4743
f 4743 4749 4744
f 4749 4750 4744
f 4744 4750 4745
f 4750 4751 4745
f 4745 4751 4746
f 4752 4748 4747
f 4747 4748 4743
f 4751 4752 4746
f 4746 4752 4747
f 4757 4758 4753
f 4755 4756 4757
f 4754 4755 4757
f 4753 4754 4757
f 4759 4764 4763
f 4763 4762 4761
f 4763 4761 4760
f 4763 4760 4759
f 4759 4760 4753
f 4753 4760 4754
f 4760 4761 4754
f 4754 4761 4755
f 4761 4762 4755
f 4755 4762 4756
f 4762 4763 4756
f 4756 4763 4757
f 4764 4759 4758
f 4758 4759 4753
f 4763 4764 4757
f 4757 4764 4758
f 4775 4776 4765
f 4773 4774 4775
f 4770 4771 4772
f 4769 4770 4772
f 4767 4768 4769
f 4775 4765 4766
f 4773 4775 4766
f 4772 4773 4766
f 4767 4769 4772
f 4766 4767 4772
f 4777 4788 4787
f 4787 4786 4785
f 4784 4783 4782
f 4784 4782 4781
f 4781 4780 4779
f 4778 4777 4787
f 4778 4787 4785
f 4778 4785 4784
f 4784 4781 4779
f 4784 4779 4778
f 4777 4778 4765
f 4765 4778 4766
f 4778 4779 4766
f 4766 4779 4767
f 4779 4780 4767
f 4767 4780 4768
f 4780 4781 4768
f 4768 4781 4769
f 4781 4782 4769
f 4769 4782 4770
f 4782 4783 4770
f 4770 4783 4771
f 4783 4784 4771
f 4771 4784 4772
f 4784 4785 4772
f 4772 4785 4773
f 4785 4786 4773
f 4773 4786 4774
f 4786 4787 4774
f 4774 4787 4775
f 4788 4777 4776
f 4776 4777 4765
f 4787 4788 4775
f 4775 4788 4776
f 4792 4793 4789
f 4791 4792 4789
f 4790 4791 4789
f 4794 4798 4797
f 4794 4797 4796
f 4794 4796 4795
f 4794 4795 4789
f 4789 4795 4790
f 4795 4796 4790
f 4790 4796 4791
f 4796 4797 4791
f 4791 4797 4792
f 4798 4794 4793
f 4793 4794 4789
f 4797 4798 4792
f 4792 4798 4793
f 4802 4803 4799
f 4801 4802 4799
f 4800 4801 4799
f 4804 4808 4807
f 4804 4807 4806
f 4804 4806 4805
f 4804 4805 4799
f 4799 4805 4800
f 4805 4806 4800
f 4800 4806 4801
f 4806 4807 4801
f 4801 4807 4802
f 4808 4804 4803
f 4803 4804 4799
f 4807 4808 4802
f 4802 4808 4803
f 4811 4812 4809
f 4810 4811 4809
f 4813 4816 4815
f 4813 4815 4814
f 4813 4814 4809
f 4809 4814 4810
f 4814 4815 4810
f 4810 4815 4811
f 4816 4813 4812
f 4812 4813 4809
f 4815 4816 4811
f 4811 4816 4812
f 4823 4824 4817
f 4820 4821 4822
f 4819 4820 4822
f 4817 4818 4819
f 4823 4817 4819
f 4822 4823 4819
f 4825 4832 4831
f 4830 4829 4828
f 4830 4828 4827
f 4827 4826 4825
f 4827 4825 4831
f 4827 4831 4830
f 4825 4826 4817
f 4817 4826 4818
f 4826 4827 4818
f 4818 4827 4819
f 4827 4828 4819
f 4819 4828 4820
f 4828 4829 4820
f 4820 4829 4821
f 4829 4830 4821
f 4821 4830 4822
f 4830 4831 4822
f 4822 4831 4823
f 4832 4825 4824
f 4824 4825 4817
f 4831 4832 4823
f 4823 4832 4824
f 4843 4844 4833
f 4841 4842 4843
f 4839 4840 4841
f 4837 4838 4839
f 4834 4835 4836
f 4843 4833 4834
f 4839 4841 4843
f 4837 4839 4843
f 4836 4837 4843
f 4834 4836 4843
f 4845 4856 4855
f 4855 4854 4853
f 4853 4852 4851
f 4851 4850 4849
f 4848 4847 4846
f 4846 4845 4855
f 4855 4853 4851
f 4855 4851 4849
f 4855 4849 4848
f 4855 4848 4846
f 4845 4846 4833
f 4833 4846 4834
f 4846 4847 4834
f 4834 4847 4835
f 4847 4848 4835
f 4835 4848 4836
f 4848 4849 4836
f 4836 4849 4837
f 4849 4850 4837
f 4837 4850 4838
f 4850 4851 4838
f 4838 4851 4839
f 4851 4852 4839
f 4839 4852 4840
f 4852 4853 4840
f 4840 4853 4841
f 4853 4854 4841
f 4841 4854 4842
f 4854 4855 4842
f 4842 4855 4843
f 4856 4845 4844
f 4844 4845 4833
f 4855 4856 4843
f 4843 4856 4844
f 4859 4860 4857
f 4858 4859 4857
f 4861 4864 4863
f 4861 4863 4862
f 4861 4862 4857
f 4857 4862 4858
f 4862 4863 4858
f 4858 4863 4859
f 4864 4861 4860
f 4860 4861 4857
f 4863 4864 4859
f 4859 4864 4860
f 4878 4879 4880
f 4876 4877 4878
f 4873 4874 4875
f 4870 4871 4872
f 4868 4869 4870
f 4867 4868 4870
f 4865 4866 4867
f 4880 4865 4867
f 4876 4878 4880
f 4875 4876 4880
f 4873 4875 4880
f 4872 4873 4880
f 4867 4870 4872
f 4880 4867 4872
f 4896 4895 4894
f 4894 4893 4892
f 4891 4890 4889
f 4888 4887 4886
f 4886 4885 4884
f 4886 4884 4883
f 4883 4882 4881
f 4883 4881 4896
f 4896 4894 4892
f 4896 4892 4891
f 4896 4891 4889
f 4896 4889 4888
f 4888 4886 4883
f 4888 4883 4896
f 4881 4882 4865
f 4865 4882 4866
f 4882 4883 4866
f 4866 4883 4867
f 4883 4884 4867
f 4867 4884 4868
f 4884 4885 4868
f 4868 4885 4869
f 4885 4886 4869
f 4869 4886 4870
f 4886 4887 4870
f 4870 4887 4871
f 4887 4888 4871
f 4871 4888 4872
f 4888 4889 4872
f 4872 4889 4873
f 4889 4890 4873
f 4873 4890 4874
f 4890 4891 4874
f 4874 4891 4875
f 4891 4892 4875
f 4875 4892 4876
f 4892 4893 4876
f 4876 4893 4877
f 4893 4894 4877
f 4877 4894 4878
f 4894 4895 4878
f 4878 4895 4879
f 4896 4881 4880
f 4880 4881 4865
f 4895 4896 4879
f 4879 4896 4880
f 4905 4906 4897
f 4903 4904 4905
f 4902 4903 4905
f 4901 4902 4905
f 4900 4901 4905
f 4898 4899 4900
f 4897 4898 4900
f 4905 4897 4900
f 4907 4916 4915
f 4915 4914 4913
f 4915 4913 4912
f 4915 4912 4911
f 4915 4911 4910
f 4910 4909 4908
f 4910 4908 4907
f 4910 4907 4915
f 4907 4908 4897
f 4897 4908 4898
f 4908 4909 4898
f 4898 4909 4899
f 4909 4910 4899
f 4899 4910 4900
f 4910 4911 4900
f 4900 4911 4901
f 4911 4912 4901
f 4901 4912 4902
f 4912 4913 4902
f 4902 4913 4903
f 4913 4914 4903
f 4903 4914 4904
f 4914 4915 4904
f 4904 4915 4905
f 4916 4907 4906
f 4906 4907 4897
f 4915 4916 4905
f 4905 4916 4906
f 4921 4922 4917
f 4920 4921 4917
f 4919 4920 4917
f 4918 4919 4917
f 4923 4928 4927
f 4923 4927 4926
f 4923 4926 4925
f 4923 4925 4924
f 4923 4924 4917
f 4917 4924 4918
f 4924 4925 4918
f 4918 4925 4919
f 4925 4926 4919
f 4919 4926 4920
f 4926 4927 4920
f 4920 4927 4921
f 4928 4923 4922
f 4922 4923 4917
f 4927 4928 4921
f 4921 4928 4922
f 4939 4940 4929
f 4936 4937 4938
f 4934 4935 4936
f 4929 4930 4931
f 4939 4929 4931
f 4934 4936 4938
f 4933 4934 4938
f 4932 4933 4938
f 4939 4931 4932
f 4938 4939 4932
f 4941 4952 4951
f 4950 4949 4948
f 4948 4947 4946
f 4943 4942 4941
f 4943 4941 4951
f 4950 4948 4946
f 4950 4946 4945
f 4950 4945 4944
f 4944 4943 4951
f 4944 4951 4950
f 4941 4942 4929
f 4929 4942 4930
f 4942 4943 4930
f 4930 4943 4931
f 4943 4944 4931
f 4931 4944 4932
f 4944 4945 4932
f 4932 4945 4933
f 4945 4946 4933
f 4933 4946 4934
f 4946 4947 4934
f 4934 4947 4935
f 4947 4948 4935
f 4935 4948 4936
f 4948 4949 4936
f 4936 4949 4937
f 4949 4950 4937
f 4937 4950 4938
f 4950 4951 4938
f 4938 4951 4939
f 4952 4941 4940
f 4940 4941 4929
f 4951 4952 4939
f 4939 4952 4940
f 4957 4958 4953
f 4956 4957 4953
f 4955 4956 4953
f 4954 4955 4953
f 4959 4964 4963
f 4959 4963 4962
f 4959 4962 4961
f 4959 4961 4960
f 4959 4960 4953
f 4953 4960 4954
f 4960 4961 4954
f 4954 4961 4955
f 4961 4962 4955
f 4955 4962 4956
f 4962 4963 4956
f 4956 4963 4957
f 4964 4959 4958
f 4958 4959 4953
f 4963 4964 4957
f 4957 4964 4958
f 4969 4970 4965
f 4968 4969 4965
f 4967 4968 4965
f 4966 4967 4965
f 4971 4976 4975
f 4971 4975 4974
f 4971 4974 4973
f 4971 4973 4972
f 4971 4972 4965
f 4965 4972 4966
f 4972 4973 4966
f 4966 4973 4967
f 4973 4974 4967
f 4967 4974 4968
f 4974 4975 4968
f 4968 4975 4969
f 4976 4971 4970
f 4970 4971 4965
f 4975 4976 4969
f 4969 4976 4970
f 4979 4980 4977
f 4978 4979 4977
f 4981 4984 4983
f 4981 4983 4982
f 4981 4982 4977
f 4977 4982 4978
f 4982 4983 4978
f 4978 4983 4979
f 4984 4981 4980
f 4980 4981 4977
f 4983 4984 4979
f 4979 4984 4980
f 4987 4988 4985
f 4986 4987 4985
f 4989 4992 4991
f 4989 4991 4990
f 4989 4990 4985
f 4985 4990 4986
f 4990 4991 4986
f 4986 4991 4987
f 4992 4989 4988
f 4988 4989 4985
f 4991 4992 4987
f 4987 4992 4988
f 4996 4997 4993
f 4995 4996 4993
f 4994 4995 4993
f 4998 5002 5001
f 4998 5001 5000
f 4998 5000 4999
f 4998 4999 4993
f 4993 4999 4994
f 4999 5000 4994
f 4994 5000 4995
f 5000 5001 4995
f 4995 5001 4996
f 5002 4998 4997
f 4997 4998 4993
f 5001 5002 4996
f 4996 5002 4997
f 5008 5009 5003
f 5006 5007 5008
f 5004 5005 5006
f 5003 5004 5006
f 5008 5003 5006
f 5010 5016 5015
f 5015 5014 5013
f 5013 5012 5011
f 5013 5011 5010
f 5013 5010 5015
f 5010 5011 5003
f 5003 5011 5004
f 5011 5012 5004
f 5004 5012 5005
f 5012 5013 5005
f 5005 5013 5006
f 5013 5014 5006
f 5006 5014 5007
f 5014 5015 5007
f 5007 5015 5008
f 5016 5010 5009
f 5009 5010 5003
f 5015 5016 5008
f 5008 5016 5009
f 5042 5043 5044
f 5041 5042 5044
f 5040 5041 5044
f 5039 5040 5044
f 5037 5038 5039
f 5036 5037 5039
f 5033 5034 5035
f 5032 5033 5035
f 5031 5032 5035
f 5030 5031 5035
f 5028 5029 5030
f 5027 5028 5030
f 5026 5027 5030
f 5023 5024 5025
f 5022 5023 5025
f 5021 5022 5025
f 5018 5019 5020
f 5017 5018 5020
f 5044 5017 5020
f 5036 5039 5044
f 5035 5036 5044
f 5026 5030 5035
f 5025 5026 5035
f 5021 5025 5035
f 5044 5020 5021
f 5035 5044 5021
f 5072 5071 5070
f 5072 5070 5069
f 5072 5069 5068
f 5072 5068 5067
f 5067 5066 5065
f 5067 5065 5064
f 5063 5062 5061
f 5063 5061 5060
f 5063 5060 5059
f 5063 5059 5058
f 5058 5057 5056
f 5058 5056 5055
f 5058 5055 5054
f 5053 5052 5051
f 5053 5051 5050
f 5053 5050 5049
f 5048 5047 5046
f 5048 5046 5045
f 5048 5045 5072
f 5072 5067 5064
f 5072 5064 5063
f 5063 5058 5054
f 5063 5054 5053
f 5063 5053 5049
f 5049 5048 5072
f 5049 5072 5063
f 5045 5046 5017
f 5017 5046 5018
f 5046 5047 5018
f 5018 5047 5019
f 5047 5048 5019
f 5019 5048 5020
f 5048 5049 5020
f 5020 5049 5021
f 5049 5050 5021
f 5021 5050 5022
f 5050 5051 5022
f 5022 5051 5023
f 5051 5052 5023
f 5023 5052 5024
f 5052 5053 5024
f 5024 5053 5025
f 5053 5054 5025
f 5025 5054 5026
f 5054 5055 5026
f 5026 5055 5027
f 5055 5056 5027
f 5027 5056 5028
f 5056 5057 5028
f 5028 5057 5029
f 5057 5058 5029
f 5029 5058 5030
f 5058 5059 5030
f 5030 5059 5031
f 5059 5060 5031
f 5031 5060 5032
f 5060 5061 5032
f 5032 5061 5033
f 5061 5062 5033
f 5033 5062 5034
f 5062 5063 5034
f 5034 5063 5035
f 5063 5064 5035
f 5035 5064 5036
f 5064 5065 5036
f 5036 5065 5037
f 5065 5066 5037
f 5037 5066 5038
f 5066 5067 5038
f 5038 5067 5039
f 5067 5068 5039
f 5039 5068 5040
f 5068 5069 5040
f 5040 5069 5041
f 5069 5070 5041
f 5041 5070 5042
f 5070 5071 5042
f 5042 5071 5043
f 5072 5045 5044
f 5044 5045 5017
f 5071 5072 5043
f 5043 5072 5044
f 5083 5084 5085
f 5082 5083 5085
f 5081 5082 5085
f 5080 5081 5085
f 5079 5080 5085
f 5078 5079 5085
f 5077 5078 5085
f 5076 5077 5085
f 5075 5076 5085
f 5074 5075 5085
f 5073 5074 5085
f 5098 5097 5096
f 5098 5096 5095
f 5098 5095 5094
f 5098 5094 5093
f 5098 5093 5092
f 5098 5092 5091
f 5098 5091 5090
f 5098 5090 5089
f 5098 5089 5088
f 5098 5088 5087
f 5098 5087 5086
f 5086 5087 5073
f 5073 5087 5074
f 5087 5088 5074
f 5074 5088 5075
f 5088 5089 5075
f 5075 5089 5076
f 5089 5090 5076
f 5076 5090 5077
f 5090 5091 5077
f 5077 5091 5078
f 5091 5092 5078
f 5078 5092 5079
f 5092 5093 5079
f 5079 5093 5080
f 5093 5094 5080
f 5080 5094 5081
f 5094 5095 5081
f 5081 5095 5082
f 5095 5096 5082
f 5082 5096 5083
f 5096 5097 5083
f 5083 5097 5084
f 5098 5086 5085
f 5085 5086 5073
f 5097 5098 5084
f 5084 5098 5085
f 5105 5106 5099
f 5104 5105 5099
f 5103 5104 5099
f 5101 5102 5103
f 5100 5101 5103
f 5099 5100 5103
f 5107 5114 5113
f 5107 5113 5112
f 5107 5112 5111
f 5111 5110 5109
f 5111 5109 5108
f 5111 5108 5107
f 5107 5108 5099
f 5099 5108 5100
f 5108 5109 5100
f 5100 5109 5101
f 5109 5110 5101
f 5101 5110 5102
f 5110 5111 5102
f 5102 5111 5103
f 5111 5112 5103
f 5103 5112 5104
f 5112 5113 5104
f 5104 5113 5105
f 5114 5107 5106
f 5106 5107 5099
f 5113 5114 5105
f 5105 5114 5106
f 5159 5160 5161
f 5158 5159 5161
f 5157 5158 5161
f 5156 5157 5161
f 5155 5156 5161
f 5154 5155 5161
f 5153 5154 5161
f 5152 5153 5161
f 5151 5152 5161
f 5150 5151 5161
f 5148 5149 5150
f 5145 5146 5147
f 5142 5143 5144
f 5140 5141 5142
f 5138 5139 5140
f 5136 5137 5138
f 5135 5136 5138
f 5134 5135 5138
f 5133 5134 5138
f 5132 5133 5138
f 5131 5132 5138
f 5130 5131 5138
f 5128 5129 5130
f 5125 5126 5127
f 5124 5125 5127
f 5123 5124 5127
f 5122 5123 5127
f 5119 5120 5121
f 5118 5119 5121
f 5117 5118 5121
f 5116 5117 5121
f 5115 5116 5121
f 5161 5115 5121
f 5150 5161 5121
f 5148 5150 5121
f 5147 5148 5121
f 5140 5142 5144
f 5138 5140 5144
f 5130 5138 5144
f 5128 5130 5144
f 5127 5128 5144
f 5147 5121 5122
f 5127 5144 5145
f 5147 5122 5127
f 5145 5147 5127
f 5208 5207 5206
f 5208 5206 5205
f 5208 5205 5204
f 5208 5204 5203
f 5208 5203 5202
f 5208 5202 5201
f 5208 5201 5200
f 5208 5200 5199
f 5208 5199 5198
f 5208 5198 5197
f 5197 5196 5195
f 5194 5193 5192
f 5191 5190 5189
f 5189 5188 5187
f 5187 5186 5185
f 5185 5184 5183
f 5185 5183 5182
f 5185 5182 5181
f 5185 5181 5180
f 5185 5180 5179
f 5185 5179 5178
f 5185 5178 5177
f 5177 5176 5175
f 5174 5173 5172
f 5174 5172 5171
f 5174 5171 5170
f 5174 5170 5169
f 5168 5167 5166
f 5168 5166 5165
f 5168 5165 5164
f 5168 5164 5163
f 5168 5163 5162
f 5168 5162 5208
f 5168 5208 5197
f 5168 5197 5195
f 5168 5195 5194
f 5191 5189 5187
f 5191 5187 5185
f 5191 5185 5177
f 5191 5177 5175
f 5191 5175 5174
f 5169 5168 5194
f 5192 5191 5174
f 5174 5169 5194
f 5174 5194 5192
f 5162 5163 5115
f 5115 5163 5116
f 5163 5164 5116
f 5116 5164 5117
f 5164 5165 5117
f 5117 5165 5118
f 5165 5166 5118
f 5118 5166 5119
f 5166 5167 5119
f 5119 5167 5120
f 5167 5168 5120
f 5120 5168 5121
f 5168 5169 5121
f 5121 5169 5122
f 5169 5170 5122
f 5122 5170 5123
f 5170 5171 5123
f 5123 5171 5124
f 5171 5172 5124
f 5124 5172 5125
f 5172 5173 5125
f 5125 5173 5126
f 5173 5174 5126
f 5126 5174 5127
f 5174 5175 5127
f 5127 5175 5128
f 5175 5176 5128
f 5128 5176 5129
f 5176 5177 5129
f 5129 5177 5130
f 5177 5178 5130
f 5130 5178 5131
f 5178 5179 5131
f 5131 5179 5132
f 5179 5180 5132
f 5132 5180 5133
f 5180 5181 5133
f 5133 5181 5134
f 5181 5182 5134
f 5134 5182 5135
f 5182 5183 5135
f 5135 5183 5136
f 5183 5184 5136
f 5136 5184 5137
f 5184 5185 5137
f 5137 5185 5138
f 5185 5186 5138
f 5138 5186 5139
f 5186 5187 5139
f 5139 5187 5140
f 5187 5188 5140
f 5140 5188 5141
f 5188 5189 5141
f 5141 5189 5142
f 5189 5190 5142
f 5142 5190 5143
f 5190 5191 5143
f 5143 5191 5144
f 5191 5192 5144
f 5144 5192 5145
f 5192 5193 5145
f 5145 5193 5146
f 5193 5194 5146
f 5146 5194 5147
f 5194 5195 5147
f 5147 5195 5148
f 5195 5196 5148
f 5148 5196 5149
f 5196 5197 5149
f 5149 5197 5150
f 5197 5198 5150
f 5150 5198 5151
f 5198 5199 5151
f 5151 5199 5152
f 5199 5200 5152
f 5152 5200 5153
f 5200 5201 5153
f 5153 5201 5154
f 5201 5202 5154
f 5154 5202 5155
f 5202 5203 5155
f 5155 5203 5156
f 5203 5204 5156
f 5156 5204 5157
f 5204 5205 5157
f 5157 5205 5158
f 5205 5206 5158
f 5158 5206 5159
f 5206 5207 5159
f 5159 5207 5160
f 5208 5162 5161
f 5161 5162 5115
f 5207 5208 5160
f 5160 5208 5161
f 5216 5217 5209
f 5214 5215 5216
f 5213 5214 5216
f 5212 5213 5216
f 5211 5212 5216
f 5210 5211 5216
f 5209 5210 5216
f 5218 5226 5225
f 5225 5224 5223
f 5225 5223 5222
f 5225 5222 5221
f 5225 5221 5220
f 5225 5220 5219
f 5225 5219 5218
f 5218 5219 5209
f 5209 5219 5210
f 5219 5220 5210
f 5210 5220 5211
f 5220 5221 5211
f 5211 5221 5212
f 5221 5222 5212
f 5212 5222 5213
f 5222 5223 5213
f 5213 5223 5214
f 5223 5224 5214
f 5214 5224 5215
f 5224 5225 5215
f 5215 5225 5216
f 5226 5218 5217
f 5217 5218 5209
f 5225 5226 5216
f 5216 5226 5217
f 5236 5237 5227
f 5234 5235 5236
f 5232 5233 5234
f 5231 5232 5234
f 5230 5231 5234
f 5229 5230 5234
f 5228 5229 5234
f 5236 5227 5228
f 5234 5236 5228
f 5238 5248 5247
f 5247 5246 5245
f 5245 5244 5243
f 5245 5243 5242
f 5245 5242 5241
f 5245 5241 5240
f 5245 5240 5239
f 5239 5238 5247
f 5239 5247 5245
f 5238 5239 5227
f 5227 5239 5228
f 5239 5240 5228
f 5228 5240 5229
f 5240 5241 5229
f 5229 5241 5230
f 5241 5242 5230
f 5230 5242 5231
f 5242 5243 5231
f 5231 5243 5232
f 5243 5244 5232
f 5232 5244 5233
f 5244 5245 5233
f 5233 5245 5234
f 5245 5246 5234
f 5234 5246 5235
f 5246 5247 5235
f 5235 5247 5236
f 5248 5238 5237
f 5237 5238 5227
f 5247 5248 5236
f 5236 5248 5237
f 5262 5263 5249
f 5260 5261 5262
f 5258 5259 5260
f 5256 5257 5258
f 5255 5256 5258
f 5254 5255 5258
f 5253 5254 5258
f 5252 5253 5258
f 5251 5252 5258
f 5250 5251 5258
f 5262 5249 5250
f 5260 5262 5250
f 5258 5260 5250
f 5264 5278 5277
f 5277 5276 5275
f 5275 5274 5273
f 5273 5272 5271
f 5273 5271 5270
f 5273 5270 5269
f 5273 5269 5268
f 5273 5268 5267
f 5273 5267 5266
f 5273 5266 5265
f 5265 5264 5277
f 5265 5277 5275
f 5265 5275 5273
f 5264 5265 5249
f 5249 5265 5250
f 5265 5266 5250
f 5250 5266 5251
f 5266 5267 5251
f 5251 5267 5252
f 5267 5268 5252
f 5252 5268 5253
f 5268 5269 5253
f 5253 5269 5254
f 5269 5270 5254
f 5254 5270 5255
f 5270 5271 5255
f 5255 5271 5256
f 5271 5272 5256
f 5256 5272 5257
f 5272 5273 5257
f 5257 5273 5258
f 5273 5274 5258
f 5258 5274 5259
f 5274 5275 5259
f 5259 5275 5260
f 5275 5276 5260
f 5260 5276 5261
f 5276 5277 5261
f 5261 5277 5262
f 5278 5264 5263
f 5263 5264 5249
f 5277 5278 5262
f 5262 5278 5263
f 5282 5283 5279
f 5281 5282 5279
f 5280 5281 5279
f 5284 5288 5287
f 5284 5287 5286
f 5284 5286 5285
f 5284 5285 5279
f 5279 5285 5280
f 5285 5286 5280
f 5280 5286 5281
f 5286 5287 5281
f 5281 5287 5282
f 5288 5284 5283
f 5283 5284 5279
f 5287 5288 5282
f 5282 5288 5283
f 5292 5293 5289
f 5291 5292 5289
f 5290 5291 5289
f 5294 5298 5297
f 5294 5297 5296
f 5294 5296 5295
f 5294 5295 5289
f 5289 5295 5290
f 5295 5296 5290
f 5290 5296 5291
f 5296 5297 5291
f 5291 5297 5292
f 5298 5294 5293
f 5293 5294 5289
f 5297 5298 5292
f 5292 5298 5293
f 5309 5306 5304
f 5304 5306 5307
f 5303 5304 5307
f 5302 5303 5307
f 5301 5302 5307
f 5300 5301 5307
f 5299 5300 5307
f 5304 5305 5299
f 5309 5304 5299
f 5308 5309 5299
f 5307 5308 5299
f 5315 5317 5320
f 5318 5317 5315
f 5318 5315 5314
f 5318 5314 5313
f 5318 5313 5312
f 5318 5312 5311
f 5318 5311 5310
f 5310 5316 5315
f 5310 5315 5320
f 5310 5320 5319
f 5310 5319 5318
f 5310 5311 5299
f 5299 5311 5300
f 5311 5312 5300
f 5300 5312 5301
f 5312 5313 5301
f 5301 5313 5302
f 5313 5314 5302
f 5302 5314 5303
f 5314 5315 5303
f 5303 5315 5304
f 5316 5310 5305
f 5305 5310 5299
f 5315 5316 5304
f 5304 5316 5305
f 5317 5318 5306
f 5306 5318 5307
f 5318 5319 5307
f 5307 5319 5308
f 5320 5317 5309
f 5309 5317 5306
f 5319 5320 5308
f 5308 5320 5309
f 5334 5335 5326
f 5326 5335 5336
f 5325 5326 5336
f 5324 5325 5336
f 5323 5324 5336
f 5322 5323 5336
f 5329 5321 5322
f 5328 5329 5322
f 5326 5327 5328
f 5334 5326 5328
f 5333 5334 5328
f 5332 5333 5328
f 5331 5332 5328
f 5322 5336 5330
f 5331 5328 5322
f 5330 5331 5322
f 5342 5351 5350
f 5352 5351 5342
f 5352 5342 5341
f 5352 5341 5340
f 5352 5340 5339
f 5352 5339 5338
f 5338 5337 5345
f 5338 5345 5344
f 5344 5343 5342
f 5344 5342 5350
f 5344 5350 5349
f 5344 5349 5348
f 5344 5348 5347
f 5346 5352 5338
f 5338 5344 5347
f 5338 5347 5346
f 5337 5338 5321
f 5321 5338 5322
f 5338 5339 5322
f 5322 5339 5323
f 5339 5340 5323
f 5323 5340 5324
f 5340 5341 5324
f 5324 5341 5325
f 5341 5342 5325
f 5325 5342 5326
f 5342 5343 5326
f 5326 5343 5327
f 5343 5344 5327
f 5327 5344 5328
f 5345 5337 5329
f 5329 5337 5321
f 5344 5345 5328
f 5328 5345 5329
f 5346 5347 5330
f 5330 5347 5331
f 5347 5348 5331
f 5331 5348 5332
f 5348 5349 5332
f 5332 5349 5333
f 5349 5350 5333
f 5333 5350 5334
f 5350 5351 5334
f 5334 5351 5335
f 5352 5346 5336
f 5336 5346 5330
f 5351 5352 5335
f 5335 5352 5336
f 5361 5362 5353
f 5360 5361 5353
f 5359 5360 5353
f 5358 5359 5353
f 5357 5358 5353
f 5356 5357 5353
f 5355 5356 5353
f 5354 5355 5353
f 5363 5372 5371
f 5363 5371 5370
f 5363 5370 5369
f 5363 5369 5368
f 5363 5368 5367
f 5363 5367 5366
f 5363 5366 5365
f 5363 5365 5364
f 5363 5364 5353
f 5353 5364 5354
f 5364 5365 5354
f 5354 5365 5355
f 5365 5366 5355
f 5355 5366 5356
f 5366 5367 5356
f 5356 5367 5357
f 5367 5368 5357
f 5357 5368 5358
f 5368 5369 5358
f 5358 5369 5359
f 5369 5370 5359
f 5359 5370 5360
f 5370 5371 5360
f 5360 5371 5361
f 5372 5363 5362
f 5362 5363 5353
f 5371 5372 5361
f 5361 5372 5362
f 5376 5377 5373
f 5375 5376 5373
f 5374 5375 5373
f 5378 5382 5381
f 5378 5381 5380
f 5378 5380 5379
f 5378 5379 5373
f 5373 5379 5374
f 5379 5380 5374
f 5374 5380 5375
f 5380 5381 5375
f 5375 5381 5376
f 5382 5378 5377
f 5377 5378 5373
f 5381 5382 5376
f 5376 5382 5377
f 5389 5390 5391
f 5388 5389 5391
f 5387 5388 5391
f 5386 5387 5391
f 5384 5385 5386
f 5383 5384 5386
f 5391 5383 5386
f 5400 5399 5398
f 5400 5398 5397
f 5400 5397 5396
f 5400 5396 5395
f 5395 5394 5393
f 5395 5393 5392
f 5395 5392 5400
f 5392 5393 5383
f 5383 5393 5384
f 5393 5394 5384
f 5384 5394 5385
f 5394 5395 5385
f 5385 5395 5386
f 5395 5396 5386
f 5386 5396 5387
f 5396 5397 5387
f 5387 5397 5388
f 5397 5398 5388
f 5388 5398 5389
f 5398 5399 5389
f 5389 5399 5390
f 5400 5392 5391
f 5391 5392 5383
f 5399 5400 5390
f 5390 5400 5391
f 5404 5405 5401
f 5403 5404 5401
f 5402 5403 5401
f 5406 5410 5409
f 5406 5409 5408
f 5406 5408 5407
f 5406 5407 5401
f 5401 5407 5402
f 5407 5408 5402
f 5402 5408 5403
f 5408 5409 5403
f 5403 5409 5404
f 5410 5406 5405
f 5405 5406 5401
f 5409 5410 5404
f 5404 5410 5405
f 5439 5440 5411
f 5437 5438 5439
f 5435 5436 5437
f 5434 5435 5437
f 5433 5434 5437
f 5432 5433 5437
f 5431 5432 5437
f 5429 5430 5431
f 5428 5429 5431
f 5427 5428 5431
f 5425 5426 5427
f 5424 5425 5427
f 5422 5423 5424
f 5421 5422 5424
f 5419 5420 5421
f 5416 5417 5418
f 5413 5414 5415
f 5439 5411 5412
f 5437 5439 5412
f 5427 5431 5437
f 5421 5424 5427
f 5419 5421 5427
f 5418 5419 5427
f 5416 5418 5427
f 5415 5416 5427
f 5413 5415 5427
f 5437 5412 5413
f 5427 5437 5413
f 5441 5470 5469
f 5469 5468 5467
f 5467 5466 5465
f 5467 5465 5464
f 5467 5464 5463
f 5467 5463 5462
f 5467 5462 5461
f 5461 5460 5459
f 5461 5459 5458
f 5461 5458 5457
f 5457 5456 5455
f 5457 5455 5454
f 5454 5453 5452
f 5454 5452 5451
f 5451 5450 5449
f 5448 5447 5446
f 5445 5444 5443
f 5442 5441 5469
f 5442 5469 5467
f 5467 5461 5457
f 5457 5454 5451
f 5457 5451 5449
f 5457 5449 5448
f 5457 5448 5446
f 5457 5446 5445
f 5457 5445 5443
f 5443 5442 5467
f 5443 5467 5457
f 5441 5442 5411
f 5411 5442 5412
f 5442 5443 5412
f 5412 5443 5413
f 5443 5444 5413
f 5413 5444 5414
f 5444 5445 5414
f 5414 5445 5415
f 5445 5446 5415
f 5415 5446 5416
f 5446 5447 5416
f 5416 5447 5417
f 5447 5448 5417
f 5417 5448 5418
f 5448 5449 5418
f 5418 5449 5419
f 5449 5450 5419
f 5419 5450 5420
f 5450 5451 5420
f 5420 5451 5421
f 5451 5452 5421
f 5421 5452 5422
f 5452 5453 5422
f 5422 5453 5423
f 5453 5454 5423
f 5423 5454 5424
f 5454 5455 5424
f 5424 5455 5425
f 5455 5456 5425
f 5425 5456 5426
f 5456 5457 5426
f 5426 5457 5427
f 5457 5458 5427
f 5427 5458 5428
f 5458 5459 5428
f 5428 5459 5429
f 5459 5460 5429
f 5429 5460 5430
f 5460 5461 5430
f 5430 5461 5431
f 5461 5462 5431
f 5431 5462 5432
f 5462 5463 5432
f 5432 5463 5433
f 5463 5464 5433
f 5433 5464 5434
f 5464 5465 5434
f 5434 5465 5435
f 5465 5466 5435
f 5435 5466 5436
f 5466 5467 5436
f 5436 5467 5437
f 5467 5468 5437
f 5437 5468 5438
f 5468 5469 5438
f 5438 5469 5439
f 5470 5441 5440
f 5440 5441 5411
f 5469 5470 5439
f 5439 5470 5440
f 5473 5474 5471
f 5472 5473 5471
f 5475 5478 5477
f 5475 5477 5476
f 5475 5476 5471
f 5471 5476 5472
f 5476 5477 5472
f 5472 5477 5473
f 5478 5475 5474
f 5474 5475 5471
f 5477 5478 5473
f 5473 5478 5474
f 5483 5484 5479
f 5481 5482 5483
f 5479 5480 5481
f 5483 5479 5481
f 5485 5490 5489
f 5489 5488 5487
f 5487 5486 5485
f 5487 5485 5489
f 5485 5486 5479
f 5479 5486 5480
f 5486 5487 5480
f 5480 5487 5481
f 5487 5488 5481
f 5481 5488 5482
f 5488 5489 5482
f 5482 5489 5483
f 5490 5485 5484
f 5484 5485 5479
f 5489 5490 5483
f 5483 5490 5484
f 5496 5497 5498
f 5495 5496 5498
f 5493 5494 5495
f 5491 5492 5493
f 5498 5491 5493
f 5495 5498 5493
f 5506 5505 5504
f 5506 5504 5503
f 5503 5502 5501
f 5501 5500 5499
f 5501 5499 5506
f 5501 5506 5503
f 5499 5500 5491
f 5491 5500 5492
f 5500 5501 5492
f 5492 5501 5493
f 5501 5502 5493
f 5493 5502 5494
f 5502 5503 5494
f 5494 5503 5495
f 5503 5504 5495
f 5495 5504 5496
f 5504 5505 5496
f 5496 5505 5497
f 5506 5499 5498
f 5498 5499 5491
f 5505 5506 5497
f 5497 5506 5498
f 5510 5511 5512
f 5509 5510 5512
f 5508 5509 5512
f 5507 5508 5512
f 5518 5517 5516
f 5518 5516 5515
f 5518 5515 5514
f 5518 5514 5513
f 5513 5514 5507
f 5507 5514 5508
f 5514 5515 5508
f 5508 5515 5509
f 5515 5516 5509
f 5509 5516 5510
f 5516 5517 5510
f 5510 5517 5511
f 5518 5513 5512
f 5512 5513 5507
f 5517 5518 5511
f 5511 5518 5512
f 5521 5522 5519
f 5520 5521 5519
f 5523 5526 5525
f 5523 5525 5524
f 5523 5524 5519
f 5519 5524 5520
f 5524 5525 5520
f 5520 5525 5521
f 5526 5523 5522
f 5522 5523 5519
f 5525 5526 5521
f 5521 5526 5522
f 5533 5534 5527
f 5532 5533 5527
f 5531 5532 5527
f 5530 5531 5527
f 5529 5530 5527
f 5528 5529 5527
f 5535 5542 5541
f 5535 5541 5540
f 5535 5540 5539
f 5535 5539 5538
f 5535 5538 5537
f 5535 5537 5536
f 5535 5536 5527
f 5527 5536 5528
f 5536 5537 5528
f 5528 5537 5529
f 5537 5538 5529
f 5529 5538 5530
f 5538 5539 5530
f 5530 5539 5531
f 5539 5540 5531
f 5531 5540 5532
f 5540 5541 5532
f 5532 5541 5533
f 5542 5535 5534
f 5534 5535 5527
f 5541 5542 5533
f 5533 5542 5534
f 5550 5551 5552
f 5549 5550 5552
f 5548 5549 5552
f 5546 5547 5548
f 5545 5546 5548
f 5544 5545 5548
f 5543 5544 5548
f 5552 5543 5548
f 5562 5561 5560
f 5562 5560 5559
f 5562 5559 5558
f 5558 5557 5556
f 5558 5556 5555
f 5558 5555 5554
f 5558 5554 5553
f 5558 5553 5562
f 5553 5554 5543
f 5543 5554 5544
f 5554 5555 5544
f 5544 5555 5545
f 5555 5556 5545
f 5545 5556 5546
f 5556 5557 5546
f 5546 5557 5547
f 5557 5558 5547
f 5547 5558 5548
f 5558 5559 5548
f 5548 5559 5549
f 5559 5560 5549
f 5549 5560 5550
f 5560 5561 5550
f 5550 5561 5551
f 5562 5553 5552
f 5552 5553 5543
f 5561 5562 5551
f 5551 5562 5552
f 5572 5573 5574
f 5571 5572 5574
f 5570 5571 5574
f 5569 5570 5574
f 5568 5569 5574
f 5567 5568 5574
f 5565 5566 5567
f 5564 5565 5567
f 5563 5564 5567
f 5575 5563 5567
f 5574 5575 5567
f 5587 5586 5585
f 5587 5585 5584
f 5587 5584 5583
f 5587 5583 5582
f 5587 5582 5581
f 5587 5581 5580
f 5580 5579 5578
f 5580 5578 5577
f 5580 5577 5576
f 5580 5576 5588
f 5580 5588 5587
f 5576 5577 5563
f 5563 5577 5564
f 5577 5578 5564
f 5564 5578 5565
f 5578 5579 5565
f 5565 5579 5566
f 5579 5580 5566
f 5566 5580 5567
f 5580 5581 5567
f 5567 5581 5568
f 5581 5582 5568
f 5568 5582 5569
f 5582 5583 5569
f 5569 5583 5570
f 5583 5584 5570
f 5570 5584 5571
f 5584 5585 5571
f 5571 5585 5572
f 5585 5586 5572
f 5572 5586 5573
f 5586 5587 5573
f 5573 5587 5574
f 5588 5576 5575
f 5575 5576 5563
f 5587 5588 5574
f 5574 5588 5575
f 5593 5594 5589
f 5592 5593 5589
f 5591 5592 5589
f 5590 5591 5589
f 5595 5600 5599
f 5595 5599 5598
f 5595 5598 5597
f 5595 5597 5596
f 5595 5596 5589
f 5589 5596 5590
f 5596 5597 5590
f 5590 5597 5591
f 5597 5598 5591
f 5591 5598 5592
f 5598 5599 5592
f 5592 5599 5593
f 5600 5595 5594
f 5594 5595 5589
f 5599 5600 5593
f 5593 5600 5594
f 5616 5617 5618
f 5615 5616 5618
f 5614 5615 5618
f 5613 5614 5618
f 5612 5613 5618
f 5611 5612 5618
f 5610 5611 5618
f 5609 5610 5618
f 5608 5609 5618
f 5607 5608 5618
f 5605 5606 5607
f 5604 5605 5607
f 5603 5604 5607
f 5602 5603 5607
f 5601 5602 5607
f 5618 5601 5607
f 5636 5635 5634
f 5636 5634 5633
f 5636 5633 5632
f 5636 5632 5631
f 5636 5631 5630
f 5636 5630 5629
f 5636 5629 5628
f 5636 5628 5627
f 5636 5627 5626
f 5636 5626 5625
f 5625 5624 5623
f 5625 5623 5622
f 5625 5622 5621
f 5625 5621 5620
f 5625 5620 5619
f 5625 5619 5636
f 5619 5620 5601
f 5601 5620 5602
f 5620 5621 5602
f 5602 5621 5603
f 5621 5622 5603
f 5603 5622 5604
f 5622 5623 5604
f 5604 5623 5605
f 5623 5624 5605
f 5605 5624 5606
f 5624 5625 5606
f 5606 5625 5607
f 5625 5626 5607
f 5607 5626 5608
f 5626 5627 5608
f 5608 5627 5609
f 5627 5628 5609
f 5609 5628 5610
f 5628 5629 5610
f 5610 5629 5611
f 5629 5630 5611
f 5611 5630 5612
f 5630 5631 5612
f 5612 5631 5613
f 5631 5632 5613
f 5613 5632 5614
f 5632 5633 5614
f 5614 5633 5615
f 5633 5634 5615
f 5615 5634 5616
f 5634 5635 5616
f 5616 5635 5617
f 5636 5619 5618
f 5618 5619 5601
f 5635 5636 5617
f 5617 5636 5618
f 5644 5645 5637
f 5642 5643 5644
f 5641 5642 5644
f 5640 5641 5644
f 5639 5640 5644
f 5638 5639 5644
f 5637 5638 5644
f 5646 5654 5653
f 5653 5652 5651
f 5653 5651 5650
f 5653 5650 5649
f 5653 5649 5648
f 5653 5648 5647
f 5653 5647 5646
f 5646 5647 5637
f 5637 5647 5638
f 5647 5648 5638
f 5638 5648 5639
f 5648 5649 5639
f 5639 5649 5640
f 5649 5650 5640
f 5640 5650 5641
f 5650 5651 5641
f 5641 5651 5642
f 5651 5652 5642
f 5642 5652 5643
f 5652 5653 5643
f 5643 5653 5644
f 5654 5646 5645
f 5645 5646 5637
f 5653 5654 5644
f 5644 5654 5645
f 5687 5688 5689
f 5686 5687 5689
f 5685 5686 5689
f 5684 5685 5689
f 5683 5684 5689
f 5682 5683 5689
f 5681 5682 5689
f 5680 5681 5689
f 5679 5680 5689
f 5678 5679 5689
f 5677 5678 5689
f 5676 5677 5689
f 5675 5676 5689
f 5673 5674 5675
f 5672 5673 5675
f 5671 5672 5675
f 5670 5671 5675
f 5669 5670 5675
f 5668 5669 5675
f 5667 5668 5675
f 5666 5667 5675
f 5665 5666 5675
f 5664 5665 5675
f 5663 5664 5675
f 5662 5663 5675
f 5661 5662 5675
f 5660 5661 5675
f 5659 5660 5675
f 5658 5659 5675
f 5657 5658 5675
f 5656 5657 5675
f 5655 5656 5675
f 5689 5655 5675
f 5724 5723 5722
f 5724 5722 5721
f 5724 5721 5720
f 5724 5720 5719
f 5724 5719 5718
f 5724 5718 5717
f 5724 5717 5716
f 5724 5716 5715
f 5724 5715 5714
f 5724 5714 5713
f 5724 5713 5712
f 5724 5712 5711
f 5724 5711 5710
f 5710 5709 5708
f 5710 5708 5707
f 5710 5707 5706
f 5710 5706 5705
f 5710 5705 5704
f 5710 5704 5703
f 5710 5703 5702
f 5710 5702 5701
f 5710 5701 5700
f 5710 5700 5699
f 5710 5699 5698
f 5710 5698 5697
f 5710 5697 5696
f 5710 5696 5695
f 5710 5695 5694
f 5710 5694 5693
f 5710 5693 5692
f 5710 5692 5691
f 5710 5691 5690
f 5710 5690 5724
f 5690 5691 5655
f 5655 5691 5656
f 5691 5692 5656
f 5656 5692 5657
f 5692 5693 5657
f 5657 5693 5658
f 5693 5694 5658
f 5658 5694 5659
f 5694 5695 5659
f 5659 5695 5660
f 5695 5696 5660
f 5660 5696 5661
f 5696 5697 5661
f 5661 5697 5662
f 5697 5698 5662
f 5662 5698 5663
f 5698 5699 5663
f 5663 5699 5664
f 5699 5700 5664
f 5664 5700 5665
f 5700 5701 5665
f 5665 5701 5666
f 5701 5702 5666
f 5666 5702 5667
f 5702 5703 5667
f 5667 5703 5668
f 5703 5704 5668
f 5668 5704 5669
f 5704 5705 5669
f 5669 5705 5670
f 5705 5706 5670
f 5670 5706 5671
f 5706 5707 5671
f 5671 5707 5672
f 5707 5708 5672
f 5672 5708 5673
f 5708 5709 5673
f 5673 5709 5674
f 5709 5710 5674
f 5674 5710 5675
f 5710 5711 5675
f 5675 5711 5676
f 5711 5712 5676
f 5676 5712 5677
f 5712 5713 5677
f 5677 5713 5678
f 5713 5714 5678
f 5678 5714 5679
f 5714 5715 5679
f 5679 5715 5680
f 5715 5716 5680
f 5680 5716 5681
f 5716 5717 5681
f 5681 5717 5682
f 5717 5718 5682
f 5682 5718 5683
f 5718 5719 5683
f 5683 5719 5684
f 5719 5720 5684
f 5684 5720 5685
f 5720 5721 5685
f 5685 5721 5686
f 5721 5722 5686
f 5686 5722 5687
f 5722 5723 5687
f 5687 5723 5688
f 5724 5690 5689
f 5689 5690 5655
f 5723 5724 5688
f 5688 5724 5689
f 5772 5773 5774
f 5770 5771 5772
f 5767 5768 5769
f 5766 5767 5769
f 5763 5764 5765
f 5762 5763 5765
f 5761 5762 5765
f 5760 5761 5765
f 5759 5760 5765
f 5758 5759 5765
f 5754 5755 5756
f 5753 5754 5756
f 5751 5752 5753
f 5750 5751 5753
f 5749 5750 5753
f 5748 5749 5753
f 5747 5748 5753
f 5744 5745 5746
f 5743 5744 5746
f 5741 5742 5743
f 5738 5739 5740
f 5737 5738 5740
f 5734 5735 5736
f 5733 5734 5736
f 5732 5733 5736
f 5731 5732 5736
f 5729 5730 5731
f 5726 5727 5728
f 5725 5726 5728
f 5775 5725 5728
f 5770 5772 5774
f 5769 5770 5774
f 5766 5769 5774
f 5765 5766 5774
f 5758 5765 5774
f 5757 5758 5774
f 5756 5757 5774
f 5753 5756 5774
f 5747 5753 5774
f 5746 5747 5774
f 5741 5743 5746
f 5740 5741 5746
f 5737 5740 5746
f 5736 5737 5746
f 5731 5736 5746
f 5729 5731 5746
f 5728 5729 5746
f 5775 5728 5746
f 5774 5775 5746
f 5825 5824 5823
f 5823 5822 5821
f 5820 5819 5818
f 5820 5818 5817
f 5816 5815 5814
f 5816 5814 5813
f 5816 5813 5812
f 5816 5812 5811
f 5816 5811 5810
f 5816 5810 5809
f 5807 5806 5805
f 5807 5805 5804
f 5804 5803 5802
f 5804 5802 5801
f 5804 5801 5800
f 5804 5800 5799
f 5804 5799 5798
f 5797 5796 5795
f 5797 5795 5794
f 5794 5793 5792
f 5791 5790 5789
f 5791 5789 5788
f 5787 5786 5785
f 5787 5785 5784
f 5787 5784 5783
f 5787 5783 5782
f 5782 5781 5780
f 5779 5778 5777
f 5779 5777 5776
f 5779 5776 5826
f 5825 5823 5821
f 5825 5821 5820
f 5825 5820 5817
f 5825 5817 5816
f 5825 5816 5809
f 5825 5809 5808
f 5825 5808 5807
f 5825 5807 5804
f 5825 5804 5798
f 5825 5798 5797
f 5797 5794 5792
f 5797 5792 5791
f 5797 5791 5788
f 5797 5788 5787
f 5797 5787 5782
f 5797 5782 5780
f 5797 5780 5779
f 5797 5779 5826
f 5797 5826 5825
f 5776 5777 5725
f 5725 5777 5726
f 5777 5778 5726
f 5726 5778 5727
f 5778 5779 5727
f 5727 5779 5728
f 5779 5780 5728
f 5728 5780 5729
f 5780 5781 5729
f 5729 5781 5730
f 5781 5782 5730
f 5730 5782 5731
f 5782 5783 5731
f 5731 5783 5732
f 5783 5784 5732
f 5732 5784 5733
f 5784 5785 5733
f 5733 5785 5734
f 5785 5786 5734
f 5734 5786 5735
f 5786 5787 5735
f 5735 5787 5736
f 5787 5788 5736
f 5736 5788 5737
f 5788 5789 5737
f 5737 5789 5738
f 5789 5790 5738
f 5738 5790 5739
f 5790 5791 5739
f 5739 5791 5740
f 5791 5792 5740
f 5740 5792 5741
f 5792 5793 5741
f 5741 5793 5742
f 5793 5794 5742
f 5742 5794 5743
f 5794 5795 5743
f 5743 5795 5744
f 5795 5796 5744
f 5744 5796 5745
f 5796 5797 5745
f 5745 5797 5746
f 5797 5798 5746
f 5746 5798 5747
f 5798 5799 5747
f 5747 5799 5748
f 5799 5800 5748
f 5748 5800 5749
f 5800 5801 5749
f 5749 5801 5750
f 5801 5802 5750
f 5750 5802 5751
f 5802 5803 5751
f 5751 5803 5752
f 5803 5804 5752
f 5752 5804 5753
f 5804 5805 5753
f 5753 5805 5754
f 5805 5806 5754
f 5754 5806 5755
f 5806 5807 5755
f 5755 5807 5756
f 5807 5808 5756
f 5756 5808 5757
f 5808 5809 5757
f 5757 5809 5758
f 5809 5810 5758
f 5758 5810 5759
f 5810 5811 5759
f 5759 5811 5760
f 5811 5812 5760
f 5760 5812 5761
f 5812 5813 5761
f 5761 5813 5762
f 5813 5814 5762
f 5762 5814 5763
f 5814 5815 5763
f 5763 5815 5764
f 5815 5816 5764
f 5764 5816 5765
f 5816 5817 5765
f 5765 5817 5766
f 5817 5818 5766
f 5766 5818 5767
f 5818 5819 5767
f 5767 5819 5768
f 5819 5820 5768
f 5768 5820 5769
f 5820 5821 5769
f 5769 5821 5770
f 5821 5822 5770
f 5770 5822 5771
f 5822 5823 5771
f 5771 5823 5772
f 5823 5824 5772
f 5772 5824 5773
f 5824 5825 5773
f 5773 5825 5774
f 5826 5776 5775
f 5775 5776 5725
f 5825 5826 5774
f 5774 5826 5775
f 5832 5833 5834
f 5831 5832 5834
f 5830 5831 5834
f 5829 5830 5834
f 5828 5829 5834
f 5827 5828 5834
f 5842 5841 5840
f 5842 5840 5839
f 5842 5839 5838
f 5842 5838 5837
f 5842 5837 5836
f 5842 5836 5835
f 5835 5836 5827
f 5827 5836 5828
f 5836 5837 5828
f 5828 5837 5829
f 5837 5838 5829
f 5829 5838 5830
f 5838 5839 5830
f 5830 5839 5831
f 5839 5840 5831
f 5831 5840 5832
f 5840 5841 5832
f 5832 5841 5833
f 5842 5835 5834
f 5834 5835 5827
f 5841 5842 5833
f 5833 5842 5834
f 5857 5858 5843
f 5855 5856 5857
f 5854 5855 5857
f 5853 5854 5857
f 5851 5852 5853
f 5850 5851 5853
f 5849 5850 5853
f 5848 5849 5853
f 5847 5848 5853
f 5846 5847 5853
f 5845 5846 5853
f 5844 5845 5853
f 5843 5844 5853
f 5857 5843 5853
f 5859 5874 5873
f 5873 5872 5871
f 5873 5871 5870
f 5873 5870 5869
f 5869 5868 5867
f 5869 5867 5866
f 5869 5866 5865
f 5869 5865 5864
f 5869 5864 5863
f 5869 5863 5862
f 5869 5862 5861
f 5869 5861 5860
f 5869 5860 5859
f 5869 5859 5873
f 5859 5860 5843
f 5843 5860 5844
f 5860 5861 5844
f 5844 5861 5845
f 5861 5862 5845
f 5845 5862 5846
f 5862 5863 5846
f 5846 5863 5847
f 5863 5864 5847
f 5847 5864 5848
f 5864 5865 5848
f 5848 5865 5849
f 5865 5866 5849
f 5849 5866 5850
f 5866 5867 5850
f 5850 5867 5851
f 5867 5868 5851
f 5851 5868 5852
f 5868 5869 5852
f 5852 5869 5853
f 5869 5870 5853
f 5853 5870 5854
f 5870 5871 5854
f 5854 5871 5855
f 5871 5872 5855
f 5855 5872 5856
f 5872 5873 5856
f 5856 5873 5857
f 5874 5859 5858
f 5858 5859 5843
f 5873 5874 5857
f 5857 5874 5858
f 5877 5878 5879
f 5876 5877 5879
f 5875 5876 5879
f 5884 5883 5882
f 5884 5882 5881
f 5884 5881 5880
f 5880 5881 5875
f 5875 5881 5876
f 5881 5882 5876
f 5876 5882 5877
f 5882 5883 5877
f 5877 5883 5878
f 5884 5880 5879
f 5879 5880 5875
f 5883 5884 5878
f 5878 5884 5879
f 5892 5893 5885
f 5891 5892 5885
f 5890 5891 5885
f 5888 5889 5890
f 5886 5887 5888
f 5885 5886 5888
f 5890 5885 5888
f 5894 5902 5901
f 5894 5901 5900
f 5894 5900 5899
f 5899 5898 5897
f 5897 5896 5895
f 5897 5895 5894
f 5897 5894 5899
f 5894 5895 5885
f 5885 5895 5886
f 5895 5896 5886
f 5886 5896 5887
f 5896 5897 5887
f 5887 5897 5888
f 5897 5898 5888
f 5888 5898 5889
f 5898 5899 5889
f 5889 5899 5890
f 5899 5900 5890
f 5890 5900 5891
f 5900 5901 5891
f 5891 5901 5892
f 5902 5894 5893
f 5893 5894 5885
f 5901 5902 5892
f 5892 5902 5893
f 5915 5916 5917
f 5914 5915 5917
f 5913 5914 5917
f 5912 5913 5917
f 5911 5912 5917
f 5910 5911 5917
f 5909 5910 5917
f 5908 5909 5917
f 5907 5908 5917
f 5905 5906 5907
f 5904 5905 5907
f 5903 5904 5907
f 5917 5903 5907
f 5932 5931 5930
f 5932 5930 5929
f 5932 5929 5928
f 5932 5928 5927
f 5932 5927 5926
f 5932 5926 5925
f 5932 5925 5924
f 5932 5924 5923
f 5932 5923 5922
f 5922 5921 5920
f 5922 5920 5919
f 5922 5919 5918
f 5922 5918 5932
f 5918 5919 5903
f 5903 5919 5904
f 5919 5920 5904
f 5904 5920 5905
f 5920 5921 5905
f 5905 5921 5906
f 5921 5922 5906
f 5906 5922 5907
f 5922 5923 5907
f 5907 5923 5908
f 5923 5924 5908
f 5908 5924 5909
f 5924 5925 5909
f 5909 5925 5910
f 5925 5926 5910
f 5910 5926 5911
f 5926 5927 5911
f 5911 5927 5912
f 5927 5928 5912
f 5912 5928 5913
f 5928 5929 5913
f 5913 5929 5914
f 5929 5930 5914
f 5914 5930 5915
f 5930 5931 5915
f 5915 5931 5916
f 5932 5918 5917
f 5917 5918 5903
f 5931 5932 5916
f 5916 5932 5917
f 5938 5939 5933
f 5936 5937 5938
f 5935 5936 5938
f 5934 5935 5938
f 5933 5934 5938
f 5940 5946 5945
f 5945 5944 5943
f 5945 5943 5942
f 5945 5942 5941
f 5945 5941 5940
f 5940 5941 5933
f 5933 5941 5934
f 5941 5942 5934
f 5934 5942 5935
f 5942 5943 5935
f 5935 5943 5936
f 5943 5944 5936
f 5936 5944 5937
f 5944 5945 5937
f 5937 5945 5938
f 5946 5940 5939
f 5939 5940 5933
f 5945 5946 5938
f 5938 5946 5939
f 5951 5952 5947
f 5949 5950 5951
f 5947 5948 5949
f 5951 5947 5949
f 5953 5958 5957
f 5957 5956 5955
f 5955 5954 5953
f 5955 5953 5957
f 5953 5954 5947
f 5947 5954 5948
f 5954 5955 5948
f 5948 5955 5949
f 5955 5956 5949
f 5949 5956 5950
f 5956 5957 5950
f 5950 5957 5951
f 5958 5953 5952
f 5952 5953 5947
f 5957 5958 5951
f 5951 5958 5952
f 5972 5973 5959
f 5971 5972 5959
f 5970 5971 5959
f 5967 5968 5969
f 5966 5967 5969
f 5965 5966 5969
f 5964 5965 5969
f 5963 5964 5969
f 5961 5962 5963
f 5960 5961 5963
f 5959 5960 5963
f 5970 5959 5963
f 5969 5970 5963
f 5974 5988 5987
f 5974 5987 5986
f 5974 5986 5985
f 5984 5983 5982
f 5984 5982 5981
f 5984 5981 5980
f 5984 5980 5979
f 5984 5979 5978
f 5978 5977 5976
f 5978 5976 5975
f 5978 5975 5974
f 5978 5974 5985
f 5978 5985 5984
f 5974 5975 5959
f 5959 5975 5960
f 5975 5976 5960
f 5960 5976 5961
f 5976 5977 5961
f 5961 5977 5962
f 5977 5978 5962
f 5962 5978 5963
f 5978 5979 5963
f 5963 5979 5964
f 5979 5980 5964
f 5964 5980 5965
f 5980 5981 5965
f 5965 5981 5966
f 5981 5982 5966
f 5966 5982 5967
f 5982 5983 5967
f 5967 5983 5968
f 5983 5984 5968
f 5968 5984 5969
f 5984 5985 5969
f 5969 5985 5970
f 5985 5986 5970
f 5970 5986 5971
f 5986 5987 5971
f 5971 5987 5972
f 5988 5974 5973
f 5973 5974 5959
f 5987 5988 5972
f 5972 5988 5973
f 5997 5998 5999
f 5996 5997 5999
f 5995 5996 5999
f 5993 5994 5995
f 5992 5993 5995
f 5990 5991 5992
f 5995 5999 5989
f 5990 5992 5995
f 5989 5990 5995
f 6010 6009 6008
f 6010 6008 6007
f 6010 6007 6006
f 6006 6005 6004
f 6006 6004 6003
f 6003 6002 6001
f 6000 6010 6006
f 6006 6003 6001
f 6006 6001 6000
f 6000 6001 5989
f 5989 6001 5990
f 6001 6002 5990
f 5990 6002 5991
f 6002 6003 5991
f 5991 6003 5992
f 6003 6004 5992
f 5992 6004 5993
f 6004 6005 5993
f 5993 6005 5994
f 6005 6006 5994
f 5994 6006 5995
f 6006 6007 5995
f 5995 6007 5996
f 6007 6008 5996
f 5996 6008 5997
f 6008 6009 5997
f 5997 6009 5998
f 6010 6000 5999
f 5999 6000 5989
f 6009 6010 5998
f 5998 6010 5999
f 6023 6019 6017
f 6019 6020 6021
f 6017 6019 6021
f 6016 6017 6021
f 6015 6016 6021
f 6013 6014 6015
f 6018 6011 6012
f 6017 6018 6012
f 6023 6017 6012
f 6022 6023 6012
f 6015 6021 6022
f 6013 6015 6022
f 6012 6013 6022
f 6030 6032 6036
f 6034 6033 6032
f 6034 6032 6030
f 6034 6030 6029
f 6034 6029 6028
f 6028 6027 6026
f 6025 6024 6031
f 6025 6031 6030
f 6025 6030 6036
f 6025 6036 6035
f 6035 6034 6028
f 6035 6028 6026
f 6035 6026 6025
f 6024 6025 6011
f 6011 6025 6012
f 6025 6026 6012
f 6012 6026 6013
f 6026 6027 6013
f 6013 6027 6014
f 6027 6028 6014
f 6014 6028 6015
f 6028 6029 6015
f 6015 6029 6016
f 6029 6030 6016
f 6016 6030 6017
f 6031 6024 6018
f 6018 6024 6011
f 6030 6031 6017
f 6017 6031 6018
f 6032 6033 6019
f 6019 6033 6020
f 6033 6034 6020
f 6020 6034 6021
f 6034 6035 6021
f 6021 6035 6022
f 6036 6032 6023
f 6023 6032 6019
f 6035 6036 6022
f 6022 6036 6023
f 6040 6041 6037
f 6039 6040 6037
f 6038 6039 6037
f 6042 6046 6045
f 6042 6045 6044
f 6042 6044 6043
f 6042 6043 6037
f 6037 6043 6038
f 6043 6044 6038
f 6038 6044 6039
f 6044 6045 6039
f 6039 6045 6040
f 6046 6042 6041
f 6041 6042 6037
f 6045 6046 6040
f 6040 6046 6041
f 6055 6056 6057
f 6054 6055 6057
f 6053 6054 6057
f 6051 6052 6053
f 6049 6050 6051
f 6048 6049 6051
f 6047 6048 6051
f 6057 6047 6051
f 6053 6057 6051
f 6068 6067 6066
f 6068 6066 6065
f 6068 6065 6064
f 6064 6063 6062
f 6062 6061 6060
f 6062 6060 6059
f 6062 6059 6058
f 6062 6058 6068
f 6062 6068 6064
f 6058 6059 6047
f 6047 6059 6048
f 6059 6060 6048
f 6048 6060 6049
f 6060 6061 6049
f 6049 6061 6050
f 6061 6062 6050
f 6050 6062 6051
f 6062 6063 6051
f 6051 6063 6052
f 6063 6064 6052
f 6052 6064 6053
f 6064 6065 6053
f 6053 6065 6054
f 6065 6066 6054
f 6054 6066 6055
f 6066 6067 6055
f 6055 6067 6056
f 6068 6058 6057
f 6057 6058 6047
f 6067 6068 6056
f 6056 6068 6057
f 6072 6073 6069
f 6071 6072 6069
f 6070 6071 6069
f 6074 6078 6077
f 6074 6077 6076
f 6074 6076 6075
f 6074 6075 6069
f 6069 6075 6070
f 6075 6076 6070
f 6070 6076 6071
f 6076 6077 6071
f 6071 6077 6072
f 6078 6074 6073
f 6073 6074 6069
f 6077 6078 6072
f 6072 6078 6073
f 6089 6090 6091
f 6088 6089 6091
f 6087 6088 6091
f 6086 6087 6091
f 6085 6086 6091
f 6084 6085 6091
f 6083 6084 6091
f 6082 6083 6091
f 6081 6082 6091
f 6080 6081 6091
f 6093 6079 6080
f 6092 6093 6080
f 6091 6092 6080
f 6106 6105 6104
f 6106 6104 6103
f 6106 6103 6102
f 6106 6102 6101
f 6106 6101 6100
f 6106 6100 6099
f 6106 6099 6098
f 6106 6098 6097
f 6106 6097 6096
f 6106 6096 6095
f 6095 6094 6108
f 6095 6108 6107
f 6095 6107 6106
f 6094 6095 6079
f 6079 6095 6080
f 6095 6096 6080
f 6080 6096 6081
f 6096 6097 6081
f 6081 6097 6082
f 6097 6098 6082
f 6082 6098 6083
f 6098 6099 6083
f 6083 6099 6084
f 6099 6100 6084
f 6084 6100 6085
f 6100 6101 6085
f 6085 6101 6086
f 6101 6102 6086
f 6086 6102 6087
f 6102 6103 6087
f 6087 6103 6088
f 6103 6104 6088
f 6088 6104 6089
f 6104 6105 6089
f 6089 6105 6090
f 6105 6106 6090
f 6090 6106 6091
f 6106 6107 6091
f 6091 6107 6092
f 6108 6094 6093
f 6093 6094 6079
f 6107 6108 6092
f 6092 6108 6093
f 6113 6114 6109
f 6111 6112 6113
f 6110 6111 6113
f 6109 6110 6113
f 6115 6120 6119
f 6119 6118 6117
f 6119 6117 6116
f 6119 6116 6115
f 6115 6116 6109
f 6109 6116 6110
f 6116 6117 6110
f 6110 6117 6111
f 6117 6118 6111
f 6111 6118 6112
f 6118 6119 6112
f 6112 6119 6113
f 6120 6115 6114
f 6114 6115 6109
f 6119 6120 6113
f 6113 6120 6114
f 6127 6128 6121
f 6126 6127 6121
f 6125 6126 6121
f 6124 6125 6121
f 6122 6123 6124
f 6121 6122 6124
f 6129 6136 6135
f 6129 6135 6134
f 6129 6134 6133
f 6129 6133 6132
f 6132 6131 6130
f 6132 6130 6129
f 6129 6130 6121
f 6121 6130 6122
f 6130 6131 6122
f 6122 6131 6123
f 6131 6132 6123
f 6123 6132 6124
f 6132 6133 6124
f 6124 6133 6125
f 6133 6134 6125
f 6125 6134 6126
f 6134 6135 6126
f 6126 6135 6127
f 6136 6129 6128
f 6128 6129 6121
f 6135 6136 6127
f 6127 6136 6128
f 6140 6141 6137
f 6139 6140 6137
f 6138 6139 6137
f 6142 6146 6145
f 6142 6145 6144
f 6142 6144 6143
f 6142 6143 6137
f 6137 6143 6138
f 6143 6144 6138
f 6138 6144 6139
f 6144 6145 6139
f 6139 6145 6140
f 6146 6142 6141
f 6141 6142 6137
f 6145 6146 6140
f 6140 6146 6141
f 6155 6156 6157
f 6154 6155 6157
f 6153 6154 6157
f 6152 6153 6157
f 6151 6152 6157
f 6149 6150 6151
f 6148 6149 6151
f 6147 6148 6151
f 6157 6147 6151
f 6168 6167 6166
f 6168 6166 6165
f 6168 6165 6164
f 6168 6164 6163
f 6168 6163 6162
f 6162 6161 6160
f 6162 6160 6159
f 6162 6159 6158
f 6162 6158 6168
f 6158 6159 6147
f 6147 6159 6148
f 6159 6160 6148
f 6148 6160 6149
f 6160 6161 6149
f 6149 6161 6150
f 6161 6162 6150
f 6150 6162 6151
f 6162 6163 6151
f 6151 6163 6152
f 6163 6164 6152
f 6152 6164 6153
f 6164 6165 6153
f 6153 6165 6154
f 6165 6166 6154
f 6154 6166 6155
f 6166 6167 6155
f 6155 6167 6156
f 6168 6158 6157
f 6157 6158 6147
f 6167 6168 6156
f 6156 6168 6157
f 6171 6172 6169
f 6170 6171 6169
f 6173 6176 6175
f 6173 6175 6174
f 6173 6174 6169
f 6169 6174 6170
f 6174 6175 6170
f 6170 6175 6171
f 6176 6173 6172
f 6172 6173 6169
f 6175 6176 6171
f 6171 6176 6172
f 6179 6180 6177
f 6178 6179 6177
f 6181 6184 6183
f 6181 6183 6182
f 6181 6182 6177
f 6177 6182 6178
f 6182 6183 6178
f 6178 6183 6179
f 6184 6181 6180
f 6180 6181 6177
f 6183 6184 6179
f 6179 6184 6180
f 6187 6188 6185
f 6186 6187 6185
f 6189 6192 6191
f 6189 6191 6190
f 6189 6190 6185
f 6185 6190 6186
f 6190 6191 6186
f 6186 6191 6187
f 6192 6189 6188
f 6188 6189 6185
f 6191 6192 6187
f 6187 6192 6188
f 6197 6198 6193
f 6196 6197 6193
f 6195 6196 6193
f 6194 6195 6193
f 6199 6204 6203
f 6199 6203 6202
f 6199 6202 6201
f 6199 6201 6200
f 6199 6200 6193
f 6193 6200 6194
f 6200 6201 6194
f 6194 6201 6195
f 6201 6202 6195
f 6195 6202 6196
f 6202 6203 6196
f 6196 6203 6197
f 6204 6199 6198
f 6198 6199 6193
f 6203 6204 6197
f 6197 6204 6198
f 6214 6215 6205
f 6212 6213 6214
f 6211 6212 6214
f 6210 6211 6214
f 6208 6209 6210
f 6207 6208 6210
f 6206 6207 6210
f 6205 6206 6210
f 6214 6205 6210
f 6216 6226 6225
f 6225 6224 6223
f 6225 6223 6222
f 6225 6222 6221
f 6221 6220 6219
f 6221 6219 6218
f 6221 6218 6217
f 6221 6217 6216
f 6221 6216 6225
f 6216 6217 6205
f 6205 6217 6206
f 6217 6218 6206
f 6206 6218 6207
f 6218 6219 6207
f 6207 6219 6208
f 6219 6220 6208
f 6208 6220 6209
f 6220 6221 6209
f 6209 6221 6210
f 6221 6222 6210
f 6210 6222 6211
f 6222 6223 6211
f 6211 6223 6212
f 6223 6224 6212
f 6212 6224 6213
f 6224 6225 6213
f 6213 6225 6214
f 6226 6216 6215
f 6215 6216 6205
f 6225 6226 6214
f 6214 6226 6215
f 6239 6240 6241
f 6238 6239 6241
f 6237 6238 6241
f 6236 6237 6241
f 6235 6236 6241
f 6233 6234 6235
f 6232 6233 6235
f 6231 6232 6235
f 6230 6231 6235
f 6229 6230 6235
f 6227 6228 6229
f 6242 6227 6229
f 6235 6241 6242
f 6229 6235 6242
f 6257 6256 6255
f 6257 6255 6254
f 6257 6254 6253
f 6257 6253 6252
f 6257 6252 6251
f 6251 6250 6249
f 6251 6249 6248
f 6251 6248 6247
f 6251 6247 6246
f 6251 6246 6245
f 6245 6244 6243
f 6245 6243 6258
f 6258 6257 6251
f 6258 6251 6245
f 6243 6244 6227
f 6227 6244 6228
f 6244 6245 6228
f 6228 6245 6229
f 6245 6246 6229
f 6229 6246 6230
f 6246 6247 6230
f 6230 6247 6231
f 6247 6248 6231
f 6231 6248 6232
f 6248 6249 6232
f 6232 6249 6233
f 6249 6250 6233
f 6233 6250 6234
f 6250 6251 6234
f 6234 6251 6235
f 6251 6252 6235
f 6235 6252 6236
f 6252 6253 6236
f 6236 6253 6237
f 6253 6254 6237
f 6237 6254 6238
f 6254 6255 6238
f 6238 6255 6239
f 6255 6256 6239
f 6239 6256 6240
f 6256 6257 6240
f 6240 6257 6241
f 6258 6243 6242
f 6242 6243 6227
f 6257 6258 6241
f 6241 6258 6242
f 6274 6275 6276
f 6273 6274 6276
f 6272 6273 6276
f 6271 6272 6276
f 6270 6271 6276
f 6269 6270 6276
f 6267 6268 6269
f 6266 6267 6269
f 6265 6266 6269
f 6264 6265 6269
f 6263 6264 6269
f 6262 6263 6269
f 6261 6262 6269
f 6259 6260 6261
f 6277 6259 6261
f 6276 6277 6261
f 6269 6276 6261
f 6295 6294 6293
f 6295 6293 6292
f 6295 6292 6291
f 6295 6291 6290
f 6295 6290 6289
f 6295 6289 6288
f 6288 6287 6286
f 6288 6286 6285
f 6288 6285 6284
f 6288 6284 6283
f 6288 6283 6282
f 6288 6282 6281
f 6288 6281 6280
f 6280 6279 6278
f 6280 6278 6296
f 6280 6296 6295
f 6280 6295 6288
f 6278 6279 6259
f 6259 6279 6260
f 6279 6280 6260
f 6260 6280 6261
f 6280 6281 6261
f 6261 6281 6262
f 6281 6282 6262
f 6262 6282 6263
f 6282 6283 6263
f 6263 6283 6264
f 6283 6284 6264
f 6264 6284 6265
f 6284 6285 6265
f 6265 6285 6266
f 6285 6286 6266
f 6266 6286 6267
f 6286 6287 6267
f 6267 6287 6268
f 6287 6288 6268
f 6268 6288 6269
f 6288 6289 6269
f 6269 6289 6270
f 6289 6290 6270
f 6270 6290 6271
f 6290 6291 6271
f 6271 6291 6272
f 6291 6292 6272
f 6272 6292 6273
f 6292 6293 6273
f 6273 6293 6274
f 6293 6294 6274
f 6274 6294 6275
f 6294 6295 6275
f 6275 6295 6276
f 6296 6278 6277
f 6277 6278 6259
f 6295 6296 6276
f 6276 6296 6277
f 6304 6305 6306
f 6303 6304 6306
f 6302 6303 6306
f 6301 6302 6306
f 6300 6301 6306
f 6299 6300 6306
f 6298 6299 6306
f 6297 6298 6306
f 6316 6315 6314
f 6316 6314 6313
f 6316 6313 6312
f 6316 6312 6311
f 6316 6311 6310
f 6316 6310 6309
f 6316 6309 6308
f 6316 6308 6307
f 6307 6308 6297
f 6297 6308 6298
f 6308 6309 6298
f 6298 6309 6299
f 6309 6310 6299
f 6299 6310 6300
f 6310 6311 6300
f 6300 6311 6301
f 6311 6312 6301
f 6301 6312 6302
f 6312 6313 6302
f 6302 6313 6303
f 6313 6314 6303
f 6303 6314 6304
f 6314 6315 6304
f 6304 6315 6305
f 6316 6307 6306
f 6306 6307 6297
f 6315 6316 6305
f 6305 6316 6306
f 6320 6321 6317
f 6319 6320 6317
f 6318 6319 6317
f 6322 6326 6325
f 6322 6325 6324
f 6322 6324 6323
f 6322 6323 6317
f 6317 6323 6318
f 6323 6324 6318
f 6318 6324 6319
f 6324 6325 6319
f 6319 6325 6320
f 6326 6322 6321
f 6321 6322 6317
f 6325 6326 6320
f 6320 6326 6321
f 6341 6342 6327
f 6340 6341 6327
f 6339 6340 6327
f 6338 6339 6327
f 6337 6338 6327
f 6336 6337 6327
f 6335 6336 6327
f 6334 6335 6327
f 6333 6334 6327
f 6332 6333 6327
f 6330 6331 6332
f 6328 6329 6330
f 6327 6328 6330
f 6332 6327 6330
f 6343 6358 6357
f 6343 6357 6356
f 6343 6356 6355
f 6343 6355 6354
f 6343 6354 6353
f 6343 6353 6352
f 6343 6352 6351
f 6343 6351 6350
f 6343 6350 6349
f 6343 6349 6348
f 6348 6347 6346
f 6346 6345 6344
f 6346 6344 6343
f 6346 6343 6348
f 6343 6344 6327
f 6327 6344 6328
f 6344 6345 6328
f 6328 6345 6329
f 6345 6346 6329
f 6329 6346 6330
f 6346 6347 6330
f 6330 6347 6331
f 6347 6348 6331
f 6331 6348 6332
f 6348 6349 6332
f 6332 6349 6333
f 6349 6350 6333
f 6333 6350 6334
f 6350 6351 6334
f 6334 6351 6335
f 6351 6352 6335
f 6335 6352 6336
f 6352 6353 6336
f 6336 6353 6337
f 6353 6354 6337
f 6337 6354 6338
f 6354 6355 6338
f 6338 6355 6339
f 6355 6356 6339
f 6339 6356 6340
f 6356 6357 6340
f 6340 6357 6341
f 6358 6343 6342
f 6342 6343 6327
f 6357 6358 6341
f 6341 6358 6342
f 6364 6365 6359
f 6363 6364 6359
f 6362 6363 6359
f 6361 6362 6359
f 6360 6361 6359
f 6366 6372 6371
f 6366 6371 6370
f 6366 6370 6369
f 6366 6369 6368
f 6366 6368 6367
f 6366 6367 6359
f 6359 6367 6360
f 6367 6368 6360
f 6360 6368 6361
f 6368 6369 6361
f 6361 6369 6362
f 6369 6370 6362
f 6362 6370 6363
f 6370 6371 6363
f 6363 6371 6364
f 6372 6366 6365
f 6365 6366 6359
f 6371 6372 6364
f 6364 6372 6365
f 6376 6377 6378
f 6375 6376 6378
f 6374 6375 6378
f 6373 6374 6378
f 6384 6383 6382
f 6384 6382 6381
f 6384 6381 6380
f 6384 6380 6379
f 6379 6380 6373
f 6373 6380 6374
f 6380 6381 6374
f 6374 6381 6375
f 6381 6382 6375
f 6375 6382 6376
f 6382 6383 6376
f 6376 6383 6377
f 6384 6379 6378
f 6378 6379 6373
f 6383 6384 6377
f 6377 6384 6378
f 6389 6390 6385
f 6387 6388 6389
f 6386 6387 6389
f 6385 6386 6389
f 6391 6396 6395
f 6395 6394 6393
f 6395 6393 6392
f 6395 6392 6391
f 6391 6392 6385
f 6385 6392 6386
f 6392 6393 6386
f 6386 6393 6387
f 6393 6394 6387
f 6387 6394 6388
f 6394 6395 6388
f 6388 6395 6389
f 6396 6391 6390
f 6390 6391 6385
f 6395 6396 6389
f 6389 6396 6390
f 6411 6412 6397
f 6409 6410 6411
f 6408 6409 6411
f 6407 6408 6411
f 6406 6407 6411
f 6405 6406 6411
f 6403 6404 6405
f 6401 6402 6403
f 6400 6401 6403
f 6398 6399 6400
f 6411 6397 6398
f 6405 6411 6398
f 6403 6405 6398
f 6400 6403 6398
f 6413 6428 6427
f 6427 6426 6425
f 6427 6425 6424
f 6427 6424 6423
f 6427 6423 6422
f 6427 6422 6421
f 6421 6420 6419
f 6419 6418 6417
f 6419 6417 6416
f 6416 6415 6414
f 6414 6413 6427
f 6414 6427 6421
f 6414 6421 6419
f 6414 6419 6416
f 6413 6414 6397
f 6397 6414 6398
f 6414 6415 6398
f 6398 6415 6399
f 6415 6416 6399
f 6399 6416 6400
f 6416 6417 6400
f 6400 6417 6401
f 6417 6418 6401
f 6401 6418 6402
f 6418 6419 6402
f 6402 6419 6403
f 6419 6420 6403
f 6403 6420 6404
f 6420 6421 6404
f 6404 6421 6405
f 6421 6422 6405
f 6405 6422 6406
f 6422 6423 6406
f 6406 6423 6407
f 6423 6424 6407
f 6407 6424 6408
f 6424 6425 6408
f 6408 6425 6409
f 6425 6426 6409
f 6409 6426 6410
f 6426 6427 6410
f 6410 6427 6411
f 6428 6413 6412
f 6412 6413 6397
f 6427 6428 6411
f 6411 6428 6412
f 6441 6442 6443
f 6440 6441 6443
f 6439 6440 6443
f 6438 6439 6443
f 6437 6438 6443
f 6436 6437 6443
f 6435 6436 6443
f 6433 6434 6435
f 6432 6433 6435
f 6431 6432 6435
f 6430 6431 6435
f 6429 6430 6435
f 6443 6429 6435
f 6458 6457 6456
f 6458 6456 6455
f 6458 6455 6454
f 6458 6454 6453
f 6458 6453 6452
f 6458 6452 6451
f 6458 6451 6450
f 6450 6449 6448
f 6450 6448 6447
f 6450 6447 6446
f 6450 6446 6445
f 6450 6445 6444
f 6450 6444 6458
f 6444 6445 6429
f 6429 6445 6430
f 6445 6446 6430
f 6430 6446 6431
f 6446 6447 6431
f 6431 6447 6432
f 6447 6448 6432
f 6432 6448 6433
f 6448 6449 6433
f 6433 6449 6434
f 6449 6450 6434
f 6434 6450 6435
f 6450 6451 6435
f 6435 6451 6436
f 6451 6452 6436
f 6436 6452 6437
f 6452 6453 6437
f 6437 6453 6438
f 6453 6454 6438
f 6438 6454 6439
f 6454 6455 6439
f 6439 6455 6440
f 6455 6456 6440
f 6440 6456 6441
f 6456 6457 6441
f 6441 6457 6442
f 6458 6444 6443
f 6443 6444 6429
f 6457 6458 6442
f 6442 6458 6443
f 6467 6468 6459
f 6466 6467 6459
f 6465 6466 6459
f 6464 6465 6459
f 6463 6464 6459
f 6461 6462 6463
f 6459 6460 6461
f 6463 6459 6461
f 6469 6478 6477
f 6469 6477 6476
f 6469 6476 6475
f 6469 6475 6474
f 6469 6474 6473
f 6473 6472 6471
f 6471 6470 6469
f 6471 6469 6473
f 6469 6470 6459
f 6459 6470 6460
f 6470 6471 6460
f 6460 6471 6461
f 6471 6472 6461
f 6461 6472 6462
f 6472 6473 6462
f 6462 6473 6463
f 6473 6474 6463
f 6463 6474 6464
f 6474 6475 6464
f 6464 6475 6465
f 6475 6476 6465
f 6465 6476 6466
f 6476 6477 6466
f 6466 6477 6467
f 6478 6469 6468
f 6468 6469 6459
f 6477 6478 6467
f 6467 6478 6468
f 6488 6489 6479
f 6487 6488 6479
f 6486 6487 6479
f 6485 6486 6479
f 6483 6484 6485
f 6482 6483 6485
f 6481 6482 6485
f 6480 6481 6485
f 6479 6480 6485
f 6490 6500 6499
f 6490 6499 6498
f 6490 6498 6497
f 6490 6497 6496
f 6496 6495 6494
f 6496 6494 6493
f 6496 6493 6492
f 6496 6492 6491
f 6496 6491 6490
f 6490 6491 6479
f 6479 6491 6480
f 6491 6492 6480
f 6480 6492 6481
f 6492 6493 6481
f 6481 6493 6482
f 6493 6494 6482
f 6482 6494 6483
f 6494 6495 6483
f 6483 6495 6484
f 6495 6496 6484
f 6484 6496 6485
f 6496 6497 6485
f 6485 6497 6486
f 6497 6498 6486
f 6486 6498 6487
f 6498 6499 6487
f 6487 6499 6488
f 6500 6490 6489
f 6489 6490 6479
f 6499 6500 6488
f 6488 6500 6489
f 6504 6505 6501
f 6503 6504 6501
f 6502 6503 6501
f 6506 6510 6509
f 6506 6509 6508
f 6506 6508 6507
f 6506 6507 6501
f 6501 6507 6502
f 6507 6508 6502
f 6502 6508 6503
f 6508 6509 6503
f 6503 6509 6504
f 6510 6506 6505
f 6505 6506 6501
f 6509 6510 6504
f 6504 6510 6505
f 6514 6515 6511
f 6513 6514 6511
f 6512 6513 6511
f 6516 6520 6519
f 6516 6519 6518
f 6516 6518 6517
f 6516 6517 6511
f 6511 6517 6512
f 6517 6518 6512
f 6512 6518 6513
f 6518 6519 6513
f 6513 6519 6514
f 6520 6516 6515
f 6515 6516 6511
f 6519 6520 6514
f 6514 6520 6515
f 6525 6526 6521
f 6524 6525 6521
f 6523 6524 6521
f 6522 6523 6521
f 6527 6532 6531
f 6527 6531 6530
f 6527 6530 6529
f 6527 6529 6528
f 6527 6528 6521
f 6521 6528 6522
f 6528 6529 6522
f 6522 6529 6523
f 6529 6530 6523
f 6523 6530 6524
f 6530 6531 6524
f 6524 6531 6525
f 6532 6527 6526
f 6526 6527 6521
f 6531 6532 6525
f 6525 6532 6526
f 6535 6536 6533
f 6534 6535 6533
f 6537 6540 6539
f 6537 6539 6538
f 6537 6538 6533
f 6533 6538 6534
f 6538 6539 6534
f 6534 6539 6535
f 6540 6537 6536
f 6536 6537 6533
f 6539 6540 6535
f 6535 6540 6536
f 6548 6549 6541
f 6547 6548 6541
f 6545 6546 6547
f 6543 6544 6545
f 6541 6542 6543
f 6545 6547 6541
f 6543 6545 6541
f 6550 6558 6557
f 6550 6557 6556
f 6556 6555 6554
f 6554 6553 6552
f 6552 6551 6550
f 6550 6556 6554
f 6550 6554 6552
f 6550 6551 6541
f 6541 6551 6542
f 6551 6552 6542
f 6542 6552 6543
f 6552 6553 6543
f 6543 6553 6544
f 6553 6554 6544
f 6544 6554 6545
f 6554 6555 6545
f 6545 6555 6546
f 6555 6556 6546
f 6546 6556 6547
f 6556 6557 6547
f 6547 6557 6548
f 6558 6550 6549
f 6549 6550 6541
f 6557 6558 6548
f 6548 6558 6549
f 6580 6581 6559
f 6578 6579 6580
f 6577 6578 6580
f 6576 6577 6580
f 6574 6575 6576
f 6572 6573 6574
f 6571 6572 6574
f 6570 6571 6574
f 6568 6569 6570
f 6567 6568 6570
f 6566 6567 6570
f 6565 6566 6570
f 6564 6565 6570
f 6563 6564 6570
f 6562 6563 6570
f 6561 6562 6570
f 6560 6561 6570
f 6559 6560 6570
f 6580 6559 6570
f 6576 6580 6570
f 6574 6576 6570
f 6582 6604 6603
f 6603 6602 6601
f 6603 6601 6600
f 6603 6600 6599
f 6599 6598 6597
f 6597 6596 6595
f 6597 6595 6594
f 6597 6594 6593
f 6593 6592 6591
f 6593 6591 6590
f 6593 6590 6589
f 6593 6589 6588
f 6593 6588 6587
f 6593 6587 6586
f 6593 6586 6585
f 6593 6585 6584
f 6593 6584 6583
f 6593 6583 6582
f 6593 6582 6603
f 6593 6603 6599
f 6593 6599 6597
f 6582 6583 6559
f 6559 6583 6560
f 6583 6584 6560
f 6560 6584 6561
f 6584 6585 6561
f 6561 6585 6562
f 6585 6586 6562
f 6562 6586 6563
f 6586 6587 6563
f 6563 6587 6564
f 6587 6588 6564
f 6564 6588 6565
f 6588 6589 6565
f 6565 6589 6566
f 6589 6590 6566
f 6566 6590 6567
f 6590 6591 6567
f 6567 6591 6568
f 6591 6592 6568
f 6568 6592 6569
f 6592 6593 6569
f 6569 6593 6570
f 6593 6594 6570
f 6570 6594 6571
f 6594 6595 6571
f 6571 6595 6572
f 6595 6596 6572
f 6572 6596 6573
f 6596 6597 6573
f 6573 6597 6574
f 6597 6598 6574
f 6574 6598 6575
f 6598 6599 6575
f 6575 6599 6576
f 6599 6600 6576
f 6576 6600 6577
f 6600 6601 6577
f 6577 6601 6578
f 6601 6602 6578
f 6578 6602 6579
f 6602 6603 6579
f 6579 6603 6580
f 6604 6582 6581
f 6581 6582 6559
f 6603 6604 6580
f 6580 6604 6581
f 6610 6611 6605
f 6609 6610 6605
f 6608 6609 6605
f 6607 6608 6605
f 6606 6607 6605
f 6612 6618 6617
f 6612 6617 6616
f 6612 6616 6615
f 6612 6615 6614
f 6612 6614 6613
f 6612 6613 6605
f 6605 6613 6606
f 6613 6614 6606
f 6606 6614 6607
f 6614 6615 6607
f 6607 6615 6608
f 6615 6616 6608
f 6608 6616 6609
f 6616 6617 6609
f 6609 6617 6610
f 6618 6612 6611
f 6611 6612 6605
f 6617 6618 6610
f 6610 6618 6611
f 6621 6622 6623
f 6620 6621 6623
f 6619 6620 6623
f 6628 6627 6626
f 6628 6626 6625
f 6628 6625 6624
f 6624 6625 6619
f 6619 6625 6620
f 6625 6626 6620
f 6620 6626 6621
f 6626 6627 6621
f 6621 6627 6622
f 6628 6624 6623
f 6623 6624 6619
f 6627 6628 6622
f 6622 6628 6623
f 6636 6637 6638
f 6635 6636 6638
f 6633 6634 6635
f 6630 6631 6632
f 6629 6630 6632
f 6638 6629 6632
f 6633 6635 6638
f 6632 6633 6638
f 6648 6647 6646
f 6648 6646 6645
f 6645 6644 6643
f 6642 6641 6640
f 6642 6640 6639
f 6642 6639 6648
f 6648 6645 6643
f 6648 6643 6642
f 6639 6640 6629
f 6629 6640 6630
f 6640 6641 6630
f 6630 6641 6631
f 6641 6642 6631
f 6631 6642 6632
f 6642 6643 6632
f 6632 6643 6633
f 6643 6644 6633
f 6633 6644 6634
f 6644 6645 6634
f 6634 6645 6635
f 6645 6646 6635
f 6635 6646 6636
f 6646 6647 6636
f 6636 6647 6637
f 6648 6639 6638
f 6638 6639 6629
f 6647 6648 6637
f 6637 6648 6638
f 6656 6657 6658
f 6655 6656 6658
f 6654 6655 6658
f 6653 6654 6658
f 6652 6653 6658
f 6650 6651 6652
f 6658 6649 6650
f 6652 6658 6650
f 6668 6667 6666
f 6668 6666 6665
f 6668 6665 6664
f 6668 6664 6663
f 6668 6663 6662
f 6662 6661 6660
f 6660 6659 6668
f 6660 6668 6662
f 6659 6660 6649
f 6649 6660 6650
f 6660 6661 6650
f 6650 6661 6651
f 6661 6662 6651
f 6651 6662 6652
f 6662 6663 6652
f 6652 6663 6653
f 6663 6664 6653
f 6653 6664 6654
f 6664 6665 6654
f 6654 6665 6655
f 6665 6666 6655
f 6655 6666 6656
f 6666 6667 6656
f 6656 6667 6657
f 6668 6659 6658
f 6658 6659 6649
f 6667 6668 6657
f 6657 6668 6658
f 6685 6686 6687
f 6684 6685 6687
f 6683 6684 6687
f 6682 6683 6687
f 6681 6682 6687
f 6680 6681 6687
f 6679 6680 6687
f 6677 6678 6679
f 6674 6675 6676
f 6673 6674 6676
f 6672 6673 6676
f 6671 6672 6676
f 6670 6671 6676
f 6669 6670 6676
f 6687 6669 6676
f 6677 6679 6687
f 6676 6677 6687
f 6706 6705 6704
f 6706 6704 6703
f 6706 6703 6702
f 6706 6702 6701
f 6706 6701 6700
f 6706 6700 6699
f 6706 6699 6698
f 6698 6697 6696
f 6695 6694 6693
f 6695 6693 6692
f 6695 6692 6691
f 6695 6691 6690
f 6695 6690 6689
f 6695 6689 6688
f 6695 6688 6706
f 6706 6698 6696
f 6706 6696 6695
f 6688 6689 6669
f 6669 6689 6670
f 6689 6690 6670
f 6670 6690 6671
f 6690 6691 6671
f 6671 6691 6672
f 6691 6692 6672
f 6672 6692 6673
f 6692 6693 6673
f 6673 6693 6674
f 6693 6694 6674
f 6674 6694 6675
f 6694 6695 6675
f 6675 6695 6676
f 6695 6696 6676
f 6676 6696 6677
f 6696 6697 6677
f 6677 6697 6678
f 6697 6698 6678
f 6678 6698 6679
f 6698 6699 6679
f 6679 6699 6680
f 6699 6700 6680
f 6680 6700 6681
f 6700 6701 6681
f 6681 6701 6682
f 6701 6702 6682
f 6682 6702 6683
f 6702 6703 6683
f 6683 6703 6684
f 6703 6704 6684
f 6684 6704 6685
f 6704 6705 6685
f 6685 6705 6686
f 6706 6688 6687
f 6687 6688 6669
f 6705 6706 6686
f 6686 6706 6687
f 6716 6717 6707
f 6715 6716 6707
f 6714 6715 6707
f 6713 6714 6707
f 6712 6713 6707
f 6709 6710 6711
f 6708 6709 6711
f 6712 6707 6708
f 6711 6712 6708
f 6718 6728 6727
f 6718 6727 6726
f 6718 6726 6725
f 6718 6725 6724
f 6718 6724 6723
f 6722 6721 6720
f 6722 6720 6719
f 6719 6718 6723
f 6719 6723 6722
f 6718 6719 6707
f 6707 6719 6708
f 6719 6720 6708
f 6708 6720 6709
f 6720 6721 6709
f 6709 6721 6710
f 6721 6722 6710
f 6710 6722 6711
f 6722 6723 6711
f 6711 6723 6712
f 6723 6724 6712
f 6712 6724 6713
f 6724 6725 6713
f 6713 6725 6714
f 6725 6726 6714
f 6714 6726 6715
f 6726 6727 6715
f 6715 6727 6716
f 6728 6718 6717
f 6717 6718 6707
f 6727 6728 6716
f 6716 6728 6717
f 6738 6739 6729
f 6737 6738 6729
f 6736 6737 6729
f 6735 6736 6729
f 6734 6735 6729
f 6733 6734 6729
f 6731 6732 6733
f 6730 6731 6733
f 6729 6730 6733
f 6740 6750 6749
f 6740 6749 6748
f 6740 6748 6747
f 6740 6747 6746
f 6740 6746 6745
f 6740 6745 6744
f 6744 6743 6742
f 6744 6742 6741
f 6744 6741 6740
f 6740 6741 6729
f 6729 6741 6730
f 6741 6742 6730
f 6730 6742 6731
f 6742 6743 6731
f 6731 6743 6732
f 6743 6744 6732
f 6732 6744 6733
f 6744 6745 6733
f 6733 6745 6734
f 6745 6746 6734
f 6734 6746 6735
f 6746 6747 6735
f 6735 6747 6736
f 6747 6748 6736
f 6736 6748 6737
f 6748 6749 6737
f 6737 6749 6738
f 6750 6740 6739
f 6739 6740 6729
f 6749 6750 6738
f 6738 6750 6739
f 6763 6764 6751
f 6762 6763 6751
f 6761 6762 6751
f 6758 6759 6760
f 6757 6758 6760
f 6756 6757 6760
f 6755 6756 6760
f 6754 6755 6760
f 6752 6753 6754
f 6761 6751 6752
f 6760 6761 6752
f 6754 6760 6752
f 6765 6778 6777
f 6765 6777 6776
f 6765 6776 6775
f 6774 6773 6772
f 6774 6772 6771
f 6774 6771 6770
f 6774 6770 6769
f 6774 6769 6768
f 6768 6767 6766
f 6766 6765 6775
f 6766 6775 6774
f 6766 6774 6768
f 6765 6766 6751
f 6751 6766 6752
f 6766 6767 6752
f 6752 6767 6753
f 6767 6768 6753
f 6753 6768 6754
f 6768 6769 6754
f 6754 6769 6755
f 6769 6770 6755
f 6755 6770 6756
f 6770 6771 6756
f 6756 6771 6757
f 6771 6772 6757
f 6757 6772 6758
f 6772 6773 6758
f 6758 6773 6759
f 6773 6774 6759
f 6759 6774 6760
f 6774 6775 6760
f 6760 6775 6761
f 6775 6776 6761
f 6761 6776 6762
f 6776 6777 6762
f 6762 6777 6763
f 6778 6765 6764
f 6764 6765 6751
f 6777 6778 6763
f 6763 6778 6764
f 6800 6801 6802
f 6799 6800 6802
f 6798 6799 6802
f 6796 6797 6798
f 6795 6796 6798
f 6794 6795 6798
f 6793 6794 6798
f 6790 6791 6792
f 6789 6790 6792
f 6788 6789 6792
f 6787 6788 6792
f 6786 6787 6792
f 6785 6786 6792
f 6784 6785 6792
f 6783 6784 6792
f 6782 6783 6792
f 6781 6782 6792
f 6780 6781 6792
f 6802 6779 6780
f 6798 6802 6780
f 6793 6798 6780
f 6792 6793 6780
f 6826 6825 6824
f 6826 6824 6823
f 6826 6823 6822
f 6822 6821 6820
f 6822 6820 6819
f 6822 6819 6818
f 6822 6818 6817
f 6816 6815 6814
f 6816 6814 6813
f 6816 6813 6812
f 6816 6812 6811
f 6816 6811 6810
f 6816 6810 6809
f 6816 6809 6808
f 6816 6808 6807
f 6816 6807 6806
f 6816 6806 6805
f 6816 6805 6804
f 6804 6803 6826
f 6804 6826 6822
f 6804 6822 6817
f 6804 6817 6816
f 6803 6804 6779
f 6779 6804 6780
f 6804 6805 6780
f 6780 6805 6781
f 6805 6806 6781
f 6781 6806 6782
f 6806 6807 6782
f 6782 6807 6783
f 6807 6808 6783
f 6783 6808 6784
f 6808 6809 6784
f 6784 6809 6785
f 6809 6810 6785
f 6785 6810 6786
f 6810 6811 6786
f 6786 6811 6787
f 6811 6812 6787
f 6787 6812 6788
f 6812 6813 6788
f 6788 6813 6789
f 6813 6814 6789
f 6789 6814 6790
f 6814 6815 6790
f 6790 6815 6791
f 6815 6816 6791
f 6791 6816 6792
f 6816 6817 6792
f 6792 6817 6793
f 6817 6818 6793
f 6793 6818 6794
f 6818 6819 6794
f 6794 6819 6795
f 6819 6820 6795
f 6795 6820 6796
f 6820 6821 6796
f 6796 6821 6797
f 6821 6822 6797
f 6797 6822 6798
f 6822 6823 6798
f 6798 6823 6799
f 6823 6824 6799
f 6799 6824 6800
f 6824 6825 6800
f 6800 6825 6801
f 6826 6803 6802
f 6802 6803 6779
f 6825 6826 6801
f 6801 6826 6802
f 6831 6832 6827
f 6830 6831 6827
f 6829 6830 6827
f 6828 6829 6827
f 6833 6838 6837
f 6833 6837 6836
f 6833 6836 6835
f 6833 6835 6834
f 6833 6834 6827
f 6827 6834 6828
f 6834 6835 6828
f 6828 6835 6829
f 6835 6836 6829
f 6829 6836 6830
f 6836 6837 6830
f 6830 6837 6831
f 6838 6833 6832
f 6832 6833 6827
f 6837 6838 6831
f 6831 6838 6832
f 6845 6846 6839
f 6844 6845 6839
f 6843 6844 6839
f 6842 6843 6839
f 6841 6842 6839
f 6840 6841 6839
f 6847 6854 6853
f 6847 6853 6852
f 6847 6852 6851
f 6847 6851 6850
f 6847 6850 6849
f 6847 6849 6848
f 6847 6848 6839
f 6839 6848 6840
f 6848 6849 6840
f 6840 6849 6841
f 6849 6850 6841
f 6841 6850 6842
f 6850 6851 6842
f 6842 6851 6843
f 6851 6852 6843
f 6843 6852 6844
f 6852 6853 6844
f 6844 6853 6845
f 6854 6847 6846
f 6846 6847 6839
f 6853 6854 6845
f 6845 6854 6846
f 6857 6858 6855
f 6856 6857 6855
f 6859 6862 6861
f 6859 6861 6860
f 6859 6860 6855
f 6855 6860 6856
f 6860 6861 6856
f 6856 6861 6857
f 6862 6859 6858
f 6858 6859 6855
f 6861 6862 6857
f 6857 6862 6858
f 6865 6866 6863
f 6864 6865 6863
f 6867 6870 6869
f 6867 6869 6868
f 6867 6868 6863
f 6863 6868 6864
f 6868 6869 6864
f 6864 6869 6865
f 6870 6867 6866
f 6866 6867 6863
f 6869 6870 6865
f 6865 6870 6866
f 6879 6880 6871
f 6878 6879 6871
f 6877 6878 6871
f 6876 6877 6871
f 6875 6876 6871
f 6874 6875 6871
f 6872 6873 6874
f 6871 6872 6874
f 6881 6890 6889
f 6881 6889 6888
f 6881 6888 6887
f 6881 6887 6886
f 6881 6886 6885
f 6881 6885 6884
f 6884 6883 6882
f 6884 6882 6881
f 6881 6882 6871
f 6871 6882 6872
f 6882 6883 6872
f 6872 6883 6873
f 6883 6884 6873
f 6873 6884 6874
f 6884 6885 6874
f 6874 6885 6875
f 6885 6886 6875
f 6875 6886 6876
f 6886 6887 6876
f 6876 6887 6877
f 6887 6888 6877
f 6877 6888 6878
f 6888 6889 6878
f 6878 6889 6879
f 6890 6881 6880
f 6880 6881 6871
f 6889 6890 6879
f 6879 6890 6880
f 6903 6904 6905
f 6902 6903 6905
f 6900 6901 6902
f 6899 6900 6902
f 6895 6896 6897
f 6894 6895 6897
f 6893 6894 6897
f 6892 6893 6897
f 6891 6892 6897
f 6902 6905 6906
f 6899 6902 6906
f 6898 6899 6906
f 6891 6897 6898
f 6906 6891 6898
f 6921 6920 6919
f 6921 6919 6918
f 6918 6917 6916
f 6918 6916 6915
f 6913 6912 6911
f 6913 6911 6910
f 6913 6910 6909
f 6913 6909 6908
f 6913 6908 6907
f 6922 6921 6918
f 6922 6918 6915
f 6922 6915 6914
f 6914 6913 6907
f 6914 6907 6922
f 6907 6908 6891
f 6891 6908 6892
f 6908 6909 6892
f 6892 6909 6893
f 6909 6910 6893
f 6893 6910 6894
f 6910 6911 6894
f 6894 6911 6895
f 6911 6912 6895
f 6895 6912 6896
f 6912 6913 6896
f 6896 6913 6897
f 6913 6914 6897
f 6897 6914 6898
f 6914 6915 6898
f 6898 6915 6899
f 6915 6916 6899
f 6899 6916 6900
f 6916 6917 6900
f 6900 6917 6901
f 6917 6918 6901
f 6901 6918 6902
f 6918 6919 6902
f 6902 6919 6903
f 6919 6920 6903
f 6903 6920 6904
f 6920 6921 6904
f 6904 6921 6905
f 6922 6907 6906
f 6906 6907 6891
f 6921 6922 6905
f 6905 6922 6906
f 6929 6930 6923
f 6928 6929 6923
f 6927 6928 6923
f 6925 6926 6927
f 6924 6925 6927
f 6923 6924 6927
f 6931 6938 6937
f 6931 6937 6936
f 6931 6936 6935
f 6935 6934 6933
f 6935 6933 6932
f 6935 6932 6931
f 6931 6932 6923
f 6923 6932 6924
f 6932 6933 6924
f 6924 6933 6925
f 6933 6934 6925
f 6925 6934 6926
f 6934 6935 6926
f 6926 6935 6927
f 6935 6936 6927
f 6927 6936 6928
f 6936 6937 6928
f 6928 6937 6929
f 6938 6931 6930
f 6930 6931 6923
f 6937 6938 6929
f 6929 6938 6930
f 6944 6945 6939
f 6943 6944 6939
f 6941 6942 6943
f 6940 6941 6943
f 6939 6940 6943
f 6946 6952 6951
f 6946 6951 6950
f 6950 6949 6948
f 6950 6948 6947
f 6950 6947 6946
f 6946 6947 6939
f 6939 6947 6940
f 6947 6948 6940
f 6940 6948 6941
f 6948 6949 6941
f 6941 6949 6942
f 6949 6950 6942
f 6942 6950 6943
f 6950 6951 6943
f 6943 6951 6944
f 6952 6946 6945
f 6945 6946 6939
f 6951 6952 6944
f 6944 6952 6945
f 6965 6966 6967
f 6964 6965 6967
f 6963 6964 6967
f 6962 6963 6967
f 6961 6962 6967
f 6960 6961 6967
f 6957 6958 6959
f 6956 6957 6959
f 6954 6955 6956
f 6953 6954 6956
f 6960 6967 6968
f 6956 6959 6960
f 6953 6956 6960
f 6968 6953 6960
f 6983 6982 6981
f 6983 6981 6980
f 6983 6980 6979
f 6983 6979 6978
f 6983 6978 6977
f 6983 6977 6976
f 6975 6974 6973
f 6975 6973 6972
f 6972 6971 6970
f 6972 6970 6969
f 6984 6983 6976
f 6976 6975 6972
f 6976 6972 6969
f 6976 6969 6984
f 6969 6970 6953
f 6953 6970 6954
f 6970 6971 6954
f 6954 6971 6955
f 6971 6972 6955
f 6955 6972 6956
f 6972 6973 6956
f 6956 6973 6957
f 6973 6974 6957
f 6957 6974 6958
f 6974 6975 6958
f 6958 6975 6959
f 6975 6976 6959
f 6959 6976 6960
f 6976 6977 6960
f 6960 6977 6961
f 6977 6978 6961
f 6961 6978 6962
f 6978 6979 6962
f 6962 6979 6963
f 6979 6980 6963
f 6963 6980 6964
f 6980 6981 6964
f 6964 6981 6965
f 6981 6982 6965
f 6965 6982 6966
f 6982 6983 6966
f 6966 6983 6967
f 6984 6969 6968
f 6968 6969 6953
f 6983 6984 6967
f 6967 6984 6968
f 6989 6990 6985
f 6988 6989 6985
f 6987 6988 6985
f 6986 6987 6985
f 6991 6996 6995
f 6991 6995 6994
f 6991 6994 6993
f 6991 6993 6992
f 6991 6992 6985
f 6985 6992 6986
f 6992 6993 6986
f 6986 6993 6987
f 6993 6994 6987
f 6987 6994 6988
f 6994 6995 6988
f 6988 6995 6989
f 6996 6991 6990
f 6990 6991 6985
f 6995 6996 6989
f 6989 6996 6990
f 7000 7001 6997
f 6999 7000 6997
f 6998 6999 6997
f 7002 7006 7005
f 7002 7005 7004
f 7002 7004 7003
f 7002 7003 6997
f 6997 7003 6998
f 7003 7004 6998
f 6998 7004 6999
f 7004 7005 6999
f 6999 7005 7000
f 7006 7002 7001
f 7001 7002 6997
f 7005 7006 7000
f 7000 7006 7001
f 7009 7010 7007
f 7008 7009 7007
f 7011 7014 7013
f 7011 7013 7012
f 7011 7012 7007
f 7007 7012 7008
f 7012 7013 7008
f 7008 7013 7009
f 7014 7011 7010
f 7010 7011 7007
f 7013 7014 7009
f 7009 7014 7010
f 7026 7027 7028
f 7025 7026 7028
f 7023 7024 7025
f 7022 7023 7025
f 7021 7022 7025
f 7020 7021 7025
f 7019 7020 7025
f 7018 7019 7025
f 7017 7018 7025
f 7016 7017 7025
f 7028 7015 7016
f 7025 7028 7016
f 7042 7041 7040
f 7042 7040 7039
f 7039 7038 7037
f 7039 7037 7036
f 7039 7036 7035
f 7039 7035 7034
f 7039 7034 7033
f 7039 7033 7032
f 7039 7032 7031
f 7039 7031 7030
f 7030 7029 7042
f 7030 7042 7039
f 7029 7030 7015
f 7015 7030 7016
f 7030 7031 7016
f 7016 7031 7017
f 7031 7032 7017
f 7017 7032 7018
f 7032 7033 7018
f 7018 7033 7019
f 7033 7034 7019
f 7019 7034 7020
f 7034 7035 7020
f 7020 7035 7021
f 7035 7036 7021
f 7021 7036 7022
f 7036 7037 7022
f 7022 7037 7023
f 7037 7038 7023
f 7023 7038 7024
f 7038 7039 7024
f 7024 7039 7025
f 7039 7040 7025
f 7025 7040 7026
f 7040 7041 7026
f 7026 7041 7027
f 7042 7029 7028
f 7028 7029 7015
f 7041 7042 7027
f 7027 7042 7028
f 7046 7047 7043
f 7045 7046 7043
f 7044 7045 7043
f 7048 7052 7051
f 7048 7051 7050
f 7048 7050 7049
f 7048 7049 7043
f 7043 7049 7044
f 7049 7050 7044
f 7044 7050 7045
f 7050 7051 7045
f 7045 7051 7046
f 7052 7048 7047
f 7047 7048 7043
f 7051 7052 7046
f 7046 7052 7047
f 7058 7059 7053
f 7057 7058 7053
f 7056 7057 7053
f 7055 7056 7053
f 7054 7055 7053
f 7060 7066 7065
f 7060 7065 7064
f 7060 7064 7063
f 7060 7063 7062
f 7060 7062 7061
f 7060 7061 7053
f 7053 7061 7054
f 7061 7062 7054
f 7054 7062 7055
f 7062 7063 7055
f 7055 7063 7056
f 7063 7064 7056
f 7056 7064 7057
f 7064 7065 7057
f 7057 7065 7058
f 7066 7060 7059
f 7059 7060 7053
f 7065 7066 7058
f 7058 7066 7059
f 7069 7070 7067
f 7068 7069 7067
f 7071 7074 7073
f 7071 7073 7072
f 7071 7072 7067
f 7067 7072 7068
f 7072 7073 7068
f 7068 7073 7069
f 7074 7071 7070
f 7070 7071 7067
f 7073 7074 7069
f 7069 7074 7070
f 7082 7083 7075
f 7081 7082 7075
f 7080 7081 7075
f 7078 7079 7080
f 7077 7078 7080
f 7076 7077 7080
f 7075 7076 7080
f 7084 7092 7091
f 7084 7091 7090
f 7084 7090 7089
f 7089 7088 7087
f 7089 7087 7086
f 7089 7086 7085
f 7089 7085 7084
f 7084 7085 7075
f 7075 7085 7076
f 7085 7086 7076
f 7076 7086 7077
f 7086 7087 7077
f 7077 7087 7078
f 7087 7088 7078
f 7078 7088 7079
f 7088 7089 7079
f 7079 7089 7080
f 7089 7090 7080
f 7080 7090 7081
f 7090 7091 7081
f 7081 7091 7082
f 7092 7084 7083
f 7083 7084 7075
f 7091 7092 7082
f 7082 7092 7083
f 7103 7104 7093
f 7100 7101 7102
f 7099 7100 7102
f 7098 7099 7102
f 7097 7098 7102
f 7096 7097 7102
f 7094 7095 7096
f 7103 7093 7094
f 7096 7102 7103
f 7094 7096 7103
f 7105 7116 7115
f 7114 7113 7112
f 7114 7112 7111
f 7114 7111 7110
f 7114 7110 7109
f 7114 7109 7108
f 7108 7107 7106
f 7106 7105 7115
f 7115 7114 7108
f 7115 7108 7106
f 7105 7106 7093
f 7093 7106 7094
f 7106 7107 7094
f 7094 7107 7095
f 7107 7108 7095
f 7095 7108 7096
f 7108 7109 7096
f 7096 7109 7097
f 7109 7110 7097
f 7097 7110 7098
f 7110 7111 7098
f 7098 7111 7099
f 7111 7112 7099
f 7099 7112 7100
f 7112 7113 7100
f 7100 7113 7101
f 7113 7114 7101
f 7101 7114 7102
f 7114 7115 7102
f 7102 7115 7103
f 7116 7105 7104
f 7104 7105 7093
f 7115 7116 7103
f 7103 7116 7104
f 7120 7121 7117
f 7119 7120 7117
f 7118 7119 7117
f 7122 7126 7125
f 7122 7125 7124
f 7122 7124 7123
f 7122 7123 7117
f 7117 7123 7118
f 7123 7124 7118
f 7118 7124 7119
f 7124 7125 7119
f 7119 7125 7120
f 7126 7122 7121
f 7121 7122 7117
f 7125 7126 7120
f 7120 7126 7121
f 7131 7132 7127
f 7129 7130 7131
f 7128 7129 7131
f 7127 7128 7131
f 7133 7138 7137
f 7137 7136 7135
f 7137 7135 7134
f 7137 7134 7133
f 7133 7134 7127
f 7127 7134 7128
f 7134 7135 7128
f 7128 7135 7129
f 7135 7136 7129
f 7129 7136 7130
f 7136 7137 7130
f 7130 7137 7131
f 7138 7133 7132
f 7132 7133 7127
f 7137 7138 7131
f 7131 7138 7132
f 7164 7165 7139
f 7161 7162 7163
f 7159 7160 7161
f 7158 7159 7161
f 7157 7158 7161
f 7156 7157 7161
f 7154 7155 7156
f 7153 7154 7156
f 7152 7153 7156
f 7151 7152 7156
f 7149 7150 7151
f 7148 7149 7151
f 7146 7147 7148
f 7144 7145 7146
f 7142 7143 7144
f 7140 7141 7142
f 7139 7140 7142
f 7164 7139 7142
f 7163 7164 7142
f 7161 7163 7142
f 7156 7161 7142
f 7148 7151 7156
f 7146 7148 7156
f 7144 7146 7156
f 7142 7144 7156
f 7166 7192 7191
f 7190 7189 7188
f 7188 7187 7186
f 7188 7186 7185
f 7188 7185 7184
f 7188 7184 7183
f 7183 7182 7181
f 7183 7181 7180
f 7183 7180 7179
f 7183 7179 7178
f 7178 7177 7176
f 7178 7176 7175
f 7175 7174 7173
f 7173 7172 7171
f 7171 7170 7169
f 7169 7168 7167
f 7169 7167 7166
f 7169 7166 7191
f 7169 7191 7190
f 7169 7190 7188
f 7169 7188 7183
f 7183 7178 7175
f 7183 7175 7173
f 7183 7173 7171
f 7183 7171 7169
f 7166 7167 7139
f 7139 7167 7140
f 7167 7168 7140
f 7140 7168 7141
f 7168 7169 7141
f 7141 7169 7142
f 7169 7170 7142
f 7142 7170 7143
f 7170 7171 7143
f 7143 7171 7144
f 7171 7172 7144
f 7144 7172 7145
f 7172 7173 7145
f 7145 7173 7146
f 7173 7174 7146
f 7146 7174 7147
f 7174 7175 7147
f 7147 7175 7148
f 7175 7176 7148
f 7148 7176 7149
f 7176 7177 7149
f 7149 7177 7150
f 7177 7178 7150
f 7150 7178 7151
f 7178 7179 7151
f 7151 7179 7152
f 7179 7180 7152
f 7152 7180 7153
f 7180 7181 7153
f 7153 7181 7154
f 7181 7182 7154
f 7154 7182 7155
f 7182 7183 7155
f 7155 7183 7156
f 7183 7184 7156
f 7156 7184 7157
f 7184 7185 7157
f 7157 7185 7158
f 7185 7186 7158
f 7158 7186 7159
f 7186 7187 7159
f 7159 7187 7160
f 7187 7188 7160
f 7160 7188 7161
f 7188 7189 7161
f 7161 7189 7162
f 7189 7190 7162
f 7162 7190 7163
f 7190 7191 7163
f 7163 7191 7164
f 7192 7166 7165
f 7165 7166 7139
f 7191 7192 7164
f 7164 7192 7165
f 7218 7219 7193
f 7217 7218 7193
f 7215 7216 7217
f 7213 7214 7215
f 7209 7210 7211
f 7207 7208 7209
f 7206 7207 7209
f 7204 7205 7206
f 7202 7203 7204
f 7201 7202 7204
f 7200 7201 7204
f 7199 7200 7204
f 7197 7198 7199
f 7196 7197 7199
f 7194 7195 7196
f 7217 7193 7194
f 7215 7217 7194
f 7213 7215 7194
f 7212 7213 7194
f 7211 7212 7194
f 7209 7211 7194
f 7206 7209 7194
f 7204 7206 7194
f 7196 7199 7204
f 7194 7196 7204
f 7220 7246 7245
f 7220 7245 7244
f 7244 7243 7242
f 7242 7241 7240
f 7238 7237 7236
f 7236 7235 7234
f 7236 7234 7233
f 7233 7232 7231
f 7231 7230 7229
f 7231 7229 7228
f 7231 7228 7227
f 7231 7227 7226
f 7226 7225 7224
f 7226 7224 7223
f 7223 7222 7221
f 7221 7220 7244
f 7221 7244 7242
f 7221 7242 7240
f 7221 7240 7239
f 7221 7239 7238
f 7221 7238 7236
f 7221 7236 7233
f 7221 7233 7231
f 7231 7226 7223
f 7231 7223 7221
f 7220 7221 7193
f 7193 7221 7194
f 7221 7222 7194
f 7194 7222 7195
f 7222 7223 7195
f 7195 7223 7196
f 7223 7224 7196
f 7196 7224 7197
f 7224 7225 7197
f 7197 7225 7198
f 7225 7226 7198
f 7198 7226 7199
f 7226 7227 7199
f 7199 7227 7200
f 7227 7228 7200
f 7200 7228 7201
f 7228 7229 7201
f 7201 7229 7202
f 7229 7230 7202
f 7202 7230 7203
f 7230 7231 7203
f 7203 7231 7204
f 7231 7232 7204
f 7204 7232 7205
f 7232 7233 7205
f 7205 7233 7206
f 7233 7234 7206
f 7206 7234 7207
f 7234 7235 7207
f 7207 7235 7208
f 7235 7236 7208
f 7208 7236 7209
f 7236 7237 7209
f 7209 7237 7210
f 7237 7238 7210
f 7210 7238 7211
f 7238 7239 7211
f 7211 7239 7212
f 7239 7240 7212
f 7212 7240 7213
f 7240 7241 7213
f 7213 7241 7214
f 7241 7242 7214
f 7214 7242 7215
f 7242 7243 7215
f 7215 7243 7216
f 7243 7244 7216
f 7216 7244 7217
f 7244 7245 7217
f 7217 7245 7218
f 7246 7220 7219
f 7219 7220 7193
f 7245 7246 7218
f 7218 7246 7219
f 7249 7250 7247
f 7248 7249 7247
f 7251 7254 7253
f 7251 7253 7252
f 7251 7252 7247
f 7247 7252 7248
f 7252 7253 7248
f 7248 7253 7249
f 7254 7251 7250
f 7250 7251 7247
f 7253 7254 7249
f 7249 7254 7250
f 7280 7281 7282
f 7279 7280 7282
f 7278 7279 7282
f 7277 7278 7282
f 7276 7277 7282
f 7275 7276 7282
f 7274 7275 7282
f 7272 7273 7274
f 7271 7272 7274
f 7270 7271 7274
f 7268 7269 7270
f 7267 7268 7270
f 7266 7267 7270
f 7264 7265 7266
f 7263 7264 7266
f 7262 7263 7266
f 7261 7262 7266
f 7260 7261 7266
f 7259 7260 7266
f 7257 7258 7259
f 7255 7256 7257
f 7282 7255 7257
f 7274 7282 7257
f 7270 7274 7257
f 7266 7270 7257
f 7259 7266 7257
f 7310 7309 7308
f 7310 7308 7307
f 7310 7307 7306
f 7310 7306 7305
f 7310 7305 7304
f 7310 7304 7303
f 7310 7303 7302
f 7302 7301 7300
f 7302 7300 7299
f 7302 7299 7298
f 7298 7297 7296
f 7298 7296 7295
f 7298 7295 7294
f 7294 7293 7292
f 7294 7292 7291
f 7294 7291 7290
f 7294 7290 7289
f 7294 7289 7288
f 7294 7288 7287
f 7287 7286 7285
f 7285 7284 7283
f 7285 7283 7310
f 7285 7310 7302
f 7285 7302 7298
f 7285 7298 7294
f 7285 7294 7287
f 7283 7284 7255
f 7255 7284 7256
f 7284 7285 7256
f 7256 7285 7257
f 7285 7286 7257
f 7257 7286 7258
f 7286 7287 7258
f 7258 7287 7259
f 7287 7288 7259
f 7259 7288 7260
f 7288 7289 7260
f 7260 7289 7261
f 7289 7290 7261
f 7261 7290 7262
f 7290 7291 7262
f 7262 7291 7263
f 7291 7292 7263
f 7263 7292 7264
f 7292 7293 7264
f 7264 7293 7265
f 7293 7294 7265
f 7265 7294 7266
f 7294 7295 7266
f 7266 7295 7267
f 7295 7296 7267
f 7267 7296 7268
f 7296 7297 7268
f 7268 7297 7269
f 7297 7298 7269
f 7269 7298 7270
f 7298 7299 7270
f 7270 7299 7271
f 7299 7300 7271
f 7271 7300 7272
f 7300 7301 7272
f 7272 7301 7273
f 7301 7302 7273
f 7273 7302 7274
f 7302 7303 7274
f 7274 7303 7275
f 7303 7304 7275
f 7275 7304 7276
f 7304 7305 7276
f 7276 7305 7277
f 7305 7306 7277
f 7277 7306 7278
f 7306 7307 7278
f 7278 7307 7279
f 7307 7308 7279
f 7279 7308 7280
f 7308 7309 7280
f 7280 7309 7281
f 7310 7283 7282
f 7282 7283 7255
f 7309 7310 7281
f 7281 7310 7282
f 7323 7324 7313
f 7327 7328 7322
f 7324 7325 7326
f 7313 7324 7326
f 7312 7313 7326
f 7311 7312 7326
f 7321 7311 7326
f 7320 7321 7326
f 7318 7319 7320
f 7317 7318 7320
f 7316 7317 7320
f 7315 7316 7320
f 7314 7315 7320
f 7323 7313 7314
f 7322 7323 7314
f 7320 7326 7327
f 7322 7314 7320
f 7327 7322 7320
f 7331 7342 7341
f 7340 7346 7345
f 7344 7343 7342
f 7344 7342 7331
f 7344 7331 7330
f 7344 7330 7329
f 7344 7329 7339
f 7344 7339 7338
f 7338 7337 7336
f 7338 7336 7335
f 7338 7335 7334
f 7338 7334 7333
f 7338 7333 7332
f 7332 7331 7341
f 7332 7341 7340
f 7345 7344 7338
f 7338 7332 7340
f 7338 7340 7345
f 7329 7330 7311
f 7311 7330 7312
f 7330 7331 7312
f 7312 7331 7313
f 7331 7332 7313
f 7313 7332 7314
f 7332 7333 7314
f 7314 7333 7315
f 7333 7334 7315
f 7315 7334 7316
f 7334 7335 7316
f 7316 7335 7317
f 7335 7336 7317
f 7317 7336 7318
f 7336 7337 7318
f 7318 7337 7319
f 7337 7338 7319
f 7319 7338 7320
f 7339 7329 7321
f 7321 7329 7311
f 7338 7339 7320
f 7320 7339 7321
f 7340 7341 7322
f 7322 7341 7323
f 7341 7342 7323
f 7323 7342 7324
f 7342 7343 7324
f 7324 7343 7325
f 7343 7344 7325
f 7325 7344 7326
f 7344 7345 7326
f 7326 7345 7327
f 7346 7340 7328
f 7328 7340 7322
f 7345 7346 7327
f 7327 7346 7328
f 7351 7352 7353
f 7350 7351 7353
f 7349 7350 7353
f 7348 7349 7353
f 7347 7348 7353
f 7360 7359 7358
f 7360 7358 7357
f 7360 7357 7356
f 7360 7356 7355
f 7360 7355 7354
f 7354 7355 7347
f 7347 7355 7348
f 7355 7356 7348
f 7348 7356 7349
f 7356 7357 7349
f 7349 7357 7350
f 7357 7358 7350
f 7350 7358 7351
f 7358 7359 7351
f 7351 7359 7352
f 7360 7354 7353
f 7353 7354 7347
f 7359 7360 7352
f 7352 7360 7353
f 7370 7371 7361
f 7369 7370 7361
f 7367 7368 7369
f 7364 7365 7366
f 7363 7364 7366
f 7369 7361 7362
f 7367 7369 7362
f 7363 7366 7367
f 7362 7363 7367
f 7372 7382 7381
f 7372 7381 7380
f 7380 7379 7378
f 7377 7376 7375
f 7377 7375 7374
f 7373 7372 7380
f 7373 7380 7378
f 7378 7377 7374
f 7378 7374 7373
f 7372 7373 7361
f 7361 7373 7362
f 7373 7374 7362
f 7362 7374 7363
f 7374 7375 7363
f 7363 7375 7364
f 7375 7376 7364
f 7364 7376 7365
f 7376 7377 7365
f 7365 7377 7366
f 7377 7378 7366
f 7366 7378 7367
f 7378 7379 7367
f 7367 7379 7368
f 7379 7380 7368
f 7368 7380 7369
f 7380 7381 7369
f 7369 7381 7370
f 7382 7372 7371
f 7371 7372 7361
f 7381 7382 7370
f 7370 7382 7371
f 7385 7386 7383
f 7384 7385 7383
f 7387 7390 7389
f 7387 7389 7388
f 7387 7388 7383
f 7383 7388 7384
f 7388 7389 7384
f 7384 7389 7385
f 7390 7387 7386
f 7386 7387 7383
f 7389 7390 7385
f 7385 7390 7386
f 7393 7394 7391
f 7392 7393 7391
f 7395 7398 7397
f 7395 7397 7396
f 7395 7396 7391
f 7391 7396 7392
f 7396 7397 7392
f 7392 7397 7393
f 7398 7395 7394
f 7394 7395 7391
f 7397 7398 7393
f 7393 7398 7394
f 7406 7407 7399
f 7404 7405 7406
f 7403 7404 7406
f 7402 7403 7406
f 7400 7401 7402
f 7406 7399 7400
f 7402 7406 7400
f 7408 7416 7415
f 7415 7414 7413
f 7415 7413 7412
f 7415 7412 7411
f 7411 7410 7409
f 7409 7408 7415
f 7409 7415 7411
f 7408 7409 7399
f 7399 7409 7400
f 7409 7410 7400
f 7400 7410 7401
f 7410 7411 7401
f 7401 7411 7402
f 7411 7412 7402
f 7402 7412 7403
f 7412 7413 7403
f 7403 7413 7404
f 7413 7414 7404
f 7404 7414 7405
f 7414 7415 7405
f 7405 7415 7406
f 7416 7408 7407
f 7407 7408 7399
f 7415 7416 7406
f 7406 7416 7407
f 7429 7430 7417
f 7426 7427 7428
f 7425 7426 7428
f 7424 7425 7428
f 7422 7423 7424
f 7419 7420 7421
f 7418 7419 7421
f 7417 7418 7421
f 7429 7417 7421
f 7428 7429 7421
f 7422 7424 7428
f 7421 7422 7428
f 7431 7444 7443
f 7442 7441 7440
f 7442 7440 7439
f 7442 7439 7438
f 7438 7437 7436
f 7435 7434 7433
f 7435 7433 7432
f 7435 7432 7431
f 7435 7431 7443
f 7435 7443 7442
f 7442 7438 7436
f 7442 7436 7435
f 7431 7432 7417
f 7417 7432 7418
f 7432 7433 7418
f 7418 7433 7419
f 7433 7434 7419
f 7419 7434 7420
f 7434 7435 7420
f 7420 7435 7421
f 7435 7436 7421
f 7421 7436 7422
f 7436 7437 7422
f 7422 7437 7423
f 7437 7438 7423
f 7423 7438 7424
f 7438 7439 7424
f 7424 7439 7425
f 7439 7440 7425
f 7425 7440 7426
f 7440 7441 7426
f 7426 7441 7427
f 7441 7442 7427
f 7427 7442 7428
f 7442 7443 7428
f 7428 7443 7429
f 7444 7431 7430
f 7430 7431 7417
f 7443 7444 7429
f 7429 7444 7430
f 7448 7449 7450
f 7447 7448 7450
f 7446 7447 7450
f 7445 7446 7450
f 7456 7455 7454
f 7456 7454 7453
f 7456 7453 7452
f 7456 7452 7451
f 7451 7452 7445
f 7445 7452 7446
f 7452 7453 7446
f 7446 7453 7447
f 7453 7454 7447
f 7447 7454 7448
f 7454 7455 7448
f 7448 7455 7449
f 7456 7451 7450
f 7450 7451 7445
f 7455 7456 7449
f 7449 7456 7450
f 7464 7465 7457
f 7463 7464 7457
f 7462 7463 7457
f 7461 7462 7457
f 7460 7461 7457
f 7459 7460 7457
f 7458 7459 7457
f 7466 7474 7473
f 7466 7473 7472
f 7466 7472 7471
f 7466 7471 7470
f 7466 7470 7469
f 7466 7469 7468
f 7466 7468 7467
f 7466 7467 7457
f 7457 7467 7458
f 7467 7468 7458
f 7458 7468 7459
f 7468 7469 7459
f 7459 7469 7460
f 7469 7470 7460
f 7460 7470 7461
f 7470 7471 7461
f 7461 7471 7462
f 7471 7472 7462
f 7462 7472 7463
f 7472 7473 7463
f 7463 7473 7464
f 7474 7466 7465
f 7465 7466 7457
f 7473 7474 7464
f 7464 7474 7465
f 7477 7478 7475
f 7476 7477 7475
f 7479 7482 7481
f 7479 7481 7480
f 7479 7480 7475
f 7475 7480 7476
f 7480 7481 7476
f 7476 7481 7477
f 7482 7479 7478
f 7478 7479 7475
f 7481 7482 7477
f 7477 7482 7478
f 7485 7486 7487
f 7484 7485 7487
f 7483 7484 7487
f 7492 7491 7490
f 7492 7490 7489
f 7492 7489 7488
f 7488 7489 7483
f 7483 7489 7484
f 7489 7490 7484
f 7484 7490 7485
f 7490 7491 7485
f 7485 7491 7486
f 7492 7488 7487
f 7487 7488 7483
f 7491 7492 7486
f 7486 7492 7487
f 7499 7500 7501
f 7498 7499 7501
f 7497 7498 7501
f 7495 7496 7497
f 7494 7495 7497
f 7493 7494 7497
f 7502 7493 7497
f 7501 7502 7497
f 7511 7510 7509
f 7511 7509 7508
f 7511 7508 7507
f 7507 7506 7505
f 7507 7505 7504
f 7507 7504 7503
f 7507 7503 7512
f 7507 7512 7511
f 7503 7504 7493
f 7493 7504 7494
f 7504 7505 7494
f 7494 7505 7495
f 7505 7506 7495
f 7495 7506 7496
f 7506 7507 7496
f 7496 7507 7497
f 7507 7508 7497
f 7497 7508 7498
f 7508 7509 7498
f 7498 7509 7499
f 7509 7510 7499
f 7499 7510 7500
f 7510 7511 7500
f 7500 7511 7501
f 7512 7503 7502
f 7502 7503 7493
f 7511 7512 7501
f 7501 7512 7502
f 7517 7518 7513
f 7516 7517 7513
f 7515 7516 7513
f 7514 7515 7513
f 7519 7524 7523
f 7519 7523 7522
f 7519 7522 7521
f 7519 7521 7520
f 7519 7520 7513
f 7513 7520 7514
f 7520 7521 7514
f 7514 7521 7515
f 7521 7522 7515
f 7515 7522 7516
f 7522 7523 7516
f 7516 7523 7517
f 7524 7519 7518
f 7518 7519 7513
f 7523 7524 7517
f 7517 7524 7518
f 7528 7529 7525
f 7527 7528 7525
f 7526 7527 7525
f 7530 7534 7533
f 7530 7533 7532
f 7530 7532 7531
f 7530 7531 7525
f 7525 7531 7526
f 7531 7532 7526
f 7526 7532 7527
f 7532 7533 7527
f 7527 7533 7528
f 7534 7530 7529
f 7529 7530 7525
f 7533 7534 7528
f 7528 7534 7529
f 7537 7538 7535
f 7536 7537 7535
f 7539 7542 7541
f 7539 7541 7540
f 7539 7540 7535
f 7535 7540 7536
f 7540 7541 7536
f 7536 7541 7537
f 7542 7539 7538
f 7538 7539 7535
f 7541 7542 7537
f 7537 7542 7538
f 7548 7549 7543
f 7546 7547 7548
f 7545 7546 7548
f 7544 7545 7548
f 7543 7544 7548
f 7550 7556 7555
f 7555 7554 7553
f 7555 7553 7552
f 7555 7552 7551
f 7555 7551 7550
f 7550 7551 7543
f 7543 7551 7544
f 7551 7552 7544
f 7544 7552 7545
f 7552 7553 7545
f 7545 7553 7546
f 7553 7554 7546
f 7546 7554 7547
f 7554 7555 7547
f 7547 7555 7548
f 7556 7550 7549
f 7549 7550 7543
f 7555 7556 7548
f 7548 7556 7549
f 7563 7564 7557
f 7562 7563 7557
f 7561 7562 7557
f 7560 7561 7557
f 7559 7560 7557
f 7558 7559 7557
f 7565 7572 7571
f 7565 7571 7570
f 7565 7570 7569
f 7565 7569 7568
f 7565 7568 7567
f 7565 7567 7566
f 7565 7566 7557
f 7557 7566 7558
f 7566 7567 7558
f 7558 7567 7559
f 7567 7568 7559
f 7559 7568 7560
f 7568 7569 7560
f 7560 7569 7561
f 7569 7570 7561
f 7561 7570 7562
f 7570 7571 7562
f 7562 7571 7563
f 7572 7565 7564
f 7564 7565 7557
f 7571 7572 7563
f 7563 7572 7564
f 7589 7590 7591
f 7588 7589 7591
f 7586 7587 7588
f 7585 7586 7588
f 7582 7583 7584
f 7581 7582 7584
f 7580 7581 7584
f 7579 7580 7584
f 7578 7579 7584
f 7577 7578 7584
f 7576 7577 7584
f 7575 7576 7584
f 7573 7574 7575
f 7588 7591 7573
f 7585 7588 7573
f 7584 7585 7573
f 7575 7584 7573
f 7610 7609 7608
f 7610 7608 7607
f 7607 7606 7605
f 7607 7605 7604
f 7603 7602 7601
f 7603 7601 7600
f 7603 7600 7599
f 7603 7599 7598
f 7603 7598 7597
f 7603 7597 7596
f 7603 7596 7595
f 7603 7595 7594
f 7594 7593 7592
f 7592 7610 7607
f 7592 7607 7604
f 7592 7604 7603
f 7592 7603 7594
f 7592 7593 7573
f 7573 7593 7574
f 7593 7594 7574
f 7574 7594 7575
f 7594 7595 7575
f 7575 7595 7576
f 7595 7596 7576
f 7576 7596 7577
f 7596 7597 7577
f 7577 7597 7578
f 7597 7598 7578
f 7578 7598 7579
f 7598 7599 7579
f 7579 7599 7580
f 7599 7600 7580
f 7580 7600 7581
f 7600 7601 7581
f 7581 7601 7582
f 7601 7602 7582
f 7582 7602 7583
f 7602 7603 7583
f 7583 7603 7584
f 7603 7604 7584
f 7584 7604 7585
f 7604 7605 7585
f 7585 7605 7586
f 7605 7606 7586
f 7586 7606 7587
f 7606 7607 7587
f 7587 7607 7588
f 7607 7608 7588
f 7588 7608 7589
f 7608 7609 7589
f 7589 7609 7590
f 7610 7592 7591
f 7591 7592 7573
f 7609 7610 7590
f 7590 7610 7591
f 7624 7625 7626
f 7623 7624 7626
f 7622 7623 7626
f 7621 7622 7626
f 7619 7620 7621
f 7616 7617 7618
f 7615 7616 7618
f 7614 7615 7618
f 7612 7613 7614
f 7627 7611 7612
f 7621 7626 7627
f 7619 7621 7627
f 7618 7619 7627
f 7614 7618 7627
f 7612 7614 7627
f 7643 7642 7641
f 7643 7641 7640
f 7643 7640 7639
f 7643 7639 7638
f 7638 7637 7636
f 7635 7634 7633
f 7635 7633 7632
f 7635 7632 7631
f 7631 7630 7629
f 7629 7628 7644
f 7644 7643 7638
f 7644 7638 7636
f 7644 7636 7635
f 7644 7635 7631
f 7644 7631 7629
f 7628 7629 7611
f 7611 7629 7612
f 7629 7630 7612
f 7612 7630 7613
f 7630 7631 7613
f 7613 7631 7614
f 7631 7632 7614
f 7614 7632 7615
f 7632 7633 7615
f 7615 7633 7616
f 7633 7634 7616
f 7616 7634 7617
f 7634 7635 7617
f 7617 7635 7618
f 7635 7636 7618
f 7618 7636 7619
f 7636 7637 7619
f 7619 7637 7620
f 7637 7638 7620
f 7620 7638 7621
f 7638 7639 7621
f 7621 7639 7622
f 7639 7640 7622
f 7622 7640 7623
f 7640 7641 7623
f 7623 7641 7624
f 7641 7642 7624
f 7624 7642 7625
f 7642 7643 7625
f 7625 7643 7626
f 7644 7628 7627
f 7627 7628 7611
f 7643 7644 7626
f 7626 7644 7627
f 7652 7653 7645
f 7650 7651 7652
f 7649 7650 7652
f 7648 7649 7652
f 7647 7648 7652
f 7645 7646 7647
f 7652 7645 7647
f 7654 7662 7661
f 7661 7660 7659
f 7661 7659 7658
f 7661 7658 7657
f 7661 7657 7656
f 7656 7655 7654
f 7656 7654 7661
f 7654 7655 7645
f 7645 7655 7646
f 7655 7656 7646
f 7646 7656 7647
f 7656 7657 7647
f 7647 7657 7648
f 7657 7658 7648
f 7648 7658 7649
f 7658 7659 7649
f 7649 7659 7650
f 7659 7660 7650
f 7650 7660 7651
f 7660 7661 7651
f 7651 7661 7652
f 7662 7654 7653
f 7653 7654 7645
f 7661 7662 7652
f 7652 7662 7653
f 7665 7666 7663
f 7664 7665 7663
f 7667 7670 7669
f 7667 7669 7668
f 7667 7668 7663
f 7663 7668 7664
f 7668 7669 7664
f 7664 7669 7665
f 7670 7667 7666
f 7666 7667 7663
f 7669 7670 7665
f 7665 7670 7666
f 7675 7676 7671
f 7674 7675 7671
f 7673 7674 7671
f 7672 7673 7671
f 7677 7682 7681
f 7677 7681 7680
f 7677 7680 7679
f 7677 7679 7678
f 7677 7678 7671
f 7671 7678 7672
f 7678 7679 7672
f 7672 7679 7673
f 7679 7680 7673
f 7673 7680 7674
f 7680 7681 7674
f 7674 7681 7675
f 7682 7677 7676
f 7676 7677 7671
f 7681 7682 7675
f 7675 7682 7676
f 7686 7687 7688
f 7685 7686 7688
f 7684 7685 7688
f 7683 7684 7688
f 7694 7693 7692
f 7694 7692 7691
f 7694 7691 7690
f 7694 7690 7689
f 7689 7690 7683
f 7683 7690 7684
f 7690 7691 7684
f 7684 7691 7685
f 7691 7692 7685
f 7685 7692 7686
f 7692 7693 7686
f 7686 7693 7687
f 7694 7689 7688
f 7688 7689 7683
f 7693 7694 7687
f 7687 7694 7688
f 7698 7699 7700
f 7697 7698 7700
f 7696 7697 7700
f 7695 7696 7700
f 7706 7705 7704
f 7706 7704 7703
f 7706 7703 7702
f 7706 7702 7701
f 7701 7702 7695
f 7695 7702 7696
f 7702 7703 7696
f 7696 7703 7697
f 7703 7704 7697
f 7697 7704 7698
f 7704 7705 7698
f 7698 7705 7699
f 7706 7701 7700
f 7700 7701 7695
f 7705 7706 7699
f 7699 7706 7700
f 7715 7716 7707
f 7713 7714 7715
f 7710 7711 7712
f 7709 7710 7712
f 7708 7709 7712
f 7707 7708 7712
f 7713 7715 7707
f 7712 7713 7707
f 7717 7726 7725
f 7725 7724 7723
f 7722 7721 7720
f 7722 7720 7719
f 7722 7719 7718
f 7722 7718 7717
f 7717 7725 7723
f 7717 7723 7722
f 7717 7718 7707
f 7707 7718 7708
f 7718 7719 7708
f 7708 7719 7709
f 7719 7720 7709
f 7709 7720 7710
f 7720 7721 7710
f 7710 7721 7711
f 7721 7722 7711
f 7711 7722 7712
f 7722 7723 7712
f 7712 7723 7713
f 7723 7724 7713
f 7713 7724 7714
f 7724 7725 7714
f 7714 7725 7715
f 7726 7717 7716
f 7716 7717 7707
f 7725 7726 7715
f 7715 7726 7716
f 7730 7731 7727
f 7729 7730 7727
f 7728 7729 7727
f 7732 7736 7735
f 7732 7735 7734
f 7732 7734 7733
f 7732 7733 7727
f 7727 7733 7728
f 7733 7734 7728
f 7728 7734 7729
f 7734 7735 7729
f 7729 7735 7730
f 7736 7732 7731
f 7731 7732 7727
f 7735 7736 7730
f 7730 7736 7731
f 7741 7742 7737
f 7740 7741 7737
f 7739 7740 7737
f 7738 7739 7737
f 7743 7748 7747
f 7743 7747 7746
f 7743 7746 7745
f 7743 7745 7744
f 7743 7744 7737
f 7737 7744 7738
f 7744 7745 7738
f 7738 7745 7739
f 7745 7746 7739
f 7739 7746 7740
f 7746 7747 7740
f 7740 7747 7741
f 7748 7743 7742
f 7742 7743 7737
f 7747 7748 7741
f 7741 7748 7742
f 7752 7753 7749
f 7751 7752 7749
f 7750 7751 7749
f 7754 7758 7757
f 7754 7757 7756
f 7754 7756 7755
f 7754 7755 7749
f 7749 7755 7750
f 7755 7756 7750
f 7750 7756 7751
f 7756 7757 7751
f 7751 7757 7752
f 7758 7754 7753
f 7753 7754 7749
f 7757 7758 7752
f 7752 7758 7753
f 7764 7765 7759
f 7762 7763 7764
f 7760 7761 7762
f 7759 7760 7762
f 7764 7759 7762
f 7766 7772 7771
f 7771 7770 7769
f 7769 7768 7767
f 7769 7767 7766
f 7769 7766 7771
f 7766 7767 7759
f 7759 7767 7760
f 7767 7768 7760
f 7760 7768 7761
f 7768 7769 7761
f 7761 7769 7762
f 7769 7770 7762
f 7762 7770 7763
f 7770 7771 7763
f 7763 7771 7764
f 7772 7766 7765
f 7765 7766 7759
f 7771 7772 7764
f 7764 7772 7765
f 7780 7781 7773
f 7779 7780 7773
f 7778 7779 7773
f 7777 7778 7773
f 7776 7777 7773
f 7775 7776 7773
f 7774 7775 7773
f 7782 7790 7789
f 7782 7789 7788
f 7782 7788 7787
f 7782 7787 7786
f 7782 7786 7785
f 7782 7785 7784
f 7782 7784 7783
f 7782 7783 7773
f 7773 7783 7774
f 7783 7784 7774
f 7774 7784 7775
f 7784 7785 7775
f 7775 7785 7776
f 7785 7786 7776
f 7776 7786 7777
f 7786 7787 7777
f 7777 7787 7778
f 7787 7788 7778
f 7778 7788 7779
f 7788 7789 7779
f 7779 7789 7780
f 7790 7782 7781
f 7781 7782 7773
f 7789 7790 7780
f 7780 7790 7781
f 7793 7794 7791
f 7792 7793 7791
f 7795 7798 7797
f 7795 7797 7796
f 7795 7796 7791
f 7791 7796 7792
f 7796 7797 7792
f 7792 7797 7793
f 7798 7795 7794
f 7794 7795 7791
f 7797 7798 7793
f 7793 7798 7794
f 7803 7804 7799
f 7802 7803 7799
f 7801 7802 7799
f 7800 7801 7799
f 7805 7810 7809
f 7805 7809 7808
f 7805 7808 7807
f 7805 7807 7806
f 7805 7806 7799
f 7799 7806 7800
f 7806 7807 7800
f 7800 7807 7801
f 7807 7808 7801
f 7801 7808 7802
f 7808 7809 7802
f 7802 7809 7803
f 7810 7805 7804
f 7804 7805 7799
f 7809 7810 7803
f 7803 7810 7804
f 7813 7814 7815
f 7812 7813 7815
f 7811 7812 7815
f 7820 7819 7818
f 7820 7818 7817
f 7820 7817 7816
f 7816 7817 7811
f 7811 7817 7812
f 7817 7818 7812
f 7812 7818 7813
f 7818 7819 7813
f 7813 7819 7814
f 7820 7816 7815
f 7815 7816 7811
f 7819 7820 7814
f 7814 7820 7815
f 7829 7830 7831
f 7828 7829 7831
f 7827 7828 7831
f 7825 7826 7827
f 7824 7825 7827
f 7823 7824 7827
f 7822 7823 7827
f 7821 7822 7827
f 7832 7821 7827
f 7831 7832 7827
f 7843 7842 7841
f 7843 7841 7840
f 7843 7840 7839
f 7839 7838 7837
f 7839 7837 7836
f 7839 7836 7835
f 7839 7835 7834
f 7839 7834 7833
f 7839 7833 7844
f 7839 7844 7843
f 7833 7834 7821
f 7821 7834 7822
f 7834 7835 7822
f 7822 7835 7823
f 7835 7836 7823
f 7823 7836 7824
f 7836 7837 7824
f 7824 7837 7825
f 7837 7838 7825
f 7825 7838 7826
f 7838 7839 7826
f 7826 7839 7827
f 7839 7840 7827
f 7827 7840 7828
f 7840 7841 7828
f 7828 7841 7829
f 7841 7842 7829
f 7829 7842 7830
f 7842 7843 7830
f 7830 7843 7831
f 7844 7833 7832
f 7832 7833 7821
f 7843 7844 7831
f 7831 7844 7832
f 7849 7850 7845
f 7848 7849 7845
f 7847 7848 7845
f 7846 7847 7845
f 7851 7856 7855
f 7851 7855 7854
f 7851 7854 7853
f 7851 7853 7852
f 7851 7852 7845
f 7845 7852 7846
f 7852 7853 7846
f 7846 7853 7847
f 7853 7854 7847
f 7847 7854 7848
f 7854 7855 7848
f 7848 7855 7849
f 7856 7851 7850
f 7850 7851 7845
f 7855 7856 7849
f 7849 7856 7850
f 7859 7860 7857
f 7858 7859 7857
f 7861 7864 7863
f 7861 7863 7862
f 7861 7862 7857
f 7857 7862 7858
f 7862 7863 7858
f 7858 7863 7859
f 7864 7861 7860
f 7860 7861 7857
f 7863 7864 7859
f 7859 7864 7860
f 7888 7889 7890
f 7887 7888 7890
f 7885 7886 7887
f 7883 7884 7885
f 7882 7883 7885
f 7881 7882 7885
f 7880 7881 7885
f 7879 7880 7885
f 7878 7879 7885
f 7877 7878 7885
f 7876 7877 7885
f 7875 7876 7885
f 7873 7874 7875
f 7872 7873 7875
f 7871 7872 7875
f 7870 7871 7875
f 7869 7870 7875
f 7868 7869 7875
f 7867 7868 7875
f 7866 7867 7875
f 7890 7865 7866
f 7887 7890 7866
f 7885 7887 7866
f 7875 7885 7866
f 7916 7915 7914
f 7916 7914 7913
f 7913 7912 7911
f 7911 7910 7909
f 7911 7909 7908
f 7911 7908 7907
f 7911 7907 7906
f 7911 7906 7905
f 7911 7905 7904
f 7911 7904 7903
f 7911 7903 7902
f 7911 7902 7901
f 7901 7900 7899
f 7901 7899 7898
f 7901 7898 7897
f 7901 7897 7896
f 7901 7896 7895
f 7901 7895 7894
f 7901 7894 7893
f 7901 7893 7892
f 7892 7891 7916
f 7892 7916 7913
f 7892 7913 7911
f 7892 7911 7901
f 7891 7892 7865
f 7865 7892 7866
f 7892 7893 7866
f 7866 7893 7867
f 7893 7894 7867
f 7867 7894 7868
f 7894 7895 7868
f 7868 7895 7869
f 7895 7896 7869
f 7869 7896 7870
f 7896 7897 7870
f 7870 7897 7871
f 7897 7898 7871
f 7871 7898 7872
f 7898 7899 7872
f 7872 7899 7873
f 7899 7900 7873
f 7873 7900 7874
f 7900 7901 7874
f 7874 7901 7875
f 7901 7902 7875
f 7875 7902 7876
f 7902 7903 7876
f 7876 7903 7877
f 7903 7904 7877
f 7877 7904 7878
f 7904 7905 7878
f 7878 7905 7879
f 7905 7906 7879
f 7879 7906 7880
f 7906 7907 7880
f 7880 7907 7881
f 7907 7908 7881
f 7881 7908 7882
f 7908 7909 7882
f 7882 7909 7883
f 7909 7910 7883
f 7883 7910 7884
f 7910 7911 7884
f 7884 7911 7885
f 7911 7912 7885
f 7885 7912 7886
f 7912 7913 7886
f 7886 7913 7887
f 7913 7914 7887
f 7887 7914 7888
f 7914 7915 7888
f 7888 7915 7889
f 7916 7891 7890
f 7890 7891 7865
f 7915 7916 7889
f 7889 7916 7890
f 7923 7924 7917
f 7922 7923 7917
f 7921 7922 7917
f 7920 7921 7917
f 7919 7920 7917
f 7918 7919 7917
f 7925 7932 7931
f 7925 7931 7930
f 7925 7930 7929
f 7925 7929 7928
f 7925 7928 7927
f 7925 7927 7926
f 7925 7926 7917
f 7917 7926 7918
f 7926 7927 7918
f 7918 7927 7919
f 7927 7928 7919
f 7919 7928 7920
f 7928 7929 7920
f 7920 7929 7921
f 7929 7930 7921
f 7921 7930 7922
f 7930 7931 7922
f 7922 7931 7923
f 7932 7925 7924
f 7924 7925 7917
f 7931 7932 7923
f 7923 7932 7924
f 7936 7937 7933
f 7935 7936 7933
f 7934 7935 7933
f 7938 7942 7941
f 7938 7941 7940
f 7938 7940 7939
f 7938 7939 7933
f 7933 7939 7934
f 7939 7940 7934
f 7934 7940 7935
f 7940 7941 7935
f 7935 7941 7936
f 7942 7938 7937
f 7937 7938 7933
f 7941 7942 7936
f 7936 7942 7937
f 7947 7948 7949
f 7946 7947 7949
f 7945 7946 7949
f 7944 7945 7949
f 7943 7944 7949
f 7956 7955 7954
f 7956 7954 7953
f 7956 7953 7952
f 7956 7952 7951
f 7956 7951 7950
f 7950 7951 7943
f 7943 7951 7944
f 7951 7952 7944
f 7944 7952 7945
f 7952 7953 7945
f 7945 7953 7946
f 7953 7954 7946
f 7946 7954 7947
f 7954 7955 7947
f 7947 7955 7948
f 7956 7950 7949
f 7949 7950 7943
f 7955 7956 7948
f 7948 7956 7949
f 7963 7964 7965
f 7962 7963 7965
f 7961 7962 7965
f 7959 7960 7961
f 7958 7959 7961
f 7957 7958 7961
f 7965 7957 7961
f 7974 7973 7972
f 7974 7972 7971
f 7974 7971 7970
f 7970 7969 7968
f 7970 7968 7967
f 7970 7967 7966
f 7970 7966 7974
f 7966 7967 7957
f 7957 7967 7958
f 7967 7968 7958
f 7958 7968 7959
f 7968 7969 7959
f 7959 7969 7960
f 7969 7970 7960
f 7960 7970 7961
f 7970 7971 7961
f 7961 7971 7962
f 7971 7972 7962
f 7962 7972 7963
f 7972 7973 7963
f 7963 7973 7964
f 7974 7966 7965
f 7965 7966 7957
f 7973 7974 7964
f 7964 7974 7965
f 7977 7978 7975
f 7976 7977 7975
f 7979 7982 7981
f 7979 7981 7980
f 7979 7980 7975
f 7975 7980 7976
f 7980 7981 7976
f 7976 7981 7977
f 7982 7979 7978
f 7978 7979 7975
f 7981 7982 7977
f 7977 7982 7978
f 7985 7986 7983
f 7984 7985 7983
f 7987 7990 7989
f 7987 7989 7988
f 7987 7988 7983
f 7983 7988 7984
f 7988 7989 7984
f 7984 7989 7985
f 7990 7987 7986
f 7986 7987 7983
f 7989 7990 7985
f 7985 7990 7986
f 8015 8016 8017
f 8014 8015 8017
f 8013 8014 8017
f 8012 8013 8017
f 8011 8012 8017
f 8010 8011 8017
f 8008 8009 8010
f 8007 8008 8010
f 8005 8006 8007
f 8004 8005 8007
f 8003 8004 8007
f 8002 8003 8007
f 8000 8001 8002
f 7999 8000 8002
f 7998 7999 8002
f 7997 7998 8002
f 7995 7996 7997
f 7992 7993 7994
f 7991 7992 7994
f 8017 7991 7994
f 8010 8017 7994
f 8007 8010 7994
f 7997 8002 8007
f 7995 7997 8007
f 7994 7995 8007
f 8044 8043 8042
f 8044 8042 8041
f 8044 8041 8040
f 8044 8040 8039
f 8044 8039 8038
f 8044 8038 8037
f 8037 8036 8035
f 8037 8035 8034
f 8034 8033 8032
f 8034 8032 8031
f 8034 8031 8030
f 8034 8030 8029
f 8029 8028 8027
f 8029 8027 8026
f 8029 8026 8025
f 8029 8025 8024
f 8024 8023 8022
f 8021 8020 8019
f 8021 8019 8018
f 8021 8018 8044
f 8021 8044 8037
f 8021 8037 8034
f 8034 8029 8024
f 8034 8024 8022
f 8034 8022 8021
f 8018 8019 7991
f 7991 8019 7992
f 8019 8020 7992
f 7992 8020 7993
f 8020 8021 7993
f 7993 8021 7994
f 8021 8022 7994
f 7994 8022 7995
f 8022 8023 7995
f 7995 8023 7996
f 8023 8024 7996
f 7996 8024 7997
f 8024 8025 7997
f 7997 8025 7998
f 8025 8026 7998
f 7998 8026 7999
f 8026 8027 7999
f 7999 8027 8000
f 8027 8028 8000
f 8000 8028 8001
f 8028 8029 8001
f 8001 8029 8002
f 8029 8030 8002
f 8002 8030 8003
f 8030 8031 8003
f 8003 8031 8004
f 8031 8032 8004
f 8004 8032 8005
f 8032 8033 8005
f 8005 8033 8006
f 8033 8034 8006
f 8006 8034 8007
f 8034 8035 8007
f 8007 8035 8008
f 8035 8036 8008
f 8008 8036 8009
f 8036 8037 8009
f 8009 8037 8010
f 8037 8038 8010
f 8010 8038 8011
f 8038 8039 8011
f 8011 8039 8012
f 8039 8040 8012
f 8012 8040 8013
f 8040 8041 8013
f 8013 8041 8014
f 8041 8042 8014
f 8014 8042 8015
f 8042 8043 8015
f 8015 8043 8016
f 8044 8018 8017
f 8017 8018 7991
f 8043 8044 8016
f 8016 8044 8017
f 8070 8071 8045
f 8068 8069 8070
f 8065 8066 8067
f 8064 8065 8067
f 8062 8063 8064
f 8060 8061 8062
f 8059 8060 8062
f 8058 8059 8062
f 8057 8058 8062
f 8055 8056 8057
f 8054 8055 8057
f 8052 8053 8054
f 8048 8049 8050
f 8046 8047 8048
f 8045 8046 8048
f 8070 8045 8048
f 8068 8070 8048
f 8067 8068 8048
f 8064 8067 8048
f 8062 8064 8048
f 8054 8057 8062
f 8052 8054 8062
f 8051 8052 8062
f 8050 8051 8062
f 8048 8050 8062
f 8072 8098 8097
f 8097 8096 8095
f 8094 8093 8092
f 8094 8092 8091
f 8091 8090 8089
f 8089 8088 8087
f 8089 8087 8086
f 8089 8086 8085
f 8089 8085 8084
f 8084 8083 8082
f 8084 8082 8081
f 8081 8080 8079
f 8077 8076 8075
f 8075 8074 8073
f 8075 8073 8072
f 8075 8072 8097
f 8075 8097 8095
f 8075 8095 8094
f 8075 8094 8091
f 8075 8091 8089
f 8089 8084 8081
f 8089 8081 8079
f 8089 8079 8078
f 8089 8078 8077
f 8089 8077 8075
f 8072 8073 8045
f 8045 8073 8046
f 8073 8074 8046
f 8046 8074 8047
f 8074 8075 8047
f 8047 8075 8048
f 8075 8076 8048
f 8048 8076 8049
f 8076 8077 8049
f 8049 8077 8050
f 8077 8078 8050
f 8050 8078 8051
f 8078 8079 8051
f 8051 8079 8052
f 8079 8080 8052
f 8052 8080 8053
f 8080 8081 8053
f 8053 8081 8054
f 8081 8082 8054
f 8054 8082 8055
f 8082 8083 8055
f 8055 8083 8056
f 8083 8084 8056
f 8056 8084 8057
f 8084 8085 8057
f 8057 8085 8058
f 8085 8086 8058
f 8058 8086 8059
f 8086 8087 8059
f 8059 8087 8060
f 8087 8088 8060
f 8060 8088 8061
f 8088 8089 8061
f 8061 8089 8062
f 8089 8090 8062
f 8062 8090 8063
f 8090 8091 8063
f 8063 8091 8064
f 8091 8092 8064
f 8064 8092 8065
f 8092 8093 8065
f 8065 8093 8066
f 8093 8094 8066
f 8066 8094 8067
f 8094 8095 8067
f 8067 8095 8068
f 8095 8096 8068
f 8068 8096 8069
f 8096 8097 8069
f 8069 8097 8070
f 8098 8072 8071
f 8071 8072 8045
f 8097 8098 8070
f 8070 8098 8071

