{
  "type": "FeatureCollection",
  "features": [
    {
      "type": "Feature",
      "id": "e0a8da87-812d-4d12-a6de-c05015e4afc7",
      "properties": {
        "id": "e0a8da87-812d-4d12-a6de-c05015e4afc7",
        "names": {
          "primary": "LIC Oriental Building",
          "common": null,
          "rules": [
            {
              "variant": "alternate",
              "language": null,
              "perspectives": null,
              "value": "Oriental Building",
              "between": null,
              "side": null
            }
          ]
        },
        "sources": [
          {
            "property": "",
            "dataset": "OpenStreetMap",
            "license": "ODbL-1.0",
            "record_id": "w182486682@10",
            "update_time": "2026-01-15T17:48:14.000Z",
            "confidence": null,
            "between": null,
            "provider": "osm",
            "resource": "planet",
            "version": "2026-09-06T00:00:00.000Z"
          }
        ],
        "level": null,
        "height": null,
        "min_height": null,
        "is_underground": false,
        "num_floors": 3,
        "num_floors_underground": null,
        "min_floor": null,
        "subtype": "commercial",
        "class": "office",
        "facade_color": null,
        "facade_material": "stone",
        "roof_material": null,
        "roof_shape": "hipped",
        "roof_direction": null,
        "roof_orientation": null,
        "roof_color": null,
        "roof_height": null,
        "has_parts": false,
        "version": 3,
        "bbox": {
          "xmin": 77.60176849365234,
          "xmax": 77.60200500488281,
          "ymin": 12.975934028625488,
          "ymax": 12.976415634155273
        }
      },
      "geometry": {
        "type": "Polygon",
        "coordinates": [
          [
            [
              77.6020016,
              12.9763972
            ],
            [
              77.6019308,
              12.9764139
            ],
            [
              77.6018811,
              12.9763802
            ],
            [
              77.601859,
              12.9762888
            ],
            [
              77.6018697,
              12.9762858
            ],
            [
              77.6018089,
              12.9760467
            ],
            [
              77.601801,
              12.9760493
            ],
            [
              77.6017761,
              12.9759632
            ],
            [
              77.6018856,
              12.9759341
            ],
            [
              77.6020016,
              12.9763972
            ]
          ]
        ]
      }
    },
    {
      "type": "Feature",
      "id": "cc4d2583-69fe-4749-a0b6-6bc2740a4997",
      "properties": {
        "id": "cc4d2583-69fe-4749-a0b6-6bc2740a4997",
        "names": null,
        "sources": [
          {
            "property": "",
            "dataset": "OpenStreetMap",
            "license": "ODbL-1.0",
            "record_id": "w1384492967@3",
            "update_time": "2026-08-18T13:20:50.000Z",
            "confidence": null,
            "between": null,
            "provider": "osm",
            "resource": "planet",
            "version": "2026-09-06T00:00:00.000Z"
          }
        ],
        "level": null,
        "height": null,
        "min_height": null,
        "is_underground": false,
        "num_floors": 2,
        "num_floors_underground": null,
        "min_floor": null,
        "subtype": "commercial",
        "class": "commercial",
        "facade_color": null,
        "facade_material": null,
        "roof_material": null,
        "roof_shape": null,
        "roof_direction": null,
        "roof_orientation": null,
        "roof_color": null,
        "roof_height": null,
        "has_parts": false,
        "version": 2,
        "bbox": {
          "xmin": 77.60218048095703,
          "xmax": 77.60230255126953,
          "ymin": 12.976030349731445,
          "ymax": 12.976217269897461
        }
      },
      "geometry": {
        "type": "Polygon",
        "coordinates": [
          [
            [
              77.6022908,
              12.9760307
            ],
            [
              77.6022962,
              12.9762136
            ],
            [
              77.6022352,
              12.9762169
            ],
            [
              77.6021875,
              12.9760339
            ],
            [
              77.6022908,
              12.9760307
            ]
          ]
        ]
      }
    },
    {
      "type": "Feature",
      "id": "6d6bbb17-ea3f-41fb-b24c-61e460d1826d",
      "properties": {
        "id": "6d6bbb17-ea3f-41fb-b24c-61e460d1826d",
        "names": {
          "primary": "Coir Bhavan",
          "common": null,
          "rules": null
        },
        "sources": [
          {
            "property": "",
            "dataset": "OpenStreetMap",
            "license": "ODbL-1.0",
            "record_id": "w372508007@3",
            "update_time": "2024-08-18T06:54:48.000Z",
            "confidence": null,
            "between": null,
            "provider": "osm",
            "resource": "planet",
            "version": "2026-09-06T00:00:00.000Z"
          }
        ],
        "level": null,
        "height": null,
        "min_height": null,
        "is_underground": false,
        "num_floors": 2,
        "num_floors_underground": null,
        "min_floor": null,
        "subtype": "commercial",
        "class": "commercial",
        "facade_color": null,
        "facade_material": null,
        "roof_material": null,
        "roof_shape": null,
        "roof_direction": null,
        "roof_orientation": null,
        "roof_color": null,
        "roof_height": null,
        "has_parts": false,
        "version": 1,
        "bbox": {
          "xmin": 77.60198211669922,
          "xmax": 77.60221099853516,
          "ymin": 12.975923538208008,
          "ymax": 12.976279258728027
        }
      },
      "geometry": {
        "type": "Polygon",
        "coordinates": [
          [
            [
              77.6020804,
              12.9762775
            ],
            [
              77.6019892,
              12.9759591
            ],
            [
              77.6021181,
              12.975924
            ],
            [
              77.6022092,
              12.9762424
            ],
            [
              77.6020804,
              12.9762775
            ]
          ]
        ]
      }
    },
    {
      "type": "Feature",
      "id": "21367c1a-bd7b-443d-97d6-02a9087f3b6f",
      "properties": {
        "id": "21367c1a-bd7b-443d-97d6-02a9087f3b6f",
        "names": null,
        "sources": [
          {
            "property": "",
            "dataset": "OpenStreetMap",
            "license": "ODbL-1.0",
            "record_id": "w327542018@3",
            "update_time": "2025-05-08T14:20:38.000Z",
            "confidence": null,
            "between": null,
            "provider": "osm",
            "resource": "planet",
            "version": "2026-09-06T00:00:00.000Z"
          }
        ],
        "level": null,
        "height": null,
        "min_height": null,
        "is_underground": false,
        "num_floors": null,
        "num_floors_underground": null,
        "min_floor": null,
        "subtype": "commercial",
        "class": "commercial",
        "facade_color": null,
        "facade_material": null,
        "roof_material": null,
        "roof_shape": null,
        "roof_direction": null,
        "roof_orientation": null,
        "roof_color": null,
        "roof_height": null,
        "has_parts": false,
        "version": 1,
        "bbox": {
          "xmin": 77.6021499633789,
          "xmax": 77.6023178100586,
          "ymin": 12.975835800170898,
          "ymax": 12.976030349731445
        }
      },
      "geometry": {
        "type": "Polygon",
        "coordinates": [
          [
            [
              77.6021557,
              12.9758686
            ],
            [
              77.6022894,
              12.975836
            ],
            [
              77.6023075,
              12.975906
            ],
            [
              77.6023039,
              12.9759069
            ],
            [
              77.6023135,
              12.9759444
            ],
            [
              77.6023019,
              12.9759473
            ],
            [
              77.6023125,
              12.9759886
            ],
            [
              77.6023158,
              12.9760014
            ],
            [
              77.6021973,
              12.9760303
            ],
            [
              77.6021557,
              12.9758686
            ]
          ]
        ]
      }
    },
    {
      "type": "Feature",
      "id": "0bfa3bd2-8304-4bc5-97bd-501fc20d59f5",
      "properties": {
        "id": "0bfa3bd2-8304-4bc5-97bd-501fc20d59f5",
        "names": null,
        "sources": [
          {
            "property": "",
            "dataset": "OpenStreetMap",
            "license": "ODbL-1.0",
            "record_id": "w1550571387@1",
            "update_time": "2026-08-18T13:20:50.000Z",
            "confidence": null,
            "between": null,
            "provider": "osm",
            "resource": "planet",
            "version": "2026-09-06T00:00:00.000Z"
          }
        ],
        "level": null,
        "height": null,
        "min_height": null,
        "is_underground": false,
        "num_floors": null,
        "num_floors_underground": null,
        "min_floor": null,
        "subtype": null,
        "class": null,
        "facade_color": null,
        "facade_material": null,
        "roof_material": null,
        "roof_shape": null,
        "roof_direction": null,
        "roof_orientation": null,
        "roof_color": null,
        "roof_height": null,
        "has_parts": false,
        "version": 1,
        "bbox": {
          "xmin": 77.60231018066406,
          "xmax": 77.60244750976562,
          "ymin": 12.975984573364258,
          "ymax": 12.976245880126953
        }
      },
      "geometry": {
        "type": "Polygon",
        "coordinates": [
          [
            [
              77.6024445,
              12.976242
            ],
            [
              77.6023268,
              12.9762441
            ],
            [
              77.6023221,
              12.975987
            ],
            [
              77.6024398,
              12.9759849
            ],
            [
              77.6024445,
              12.976242
            ]
          ]
        ]
      }
    },
    {
      "type": "Feature",
      "id": "229e7349-2ffd-41bc-b459-a7e26cf63394",
      "properties": {
        "id": "229e7349-2ffd-41bc-b459-a7e26cf63394",
        "names": null,
        "sources": [
          {
            "property": "",
            "dataset": "OpenStreetMap",
            "license": "ODbL-1.0",
            "record_id": "w327534052@5",
            "update_time": "2026-01-03T04:44:12.000Z",
            "confidence": null,
            "between": null,
            "provider": "osm",
            "resource": "planet",
            "version": "2026-09-06T00:00:00.000Z"
          }
        ],
        "level": null,
        "height": null,
        "min_height": null,
        "is_underground": false,
        "num_floors": 2,
        "num_floors_underground": null,
        "min_floor": null,
        "subtype": "commercial",
        "class": "commercial",
        "facade_color": null,
        "facade_material": "stone",
        "roof_material": null,
        "roof_shape": null,
        "roof_direction": null,
        "roof_orientation": null,
        "roof_color": null,
        "roof_height": null,
        "has_parts": false,
        "version": 2,
        "bbox": {
          "xmin": 77.60270690917969,
          "xmax": 77.60295867919922,
          "ymin": 12.97603988647461,
          "ymax": 12.976236343383789
        }
      },
      "geometry": {
        "type": "Polygon",
        "coordinates": [
          [
            [
              77.6029582,
              12.9761851
            ],
            [
              77.602709,
              12.9762345
            ],
            [
              77.6027142,
              12.9760839
            ],
            [
              77.6029283,
              12.9760416
            ],
            [
              77.6029582,
              12.9761851
            ]
          ]
        ]
      }
    },
    {
      "type": "Feature",
      "id": "9c810512-cc8a-42f8-8cf6-f75a4d27bc0e",
      "properties": {
        "id": "9c810512-cc8a-42f8-8cf6-f75a4d27bc0e",
        "names": null,
        "sources": [
          {
            "property": "",
            "dataset": "OpenStreetMap",
            "license": "ODbL-1.0",
            "record_id": "w372503377@4",
            "update_time": "2026-01-02T08:48:19.000Z",
            "confidence": null,
            "between": null,
            "provider": "osm",
            "resource": "planet",
            "version": "2026-09-06T00:00:00.000Z"
          }
        ],
        "level": null,
        "height": null,
        "min_height": null,
        "is_underground": false,
        "num_floors": 7,
        "num_floors_underground": null,
        "min_floor": null,
        "subtype": "commercial",
        "class": "commercial",
        "facade_color": null,
        "facade_material": null,
        "roof_material": null,
        "roof_shape": null,
        "roof_direction": null,
        "roof_orientation": null,
        "roof_color": null,
        "roof_height": null,
        "has_parts": false,
        "version": 2,
        "bbox": {
          "xmin": 77.60256958007812,
          "xmax": 77.60269927978516,
          "ymin": 12.975997924804688,
          "ymax": 12.976229667663574
        }
      },
      "geometry": {
        "type": "Polygon",
        "coordinates": [
          [
            [
              77.6025909,
              12.9762251
            ],
            [
              77.6025813,
              12.9762127
            ],
            [
              77.6025932,
              12.9759998
            ],
            [
              77.6026868,
              12.9760038
            ],
            [
              77.6026724,
              12.9762292
            ],
            [
              77.6025909,
              12.9762251
            ]
          ]
        ]
      }
    },
    {
      "type": "Feature",
      "id": "e97c68cb-7cb7-4015-8c6e-3363fcc1e28e",
      "properties": {
        "id": "e97c68cb-7cb7-4015-8c6e-3363fcc1e28e",
        "names": null,
        "sources": [
          {
            "property": "",
            "dataset": "OpenStreetMap",
            "license": "ODbL-1.0",
            "record_id": "w372503632@3",
            "update_time": "2026-08-18T13:20:50.000Z",
            "confidence": null,
            "between": null,
            "provider": "osm",
            "resource": "planet",
            "version": "2026-09-06T00:00:00.000Z"
          }
        ],
        "level": null,
        "height": null,
        "min_height": null,
        "is_underground": false,
        "num_floors": 2,
        "num_floors_underground": null,
        "min_floor": null,
        "subtype": "commercial",
        "class": "commercial",
        "facade_color": null,
        "facade_material": "stone",
        "roof_material": null,
        "roof_shape": null,
        "roof_direction": null,
        "roof_orientation": null,
        "roof_color": null,
        "roof_height": null,
        "has_parts": false,
        "version": 2,
        "bbox": {
          "xmin": 77.60295104980469,
          "xmax": 77.60308074951172,
          "ymin": 12.97602653503418,
          "ymax": 12.976175308227539
        }
      },
      "geometry": {
        "type": "Polygon",
        "coordinates": [
          [
            [
              77.6029586,
              12.9760448
            ],
            [
              77.6030525,
              12.9760266
            ],
            [
              77.603079,
              12.9761567
            ],
            [
              77.6029851,
              12.9761749
            ],
            [
              77.6029586,
              12.9760448
            ]
          ]
        ]
      }
    },
    {
      "type": "Feature",
      "id": "73dfce7d-f27d-4fd1-aee3-d69c142e39dc",
      "properties": {
        "id": "73dfce7d-f27d-4fd1-aee3-d69c142e39dc",
        "names": null,
        "sources": [
          {
            "property": "",
            "dataset": "Microsoft ML Buildings",
            "license": "ODbL-1.0",
            "record_id": null,
            "update_time": null,
            "confidence": null,
            "between": null,
            "provider": "microsoft",
            "resource": "ml_buildings",
            "version": "2026-08-11"
          }
        ],
        "level": null,
        "height": null,
        "min_height": null,
        "is_underground": false,
        "num_floors": null,
        "num_floors_underground": null,
        "min_floor": null,
        "subtype": null,
        "class": null,
        "facade_color": null,
        "facade_material": null,
        "roof_material": null,
        "roof_shape": null,
        "roof_direction": null,
        "roof_orientation": null,
        "roof_color": null,
        "roof_height": null,
        "has_parts": false,
        "version": 1,
        "bbox": {
          "xmin": 77.6029281616211,
          "xmax": 77.60302734375,
          "ymin": 12.975954055786133,
          "ymax": 12.976017951965332
        }
      },
      "geometry": {
        "type": "Polygon",
        "coordinates": [
          [
            [
              77.6030154,
              12.9760069
            ],
            [
              77.602942,
              12.9760178
            ],
            [
              77.602934,
              12.9759668
            ],
            [
              77.6030074,
              12.9759558
            ],
            [
              77.6030154,
              12.9760069
            ]
          ]
        ]
      }
    },
    {
      "type": "Feature",
      "id": "23af1e50-9635-4a55-9017-0fd60bcd9384",
      "properties": {
        "id": "23af1e50-9635-4a55-9017-0fd60bcd9384",
        "names": null,
        "sources": [
          {
            "property": "",
            "dataset": "OpenStreetMap",
            "license": "ODbL-1.0",
            "record_id": "w327534041@7",
            "update_time": "2026-01-03T04:44:12.000Z",
            "confidence": null,
            "between": null,
            "provider": "osm",
            "resource": "planet",
            "version": "2026-09-06T00:00:00.000Z"
          }
        ],
        "level": null,
        "height": null,
        "min_height": null,
        "is_underground": false,
        "num_floors": 6,
        "num_floors_underground": null,
        "min_floor": null,
        "subtype": "commercial",
        "class": "commercial",
        "facade_color": null,
        "facade_material": null,
        "roof_material": null,
        "roof_shape": null,
        "roof_direction": null,
        "roof_orientation": null,
        "roof_color": null,
        "roof_height": null,
        "has_parts": false,
        "version": 1,
        "bbox": {
          "xmin": 77.60306549072266,
          "xmax": 77.6034164428711,
          "ymin": 12.97586441040039,
          "ymax": 12.976109504699707
        }
      },
      "geometry": {
        "type": "Polygon",
        "coordinates": [
          [
            [
              77.6031029,
              12.9761078
            ],
            [
              77.60309,
              12.9760605
            ],
            [
              77.6031049,
              12.9760555
            ],
            [
              77.6030727,
              12.975928
            ],
            [
              77.6033546,
              12.9758648
            ],
            [
              77.6033853,
              12.9759881
            ],
            [
              77.6034012,
              12.9759851
            ],
            [
              77.6034128,
              12.9760374
            ],
            [
              77.6033639,
              12.9760374
            ],
            [
              77.603273,
              12.9760431
            ],
            [
              77.6031728,
              12.9760737
            ],
            [
              77.6031029,
              12.9761078
            ]
          ]
        ]
      }
    },
    {
      "type": "Feature",
      "id": "a6c7269b-d0d4-4ac0-a565-93b96208f26a",
      "properties": {
        "id": "a6c7269b-d0d4-4ac0-a565-93b96208f26a",
        "names": null,
        "sources": [
          {
            "property": "",
            "dataset": "OpenStreetMap",
            "license": "ODbL-1.0",
            "record_id": "w327534055@3",
            "update_time": "2025-05-08T04:01:46.000Z",
            "confidence": null,
            "between": null,
            "provider": "osm",
            "resource": "planet",
            "version": "2026-09-06T00:00:00.000Z"
          }
        ],
        "level": null,
        "height": null,
        "min_height": null,
        "is_underground": false,
        "num_floors": 3,
        "num_floors_underground": null,
        "min_floor": null,
        "subtype": "commercial",
        "class": "commercial",
        "facade_color": null,
        "facade_material": null,
        "roof_material": null,
        "roof_shape": null,
        "roof_direction": null,
        "roof_orientation": null,
        "roof_color": null,
        "roof_height": null,
        "has_parts": false,
        "version": 1,
        "bbox": {
          "xmin": 77.60337829589844,
          "xmax": 77.60346984863281,
          "ymin": 12.975854873657227,
          "ymax": 12.976064682006836
        }
      },
      "geometry": {
        "type": "Polygon",
        "coordinates": [
          [
            [
              77.6034226,
              12.9760645
            ],
            [
              77.6033795,
              12.9758647
            ],
            [
              77.6034193,
              12.9758566
            ],
            [
              77.6034624,
              12.9760564
            ],
            [
              77.6034226,
              12.9760645
            ]
          ]
        ]
      }
    },
    {
      "type": "Feature",
      "id": "2fbfd93c-704f-4403-9c04-45cfc477cbd8",
      "properties": {
        "id": "2fbfd93c-704f-4403-9c04-45cfc477cbd8",
        "names": {
          "primary": "Kannan Building",
          "common": [
            [
              "kn",
              "ಕಣ್ಣನ್ ಕಟ್ಟಡ"
            ]
          ],
          "rules": [
            {
              "variant": "alternate",
              "language": null,
              "perspectives": null,
              "value": "K Center",
              "between": null,
              "side": null
            }
          ]
        },
        "sources": [
          {
            "property": "",
            "dataset": "OpenStreetMap",
            "license": "ODbL-1.0",
            "record_id": "w320711088@7",
            "update_time": "2024-08-19T05:21:20.000Z",
            "confidence": null,
            "between": null,
            "provider": "osm",
            "resource": "planet",
            "version": "2026-09-06T00:00:00.000Z"
          }
        ],
        "level": null,
        "height": null,
        "min_height": null,
        "is_underground": false,
        "num_floors": 3,
        "num_floors_underground": null,
        "min_floor": null,
        "subtype": "commercial",
        "class": "commercial",
        "facade_color": null,
        "facade_material": null,
        "roof_material": null,
        "roof_shape": null,
        "roof_direction": null,
        "roof_orientation": null,
        "roof_color": null,
        "roof_height": null,
        "has_parts": false,
        "version": 1,
        "bbox": {
          "xmin": 77.60346984863281,
          "xmax": 77.60394287109375,
          "ymin": 12.975826263427734,
          "ymax": 12.976034164428711
        }
      },
      "geometry": {
        "type": "Polygon",
        "coordinates": [
          [
            [
              77.6034914,
              12.9759603
            ],
            [
              77.6034825,
              12.9759209
            ],
            [
              77.6039133,
              12.9758279
            ],
            [
              77.6039393,
              12.975942
            ],
            [
              77.6035208,
              12.9760323
            ],
            [
              77.6035038,
              12.9759576
            ],
            [
              77.6034914,
              12.9759603
            ]
          ]
        ]
      }
    },
    {
      "type": "Feature",
      "id": "aa6369b5-6c67-419a-8b97-1024834a83b6",
      "properties": {
        "id": "aa6369b5-6c67-419a-8b97-1024834a83b6",
        "names": null,
        "sources": [
          {
            "property": "",
            "dataset": "OpenStreetMap",
            "license": "ODbL-1.0",
            "record_id": "w1308720286@2",
            "update_time": "2025-02-24T05:39:33.000Z",
            "confidence": null,
            "between": null,
            "provider": "osm",
            "resource": "planet",
            "version": "2026-09-06T00:00:00.000Z"
          }
        ],
        "level": null,
        "height": null,
        "min_height": null,
        "is_underground": false,
        "num_floors": null,
        "num_floors_underground": null,
        "min_floor": null,
        "subtype": null,
        "class": null,
        "facade_color": null,
        "facade_material": null,
        "roof_material": null,
        "roof_shape": null,
        "roof_direction": null,
        "roof_orientation": null,
        "roof_color": null,
        "roof_height": null,
        "has_parts": false,
        "version": 1,
        "bbox": {
          "xmin": 77.60260009765625,
          "xmax": 77.60614013671875,
          "ymin": 12.975702285766602,
          "ymax": 12.976594924926758
        }
      },
      "geometry": {
        "type": "Polygon",
        "coordinates": [
          [
            [
              77.6061084,
              12.9757024
            ],
            [
              77.6061277,
              12.9757783
            ],
            [
              77.6046874,
              12.9761127
            ],
            [
              77.6046223,
              12.9761279
            ],
            [
              77.6026122,
              12.9765949
            ],
            [
              77.6026022,
              12.9765493
            ],
            [
              77.6031438,
              12.9764126
            ],
            [
              77.6034221,
              12.9763464
            ],
            [
              77.6037293,
              12.9762754
            ],
            [
              77.6040555,
              12.9761984
            ],
            [
              77.6043133,
              12.9761398
            ],
            [
              77.6045777,
              12.9760741
            ],
            [
              77.605134,
              12.9759331
            ],
            [
              77.6061084,
              12.9757024
            ]
          ]
        ]
      }
    },
    {
      "type": "Feature",
      "id": "21e7ac98-724a-48a1-bd8e-86527a0ab7d2",
      "properties": {
        "id": "21e7ac98-724a-48a1-bd8e-86527a0ab7d2",
        "names": null,
        "sources": [
          {
            "property": "",
            "dataset": "OpenStreetMap",
            "license": "ODbL-1.0",
            "record_id": "w1308720293@1",
            "update_time": "2024-08-19T03:12:00.000Z",
            "confidence": null,
            "between": null,
            "provider": "osm",
            "resource": "planet",
            "version": "2026-09-06T00:00:00.000Z"
          }
        ],
        "level": 2,
        "height": null,
        "min_height": null,
        "is_underground": false,
        "num_floors": null,
        "num_floors_underground": null,
        "min_floor": null,
        "subtype": "civic",
        "class": "shelter",
        "facade_color": null,
        "facade_material": null,
        "roof_material": null,
        "roof_shape": null,
        "roof_direction": null,
        "roof_orientation": null,
        "roof_color": null,
        "roof_height": null,
        "has_parts": false,
        "version": 2,
        "bbox": {
          "xmin": 77.60460662841797,
          "xmax": 77.60469055175781,
          "ymin": 12.976070404052734,
          "ymax": 12.976129531860352
        }
      },
      "geometry": {
        "type": "Polygon",
        "coordinates": [
          [
            [
              77.6046874,
              12.9761127
            ],
            [
              77.6046223,
              12.9761279
            ],
            [
              77.6046139,
              12.9760876
            ],
            [
              77.6046771,
              12.9760721
            ],
            [
              77.6046874,
              12.9761127
            ]
          ]
        ]
      }
    },
    {
      "type": "Feature",
      "id": "fa8ca778-359e-4ee8-bf86-d85185707ca2",
      "properties": {
        "id": "fa8ca778-359e-4ee8-bf86-d85185707ca2",
        "names": null,
        "sources": [
          {
            "property": "",
            "dataset": "OpenStreetMap",
            "license": "ODbL-1.0",
            "record_id": "w327535540@1",
            "update_time": "2015-02-11T07:29:48.000Z",
            "confidence": null,
            "between": null,
            "provider": "osm",
            "resource": "planet",
            "version": "2026-09-06T00:00:00.000Z"
          }
        ],
        "level": null,
        "height": null,
        "min_height": null,
        "is_underground": false,
        "num_floors": null,
        "num_floors_underground": null,
        "min_floor": null,
        "subtype": null,
        "class": null,
        "facade_color": null,
        "facade_material": null,
        "roof_material": null,
        "roof_shape": null,
        "roof_direction": null,
        "roof_orientation": null,
        "roof_color": null,
        "roof_height": null,
        "has_parts": false,
        "version": 1,
        "bbox": {
          "xmin": 77.60499572753906,
          "xmax": 77.60526275634766,
          "ymin": 12.976880073547363,
          "ymax": 12.97738265991211
        }
      },
      "geometry": {
        "type": "Polygon",
        "coordinates": [
          [
            [
              77.6052565,
              12.9773502
            ],
            [
              77.6051488,
              12.9773824
            ],
            [
              77.6050013,
              12.9769141
            ],
            [
              77.605109,
              12.9768818
            ],
            [
              77.6052565,
              12.9773502
            ]
          ]
        ]
      }
    },
    {
      "type": "Feature",
      "id": "b4c8315c-4bc6-45d6-bcd8-7505cd69a8ad",
      "properties": {
        "id": "b4c8315c-4bc6-45d6-bcd8-7505cd69a8ad",
        "names": null,
        "sources": [
          {
            "property": "",
            "dataset": "Google Open Buildings",
            "license": null,
            "record_id": "7J4VXJG4+M27X",
            "update_time": "2023-05-01T00:00:00.000Z",
            "confidence": 0.7775,
            "between": null,
            "provider": "google",
            "resource": "open_buildings",
            "version": "2024-04-16"
          }
        ],
        "level": null,
        "height": null,
        "min_height": null,
        "is_underground": false,
        "num_floors": null,
        "num_floors_underground": null,
        "min_floor": null,
        "subtype": null,
        "class": null,
        "facade_color": null,
        "facade_material": null,
        "roof_material": null,
        "roof_shape": null,
        "roof_direction": null,
        "roof_orientation": null,
        "roof_color": null,
        "roof_height": null,
        "has_parts": false,
        "version": 1,
        "bbox": {
          "xmin": 77.60501861572266,
          "xmax": 77.60509490966797,
          "ymin": 12.976644515991211,
          "ymax": 12.976704597473145
        }
      },
      "geometry": {
        "type": "Polygon",
        "coordinates": [
          [
            [
              77.6050566,
              12.976646
            ],
            [
              77.6050879,
              12.9766808
            ],
            [
              77.6050621,
              12.9767031
            ],
            [
              77.6050308,
              12.9766683
            ],
            [
              77.6050566,
              12.976646
            ]
          ]
        ]
      }
    },
    {
      "type": "Feature",
      "id": "2223843b-7ba2-4a17-914b-b596c9c6e5da",
      "properties": {
        "id": "2223843b-7ba2-4a17-914b-b596c9c6e5da",
        "names": null,
        "sources": [
          {
            "property": "",
            "dataset": "Google Open Buildings",
            "license": null,
            "record_id": "7J4VXJG4+P376",
            "update_time": "2023-05-01T00:00:00.000Z",
            "confidence": 0.7703,
            "between": null,
            "provider": "google",
            "resource": "open_buildings",
            "version": "2024-04-16"
          }
        ],
        "level": null,
        "height": null,
        "min_height": null,
        "is_underground": false,
        "num_floors": null,
        "num_floors_underground": null,
        "min_floor": null,
        "subtype": null,
        "class": null,
        "facade_color": null,
        "facade_material": null,
        "roof_material": null,
        "roof_shape": null,
        "roof_direction": null,
        "roof_orientation": null,
        "roof_color": null,
        "roof_height": null,
        "has_parts": false,
        "version": 1,
        "bbox": {
          "xmin": 77.60511016845703,
          "xmax": 77.60521697998047,
          "ymin": 12.976731300354004,
          "ymax": 12.976838111877441
        }
      },
      "geometry": {
        "type": "Polygon",
        "coordinates": [
          [
            [
              77.605176,
              12.9767331
            ],
            [
              77.6052161,
              12.9767984
            ],
            [
              77.6051513,
              12.9768366
            ],
            [
              77.6051112,
              12.9767713
            ],
            [
              77.605176,
              12.9767331
            ]
          ]
        ]
      }
    },
    {
      "type": "Feature",
      "id": "331490a1-8def-49aa-9a36-e10e6af9bf35",
      "properties": {
        "id": "331490a1-8def-49aa-9a36-e10e6af9bf35",
        "names": null,
        "sources": [
          {
            "property": "",
            "dataset": "Google Open Buildings",
            "license": null,
            "record_id": "7J4VXJG4+P427",
            "update_time": "2023-05-01T00:00:00.000Z",
            "confidence": 0.8389,
            "between": null,
            "provider": "google",
            "resource": "open_buildings",
            "version": "2024-04-16"
          }
        ],
        "level": null,
        "height": null,
        "min_height": null,
        "is_underground": false,
        "num_floors": null,
        "num_floors_underground": null,
        "min_floor": null,
        "subtype": null,
        "class": null,
        "facade_color": null,
        "facade_material": null,
        "roof_material": null,
        "roof_shape": null,
        "roof_direction": null,
        "roof_orientation": null,
        "roof_color": null,
        "roof_height": null,
        "has_parts": false,
        "version": 1,
        "bbox": {
          "xmin": 77.60520935058594,
          "xmax": 77.60531616210938,
          "ymin": 12.976710319519043,
          "ymax": 12.976801872253418
        }
      },
      "geometry": {
        "type": "Polygon",
        "coordinates": [
          [
            [
              77.6052811,
              12.9767119
            ],
            [
              77.6053041,
              12.9767786
            ],
            [
              77.6052355,
              12.9768014
            ],
            [
              77.6052124,
              12.9767346
            ],
            [
              77.6052811,
              12.9767119
            ]
          ]
        ]
      }
    },
    {
      "type": "Feature",
      "id": "1570d613-60ea-41d2-9b3c-28e670d8979a",
      "properties": {
        "id": "1570d613-60ea-41d2-9b3c-28e670d8979a",
        "names": null,
        "sources": [
          {
            "property": "",
            "dataset": "Google Open Buildings",
            "license": null,
            "record_id": "7J4VXJG4+C8X6",
            "update_time": "2023-05-01T00:00:00.000Z",
            "confidence": 0.7191,
            "between": null,
            "provider": "google",
            "resource": "open_buildings",
            "version": "2024-04-16"
          }
        ],
        "level": null,
        "height": null,
        "min_height": null,
        "is_underground": false,
        "num_floors": null,
        "num_floors_underground": null,
        "min_floor": null,
        "subtype": null,
        "class": null,
        "facade_color": null,
        "facade_material": null,
        "roof_material": null,
        "roof_shape": null,
        "roof_direction": null,
        "roof_orientation": null,
        "roof_color": null,
        "roof_height": null,
        "has_parts": false,
        "version": 1,
        "bbox": {
          "xmin": 77.60578155517578,
          "xmax": 77.60591125488281,
          "ymin": 12.976057052612305,
          "ymax": 12.976153373718262
        }
      },
      "geometry": {
        "type": "Polygon",
        "coordinates": [
          [
            [
              77.605885,
              12.9760585
            ],
            [
              77.6059057,
              12.9761209
            ],
            [
              77.6058057,
              12.9761529
            ],
            [
              77.605785,
              12.9760905
            ],
            [
              77.605885,
              12.9760585
            ]
          ]
        ]
      }
    },
    {
      "type": "Feature",
      "id": "dc959d1e-bdeb-4c62-bf8d-e29e387e9d20",
      "properties": {
        "id": "dc959d1e-bdeb-4c62-bf8d-e29e387e9d20",
        "names": null,
        "sources": [
          {
            "property": "",
            "dataset": "Google Open Buildings",
            "license": null,
            "record_id": "7J4VXJG4+CCCV",
            "update_time": "2023-05-01T00:00:00.000Z",
            "confidence": 0.8538,
            "between": null,
            "provider": "google",
            "resource": "open_buildings",
            "version": "2024-04-16"
          }
        ],
        "level": null,
        "height": null,
        "min_height": null,
        "is_underground": false,
        "num_floors": null,
        "num_floors_underground": null,
        "min_floor": null,
        "subtype": null,
        "class": null,
        "facade_color": null,
        "facade_material": null,
        "roof_material": null,
        "roof_shape": null,
        "roof_direction": null,
        "roof_orientation": null,
        "roof_color": null,
        "roof_height": null,
        "has_parts": false,
        "version": 1,
        "bbox": {
          "xmin": 77.60595703125,
          "xmax": 77.6060791015625,
          "ymin": 12.976040840148926,
          "ymax": 12.976107597351074
        }
      },
      "geometry": {
        "type": "Polygon",
        "coordinates": [
          [
            [
              77.606056,
              12.9760425
            ],
            [
              77.6060675,
              12.9760802
            ],
            [
              77.6059751,
              12.9761073
            ],
            [
              77.6059637,
              12.9760696
            ],
            [
              77.606056,
              12.9760425
            ]
          ]
        ]
      }
    },
    {
      "type": "Feature",
      "id": "9694ab17-7e0a-462b-8090-826a851802db",
      "properties": {
        "id": "9694ab17-7e0a-462b-8090-826a851802db",
        "names": null,
        "sources": [
          {
            "property": "",
            "dataset": "Google Open Buildings",
            "license": null,
            "record_id": "7J4VXJG4+CF8M",
            "update_time": "2023-05-01T00:00:00.000Z",
            "confidence": 0.6998,
            "between": null,
            "provider": "google",
            "resource": "open_buildings",
            "version": "2024-04-16"
          }
        ],
        "level": null,
        "height": null,
        "min_height": null,
        "is_underground": false,
        "num_floors": null,
        "num_floors_underground": null,
        "min_floor": null,
        "subtype": null,
        "class": null,
        "facade_color": null,
        "facade_material": null,
        "roof_material": null,
        "roof_shape": null,
        "roof_direction": null,
        "roof_orientation": null,
        "roof_color": null,
        "roof_height": null,
        "has_parts": false,
        "version": 1,
        "bbox": {
          "xmin": 77.6061019897461,
          "xmax": 77.6063003540039,
          "ymin": 12.975972175598145,
          "ymax": 12.97611141204834
        }
      },
      "geometry": {
        "type": "Polygon",
        "coordinates": [
          [
            [
              77.6062619,
              12.975974
            ],
            [
              77.6062881,
              12.976067
            ],
            [
              77.6061299,
              12.9761099
            ],
            [
              77.6061037,
              12.976017
            ],
            [
              77.6062619,
              12.975974
            ]
          ]
        ]
      }
    },
    {
      "type": "Feature",
      "id": "e862c635-0e18-41af-8c1a-70dc08978a60",
      "properties": {
        "id": "e862c635-0e18-41af-8c1a-70dc08978a60",
        "names": null,
        "sources": [
          {
            "property": "",
            "dataset": "Google Open Buildings",
            "license": null,
            "record_id": "7J4VXJG4+2XCQ",
            "update_time": "2023-05-01T00:00:00.000Z",
            "confidence": 0.7504,
            "between": null,
            "provider": "google",
            "resource": "open_buildings",
            "version": "2024-04-16"
          }
        ],
        "level": null,
        "height": null,
        "min_height": null,
        "is_underground": false,
        "num_floors": null,
        "num_floors_underground": null,
        "min_floor": null,
        "subtype": null,
        "class": null,
        "facade_color": null,
        "facade_material": null,
        "roof_material": null,
        "roof_shape": null,
        "roof_direction": null,
        "roof_orientation": null,
        "roof_color": null,
        "roof_height": null,
        "has_parts": false,
        "version": 2,
        "bbox": {
          "xmin": 77.60736846923828,
          "xmax": 77.60743713378906,
          "ymin": 12.9750337600708,
          "ymax": 12.97510051727295
        }
      },
      "geometry": {
        "type": "Polygon",
        "coordinates": [
          [
            [
              77.6074233,
              12.9750356
            ],
            [
              77.6074362,
              12.9750888
            ],
            [
              77.607387,
              12.9751003
            ],
            [
              77.6073741,
              12.9750471
            ],
            [
              77.6074233,
              12.9750356
            ]
          ]
        ]
      }
    },
    {
      "type": "Feature",
      "id": "96d01673-f77a-415d-8cfa-631b0b2283f2",
      "properties": {
        "id": "96d01673-f77a-415d-8cfa-631b0b2283f2",
        "names": null,
        "sources": [
          {
            "property": "",
            "dataset": "OpenStreetMap",
            "license": "ODbL-1.0",
            "record_id": "w1284657938@2",
            "update_time": "2024-12-17T17:16:48.000Z",
            "confidence": null,
            "between": null,
            "provider": "osm",
            "resource": "planet",
            "version": "2026-09-06T00:00:00.000Z"
          }
        ],
        "level": null,
        "height": null,
        "min_height": null,
        "is_underground": false,
        "num_floors": null,
        "num_floors_underground": null,
        "min_floor": null,
        "subtype": "commercial",
        "class": "commercial",
        "facade_color": null,
        "facade_material": null,
        "roof_material": null,
        "roof_shape": null,
        "roof_direction": null,
        "roof_orientation": null,
        "roof_color": null,
        "roof_height": null,
        "has_parts": false,
        "version": 1,
        "bbox": {
          "xmin": 77.60702514648438,
          "xmax": 77.60720825195312,
          "ymin": 12.97492790222168,
          "ymax": 12.975172996520996
        }
      },
      "geometry": {
        "type": "Polygon",
        "coordinates": [
          [
            [
              77.6072074,
              12.9751441
            ],
            [
              77.6070903,
              12.9751715
            ],
            [
              77.6070375,
              12.9749572
            ],
            [
              77.6071546,
              12.9749298
            ],
            [
              77.6072074,
              12.9751441
            ]
          ]
        ]
      }
    },
    {
      "type": "Feature",
      "id": "27fc0df0-69c3-410f-b1db-76b6bc75db05",
      "properties": {
        "id": "27fc0df0-69c3-410f-b1db-76b6bc75db05",
        "names": null,
        "sources": [
          {
            "property": "",
            "dataset": "OpenStreetMap",
            "license": "ODbL-1.0",
            "record_id": "w327534045@4",
            "update_time": "2024-12-17T17:16:48.000Z",
            "confidence": null,
            "between": null,
            "provider": "osm",
            "resource": "planet",
            "version": "2026-09-06T00:00:00.000Z"
          }
        ],
        "level": null,
        "height": null,
        "min_height": null,
        "is_underground": false,
        "num_floors": 5,
        "num_floors_underground": null,
        "min_floor": null,
        "subtype": "commercial",
        "class": "commercial",
        "facade_color": null,
        "facade_material": null,
        "roof_material": null,
        "roof_shape": null,
        "roof_direction": null,
        "roof_orientation": null,
        "roof_color": null,
        "roof_height": null,
        "has_parts": false,
        "version": 1,
        "bbox": {
          "xmin": 77.60713958740234,
          "xmax": 77.60735321044922,
          "ymin": 12.974889755249023,
          "ymax": 12.975144386291504
        }
      },
      "geometry": {
        "type": "Polygon",
        "coordinates": [
          [
            [
              77.6071546,
              12.9749298
            ],
            [
              77.6071526,
              12.9749216
            ],
            [
              77.6072882,
              12.97489
            ],
            [
              77.6073466,
              12.9751127
            ],
            [
              77.6072074,
              12.9751441
            ],
            [
              77.6071546,
              12.9749298
            ]
          ]
        ]
      }
    },
    {
      "type": "Feature",
      "id": "3875bd17-9ce5-4f7b-b750-a5cd2be4cac8",
      "properties": {
        "id": "3875bd17-9ce5-4f7b-b750-a5cd2be4cac8",
        "names": {
          "primary": "The Pavilion",
          "common": null,
          "rules": null
        },
        "sources": [
          {
            "property": "",
            "dataset": "OpenStreetMap",
            "license": "ODbL-1.0",
            "record_id": "w327534056@6",
            "update_time": "2026-01-12T05:30:39.000Z",
            "confidence": null,
            "between": null,
            "provider": "osm",
            "resource": "planet",
            "version": "2026-09-06T00:00:00.000Z"
          }
        ],
        "level": null,
        "height": null,
        "min_height": null,
        "is_underground": false,
        "num_floors": 6,
        "num_floors_underground": null,
        "min_floor": null,
        "subtype": "commercial",
        "class": "commercial",
        "facade_color": null,
        "facade_material": null,
        "roof_material": null,
        "roof_shape": null,
        "roof_direction": null,
        "roof_orientation": null,
        "roof_color": null,
        "roof_height": null,
        "has_parts": false,
        "version": 2,
        "bbox": {
          "xmin": 77.60685729980469,
          "xmax": 77.6073226928711,
          "ymin": 12.974538803100586,
          "ymax": 12.974881172180176
        }
      },
      "geometry": {
        "type": "Polygon",
        "coordinates": [
          [
            [
              77.6069182,
              12.9748766
            ],
            [
              77.6068584,
              12.9746352
            ],
            [
              77.6069882,
              12.9746047
            ],
            [
              77.6069989,
              12.9745987
            ],
            [
              77.6070209,
              12.9745882
            ],
            [
              77.6070348,
              12.9745836
            ],
            [
              77.6070564,
              12.9745771
            ],
            [
              77.6070809,
              12.9745717
            ],
            [
              77.607101,
              12.9745696
            ],
            [
              77.6071195,
              12.9745699
            ],
            [
              77.6071379,
              12.9745695
            ],
            [
              77.6072611,
              12.9745405
            ],
            [
              77.6073199,
              12.9747779
            ],
            [
              77.6072876,
              12.9747855
            ],
            [
              77.6072917,
              12.9748021
            ],
            [
              77.6071623,
              12.9748326
            ],
            [
              77.6071602,
              12.9748241
            ],
            [
              77.6070812,
              12.9748427
            ],
            [
              77.6070833,
              12.9748511
            ],
            [
              77.6069557,
              12.9748811
            ],
            [
              77.6069526,
              12.9748685
            ],
            [
              77.6069182,
              12.9748766
            ]
          ]
        ]
      }
    },
    {
      "type": "Feature",
      "id": "7cdd716e-d308-4365-88ec-0dfa1bcfe9e0",
      "properties": {
        "id": "7cdd716e-d308-4365-88ec-0dfa1bcfe9e0",
        "names": null,
        "sources": [
          {
            "property": "",
            "dataset": "OpenStreetMap",
            "license": "ODbL-1.0",
            "record_id": "w327534068@5",
            "update_time": "2026-01-12T05:30:39.000Z",
            "confidence": null,
            "between": null,
            "provider": "osm",
            "resource": "planet",
            "version": "2026-09-06T00:00:00.000Z"
          }
        ],
        "level": null,
        "height": null,
        "min_height": null,
        "is_underground": false,
        "num_floors": 4,
        "num_floors_underground": null,
        "min_floor": null,
        "subtype": "commercial",
        "class": "commercial",
        "facade_color": null,
        "facade_material": null,
        "roof_material": null,
        "roof_shape": null,
        "roof_direction": null,
        "roof_orientation": null,
        "roof_color": null,
        "roof_height": null,
        "has_parts": false,
        "version": 2,
        "bbox": {
          "xmin": 77.60741424560547,
          "xmax": 77.60771942138672,
          "ymin": 12.974772453308105,
          "ymax": 12.975064277648926
        }
      },
      "geometry": {
        "type": "Polygon",
        "coordinates": [
          [
            [
              77.6074778,
              12.9750639
            ],
            [
              77.6074166,
              12.9748317
            ],
            [
              77.6075046,
              12.9748097
            ],
            [
              77.6074984,
              12.9747854
            ],
            [
              77.6075447,
              12.9747739
            ],
            [
              77.607551,
              12.9747981
            ],
            [
              77.6076437,
              12.974775
            ],
            [
              77.607684,
              12.9749288
            ],
            [
              77.6076945,
              12.9749262
            ],
            [
              77.6077191,
              12.9750201
            ],
            [
              77.6075936,
              12.9750513
            ],
            [
              77.6075795,
              12.974996
            ],
            [
              77.6074778,
              12.9750639
            ]
          ]
        ]
      }
    },
    {
      "type": "Feature",
      "id": "d6054974-3a34-4012-a64e-e427942e3193",
      "properties": {
        "id": "d6054974-3a34-4012-a64e-e427942e3193",
        "names": {
          "primary": "Prestige RR",
          "common": null,
          "rules": null
        },
        "sources": [
          {
            "property": "",
            "dataset": "OpenStreetMap",
            "license": "ODbL-1.0",
            "record_id": "w327534054@4",
            "update_time": "2026-01-12T05:30:39.000Z",
            "confidence": null,
            "between": null,
            "provider": "osm",
            "resource": "planet",
            "version": "2026-09-06T00:00:00.000Z"
          }
        ],
        "level": null,
        "height": null,
        "min_height": null,
        "is_underground": false,
        "num_floors": 5,
        "num_floors_underground": null,
        "min_floor": null,
        "subtype": "commercial",
        "class": "commercial",
        "facade_color": null,
        "facade_material": null,
        "roof_material": null,
        "roof_shape": null,
        "roof_direction": null,
        "roof_orientation": null,
        "roof_color": null,
        "roof_height": null,
        "has_parts": false,
        "version": 2,
        "bbox": {
          "xmin": 77.60729217529297,
          "xmax": 77.6075210571289,
          "ymin": 12.974477767944336,
          "ymax": 12.97469711303711
        }
      },
      "geometry": {
        "type": "Polygon",
        "coordinates": [
          [
            [
              77.6073506,
              12.9746954
            ],
            [
              77.6073048,
              12.9745189
            ],
            [
              77.6074696,
              12.9744782
            ],
            [
              77.6075155,
              12.9746547
            ],
            [
              77.6073506,
              12.9746954
            ]
          ]
        ]
      }
    },
    {
      "type": "Feature",
      "id": "bcd32c61-1c86-428b-9938-d96a87e5fc6a",
      "properties": {
        "id": "bcd32c61-1c86-428b-9938-d96a87e5fc6a",
        "names": null,
        "sources": [
          {
            "property": "",
            "dataset": "OpenStreetMap",
            "license": "ODbL-1.0",
            "record_id": "w349698923@3",
            "update_time": "2026-01-12T05:30:39.000Z",
            "confidence": null,
            "between": null,
            "provider": "osm",
            "resource": "planet",
            "version": "2026-09-06T00:00:00.000Z"
          }
        ],
        "level": null,
        "height": null,
        "min_height": null,
        "is_underground": false,
        "num_floors": 4,
        "num_floors_underground": null,
        "min_floor": null,
        "subtype": "commercial",
        "class": "commercial",
        "facade_color": null,
        "facade_material": null,
        "roof_material": null,
        "roof_shape": null,
        "roof_direction": null,
        "roof_orientation": null,
        "roof_color": null,
        "roof_height": null,
        "has_parts": false,
        "version": 2,
        "bbox": {
          "xmin": 77.60712432861328,
          "xmax": 77.60726165771484,
          "ymin": 12.974237442016602,
          "ymax": 12.974403381347656
        }
      },
      "geometry": {
        "type": "Polygon",
        "coordinates": [
          [
            [
              77.6072604,
              12.9743778
            ],
            [
              77.6071635,
              12.9744018
            ],
            [
              77.6071269,
              12.9742617
            ],
            [
              77.6072238,
              12.9742377
            ],
            [
              77.6072604,
              12.9743778
            ]
          ]
        ]
      }
    },
    {
      "type": "Feature",
      "id": "4682b123-3c61-4ad1-b2fc-3806f896ea5a",
      "properties": {
        "id": "4682b123-3c61-4ad1-b2fc-3806f896ea5a",
        "names": null,
        "sources": [
          {
            "property": "",
            "dataset": "OpenStreetMap",
            "license": "ODbL-1.0",
            "record_id": "w1304116275@2",
            "update_time": "2026-01-12T05:30:39.000Z",
            "confidence": null,
            "between": null,
            "provider": "osm",
            "resource": "planet",
            "version": "2026-09-06T00:00:00.000Z"
          }
        ],
        "level": null,
        "height": null,
        "min_height": null,
        "is_underground": false,
        "num_floors": 2,
        "num_floors_underground": null,
        "min_floor": null,
        "subtype": "commercial",
        "class": "commercial",
        "facade_color": null,
        "facade_material": null,
        "roof_material": null,
        "roof_shape": null,
        "roof_direction": null,
        "roof_orientation": null,
        "roof_color": null,
        "roof_height": null,
        "has_parts": false,
        "version": 2,
        "bbox": {
          "xmin": 77.60723114013672,
          "xmax": 77.60733032226562,
          "ymin": 12.974222183227539,
          "ymax": 12.974376678466797
        }
      },
      "geometry": {
        "type": "Polygon",
        "coordinates": [
          [
            [
              77.6073282,
              12.9743639
            ],
            [
              77.607277,
              12.9743752
            ],
            [
              77.6072441,
              12.9742339
            ],
            [
              77.6072953,
              12.9742225
            ],
            [
              77.6073282,
              12.9743639
            ]
          ]
        ]
      }
    },
    {
      "type": "Feature",
      "id": "c9093240-9e65-45f5-a0e4-cc2cfafc3a14",
      "properties": {
        "id": "c9093240-9e65-45f5-a0e4-cc2cfafc3a14",
        "names": null,
        "sources": [
          {
            "property": "",
            "dataset": "OpenStreetMap",
            "license": "ODbL-1.0",
            "record_id": "w349698871@1",
            "update_time": "2025-05-09T13:52:56.000Z",
            "confidence": null,
            "between": null,
            "provider": "osm",
            "resource": "planet",
            "version": "2026-09-06T00:00:00.000Z"
          }
        ],
        "level": null,
        "height": null,
        "min_height": null,
        "is_underground": false,
        "num_floors": null,
        "num_floors_underground": null,
        "min_floor": null,
        "subtype": null,
        "class": null,
        "facade_color": null,
        "facade_material": null,
        "roof_material": null,
        "roof_shape": null,
        "roof_direction": null,
        "roof_orientation": null,
        "roof_color": null,
        "roof_height": null,
        "has_parts": false,
        "version": 1,
        "bbox": {
          "xmin": 77.60707092285156,
          "xmax": 77.60723114013672,
          "ymin": 12.974010467529297,
          "ymax": 12.974255561828613
        }
      },
      "geometry": {
        "type": "Polygon",
        "coordinates": [
          [
            [
              77.6072283,
              12.974232
            ],
            [
              77.6071238,
              12.9742551
            ],
            [
              77.6070726,
              12.9740353
            ],
            [
              77.6071771,
              12.9740121
            ],
            [
              77.6072283,
              12.974232
            ]
          ]
        ]
      }
    },
    {
      "type": "Feature",
      "id": "dcf97aa2-d2b2-4493-9651-cf0ea2eb8fdf",
      "properties": {
        "id": "dcf97aa2-d2b2-4493-9651-cf0ea2eb8fdf",
        "names": null,
        "sources": [
          {
            "property": "",
            "dataset": "OpenStreetMap",
            "license": "ODbL-1.0",
            "record_id": "w1304116274@2",
            "update_time": "2025-05-09T13:52:56.000Z",
            "confidence": null,
            "between": null,
            "provider": "osm",
            "resource": "planet",
            "version": "2026-09-06T00:00:00.000Z"
          }
        ],
        "level": null,
        "height": null,
        "min_height": null,
        "is_underground": false,
        "num_floors": null,
        "num_floors_underground": null,
        "min_floor": null,
        "subtype": null,
        "class": null,
        "facade_color": null,
        "facade_material": null,
        "roof_material": null,
        "roof_shape": null,
        "roof_direction": null,
        "roof_orientation": null,
        "roof_color": null,
        "roof_height": null,
        "has_parts": false,
        "version": 1,
        "bbox": {
          "xmin": 77.60718536376953,
          "xmax": 77.60734558105469,
          "ymin": 12.974008560180664,
          "ymax": 12.974226951599121
        }
      },
      "geometry": {
        "type": "Polygon",
        "coordinates": [
          [
            [
              77.6073445,
              12.9741999
            ],
            [
              77.6072303,
              12.9742252
            ],
            [
              77.607186,
              12.9740354
            ],
            [
              77.6073002,
              12.9740101
            ],
            [
              77.6073445,
              12.9741999
            ]
          ]
        ]
      }
    },
    {
      "type": "Feature",
      "id": "5031f416-1d63-4ec8-bbc6-7a0f67fcfc84",
      "properties": {
        "id": "5031f416-1d63-4ec8-bbc6-7a0f67fcfc84",
        "names": null,
        "sources": [
          {
            "property": "",
            "dataset": "OpenStreetMap",
            "license": "ODbL-1.0",
            "record_id": "w1304116273@1",
            "update_time": "2024-07-27T17:24:19.000Z",
            "confidence": null,
            "between": null,
            "provider": "osm",
            "resource": "planet",
            "version": "2026-09-06T00:00:00.000Z"
          }
        ],
        "level": null,
        "height": null,
        "min_height": null,
        "is_underground": false,
        "num_floors": null,
        "num_floors_underground": null,
        "min_floor": null,
        "subtype": null,
        "class": null,
        "facade_color": null,
        "facade_material": null,
        "roof_material": null,
        "roof_shape": null,
        "roof_direction": null,
        "roof_orientation": null,
        "roof_color": null,
        "roof_height": null,
        "has_parts": false,
        "version": 1,
        "bbox": {
          "xmin": 77.60730743408203,
          "xmax": 77.60740661621094,
          "ymin": 12.973998069763184,
          "ymax": 12.974092483520508
        }
      },
      "geometry": {
        "type": "Polygon",
        "coordinates": [
          [
            [
              77.6073945,
              12.9740781
            ],
            [
              77.6073381,
              12.9740906
            ],
            [
              77.6073198,
              12.9740123
            ],
            [
              77.6073763,
              12.9739998
            ],
            [
              77.6073945,
              12.9740781
            ]
          ]
        ]
      }
    },
    {
      "type": "Feature",
      "id": "6bdebb2f-733d-47c1-ad7d-05dda3ab8017",
      "properties": {
        "id": "6bdebb2f-733d-47c1-ad7d-05dda3ab8017",
        "names": null,
        "sources": [
          {
            "property": "",
            "dataset": "OpenStreetMap",
            "license": "ODbL-1.0",
            "record_id": "w349698876@2",
            "update_time": "2026-01-12T05:30:39.000Z",
            "confidence": null,
            "between": null,
            "provider": "osm",
            "resource": "planet",
            "version": "2026-09-06T00:00:00.000Z"
          }
        ],
        "level": null,
        "height": null,
        "min_height": null,
        "is_underground": false,
        "num_floors": 2,
        "num_floors_underground": null,
        "min_floor": null,
        "subtype": "commercial",
        "class": "commercial",
        "facade_color": null,
        "facade_material": null,
        "roof_material": null,
        "roof_shape": null,
        "roof_direction": null,
        "roof_orientation": null,
        "roof_color": null,
        "roof_height": null,
        "has_parts": false,
        "version": 2,
        "bbox": {
          "xmin": 77.60729217529297,
          "xmax": 77.60746765136719,
          "ymin": 12.974210739135742,
          "ymax": 12.97436809539795
        }
      },
      "geometry": {
        "type": "Polygon",
        "coordinates": [
          [
            [
              77.6074649,
              12.9743338
            ],
            [
              77.6073327,
              12.9743664
            ],
            [
              77.6073052,
              12.97424
            ],
            [
              77.6074381,
              12.9742126
            ],
            [
              77.6074649,
              12.9743338
            ]
          ]
        ]
      }
    },
    {
      "type": "Feature",
      "id": "c034458e-9e3f-4ae0-b068-4aee1d100feb",
      "properties": {
        "id": "c034458e-9e3f-4ae0-b068-4aee1d100feb",
        "names": {
          "primary": "Glenand Building",
          "common": null,
          "rules": null
        },
        "sources": [
          {
            "property": "",
            "dataset": "OpenStreetMap",
            "license": "ODbL-1.0",
            "record_id": "w349698894@3",
            "update_time": "2026-01-12T05:30:39.000Z",
            "confidence": null,
            "between": null,
            "provider": "osm",
            "resource": "planet",
            "version": "2026-09-06T00:00:00.000Z"
          }
        ],
        "level": null,
        "height": null,
        "min_height": null,
        "is_underground": false,
        "num_floors": 2,
        "num_floors_underground": null,
        "min_floor": null,
        "subtype": "commercial",
        "class": "commercial",
        "facade_color": null,
        "facade_material": null,
        "roof_material": null,
        "roof_shape": null,
        "roof_direction": null,
        "roof_orientation": null,
        "roof_color": null,
        "roof_height": null,
        "has_parts": false,
        "version": 2,
        "bbox": {
          "xmin": 77.60737609863281,
          "xmax": 77.6076431274414,
          "ymin": 12.973953247070312,
          "ymax": 12.974333763122559
        }
      },
      "geometry": {
        "type": "Polygon",
        "coordinates": [
          [
            [
              77.6074738,
              12.9743321
            ],
            [
              77.6073891,
              12.9739896
            ],
            [
              77.6075426,
              12.9739536
            ],
            [
              77.6076358,
              12.9742703
            ],
            [
              77.6076149,
              12.9742973
            ],
            [
              77.6074738,
              12.9743321
            ]
          ]
        ]
      }
    },
    {
      "type": "Feature",
      "id": "fd3c390a-9587-4a3c-8e27-17c6a8566e50",
      "properties": {
        "id": "fd3c390a-9587-4a3c-8e27-17c6a8566e50",
        "names": null,
        "sources": [
          {
            "property": "",
            "dataset": "OpenStreetMap",
            "license": "ODbL-1.0",
            "record_id": "w349698913@5",
            "update_time": "2026-01-23T10:34:17.000Z",
            "confidence": null,
            "between": null,
            "provider": "osm",
            "resource": "planet",
            "version": "2026-09-06T00:00:00.000Z"
          }
        ],
        "level": null,
        "height": null,
        "min_height": null,
        "is_underground": false,
        "num_floors": 2,
        "num_floors_underground": null,
        "min_floor": null,
        "subtype": "commercial",
        "class": "commercial",
        "facade_color": null,
        "facade_material": null,
        "roof_material": null,
        "roof_shape": null,
        "roof_direction": null,
        "roof_orientation": null,
        "roof_color": null,
        "roof_height": null,
        "has_parts": false,
        "version": 2,
        "bbox": {
          "xmin": 77.60730743408203,
          "xmax": 77.60755157470703,
          "ymin": 12.973653793334961,
          "ymax": 12.973966598510742
        }
      },
      "geometry": {
        "type": "Polygon",
        "coordinates": [
          [
            [
              77.6074732,
              12.9739388
            ],
            [
              77.6073845,
              12.9739612
            ],
            [
              77.6073086,
              12.9736931
            ],
            [
              77.6074499,
              12.9736556
            ],
            [
              77.6074658,
              12.9736558
            ],
            [
              77.6074793,
              12.9736626
            ],
            [
              77.6074893,
              12.9736724
            ],
            [
              77.6074954,
              12.9736841
            ],
            [
              77.6074983,
              12.9737012
            ],
            [
              77.607495,
              12.9737146
            ],
            [
              77.607488,
              12.9737231
            ],
            [
              77.6074763,
              12.9737286
            ],
            [
              77.6075084,
              12.9738521
            ],
            [
              77.6075292,
              12.97386
            ],
            [
              77.6075416,
              12.9738727
            ],
            [
              77.607545,
              12.9738835
            ],
            [
              77.607546,
              12.9738956
            ],
            [
              77.6075426,
              12.9739149
            ],
            [
              77.6075334,
              12.9739234
            ],
            [
              77.607527,
              12.9739274
            ],
            [
              77.607535,
              12.9739499
            ],
            [
              77.6074794,
              12.9739651
            ],
            [
              77.6074732,
              12.9739388
            ]
          ]
        ]
      }
    },
    {
      "type": "Feature",
      "id": "bfb1773e-af9f-42c7-afe7-540b0fdf7093",
      "properties": {
        "id": "bfb1773e-af9f-42c7-afe7-540b0fdf7093",
        "names": null,
        "sources": [
          {
            "property": "",
            "dataset": "OpenStreetMap",
            "license": "ODbL-1.0",
            "record_id": "w1385089162@1",
            "update_time": "2025-05-09T13:52:56.000Z",
            "confidence": null,
            "between": null,
            "provider": "osm",
            "resource": "planet",
            "version": "2026-09-06T00:00:00.000Z"
          }
        ],
        "level": null,
        "height": null,
        "min_height": null,
        "is_underground": false,
        "num_floors": null,
        "num_floors_underground": null,
        "min_floor": null,
        "subtype": null,
        "class": null,
        "facade_color": null,
        "facade_material": null,
        "roof_material": null,
        "roof_shape": null,
        "roof_direction": null,
        "roof_orientation": null,
        "roof_color": null,
        "roof_height": null,
        "has_parts": false,
        "version": 1,
        "bbox": {
          "xmin": 77.60708618164062,
          "xmax": 77.60719299316406,
          "ymin": 12.973742485046387,
          "ymax": 12.973872184753418
        }
      },
      "geometry": {
        "type": "Polygon",
        "coordinates": [
          [
            [
              77.6071807,
              12.9738554
            ],
            [
              77.6071162,
              12.9738719
            ],
            [
              77.6070863,
              12.9737607
            ],
            [
              77.6071508,
              12.9737442
            ],
            [
              77.6071807,
              12.9738554
            ]
          ]
        ]
      }
    },
    {
      "type": "Feature",
      "id": "ce4078ae-adc1-4161-806e-60a35bcf1965",
      "properties": {
        "id": "ce4078ae-adc1-4161-806e-60a35bcf1965",
        "names": null,
        "sources": [
          {
            "property": "",
            "dataset": "OpenStreetMap",
            "license": "ODbL-1.0",
            "record_id": "w349698925@1",
            "update_time": "2015-05-29T06:04:23.000Z",
            "confidence": null,
            "between": null,
            "provider": "osm",
            "resource": "planet",
            "version": "2026-09-06T00:00:00.000Z"
          }
        ],
        "level": null,
        "height": null,
        "min_height": null,
        "is_underground": false,
        "num_floors": null,
        "num_floors_underground": null,
        "min_floor": null,
        "subtype": null,
        "class": null,
        "facade_color": null,
        "facade_material": null,
        "roof_material": null,
        "roof_shape": null,
        "roof_direction": null,
        "roof_orientation": null,
        "roof_color": null,
        "roof_height": null,
        "has_parts": false,
        "version": 1,
        "bbox": {
          "xmin": 77.60716247558594,
          "xmax": 77.60730743408203,
          "ymin": 12.973705291748047,
          "ymax": 12.973814964294434
        }
      },
      "geometry": {
        "type": "Polygon",
        "coordinates": [
          [
            [
              77.6072944,
              12.9737892
            ],
            [
              77.6071988,
              12.9738145
            ],
            [
              77.6071755,
              12.9737308
            ],
            [
              77.6072711,
              12.9737056
            ],
            [
              77.6072944,
              12.9737892
            ]
          ]
        ]
      }
    },
    {
      "type": "Feature",
      "id": "601a3fc9-e88d-465a-b1bd-7cc144143699",
      "properties": {
        "id": "601a3fc9-e88d-465a-b1bd-7cc144143699",
        "names": null,
        "sources": [
          {
            "property": "",
            "dataset": "OpenStreetMap",
            "license": "ODbL-1.0",
            "record_id": "w1466955061@1",
            "update_time": "2026-01-14T05:35:05.000Z",
            "confidence": null,
            "between": null,
            "provider": "osm",
            "resource": "planet",
            "version": "2026-09-06T00:00:00.000Z"
          }
        ],
        "level": null,
        "height": null,
        "min_height": null,
        "is_underground": false,
        "num_floors": null,
        "num_floors_underground": null,
        "min_floor": null,
        "subtype": null,
        "class": null,
        "facade_color": null,
        "facade_material": null,
        "roof_material": null,
        "roof_shape": null,
        "roof_direction": null,
        "roof_orientation": null,
        "roof_color": null,
        "roof_height": null,
        "has_parts": false,
        "version": 1,
        "bbox": {
          "xmin": 77.60726165771484,
          "xmax": 77.60733795166016,
          "ymin": 12.973692893981934,
          "ymax": 12.973790168762207
        }
      },
      "geometry": {
        "type": "Polygon",
        "coordinates": [
          [
            [
              77.6073308,
              12.9737799
            ],
            [
              77.6072977,
              12.9737884
            ],
            [
              77.6072743,
              12.9737016
            ],
            [
              77.6073074,
              12.9736931
            ],
            [
              77.6073308,
              12.9737799
            ]
          ]
        ]
      }
    },
    {
      "type": "Feature",
      "id": "2c6118dd-afb2-41f8-b380-8fc1ca4e7cbd",
      "properties": {
        "id": "2c6118dd-afb2-41f8-b380-8fc1ca4e7cbd",
        "names": null,
        "sources": [
          {
            "property": "",
            "dataset": "OpenStreetMap",
            "license": "ODbL-1.0",
            "record_id": "w349698864@3",
            "update_time": "2024-07-27T17:24:19.000Z",
            "confidence": null,
            "between": null,
            "provider": "osm",
            "resource": "planet",
            "version": "2026-09-06T00:00:00.000Z"
          }
        ],
        "level": null,
        "height": null,
        "min_height": null,
        "is_underground": false,
        "num_floors": 5,
        "num_floors_underground": null,
        "min_floor": null,
        "subtype": "commercial",
        "class": "commercial",
        "facade_color": null,
        "facade_material": null,
        "roof_material": null,
        "roof_shape": null,
        "roof_direction": null,
        "roof_orientation": null,
        "roof_color": null,
        "roof_height": null,
        "has_parts": false,
        "version": 1,
        "bbox": {
          "xmin": 77.60721588134766,
          "xmax": 77.607421875,
          "ymin": 12.973501205444336,
          "ymax": 12.973631858825684
        }
      },
      "geometry": {
        "type": "Polygon",
        "coordinates": [
          [
            [
              77.6072275,
              12.9735449
            ],
            [
              77.6073881,
              12.9735015
            ],
            [
              77.6074181,
              12.9735867
            ],
            [
              77.6072531,
              12.9736316
            ],
            [
              77.6072275,
              12.9735449
            ]
          ]
        ]
      }
    },
    {
      "type": "Feature",
      "id": "accc0636-00f2-45c3-ab9c-5ae6b7eefb60",
      "properties": {
        "id": "accc0636-00f2-45c3-ab9c-5ae6b7eefb60",
        "names": null,
        "sources": [
          {
            "property": "",
            "dataset": "OpenStreetMap",
            "license": "ODbL-1.0",
            "record_id": "w349698963@3",
            "update_time": "2025-11-08T06:57:15.000Z",
            "confidence": null,
            "between": null,
            "provider": "osm",
            "resource": "planet",
            "version": "2026-09-06T00:00:00.000Z"
          }
        ],
        "level": null,
        "height": null,
        "min_height": null,
        "is_underground": false,
        "num_floors": null,
        "num_floors_underground": null,
        "min_floor": null,
        "subtype": "commercial",
        "class": "commercial",
        "facade_color": null,
        "facade_material": null,
        "roof_material": null,
        "roof_shape": null,
        "roof_direction": null,
        "roof_orientation": null,
        "roof_color": null,
        "roof_height": null,
        "has_parts": false,
        "version": 3,
        "bbox": {
          "xmin": 77.60702514648438,
          "xmax": 77.60717010498047,
          "ymin": 12.97346305847168,
          "ymax": 12.973640441894531
        }
      },
      "geometry": {
        "type": "Polygon",
        "coordinates": [
          [
            [
              77.6071582,
              12.9736208
            ],
            [
              77.6070548,
              12.9736389
            ],
            [
              77.6070259,
              12.9734829
            ],
            [
              77.6071293,
              12.9734647
            ],
            [
              77.6071582,
              12.9736208
            ]
          ]
        ]
      }
    },
    {
      "type": "Feature",
      "id": "466877bc-228c-4308-a7f9-a2a209c21f6a",
      "properties": {
        "id": "466877bc-228c-4308-a7f9-a2a209c21f6a",
        "names": null,
        "sources": [
          {
            "property": "",
            "dataset": "OpenStreetMap",
            "license": "ODbL-1.0",
            "record_id": "w1281995555@3",
            "update_time": "2026-01-14T05:35:05.000Z",
            "confidence": null,
            "between": null,
            "provider": "osm",
            "resource": "planet",
            "version": "2026-09-06T00:00:00.000Z"
          }
        ],
        "level": null,
        "height": null,
        "min_height": null,
        "is_underground": false,
        "num_floors": 4,
        "num_floors_underground": null,
        "min_floor": null,
        "subtype": "commercial",
        "class": "commercial",
        "facade_color": null,
        "facade_material": null,
        "roof_material": null,
        "roof_shape": null,
        "roof_direction": null,
        "roof_orientation": null,
        "roof_color": null,
        "roof_height": null,
        "has_parts": false,
        "version": 2,
        "bbox": {
          "xmin": 77.60712432861328,
          "xmax": 77.60739135742188,
          "ymin": 12.973170280456543,
          "ymax": 12.97354507446289
        }
      },
      "geometry": {
        "type": "Polygon",
        "coordinates": [
          [
            [
              77.6072816,
              12.9731721
            ],
            [
              77.6073881,
              12.9735015
            ],
            [
              77.6072275,
              12.9735449
            ],
            [
              77.6071358,
              12.9732497
            ],
            [
              77.6071885,
              12.9731948
            ],
            [
              77.6072816,
              12.9731721
            ]
          ]
        ]
      }
    },
    {
      "type": "Feature",
      "id": "a581494e-c24e-4cb3-80b0-be715c7d4628",
      "properties": {
        "id": "a581494e-c24e-4cb3-80b0-be715c7d4628",
        "names": null,
        "sources": [
          {
            "property": "",
            "dataset": "Google Open Buildings",
            "license": null,
            "record_id": "7J4VXJF3+CW2W",
            "update_time": "2023-05-01T00:00:00.000Z",
            "confidence": 0.776,
            "between": null,
            "provider": "google",
            "resource": "open_buildings",
            "version": "2024-04-16"
          }
        ],
        "level": null,
        "height": null,
        "min_height": null,
        "is_underground": false,
        "num_floors": null,
        "num_floors_underground": null,
        "min_floor": null,
        "subtype": null,
        "class": null,
        "facade_color": null,
        "facade_material": null,
        "roof_material": null,
        "roof_shape": null,
        "roof_direction": null,
        "roof_orientation": null,
        "roof_color": null,
        "roof_height": null,
        "has_parts": false,
        "version": 1,
        "bbox": {
          "xmin": 77.60472869873047,
          "xmax": 77.60481262207031,
          "ymin": 12.973484992980957,
          "ymax": 12.97356128692627
        }
      },
      "geometry": {
        "type": "Polygon",
        "coordinates": [
          [
            [
              77.6047861,
              12.9734854
            ],
            [
              77.6048116,
              12.9735255
            ],
            [
              77.6047557,
              12.9735596
            ],
            [
              77.6047302,
              12.9735194
            ],
            [
              77.6047861,
              12.9734854
            ]
          ]
        ]
      }
    },
    {
      "type": "Feature",
      "id": "9bf996a2-2165-4d41-9b9e-d357ab3c3b07",
      "properties": {
        "id": "9bf996a2-2165-4d41-9b9e-d357ab3c3b07",
        "names": null,
        "sources": [
          {
            "property": "",
            "dataset": "OpenStreetMap",
            "license": "ODbL-1.0",
            "record_id": "w1035562481@1",
            "update_time": "2022-02-27T06:03:22.000Z",
            "confidence": null,
            "between": null,
            "provider": "osm",
            "resource": "planet",
            "version": "2026-09-06T00:00:00.000Z"
          }
        ],
        "level": null,
        "height": null,
        "min_height": null,
        "is_underground": false,
        "num_floors": null,
        "num_floors_underground": null,
        "min_floor": null,
        "subtype": null,
        "class": null,
        "facade_color": null,
        "facade_material": null,
        "roof_material": null,
        "roof_shape": null,
        "roof_direction": null,
        "roof_orientation": null,
        "roof_color": null,
        "roof_height": null,
        "has_parts": false,
        "version": 1,
        "bbox": {
          "xmin": 77.60485076904297,
          "xmax": 77.60511779785156,
          "ymin": 12.9735746383667,
          "ymax": 12.973912239074707
        }
      },
      "geometry": {
        "type": "Polygon",
        "coordinates": [
          [
            [
              77.6050436,
              12.9735761
            ],
            [
              77.6051162,
              12.9738664
            ],
            [
              77.6049246,
              12.9739119
            ],
            [
              77.604852,
              12.9736216
            ],
            [
              77.6050436,
              12.9735761
            ]
          ]
        ]
      }
    },
    {
      "type": "Feature",
      "id": "77155ad2-475a-4037-9eec-e47f08114800",
      "properties": {
        "id": "77155ad2-475a-4037-9eec-e47f08114800",
        "names": null,
        "sources": [
          {
            "property": "",
            "dataset": "OpenStreetMap",
            "license": "ODbL-1.0",
            "record_id": "w1207728413@1",
            "update_time": "2023-09-14T11:14:26.000Z",
            "confidence": null,
            "between": null,
            "provider": "osm",
            "resource": "planet",
            "version": "2026-09-06T00:00:00.000Z"
          }
        ],
        "level": null,
        "height": null,
        "min_height": null,
        "is_underground": false,
        "num_floors": null,
        "num_floors_underground": null,
        "min_floor": null,
        "subtype": null,
        "class": null,
        "facade_color": null,
        "facade_material": null,
        "roof_material": null,
        "roof_shape": null,
        "roof_direction": null,
        "roof_orientation": null,
        "roof_color": null,
        "roof_height": null,
        "has_parts": false,
        "version": 1,
        "bbox": {
          "xmin": 77.6047592163086,
          "xmax": 77.60487365722656,
          "ymin": 12.973645210266113,
          "ymax": 12.97380256652832
        }
      },
      "geometry": {
        "type": "Polygon",
        "coordinates": [
          [
            [
              77.6048711,
              12.9737868
            ],
            [
              77.6047973,
              12.9738025
            ],
            [
              77.6047657,
              12.9736612
            ],
            [
              77.6048395,
              12.9736455
            ],
            [
              77.6048711,
              12.9737868
            ]
          ]
        ]
      }
    },
    {
      "type": "Feature",
      "id": "4732de74-5269-4b2f-92a9-ca856d5a3785",
      "properties": {
        "id": "4732de74-5269-4b2f-92a9-ca856d5a3785",
        "names": null,
        "sources": [
          {
            "property": "",
            "dataset": "OpenStreetMap",
            "license": "ODbL-1.0",
            "record_id": "w1207728411@1",
            "update_time": "2023-09-14T11:14:26.000Z",
            "confidence": null,
            "between": null,
            "provider": "osm",
            "resource": "planet",
            "version": "2026-09-06T00:00:00.000Z"
          }
        ],
        "level": null,
        "height": null,
        "min_height": null,
        "is_underground": false,
        "num_floors": null,
        "num_floors_underground": null,
        "min_floor": null,
        "subtype": null,
        "class": null,
        "facade_color": null,
        "facade_material": null,
        "roof_material": null,
        "roof_shape": null,
        "roof_direction": null,
        "roof_orientation": null,
        "roof_color": null,
        "roof_height": null,
        "has_parts": false,
        "version": 1,
        "bbox": {
          "xmin": 77.60466003417969,
          "xmax": 77.6047592163086,
          "ymin": 12.973713874816895,
          "ymax": 12.973827362060547
        }
      },
      "geometry": {
        "type": "Polygon",
        "coordinates": [
          [
            [
              77.6047299,
              12.9737139
            ],
            [
              77.6047531,
              12.9738116
            ],
            [
              77.6046833,
              12.9738273
            ],
            [
              77.6046602,
              12.9737296
            ],
            [
              77.6047299,
              12.9737139
            ]
          ]
        ]
      }
    },
    {
      "type": "Feature",
      "id": "bbe68b3b-0ab2-41de-ae3c-cc305000f07c",
      "properties": {
        "id": "bbe68b3b-0ab2-41de-ae3c-cc305000f07c",
        "names": null,
        "sources": [
          {
            "property": "",
            "dataset": "OpenStreetMap",
            "license": "ODbL-1.0",
            "record_id": "w1207728412@1",
            "update_time": "2023-09-14T11:14:26.000Z",
            "confidence": null,
            "between": null,
            "provider": "osm",
            "resource": "planet",
            "version": "2026-09-06T00:00:00.000Z"
          }
        ],
        "level": null,
        "height": null,
        "min_height": null,
        "is_underground": false,
        "num_floors": null,
        "num_floors_underground": null,
        "min_floor": null,
        "subtype": null,
        "class": null,
        "facade_color": null,
        "facade_material": null,
        "roof_material": null,
        "roof_shape": null,
        "roof_direction": null,
        "roof_orientation": null,
        "roof_color": null,
        "roof_height": null,
        "has_parts": false,
        "version": 1,
        "bbox": {
          "xmin": 77.60469055175781,
          "xmax": 77.60485076904297,
          "ymin": 12.973844528198242,
          "ymax": 12.973971366882324
        }
      },
      "geometry": {
        "type": "Polygon",
        "coordinates": [
          [
            [
              77.6048443,
              12.973941
            ],
            [
              77.6047128,
              12.9739697
            ],
            [
              77.604691,
              12.9738748
            ],
            [
              77.6048224,
              12.973846
            ],
            [
              77.6048443,
              12.973941
            ]
          ]
        ]
      }
    },
    {
      "type": "Feature",
      "id": "48bcceb8-6c80-4ef3-bdf1-9de0660cc20e",
      "properties": {
        "id": "48bcceb8-6c80-4ef3-bdf1-9de0660cc20e",
        "names": null,
        "sources": [
          {
            "property": "",
            "dataset": "OpenStreetMap",
            "license": "ODbL-1.0",
            "record_id": "w328747355@1",
            "update_time": "2015-02-17T12:17:30.000Z",
            "confidence": null,
            "between": null,
            "provider": "osm",
            "resource": "planet",
            "version": "2026-09-06T00:00:00.000Z"
          }
        ],
        "level": null,
        "height": null,
        "min_height": null,
        "is_underground": false,
        "num_floors": null,
        "num_floors_underground": null,
        "min_floor": null,
        "subtype": null,
        "class": null,
        "facade_color": null,
        "facade_material": null,
        "roof_material": null,
        "roof_shape": null,
        "roof_direction": null,
        "roof_orientation": null,
        "roof_color": null,
        "roof_height": null,
        "has_parts": false,
        "version": 1,
        "bbox": {
          "xmin": 77.60480499267578,
          "xmax": 77.60493469238281,
          "ymin": 12.973937034606934,
          "ymax": 12.974045753479004
        }
      },
      "geometry": {
        "type": "Polygon",
        "coordinates": [
          [
            [
              77.6048293,
              12.9740457
            ],
            [
              77.6048123,
              12.9739567
            ],
            [
              77.6049119,
              12.9739386
            ],
            [
              77.6049288,
              12.9740277
            ],
            [
              77.6048293,
              12.9740457
            ]
          ]
        ]
      }
    },
    {
      "type": "Feature",
      "id": "81d49e29-8870-40a5-87b3-5ebd6155465d",
      "properties": {
        "id": "81d49e29-8870-40a5-87b3-5ebd6155465d",
        "names": null,
        "sources": [
          {
            "property": "",
            "dataset": "OpenStreetMap",
            "license": "ODbL-1.0",
            "record_id": "w327553601@3",
            "update_time": "2026-01-12T05:30:39.000Z",
            "confidence": null,
            "between": null,
            "provider": "osm",
            "resource": "planet",
            "version": "2026-09-06T00:00:00.000Z"
          }
        ],
        "level": null,
        "height": null,
        "min_height": null,
        "is_underground": false,
        "num_floors": null,
        "num_floors_underground": null,
        "min_floor": null,
        "subtype": "residential",
        "class": "apartments",
        "facade_color": null,
        "facade_material": null,
        "roof_material": null,
        "roof_shape": null,
        "roof_direction": null,
        "roof_orientation": null,
        "roof_color": null,
        "roof_height": null,
        "has_parts": false,
        "version": 2,
        "bbox": {
          "xmin": 77.6049575805664,
          "xmax": 77.60515594482422,
          "ymin": 12.974298477172852,
          "ymax": 12.974452018737793
        }
      },
      "geometry": {
        "type": "Polygon",
        "coordinates": [
          [
            [
              77.6049691,
              12.9743448
            ],
            [
              77.6051193,
              12.9743
            ],
            [
              77.605153,
              12.974407
            ],
            [
              77.6050027,
              12.9744518
            ],
            [
              77.6049691,
              12.9743448
            ]
          ]
        ]
      }
    },
    {
      "type": "Feature",
      "id": "ae72700f-c10f-43ff-be9b-2dca6c64f824",
      "properties": {
        "id": "ae72700f-c10f-43ff-be9b-2dca6c64f824",
        "names": null,
        "sources": [
          {
            "property": "",
            "dataset": "OpenStreetMap",
            "license": "ODbL-1.0",
            "record_id": "w327553603@2",
            "update_time": "2026-01-12T05:30:39.000Z",
            "confidence": null,
            "between": null,
            "provider": "osm",
            "resource": "planet",
            "version": "2026-09-06T00:00:00.000Z"
          }
        ],
        "level": null,
        "height": null,
        "min_height": null,
        "is_underground": false,
        "num_floors": null,
        "num_floors_underground": null,
        "min_floor": null,
        "subtype": null,
        "class": null,
        "facade_color": null,
        "facade_material": null,
        "roof_material": null,
        "roof_shape": null,
        "roof_direction": null,
        "roof_orientation": null,
        "roof_color": null,
        "roof_height": null,
        "has_parts": false,
        "version": 2,
        "bbox": {
          "xmin": 77.6050033569336,
          "xmax": 77.6052474975586,
          "ymin": 12.974445343017578,
          "ymax": 12.974709510803223
        }
      },
      "geometry": {
        "type": "Polygon",
        "coordinates": [
          [
            [
              77.6051377,
              12.9744551
            ],
            [
              77.6051753,
              12.9744455
            ],
            [
              77.6052353,
              12.9746679
            ],
            [
              77.6051833,
              12.9746812
            ],
            [
              77.6051855,
              12.9746894
            ],
            [
              77.6051452,
              12.9746997
            ],
            [
              77.605143,
              12.9746915
            ],
            [
              77.6050731,
              12.9747095
            ],
            [
              77.6050155,
              12.9744962
            ],
            [
              77.6051401,
              12.9744643
            ],
            [
              77.6051377,
              12.9744551
            ]
          ]
        ]
      }
    },
    {
      "type": "Feature",
      "id": "933a85f1-2236-4666-8fea-c4eea0b7037d",
      "properties": {
        "id": "933a85f1-2236-4666-8fea-c4eea0b7037d",
        "names": null,
        "sources": [
          {
            "property": "",
            "dataset": "OpenStreetMap",
            "license": "ODbL-1.0",
            "record_id": "w327553599@4",
            "update_time": "2026-01-12T05:30:39.000Z",
            "confidence": null,
            "between": null,
            "provider": "osm",
            "resource": "planet",
            "version": "2026-09-06T00:00:00.000Z"
          }
        ],
        "level": null,
        "height": null,
        "min_height": null,
        "is_underground": false,
        "num_floors": null,
        "num_floors_underground": null,
        "min_floor": null,
        "subtype": "residential",
        "class": "apartments",
        "facade_color": null,
        "facade_material": null,
        "roof_material": null,
        "roof_shape": null,
        "roof_direction": null,
        "roof_orientation": null,
        "roof_color": null,
        "roof_height": null,
        "has_parts": false,
        "version": 2,
        "bbox": {
          "xmin": 77.6048583984375,
          "xmax": 77.6051025390625,
          "ymin": 12.974098205566406,
          "ymax": 12.974321365356445
        }
      },
      "geometry": {
        "type": "Polygon",
        "coordinates": [
          [
            [
              77.6049791,
              12.9741179
            ],
            [
              77.6050423,
              12.9740986
            ],
            [
              77.6050958,
              12.9742653
            ],
            [
              77.605059,
              12.9742766
            ],
            [
              77.6050537,
              12.9742601
            ],
            [
              77.6050245,
              12.974269
            ],
            [
              77.6050224,
              12.9742624
            ],
            [
              77.6049759,
              12.9742766
            ],
            [
              77.604978,
              12.9742832
            ],
            [
              77.6049515,
              12.9742913
            ],
            [
              77.6049567,
              12.9743077
            ],
            [
              77.6049131,
              12.974321
            ],
            [
              77.6048596,
              12.9741543
            ],
            [
              77.6049194,
              12.9741361
            ],
            [
              77.604927,
              12.9741598
            ],
            [
              77.6049867,
              12.9741416
            ],
            [
              77.6049791,
              12.9741179
            ]
          ]
        ]
      }
    },
    {
      "type": "Feature",
      "id": "2b8a538c-b9a3-44ab-a8fa-1d6c7799459c",
      "properties": {
        "id": "2b8a538c-b9a3-44ab-a8fa-1d6c7799459c",
        "names": null,
        "sources": [
          {
            "property": "",
            "dataset": "Google Open Buildings",
            "license": null,
            "record_id": "7J4VXJF4+J225",
            "update_time": "2023-05-01T00:00:00.000Z",
            "confidence": 0.7458,
            "between": null,
            "provider": "google",
            "resource": "open_buildings",
            "version": "2024-04-16"
          }
        ],
        "level": null,
        "height": null,
        "min_height": null,
        "is_underground": false,
        "num_floors": null,
        "num_floors_underground": null,
        "min_floor": null,
        "subtype": null,
        "class": null,
        "facade_color": null,
        "facade_material": null,
        "roof_material": null,
        "roof_shape": null,
        "roof_direction": null,
        "roof_orientation": null,
        "roof_color": null,
        "roof_height": null,
        "has_parts": false,
        "version": 1,
        "bbox": {
          "xmin": 77.60497283935547,
          "xmax": 77.60508728027344,
          "ymin": 12.973902702331543,
          "ymax": 12.97408676147461
        }
      },
      "geometry": {
        "type": "Polygon",
        "coordinates": [
          [
            [
              77.6050229,
              12.9739046
            ],
            [
              77.6050387,
              12.9739724
            ],
            [
              77.6050607,
              12.9739675
            ],
            [
              77.605085,
              12.974071
            ],
            [
              77.6050154,
              12.9740867
            ],
            [
              77.6049753,
              12.9739153
            ],
            [
              77.6050229,
              12.9739046
            ]
          ]
        ]
      }
    },
    {
      "type": "Feature",
      "id": "a9a89544-142e-45af-9da3-a552a2d61655",
      "properties": {
        "id": "a9a89544-142e-45af-9da3-a552a2d61655",
        "names": null,
        "sources": [
          {
            "property": "",
            "dataset": "OpenStreetMap",
            "license": "ODbL-1.0",
            "record_id": "r20071916@1",
            "update_time": "2026-01-12T05:30:39.000Z",
            "confidence": null,
            "between": null,
            "provider": "osm",
            "resource": "planet",
            "version": "2026-09-06T00:00:00.000Z"
          }
        ],
        "level": null,
        "height": null,
        "min_height": null,
        "is_underground": false,
        "num_floors": null,
        "num_floors_underground": null,
        "min_floor": null,
        "subtype": "residential",
        "class": "apartments",
        "facade_color": null,
        "facade_material": null,
        "roof_material": null,
        "roof_shape": null,
        "roof_direction": null,
        "roof_orientation": null,
        "roof_color": null,
        "roof_height": null,
        "has_parts": false,
        "version": 3,
        "bbox": {
          "xmin": 77.6051254272461,
          "xmax": 77.60549926757812,
          "ymin": 12.974027633666992,
          "ymax": 12.974339485168457
        }
      },
      "geometry": {
        "type": "Polygon",
        "coordinates": [
          [
            [
              77.6054173,
              12.9740294
            ],
            [
              77.6054937,
              12.9742388
            ],
            [
              77.6052084,
              12.9743376
            ],
            [
              77.605132,
              12.9741282
            ],
            [
              77.6054173,
              12.9740294
            ]
          ],
          [
            [
              77.6053073,
              12.9741157
            ],
            [
              77.6053228,
              12.9741612
            ],
            [
              77.6053519,
              12.9741518
            ],
            [
              77.6053364,
              12.9741063
            ],
            [
              77.6053073,
              12.9741157
            ]
          ],
          [
            [
              77.6052381,
              12.9741583
            ],
            [
              77.6052493,
              12.9741546
            ],
            [
              77.6052599,
              12.9741848
            ],
            [
              77.6052888,
              12.9741752
            ],
            [
              77.6052728,
              12.9741294
            ],
            [
              77.6052326,
              12.9741428
            ],
            [
              77.6052381,
              12.9741583
            ]
          ],
          [
            [
              77.6053561,
              12.9741783
            ],
            [
              77.605336,
              12.9741848
            ],
            [
              77.6053504,
              12.9742268
            ],
            [
              77.6053705,
              12.9742202
            ],
            [
              77.6053561,
              12.9741783
            ]
          ],
          [
            [
              77.6053108,
              12.9742438
            ],
            [
              77.6052962,
              12.9742032
            ],
            [
              77.6052676,
              12.9742129
            ],
            [
              77.6052756,
              12.974235
            ],
            [
              77.6052653,
              12.9742385
            ],
            [
              77.605272,
              12.974257
            ],
            [
              77.6053108,
              12.9742438
            ]
          ]
        ]
      }
    },
    {
      "type": "Feature",
      "id": "3761c330-0bb5-4222-896f-7decce6ceb38",
      "properties": {
        "id": "3761c330-0bb5-4222-896f-7decce6ceb38",
        "names": {
          "primary": "Brigade Gardens",
          "common": null,
          "rules": null
        },
        "sources": [
          {
            "property": "",
            "dataset": "OpenStreetMap",
            "license": "ODbL-1.0",
            "record_id": "w327553602@4",
            "update_time": "2026-01-12T05:30:39.000Z",
            "confidence": null,
            "between": null,
            "provider": "osm",
            "resource": "planet",
            "version": "2026-09-06T00:00:00.000Z"
          }
        ],
        "level": null,
        "height": null,
        "min_height": null,
        "is_underground": false,
        "num_floors": null,
        "num_floors_underground": null,
        "min_floor": null,
        "subtype": "commercial",
        "class": "commercial",
        "facade_color": null,
        "facade_material": null,
        "roof_material": null,
        "roof_shape": null,
        "roof_direction": null,
        "roof_orientation": null,
        "roof_color": null,
        "roof_height": null,
        "has_parts": false,
        "version": 2,
        "bbox": {
          "xmin": 77.60520935058594,
          "xmax": 77.60563659667969,
          "ymin": 12.974320411682129,
          "ymax": 12.974759101867676
        }
      },
      "geometry": {
        "type": "Polygon",
        "coordinates": [
          [
            [
              77.6053281,
              12.9747575
            ],
            [
              77.6052156,
              12.974414
            ],
            [
              77.6055112,
              12.974322
            ],
            [
              77.6056237,
              12.9746656
            ],
            [
              77.6054743,
              12.9747121
            ],
            [
              77.6053281,
              12.9747575
            ]
          ]
        ]
      }
    },
    {
      "type": "Feature",
      "id": "a619c0f2-f3fd-4fa1-a1da-994607bd9bbf",
      "properties": {
        "id": "a619c0f2-f3fd-4fa1-a1da-994607bd9bbf",
        "names": null,
        "sources": [
          {
            "property": "",
            "dataset": "OpenStreetMap",
            "license": "ODbL-1.0",
            "record_id": "w1393103486@1",
            "update_time": "2025-06-07T19:00:47.000Z",
            "confidence": null,
            "between": null,
            "provider": "osm",
            "resource": "planet",
            "version": "2026-09-06T00:00:00.000Z"
          }
        ],
        "level": null,
        "height": null,
        "min_height": null,
        "is_underground": false,
        "num_floors": null,
        "num_floors_underground": null,
        "min_floor": null,
        "subtype": null,
        "class": null,
        "facade_color": null,
        "facade_material": null,
        "roof_material": null,
        "roof_shape": null,
        "roof_direction": null,
        "roof_orientation": null,
        "roof_color": null,
        "roof_height": null,
        "has_parts": false,
        "version": 1,
        "bbox": {
          "xmin": 77.60569763183594,
          "xmax": 77.60586547851562,
          "ymin": 12.974501609802246,
          "ymax": 12.97463321685791
        }
      },
      "geometry": {
        "type": "Polygon",
        "coordinates": [
          [
            [
              77.6058533,
              12.9745998
            ],
            [
              77.6057304,
              12.9746317
            ],
            [
              77.605704,
              12.9745352
            ],
            [
              77.605827,
              12.9745033
            ],
            [
              77.6058533,
              12.9745998
            ]
          ]
        ]
      }
    },
    {
      "type": "Feature",
      "id": "bb5dfffb-c9ea-482e-b3bd-45b374348aa6",
      "properties": {
        "id": "bb5dfffb-c9ea-482e-b3bd-45b374348aa6",
        "names": null,
        "sources": [
          {
            "property": "",
            "dataset": "Google Open Buildings",
            "license": null,
            "record_id": "7J4VXJF4+Q88M",
            "update_time": "2023-05-01T00:00:00.000Z",
            "confidence": 0.6687,
            "between": null,
            "provider": "google",
            "resource": "open_buildings",
            "version": "2024-04-16"
          }
        ],
        "level": null,
        "height": null,
        "min_height": null,
        "is_underground": false,
        "num_floors": null,
        "num_floors_underground": null,
        "min_floor": null,
        "subtype": null,
        "class": null,
        "facade_color": null,
        "facade_material": null,
        "roof_material": null,
        "roof_shape": null,
        "roof_direction": null,
        "roof_orientation": null,
        "roof_color": null,
        "roof_height": null,
        "has_parts": false,
        "version": 1,
        "bbox": {
          "xmin": 77.60578155517578,
          "xmax": 77.60586547851562,
          "ymin": 12.974367141723633,
          "ymax": 12.974465370178223
        }
      },
      "geometry": {
        "type": "Polygon",
        "coordinates": [
          [
            [
              77.6057873,
              12.974383
            ],
            [
              77.6058287,
              12.9743688
            ],
            [
              77.605858,
              12.9744509
            ],
            [
              77.6058166,
              12.9744651
            ],
            [
              77.6057873,
              12.974383
            ]
          ]
        ]
      }
    },
    {
      "type": "Feature",
      "id": "210df0cd-d537-402e-a40b-04262339a436",
      "properties": {
        "id": "210df0cd-d537-402e-a40b-04262339a436",
        "names": null,
        "sources": [
          {
            "property": "",
            "dataset": "OpenStreetMap",
            "license": "ODbL-1.0",
            "record_id": "w1089717999@2",
            "update_time": "2025-01-11T17:28:34.000Z",
            "confidence": null,
            "between": null,
            "provider": "osm",
            "resource": "planet",
            "version": "2026-09-06T00:00:00.000Z"
          }
        ],
        "level": null,
        "height": null,
        "min_height": null,
        "is_underground": false,
        "num_floors": null,
        "num_floors_underground": null,
        "min_floor": null,
        "subtype": "commercial",
        "class": "commercial",
        "facade_color": null,
        "facade_material": null,
        "roof_material": null,
        "roof_shape": null,
        "roof_direction": null,
        "roof_orientation": null,
        "roof_color": null,
        "roof_height": null,
        "has_parts": false,
        "version": 1,
        "bbox": {
          "xmin": 77.60564422607422,
          "xmax": 77.60591125488281,
          "ymin": 12.974112510681152,
          "ymax": 12.974319458007812
        }
      },
      "geometry": {
        "type": "Polygon",
        "coordinates": [
          [
            [
              77.6059079,
              12.9742496
            ],
            [
              77.6056962,
              12.974318
            ],
            [
              77.6056501,
              12.9741825
            ],
            [
              77.6058618,
              12.9741142
            ],
            [
              77.6059079,
              12.9742496
            ]
          ]
        ]
      }
    },
    {
      "type": "Feature",
      "id": "3ebbedfa-d60f-4cba-95a1-a1fd3d766e8d",
      "properties": {
        "id": "3ebbedfa-d60f-4cba-95a1-a1fd3d766e8d",
        "names": null,
        "sources": [
          {
            "property": "",
            "dataset": "OpenStreetMap",
            "license": "ODbL-1.0",
            "record_id": "w349698888@5",
            "update_time": "2025-01-11T17:28:34.000Z",
            "confidence": null,
            "between": null,
            "provider": "osm",
            "resource": "planet",
            "version": "2026-09-06T00:00:00.000Z"
          }
        ],
        "level": null,
        "height": null,
        "min_height": null,
        "is_underground": false,
        "num_floors": 2,
        "num_floors_underground": null,
        "min_floor": null,
        "subtype": "commercial",
        "class": "commercial",
        "facade_color": null,
        "facade_material": null,
        "roof_material": null,
        "roof_shape": null,
        "roof_direction": null,
        "roof_orientation": null,
        "roof_color": null,
        "roof_height": null,
        "has_parts": false,
        "version": 1,
        "bbox": {
          "xmin": 77.60549926757812,
          "xmax": 77.60569763183594,
          "ymin": 12.97402286529541,
          "ymax": 12.974347114562988
        }
      },
      "geometry": {
        "type": "Polygon",
        "coordinates": [
          [
            [
              77.6055948,
              12.9743467
            ],
            [
              77.605503,
              12.9740711
            ],
            [
              77.6056505,
              12.9740245
            ],
            [
              77.6056916,
              12.9741482
            ],
            [
              77.6056204,
              12.9741707
            ],
            [
              77.605671,
              12.9743226
            ],
            [
              77.6056214,
              12.9743383
            ],
            [
              77.6055948,
              12.9743467
            ]
          ]
        ]
      }
    },
    {
      "type": "Feature",
      "id": "7f252566-d31e-4758-bf3d-5a372705f643",
      "properties": {
        "id": "7f252566-d31e-4758-bf3d-5a372705f643",
        "names": null,
        "sources": [
          {
            "property": "",
            "dataset": "OpenStreetMap",
            "license": "ODbL-1.0",
            "record_id": "w349698899@2",
            "update_time": "2025-05-09T13:52:56.000Z",
            "confidence": null,
            "between": null,
            "provider": "osm",
            "resource": "planet",
            "version": "2026-09-06T00:00:00.000Z"
          }
        ],
        "level": null,
        "height": null,
        "min_height": null,
        "is_underground": false,
        "num_floors": null,
        "num_floors_underground": null,
        "min_floor": null,
        "subtype": null,
        "class": null,
        "facade_color": null,
        "facade_material": null,
        "roof_material": null,
        "roof_shape": null,
        "roof_direction": null,
        "roof_orientation": null,
        "roof_color": null,
        "roof_height": null,
        "has_parts": false,
        "version": 1,
        "bbox": {
          "xmin": 77.60565948486328,
          "xmax": 77.60589599609375,
          "ymin": 12.973942756652832,
          "ymax": 12.974141120910645
        }
      },
      "geometry": {
        "type": "Polygon",
        "coordinates": [
          [
            [
              77.6058955,
              12.9740789
            ],
            [
              77.6057127,
              12.9741395
            ],
            [
              77.6056658,
              12.9740052
            ],
            [
              77.6058486,
              12.9739446
            ],
            [
              77.6058955,
              12.9740789
            ]
          ]
        ]
      }
    },
    {
      "type": "Feature",
      "id": "674b4ecc-11dc-461f-a374-ff65566e6af2",
      "properties": {
        "id": "674b4ecc-11dc-461f-a374-ff65566e6af2",
        "names": null,
        "sources": [
          {
            "property": "",
            "dataset": "Google Open Buildings",
            "license": null,
            "record_id": "7J4VXJF4+F7HP",
            "update_time": "2023-05-01T00:00:00.000Z",
            "confidence": 0.6933,
            "between": null,
            "provider": "google",
            "resource": "open_buildings",
            "version": "2024-04-16"
          }
        ],
        "level": null,
        "height": null,
        "min_height": null,
        "is_underground": false,
        "num_floors": null,
        "num_floors_underground": null,
        "min_floor": null,
        "subtype": null,
        "class": null,
        "facade_color": null,
        "facade_material": null,
        "roof_material": null,
        "roof_shape": null,
        "roof_direction": null,
        "roof_orientation": null,
        "roof_color": null,
        "roof_height": null,
        "has_parts": false,
        "version": 1,
        "bbox": {
          "xmin": 77.60569763183594,
          "xmax": 77.60576629638672,
          "ymin": 12.973665237426758,
          "ymax": 12.973726272583008
        }
      },
      "geometry": {
        "type": "Polygon",
        "coordinates": [
          [
            [
              77.6057135,
              12.9736654
            ],
            [
              77.6057661,
              12.9736688
            ],
            [
              77.6057622,
              12.9737246
            ],
            [
              77.6057097,
              12.9737211
            ],
            [
              77.6057135,
              12.9736654
            ]
          ]
        ]
      }
    },
    {
      "type": "Feature",
      "id": "4e439487-1fbb-44d0-b045-6a4f8a9c01ce",
      "properties": {
        "id": "4e439487-1fbb-44d0-b045-6a4f8a9c01ce",
        "names": null,
        "sources": [
          {
            "property": "",
            "dataset": "Google Open Buildings",
            "license": null,
            "record_id": "7J4VXJF4+F7M7",
            "update_time": "2023-05-01T00:00:00.000Z",
            "confidence": 0.7399,
            "between": null,
            "provider": "google",
            "resource": "open_buildings",
            "version": "2024-04-16"
          }
        ],
        "level": null,
        "height": null,
        "min_height": null,
        "is_underground": false,
        "num_floors": null,
        "num_floors_underground": null,
        "min_floor": null,
        "subtype": null,
        "class": null,
        "facade_color": null,
        "facade_material": null,
        "roof_material": null,
        "roof_shape": null,
        "roof_direction": null,
        "roof_orientation": null,
        "roof_color": null,
        "roof_height": null,
        "has_parts": false,
        "version": 1,
        "bbox": {
          "xmin": 77.60564422607422,
          "xmax": 77.60569763183594,
          "ymin": 12.973677635192871,
          "ymax": 12.973732948303223
        }
      },
      "geometry": {
        "type": "Polygon",
        "coordinates": [
          [
            [
              77.6056914,
              12.9736792
            ],
            [
              77.605695,
              12.9737298
            ],
            [
              77.6056495,
              12.9737329
            ],
            [
              77.6056459,
              12.9736823
            ],
            [
              77.6056914,
              12.9736792
            ]
          ]
        ]
      }
    },
    {
      "type": "Feature",
      "id": "b24c1d65-75a6-40dd-97cc-31f9aff99b4f",
      "properties": {
        "id": "b24c1d65-75a6-40dd-97cc-31f9aff99b4f",
        "names": null,
        "sources": [
          {
            "property": "",
            "dataset": "Google Open Buildings",
            "license": null,
            "record_id": "7J4VXJF4+F7J6",
            "update_time": "2023-05-01T00:00:00.000Z",
            "confidence": 0.6995,
            "between": null,
            "provider": "google",
            "resource": "open_buildings",
            "version": "2024-04-16"
          }
        ],
        "level": null,
        "height": null,
        "min_height": null,
        "is_underground": false,
        "num_floors": null,
        "num_floors_underground": null,
        "min_floor": null,
        "subtype": null,
        "class": null,
        "facade_color": null,
        "facade_material": null,
        "roof_material": null,
        "roof_shape": null,
        "roof_direction": null,
        "roof_orientation": null,
        "roof_color": null,
        "roof_height": null,
        "has_parts": false,
        "version": 1,
        "bbox": {
          "xmin": 77.60559844970703,
          "xmax": 77.60565948486328,
          "ymin": 12.973679542541504,
          "ymax": 12.973731994628906
        }
      },
      "geometry": {
        "type": "Polygon",
        "coordinates": [
          [
            [
              77.6056074,
              12.9736813
            ],
            [
              77.6056465,
              12.9736824
            ],
            [
              77.605645,
              12.9737316
            ],
            [
              77.605606,
              12.9737305
            ],
            [
              77.6056074,
              12.9736813
            ]
          ]
        ]
      }
    },
    {
      "type": "Feature",
      "id": "52b61569-1aab-4dbd-99bd-6de08bb90edf",
      "properties": {
        "id": "52b61569-1aab-4dbd-99bd-6de08bb90edf",
        "names": null,
        "sources": [
          {
            "property": "",
            "dataset": "OpenStreetMap",
            "license": "ODbL-1.0",
            "record_id": "w350554832@1",
            "update_time": "2025-01-11T17:28:34.000Z",
            "confidence": null,
            "between": null,
            "provider": "osm",
            "resource": "planet",
            "version": "2026-09-06T00:00:00.000Z"
          }
        ],
        "level": null,
        "height": null,
        "min_height": null,
        "is_underground": false,
        "num_floors": null,
        "num_floors_underground": null,
        "min_floor": null,
        "subtype": null,
        "class": null,
        "facade_color": null,
        "facade_material": null,
        "roof_material": null,
        "roof_shape": null,
        "roof_direction": null,
        "roof_orientation": null,
        "roof_color": null,
        "roof_height": null,
        "has_parts": false,
        "version": 1,
        "bbox": {
          "xmin": 77.60552215576172,
          "xmax": 77.60572052001953,
          "ymin": 12.973760604858398,
          "ymax": 12.973908424377441
        }
      },
      "geometry": {
        "type": "Polygon",
        "coordinates": [
          [
            [
              77.6055306,
              12.9738419
            ],
            [
              77.6055276,
              12.9737679
            ],
            [
              77.6057028,
              12.973761
            ],
            [
              77.6057088,
              12.9739045
            ],
            [
              77.6056183,
              12.9739081
            ],
            [
              77.6056156,
              12.9738386
            ],
            [
              77.6055306,
              12.9738419
            ]
          ]
        ]
      }
    },
    {
      "type": "Feature",
      "id": "e82b59fc-1991-4285-913f-aa35a20a76b2",
      "properties": {
        "id": "e82b59fc-1991-4285-913f-aa35a20a76b2",
        "names": null,
        "sources": [
          {
            "property": "",
            "dataset": "Google Open Buildings",
            "license": null,
            "record_id": "7J4VXJF4+H64C",
            "update_time": "2023-05-01T00:00:00.000Z",
            "confidence": 0.7621,
            "between": null,
            "provider": "google",
            "resource": "open_buildings",
            "version": "2024-04-16"
          }
        ],
        "level": null,
        "height": null,
        "min_height": null,
        "is_underground": false,
        "num_floors": null,
        "num_floors_underground": null,
        "min_floor": null,
        "subtype": null,
        "class": null,
        "facade_color": null,
        "facade_material": null,
        "roof_material": null,
        "roof_shape": null,
        "roof_direction": null,
        "roof_orientation": null,
        "roof_color": null,
        "roof_height": null,
        "has_parts": false,
        "version": 1,
        "bbox": {
          "xmin": 77.60554504394531,
          "xmax": 77.60558319091797,
          "ymin": 12.973862648010254,
          "ymax": 12.97391128540039
        }
      },
      "geometry": {
        "type": "Polygon",
        "coordinates": [
          [
            [
              77.6055493,
              12.9738631
            ],
            [
              77.6055815,
              12.973864
            ],
            [
              77.6055802,
              12.9739096
            ],
            [
              77.605548,
              12.9739087
            ],
            [
              77.6055493,
              12.9738631
            ]
          ]
        ]
      }
    },
    {
      "type": "Feature",
      "id": "d2726f48-1429-4cb0-8e53-6d336104b13f",
      "properties": {
        "id": "d2726f48-1429-4cb0-8e53-6d336104b13f",
        "names": null,
        "sources": [
          {
            "property": "",
            "dataset": "OpenStreetMap",
            "license": "ODbL-1.0",
            "record_id": "w350554788@1",
            "update_time": "2025-01-11T17:28:34.000Z",
            "confidence": null,
            "between": null,
            "provider": "osm",
            "resource": "planet",
            "version": "2026-09-06T00:00:00.000Z"
          }
        ],
        "level": null,
        "height": null,
        "min_height": null,
        "is_underground": false,
        "num_floors": null,
        "num_floors_underground": null,
        "min_floor": null,
        "subtype": null,
        "class": null,
        "facade_color": null,
        "facade_material": null,
        "roof_material": null,
        "roof_shape": null,
        "roof_direction": null,
        "roof_orientation": null,
        "roof_color": null,
        "roof_height": null,
        "has_parts": false,
        "version": 1,
        "bbox": {
          "xmin": 77.60535430908203,
          "xmax": 77.60550689697266,
          "ymin": 12.973745346069336,
          "ymax": 12.973883628845215
        }
      },
      "geometry": {
        "type": "Polygon",
        "coordinates": [
          [
            [
              77.6055007,
              12.9738551
            ],
            [
              77.6053881,
              12.9738819
            ],
            [
              77.6053607,
              12.9737723
            ],
            [
              77.6054733,
              12.9737456
            ],
            [
              77.6055007,
              12.9738551
            ]
          ]
        ]
      }
    },
    {
      "type": "Feature",
      "id": "e2572407-f720-4e69-a33e-49cc189540a1",
      "properties": {
        "id": "e2572407-f720-4e69-a33e-49cc189540a1",
        "names": null,
        "sources": [
          {
            "property": "",
            "dataset": "Google Open Buildings",
            "license": null,
            "record_id": "7J4VXJF4+F6GC",
            "update_time": "2023-05-01T00:00:00.000Z",
            "confidence": 0.6599,
            "between": null,
            "provider": "google",
            "resource": "open_buildings",
            "version": "2024-04-16"
          }
        ],
        "level": null,
        "height": null,
        "min_height": null,
        "is_underground": false,
        "num_floors": null,
        "num_floors_underground": null,
        "min_floor": null,
        "subtype": null,
        "class": null,
        "facade_color": null,
        "facade_material": null,
        "roof_material": null,
        "roof_shape": null,
        "roof_direction": null,
        "roof_orientation": null,
        "roof_color": null,
        "roof_height": null,
        "has_parts": false,
        "version": 1,
        "bbox": {
          "xmin": 77.60550689697266,
          "xmax": 77.6056137084961,
          "ymin": 12.973642349243164,
          "ymax": 12.973740577697754
        }
      },
      "geometry": {
        "type": "Polygon",
        "coordinates": [
          [
            [
              77.6055137,
              12.9736509
            ],
            [
              77.6055632,
              12.9736427
            ],
            [
              77.6055655,
              12.9736556
            ],
            [
              77.6055926,
              12.9736511
            ],
            [
              77.6056064,
              12.9737311
            ],
            [
              77.6055605,
              12.9737387
            ],
            [
              77.6055498,
              12.9736764
            ],
            [
              77.605519,
              12.9736815
            ],
            [
              77.6055137,
              12.9736509
            ]
          ]
        ]
      }
    },
    {
      "type": "Feature",
      "id": "75d6312f-62f2-40e4-a1c7-ca78a968ae26",
      "properties": {
        "id": "75d6312f-62f2-40e4-a1c7-ca78a968ae26",
        "names": null,
        "sources": [
          {
            "property": "",
            "dataset": "OpenStreetMap",
            "license": "ODbL-1.0",
            "record_id": "w328747368@1",
            "update_time": "2025-01-11T17:28:34.000Z",
            "confidence": null,
            "between": null,
            "provider": "osm",
            "resource": "planet",
            "version": "2026-09-06T00:00:00.000Z"
          }
        ],
        "level": null,
        "height": null,
        "min_height": null,
        "is_underground": false,
        "num_floors": null,
        "num_floors_underground": null,
        "min_floor": null,
        "subtype": null,
        "class": null,
        "facade_color": null,
        "facade_material": null,
        "roof_material": null,
        "roof_shape": null,
        "roof_direction": null,
        "roof_orientation": null,
        "roof_color": null,
        "roof_height": null,
        "has_parts": false,
        "version": 1,
        "bbox": {
          "xmin": 77.605224609375,
          "xmax": 77.6054458618164,
          "ymin": 12.973342895507812,
          "ymax": 12.973651885986328
        }
      },
      "geometry": {
        "type": "Polygon",
        "coordinates": [
          [
            [
              77.6052271,
              12.9733767
            ],
            [
              77.6053852,
              12.9733444
            ],
            [
              77.6054445,
              12.9736192
            ],
            [
              77.6052863,
              12.9736516
            ],
            [
              77.6052271,
              12.9733767
            ]
          ]
        ]
      }
    },
    {
      "type": "Feature",
      "id": "bff54113-576a-45d9-9da9-6dfffe9ac837",
      "properties": {
        "id": "bff54113-576a-45d9-9da9-6dfffe9ac837",
        "names": {
          "primary": "Cresent Park",
          "common": null,
          "rules": null
        },
        "sources": [
          {
            "property": "",
            "dataset": "OpenStreetMap",
            "license": "ODbL-1.0",
            "record_id": "w350554834@11",
            "update_time": "2025-01-21T04:31:31.000Z",
            "confidence": null,
            "between": null,
            "provider": "osm",
            "resource": "planet",
            "version": "2026-09-06T00:00:00.000Z"
          }
        ],
        "level": null,
        "height": null,
        "min_height": null,
        "is_underground": false,
        "num_floors": 3,
        "num_floors_underground": null,
        "min_floor": null,
        "subtype": "commercial",
        "class": "commercial",
        "facade_color": null,
        "facade_material": null,
        "roof_material": null,
        "roof_shape": null,
        "roof_direction": null,
        "roof_orientation": null,
        "roof_color": null,
        "roof_height": null,
        "has_parts": false,
        "version": 1,
        "bbox": {
          "xmin": 77.60540008544922,
          "xmax": 77.605712890625,
          "ymin": 12.973140716552734,
          "ymax": 12.97361946105957
        }
      },
      "geometry": {
        "type": "Polygon",
        "coordinates": [
          [
            [
              77.6057003,
              12.9735777
            ],
            [
              77.6054748,
              12.9736192
            ],
            [
              77.6054001,
              12.9732333
            ],
            [
              77.6054816,
              12.9732183
            ],
            [
              77.6054721,
              12.9731691
            ],
            [
              77.6056161,
              12.9731426
            ],
            [
              77.6057003,
              12.9735777
            ]
          ]
        ]
      }
    },
    {
      "type": "Feature",
      "id": "d4b016ed-3436-490e-9825-580082fe3b46",
      "properties": {
        "id": "d4b016ed-3436-490e-9825-580082fe3b46",
        "names": null,
        "sources": [
          {
            "property": "",
            "dataset": "Microsoft ML Buildings",
            "license": "ODbL-1.0",
            "record_id": null,
            "update_time": null,
            "confidence": null,
            "between": null,
            "provider": "microsoft",
            "resource": "ml_buildings",
            "version": "2026-08-11"
          }
        ],
        "level": null,
        "height": null,
        "min_height": null,
        "is_underground": false,
        "num_floors": null,
        "num_floors_underground": null,
        "min_floor": null,
        "subtype": null,
        "class": null,
        "facade_color": null,
        "facade_material": null,
        "roof_material": null,
        "roof_shape": null,
        "roof_direction": null,
        "roof_orientation": null,
        "roof_color": null,
        "roof_height": null,
        "has_parts": false,
        "version": 4,
        "bbox": {
          "xmin": 77.6055908203125,
          "xmax": 77.60567474365234,
          "ymin": 12.973628997802734,
          "ymax": 12.973663330078125
        }
      },
      "geometry": {
        "type": "Polygon",
        "coordinates": [
          [
            [
              77.6055977,
              12.9736629
            ],
            [
              77.6055969,
              12.9736326
            ],
            [
              77.605673,
              12.9736308
            ],
            [
              77.6056738,
              12.973661
            ],
            [
              77.6055977,
              12.9736629
            ]
          ]
        ]
      }
    },
    {
      "type": "Feature",
      "id": "c46fb814-676c-4758-a620-3381612d5926",
      "properties": {
        "id": "c46fb814-676c-4758-a620-3381612d5926",
        "names": null,
        "sources": [
          {
            "property": "",
            "dataset": "OpenStreetMap",
            "license": "ODbL-1.0",
            "record_id": "w328747367@1",
            "update_time": "2015-02-17T12:17:30.000Z",
            "confidence": null,
            "between": null,
            "provider": "osm",
            "resource": "planet",
            "version": "2026-09-06T00:00:00.000Z"
          }
        ],
        "level": null,
        "height": null,
        "min_height": null,
        "is_underground": false,
        "num_floors": null,
        "num_floors_underground": null,
        "min_floor": null,
        "subtype": null,
        "class": null,
        "facade_color": null,
        "facade_material": null,
        "roof_material": null,
        "roof_shape": null,
        "roof_direction": null,
        "roof_orientation": null,
        "roof_color": null,
        "roof_height": null,
        "has_parts": false,
        "version": 1,
        "bbox": {
          "xmin": 77.60580444335938,
          "xmax": 77.60588836669922,
          "ymin": 12.973528861999512,
          "ymax": 12.97368049621582
        }
      },
      "geometry": {
        "type": "Polygon",
        "coordinates": [
          [
            [
              77.6058198,
              12.9736802
            ],
            [
              77.6058106,
              12.9735345
            ],
            [
              77.6058784,
              12.9735305
            ],
            [
              77.6058876,
              12.9736762
            ],
            [
              77.6058198,
              12.9736802
            ]
          ]
        ]
      }
    },
    {
      "type": "Feature",
      "id": "b38086b0-88c7-4611-b0ec-9bd7c5948cd3",
      "properties": {
        "id": "b38086b0-88c7-4611-b0ec-9bd7c5948cd3",
        "names": null,
        "sources": [
          {
            "property": "",
            "dataset": "OpenStreetMap",
            "license": "ODbL-1.0",
            "record_id": "w349698973@2",
            "update_time": "2024-05-11T17:09:30.000Z",
            "confidence": null,
            "between": null,
            "provider": "osm",
            "resource": "planet",
            "version": "2026-09-06T00:00:00.000Z"
          }
        ],
        "level": null,
        "height": null,
        "min_height": null,
        "is_underground": false,
        "num_floors": null,
        "num_floors_underground": null,
        "min_floor": null,
        "subtype": null,
        "class": null,
        "facade_color": null,
        "facade_material": null,
        "roof_material": null,
        "roof_shape": null,
        "roof_direction": null,
        "roof_orientation": null,
        "roof_color": null,
        "roof_height": null,
        "has_parts": false,
        "version": 1,
        "bbox": {
          "xmin": 77.605712890625,
          "xmax": 77.6061782836914,
          "ymin": 12.973198890686035,
          "ymax": 12.973549842834473
        }
      },
      "geometry": {
        "type": "Polygon",
        "coordinates": [
          [
            [
              77.6057725,
              12.9735184
            ],
            [
              77.6057591,
              12.9734257
            ],
            [
              77.6057864,
              12.9734143
            ],
            [
              77.6057167,
              12.9732921
            ],
            [
              77.6058695,
              12.9732007
            ],
            [
              77.6059239,
              12.9732823
            ],
            [
              77.6060347,
              12.9732251
            ],
            [
              77.6061759,
              12.9734609
            ],
            [
              77.6059094,
              12.9735496
            ],
            [
              77.605885,
              12.9734882
            ],
            [
              77.6057725,
              12.9735184
            ]
          ]
        ]
      }
    },
    {
      "type": "Feature",
      "id": "2c1a0f60-5a91-4a67-8a7e-1ec1f29d7324",
      "properties": {
        "id": "2c1a0f60-5a91-4a67-8a7e-1ec1f29d7324",
        "names": null,
        "sources": [
          {
            "property": "",
            "dataset": "OpenStreetMap",
            "license": "ODbL-1.0",
            "record_id": "w1342685779@1",
            "update_time": "2024-12-14T15:21:45.000Z",
            "confidence": null,
            "between": null,
            "provider": "osm",
            "resource": "planet",
            "version": "2026-09-06T00:00:00.000Z"
          }
        ],
        "level": null,
        "height": null,
        "min_height": null,
        "is_underground": false,
        "num_floors": null,
        "num_floors_underground": null,
        "min_floor": null,
        "subtype": null,
        "class": null,
        "facade_color": null,
        "facade_material": null,
        "roof_material": null,
        "roof_shape": null,
        "roof_direction": null,
        "roof_orientation": null,
        "roof_color": null,
        "roof_height": null,
        "has_parts": false,
        "version": 1,
        "bbox": {
          "xmin": 77.60585021972656,
          "xmax": 77.60601043701172,
          "ymin": 12.973847389221191,
          "ymax": 12.974029541015625
        }
      },
      "geometry": {
        "type": "Polygon",
        "coordinates": [
          [
            [
              77.606003,
              12.9739999
            ],
            [
              77.6059125,
              12.9740279
            ],
            [
              77.6058628,
              12.9738757
            ],
            [
              77.6059534,
              12.9738476
            ],
            [
              77.606003,
              12.9739999
            ]
          ]
        ]
      }
    },
    {
      "type": "Feature",
      "id": "c5e566e9-7c4d-402a-af79-b633740e6a23",
      "properties": {
        "id": "c5e566e9-7c4d-402a-af79-b633740e6a23",
        "names": null,
        "sources": [
          {
            "property": "",
            "dataset": "OpenStreetMap",
            "license": "ODbL-1.0",
            "record_id": "w349698924@2",
            "update_time": "2023-10-23T12:27:17.000Z",
            "confidence": null,
            "between": null,
            "provider": "osm",
            "resource": "planet",
            "version": "2026-09-06T00:00:00.000Z"
          }
        ],
        "level": null,
        "height": null,
        "min_height": null,
        "is_underground": false,
        "num_floors": null,
        "num_floors_underground": null,
        "min_floor": null,
        "subtype": "residential",
        "class": "apartments",
        "facade_color": null,
        "facade_material": null,
        "roof_material": null,
        "roof_shape": null,
        "roof_direction": null,
        "roof_orientation": null,
        "roof_color": null,
        "roof_height": null,
        "has_parts": false,
        "version": 1,
        "bbox": {
          "xmin": 77.60635375976562,
          "xmax": 77.60678100585938,
          "ymin": 12.973200798034668,
          "ymax": 12.97353744506836
        }
      },
      "geometry": {
        "type": "Polygon",
        "coordinates": [
          [
            [
              77.6065836,
              12.9734688
            ],
            [
              77.6064442,
              12.9735374
            ],
            [
              77.6063549,
              12.973365
            ],
            [
              77.6064936,
              12.9732967
            ],
            [
              77.6065173,
              12.9733426
            ],
            [
              77.6065315,
              12.9733357
            ],
            [
              77.6065476,
              12.9733666
            ],
            [
              77.6065675,
              12.9733568
            ],
            [
              77.6065224,
              12.9732698
            ],
            [
              77.606659,
              12.9732026
            ],
            [
              77.6067777,
              12.9734316
            ],
            [
              77.6067466,
              12.9734469
            ],
            [
              77.6067383,
              12.9734309
            ],
            [
              77.6066432,
              12.9734777
            ],
            [
              77.606614,
              12.9734214
            ],
            [
              77.6065984,
              12.9734291
            ],
            [
              77.6065852,
              12.9734037
            ],
            [
              77.606557,
              12.9734176
            ],
            [
              77.6065836,
              12.9734688
            ]
          ]
        ]
      }
    },
    {
      "type": "Feature",
      "id": "1a8fc2fa-1d75-4ad7-9ef0-fce4c11a7c56",
      "properties": {
        "id": "1a8fc2fa-1d75-4ad7-9ef0-fce4c11a7c56",
        "names": null,
        "sources": [
          {
            "property": "",
            "dataset": "OpenStreetMap",
            "license": "ODbL-1.0",
            "record_id": "w349698867@2",
            "update_time": "2025-11-08T06:57:15.000Z",
            "confidence": null,
            "between": null,
            "provider": "osm",
            "resource": "planet",
            "version": "2026-09-06T00:00:00.000Z"
          }
        ],
        "level": null,
        "height": null,
        "min_height": null,
        "is_underground": false,
        "num_floors": null,
        "num_floors_underground": null,
        "min_floor": null,
        "subtype": null,
        "class": null,
        "facade_color": null,
        "facade_material": null,
        "roof_material": null,
        "roof_shape": null,
        "roof_direction": null,
        "roof_orientation": null,
        "roof_color": null,
        "roof_height": null,
        "has_parts": false,
        "version": 3,
        "bbox": {
          "xmin": 77.60648345947266,
          "xmax": 77.60669708251953,
          "ymin": 12.97352409362793,
          "ymax": 12.973779678344727
        }
      },
      "geometry": {
        "type": "Polygon",
        "coordinates": [
          [
            [
              77.6066966,
              12.9737416
            ],
            [
              77.6065534,
              12.9737781
            ],
            [
              77.606495,
              12.9735609
            ],
            [
              77.6066382,
              12.9735243
            ],
            [
              77.6066966,
              12.9737416
            ]
          ]
        ]
      }
    },
    {
      "type": "Feature",
      "id": "0c981778-0213-462a-9cec-39375fe9c338",
      "properties": {
        "id": "0c981778-0213-462a-9cec-39375fe9c338",
        "names": null,
        "sources": [
          {
            "property": "",
            "dataset": "OpenStreetMap",
            "license": "ODbL-1.0",
            "record_id": "w349698931@4",
            "update_time": "2025-11-08T06:57:15.000Z",
            "confidence": null,
            "between": null,
            "provider": "osm",
            "resource": "planet",
            "version": "2026-09-06T00:00:00.000Z"
          }
        ],
        "level": null,
        "height": null,
        "min_height": null,
        "is_underground": false,
        "num_floors": null,
        "num_floors_underground": null,
        "min_floor": null,
        "subtype": "commercial",
        "class": "commercial",
        "facade_color": null,
        "facade_material": null,
        "roof_material": null,
        "roof_shape": null,
        "roof_direction": null,
        "roof_orientation": null,
        "roof_color": null,
        "roof_height": null,
        "has_parts": false,
        "version": 3,
        "bbox": {
          "xmin": 77.60663604736328,
          "xmax": 77.60681915283203,
          "ymin": 12.97348690032959,
          "ymax": 12.97372817993164
        }
      },
      "geometry": {
        "type": "Polygon",
        "coordinates": [
          [
            [
              77.6067381,
              12.9734871
            ],
            [
              77.6068174,
              12.9736959
            ],
            [
              77.6067281,
              12.9737281
            ],
            [
              77.6066487,
              12.9735194
            ],
            [
              77.6067381,
              12.9734871
            ]
          ]
        ]
      }
    },
    {
      "type": "Feature",
      "id": "94d9c932-53e4-41e1-9912-90d46bf91ec9",
      "properties": {
        "id": "94d9c932-53e4-41e1-9912-90d46bf91ec9",
        "names": null,
        "sources": [
          {
            "property": "",
            "dataset": "OpenStreetMap",
            "license": "ODbL-1.0",
            "record_id": "w1281995556@3",
            "update_time": "2025-11-08T06:57:15.000Z",
            "confidence": null,
            "between": null,
            "provider": "osm",
            "resource": "planet",
            "version": "2026-09-06T00:00:00.000Z"
          }
        ],
        "level": null,
        "height": null,
        "min_height": null,
        "is_underground": false,
        "num_floors": null,
        "num_floors_underground": null,
        "min_floor": null,
        "subtype": "commercial",
        "class": "commercial",
        "facade_color": null,
        "facade_material": null,
        "roof_material": null,
        "roof_shape": null,
        "roof_direction": null,
        "roof_orientation": null,
        "roof_color": null,
        "roof_height": null,
        "has_parts": false,
        "version": 3,
        "bbox": {
          "xmin": 77.60693359375,
          "xmax": 77.60704040527344,
          "ymin": 12.973502159118652,
          "ymax": 12.9736328125
        }
      },
      "geometry": {
        "type": "Polygon",
        "coordinates": [
          [
            [
              77.6070378,
              12.9736172
            ],
            [
              77.6069606,
              12.9736312
            ],
            [
              77.6069372,
              12.9735514
            ],
            [
              77.6069455,
              12.9735497
            ],
            [
              77.6069397,
              12.9735307
            ],
            [
              77.6070201,
              12.9735036
            ],
            [
              77.6070378,
              12.9736172
            ]
          ]
        ]
      }
    },
    {
      "type": "Feature",
      "id": "7cd771f6-1db0-485b-95ea-5ad241632d3b",
      "properties": {
        "id": "7cd771f6-1db0-485b-95ea-5ad241632d3b",
        "names": null,
        "sources": [
          {
            "property": "",
            "dataset": "OpenStreetMap",
            "license": "ODbL-1.0",
            "record_id": "w349698857@3",
            "update_time": "2025-11-08T06:57:15.000Z",
            "confidence": null,
            "between": null,
            "provider": "osm",
            "resource": "planet",
            "version": "2026-09-06T00:00:00.000Z"
          }
        ],
        "level": null,
        "height": null,
        "min_height": null,
        "is_underground": false,
        "num_floors": null,
        "num_floors_underground": null,
        "min_floor": null,
        "subtype": "commercial",
        "class": "commercial",
        "facade_color": null,
        "facade_material": null,
        "roof_material": null,
        "roof_shape": null,
        "roof_direction": null,
        "roof_orientation": null,
        "roof_color": null,
        "roof_height": null,
        "has_parts": false,
        "version": 3,
        "bbox": {
          "xmin": 77.60675048828125,
          "xmax": 77.60697174072266,
          "ymin": 12.973437309265137,
          "ymax": 12.973681449890137
        }
      },
      "geometry": {
        "type": "Polygon",
        "coordinates": [
          [
            [
              77.6068218,
              12.9736811
            ],
            [
              77.6067532,
              12.9734801
            ],
            [
              77.6068988,
              12.9734376
            ],
            [
              77.6069293,
              12.973534
            ],
            [
              77.606893,
              12.9735541
            ],
            [
              77.6068991,
              12.9735683
            ],
            [
              77.6069342,
              12.9735493
            ],
            [
              77.6069594,
              12.9736415
            ],
            [
              77.6068218,
              12.9736811
            ]
          ]
        ]
      }
    },
    {
      "type": "Feature",
      "id": "d802b242-0323-4154-941f-ac399704e177",
      "properties": {
        "id": "d802b242-0323-4154-941f-ac399704e177",
        "names": null,
        "sources": [
          {
            "property": "",
            "dataset": "Google Open Buildings",
            "license": null,
            "record_id": "7J4VXJF4+FRCM",
            "update_time": "2023-05-01T00:00:00.000Z",
            "confidence": 0.786,
            "between": null,
            "provider": "google",
            "resource": "open_buildings",
            "version": "2024-04-16"
          }
        ],
        "level": null,
        "height": null,
        "min_height": null,
        "is_underground": false,
        "num_floors": null,
        "num_floors_underground": null,
        "min_floor": null,
        "subtype": null,
        "class": null,
        "facade_color": null,
        "facade_material": null,
        "roof_material": null,
        "roof_shape": null,
        "roof_direction": null,
        "roof_orientation": null,
        "roof_color": null,
        "roof_height": null,
        "has_parts": false,
        "version": 1,
        "bbox": {
          "xmin": 77.60694122314453,
          "xmax": 77.60709381103516,
          "ymin": 12.973664283752441,
          "ymax": 12.973723411560059
        }
      },
      "geometry": {
        "type": "Polygon",
        "coordinates": [
          [
            [
              77.6070799,
              12.9736661
            ],
            [
              77.6070862,
              12.9736943
            ],
            [
              77.6069506,
              12.9737232
            ],
            [
              77.6069443,
              12.973695
            ],
            [
              77.6070799,
              12.9736661
            ]
          ]
        ]
      }
    },
    {
      "type": "Feature",
      "id": "3e4f51ab-3242-4266-bf2a-94fe40821813",
      "properties": {
        "id": "3e4f51ab-3242-4266-bf2a-94fe40821813",
        "names": null,
        "sources": [
          {
            "property": "",
            "dataset": "OpenStreetMap",
            "license": "ODbL-1.0",
            "record_id": "w349698938@2",
            "update_time": "2025-05-09T13:52:56.000Z",
            "confidence": null,
            "between": null,
            "provider": "osm",
            "resource": "planet",
            "version": "2026-09-06T00:00:00.000Z"
          }
        ],
        "level": null,
        "height": null,
        "min_height": null,
        "is_underground": false,
        "num_floors": null,
        "num_floors_underground": null,
        "min_floor": null,
        "subtype": null,
        "class": null,
        "facade_color": null,
        "facade_material": null,
        "roof_material": null,
        "roof_shape": null,
        "roof_direction": null,
        "roof_orientation": null,
        "roof_color": null,
        "roof_height": null,
        "has_parts": false,
        "version": 1,
        "bbox": {
          "xmin": 77.60698699951172,
          "xmax": 77.60711669921875,
          "ymin": 12.973762512207031,
          "ymax": 12.97392749786377
        }
      },
      "geometry": {
        "type": "Polygon",
        "coordinates": [
          [
            [
              77.6071146,
              12.9739044
            ],
            [
              77.6070255,
              12.9739272
            ],
            [
              77.6069878,
              12.9737871
            ],
            [
              77.6070769,
              12.9737643
            ],
            [
              77.6071146,
              12.9739044
            ]
          ]
        ]
      }
    },
    {
      "type": "Feature",
      "id": "ae6521a0-b859-465b-8b0b-293c5b2537d5",
      "properties": {
        "id": "ae6521a0-b859-465b-8b0b-293c5b2537d5",
        "names": null,
        "sources": [
          {
            "property": "",
            "dataset": "OpenStreetMap",
            "license": "ODbL-1.0",
            "record_id": "w349698884@3",
            "update_time": "2024-12-14T15:21:45.000Z",
            "confidence": null,
            "between": null,
            "provider": "osm",
            "resource": "planet",
            "version": "2026-09-06T00:00:00.000Z"
          }
        ],
        "level": null,
        "height": null,
        "min_height": null,
        "is_underground": false,
        "num_floors": null,
        "num_floors_underground": null,
        "min_floor": null,
        "subtype": "commercial",
        "class": "commercial",
        "facade_color": null,
        "facade_material": null,
        "roof_material": null,
        "roof_shape": null,
        "roof_direction": null,
        "roof_orientation": null,
        "roof_color": null,
        "roof_height": null,
        "has_parts": false,
        "version": 1,
        "bbox": {
          "xmin": 77.60673522949219,
          "xmax": 77.60699462890625,
          "ymin": 12.973782539367676,
          "ymax": 12.974055290222168
        }
      },
      "geometry": {
        "type": "Polygon",
        "coordinates": [
          [
            [
              77.6069913,
              12.9740049
            ],
            [
              77.6067999,
              12.9740534
            ],
            [
              77.606741,
              12.9738327
            ],
            [
              77.6069324,
              12.9737842
            ],
            [
              77.6069913,
              12.9740049
            ]
          ]
        ]
      }
    },
    {
      "type": "Feature",
      "id": "3ec2d212-26df-47ac-98e2-cc5f600de59f",
      "properties": {
        "id": "3ec2d212-26df-47ac-98e2-cc5f600de59f",
        "names": null,
        "sources": [
          {
            "property": "",
            "dataset": "OpenStreetMap",
            "license": "ODbL-1.0",
            "record_id": "w349698882@2",
            "update_time": "2024-12-14T15:21:45.000Z",
            "confidence": null,
            "between": null,
            "provider": "osm",
            "resource": "planet",
            "version": "2026-09-06T00:00:00.000Z"
          }
        ],
        "level": null,
        "height": null,
        "min_height": null,
        "is_underground": false,
        "num_floors": null,
        "num_floors_underground": null,
        "min_floor": null,
        "subtype": null,
        "class": null,
        "facade_color": null,
        "facade_material": null,
        "roof_material": null,
        "roof_shape": null,
        "roof_direction": null,
        "roof_orientation": null,
        "roof_color": null,
        "roof_height": null,
        "has_parts": false,
        "version": 1,
        "bbox": {
          "xmin": 77.60652160644531,
          "xmax": 77.6066665649414,
          "ymin": 12.973861694335938,
          "ymax": 12.97412395477295
        }
      },
      "geometry": {
        "type": "Polygon",
        "coordinates": [
          [
            [
              77.6066642,
              12.9741042
            ],
            [
              77.6065877,
              12.9741236
            ],
            [
              77.606523,
              12.9738812
            ],
            [
              77.6065995,
              12.9738618
            ],
            [
              77.6066642,
              12.9741042
            ]
          ]
        ]
      }
    },
    {
      "type": "Feature",
      "id": "7f2a33e0-40a9-4392-8afe-0d1d07303edf",
      "properties": {
        "id": "7f2a33e0-40a9-4392-8afe-0d1d07303edf",
        "names": null,
        "sources": [
          {
            "property": "",
            "dataset": "OpenStreetMap",
            "license": "ODbL-1.0",
            "record_id": "w349698939@2",
            "update_time": "2024-12-14T15:21:45.000Z",
            "confidence": null,
            "between": null,
            "provider": "osm",
            "resource": "planet",
            "version": "2026-09-06T00:00:00.000Z"
          }
        ],
        "level": null,
        "height": null,
        "min_height": null,
        "is_underground": false,
        "num_floors": null,
        "num_floors_underground": null,
        "min_floor": null,
        "subtype": null,
        "class": null,
        "facade_color": null,
        "facade_material": null,
        "roof_material": null,
        "roof_shape": null,
        "roof_direction": null,
        "roof_orientation": null,
        "roof_color": null,
        "roof_height": null,
        "has_parts": false,
        "version": 1,
        "bbox": {
          "xmin": 77.60661315917969,
          "xmax": 77.6067886352539,
          "ymin": 12.973864555358887,
          "ymax": 12.974113464355469
        }
      },
      "geometry": {
        "type": "Polygon",
        "coordinates": [
          [
            [
              77.6067856,
              12.9740839
            ],
            [
              77.6066752,
              12.9741119
            ],
            [
              77.6066168,
              12.9738929
            ],
            [
              77.6067272,
              12.9738649
            ],
            [
              77.6067856,
              12.9740839
            ]
          ]
        ]
      }
    },
    {
      "type": "Feature",
      "id": "3b930c7d-4ccd-48ff-b5a0-fb4c95648890",
      "properties": {
        "id": "3b930c7d-4ccd-48ff-b5a0-fb4c95648890",
        "names": {
          "primary": "Prestige Commercial Complex",
          "common": null,
          "rules": null
        },
        "sources": [
          {
            "property": "",
            "dataset": "OpenStreetMap",
            "license": "ODbL-1.0",
            "record_id": "w349698856@5",
            "update_time": "2024-08-18T18:54:12.000Z",
            "confidence": null,
            "between": null,
            "provider": "osm",
            "resource": "planet",
            "version": "2026-09-06T00:00:00.000Z"
          }
        ],
        "level": null,
        "height": null,
        "min_height": null,
        "is_underground": false,
        "num_floors": 6,
        "num_floors_underground": null,
        "min_floor": null,
        "subtype": "commercial",
        "class": "commercial",
        "facade_color": null,
        "facade_material": null,
        "roof_material": null,
        "roof_shape": null,
        "roof_direction": null,
        "roof_orientation": null,
        "roof_color": null,
        "roof_height": null,
        "has_parts": false,
        "version": 1,
        "bbox": {
          "xmin": 77.60685729980469,
          "xmax": 77.6071548461914,
          "ymin": 12.974023818969727,
          "ymax": 12.974416732788086
        }
      },
      "geometry": {
        "type": "Polygon",
        "coordinates": [
          [
            [
              77.6071477,
              12.9743648
            ],
            [
              77.60695,
              12.9744152
            ],
            [
              77.6068886,
              12.9741865
            ],
            [
              77.6068752,
              12.9741367
            ],
            [
              77.6068585,
              12.9740743
            ],
            [
              77.6070562,
              12.974024
            ],
            [
              77.6071477,
              12.9743648
            ]
          ]
        ]
      }
    },
    {
      "type": "Feature",
      "id": "848cfde9-952e-4e62-99de-d2c5015d3be2",
      "properties": {
        "id": "848cfde9-952e-4e62-99de-d2c5015d3be2",
        "names": {
          "primary": "MSR West Park",
          "common": null,
          "rules": null
        },
        "sources": [
          {
            "property": "",
            "dataset": "OpenStreetMap",
            "license": "ODbL-1.0",
            "record_id": "w349698917@3",
            "update_time": "2025-01-23T10:13:59.000Z",
            "confidence": null,
            "between": null,
            "provider": "osm",
            "resource": "planet",
            "version": "2026-09-06T00:00:00.000Z"
          }
        ],
        "level": null,
        "height": null,
        "min_height": null,
        "is_underground": false,
        "num_floors": 5,
        "num_floors_underground": null,
        "min_floor": null,
        "subtype": "commercial",
        "class": "commercial",
        "facade_color": null,
        "facade_material": null,
        "roof_material": null,
        "roof_shape": null,
        "roof_direction": null,
        "roof_orientation": null,
        "roof_color": null,
        "roof_height": null,
        "has_parts": false,
        "version": 1,
        "bbox": {
          "xmin": 77.60658264160156,
          "xmax": 77.60688018798828,
          "ymin": 12.97411823272705,
          "ymax": 12.974496841430664
        }
      },
      "geometry": {
        "type": "Polygon",
        "coordinates": [
          [
            [
              77.6068788,
              12.9744408
            ],
            [
              77.6066854,
              12.9744954
            ],
            [
              77.6065899,
              12.9741745
            ],
            [
              77.6067832,
              12.9741198
            ],
            [
              77.6068788,
              12.9744408
            ]
          ]
        ]
      }
    },
    {
      "type": "Feature",
      "id": "0431ea35-97d6-4cec-8352-3c466cc86ce6",
      "properties": {
        "id": "0431ea35-97d6-4cec-8352-3c466cc86ce6",
        "names": null,
        "sources": [
          {
            "property": "",
            "dataset": "OpenStreetMap",
            "license": "ODbL-1.0",
            "record_id": "w349698971@1",
            "update_time": "2022-08-27T18:09:29.000Z",
            "confidence": null,
            "between": null,
            "provider": "osm",
            "resource": "planet",
            "version": "2026-09-06T00:00:00.000Z"
          }
        ],
        "level": null,
        "height": null,
        "min_height": null,
        "is_underground": false,
        "num_floors": null,
        "num_floors_underground": null,
        "min_floor": null,
        "subtype": null,
        "class": null,
        "facade_color": null,
        "facade_material": null,
        "roof_material": null,
        "roof_shape": null,
        "roof_direction": null,
        "roof_orientation": null,
        "roof_color": null,
        "roof_height": null,
        "has_parts": false,
        "version": 1,
        "bbox": {
          "xmin": 77.6061782836914,
          "xmax": 77.60645294189453,
          "ymin": 12.974059104919434,
          "ymax": 12.9742431640625
        }
      },
      "geometry": {
        "type": "Polygon",
        "coordinates": [
          [
            [
              77.6064462,
              12.9741835
            ],
            [
              77.6062109,
              12.9742416
            ],
            [
              77.606179,
              12.9741186
            ],
            [
              77.6064143,
              12.9740606
            ],
            [
              77.6064462,
              12.9741835
            ]
          ]
        ]
      }
    },
    {
      "type": "Feature",
      "id": "6cb2f4e3-1fe0-4062-8e51-4618f8fb4c8d",
      "properties": {
        "id": "6cb2f4e3-1fe0-4062-8e51-4618f8fb4c8d",
        "names": null,
        "sources": [
          {
            "property": "",
            "dataset": "OpenStreetMap",
            "license": "ODbL-1.0",
            "record_id": "w349698958@3",
            "update_time": "2026-01-12T05:30:39.000Z",
            "confidence": null,
            "between": null,
            "provider": "osm",
            "resource": "planet",
            "version": "2026-09-06T00:00:00.000Z"
          }
        ],
        "level": null,
        "height": null,
        "min_height": null,
        "is_underground": false,
        "num_floors": null,
        "num_floors_underground": null,
        "min_floor": null,
        "subtype": "residential",
        "class": "house",
        "facade_color": null,
        "facade_material": null,
        "roof_material": null,
        "roof_shape": null,
        "roof_direction": null,
        "roof_orientation": null,
        "roof_color": null,
        "roof_height": null,
        "has_parts": false,
        "version": 2,
        "bbox": {
          "xmin": 77.60594177246094,
          "xmax": 77.60613250732422,
          "ymin": 12.974418640136719,
          "ymax": 12.97462272644043
        }
      },
      "geometry": {
        "type": "Polygon",
        "coordinates": [
          [
            [
              77.606127,
              12.9745872
            ],
            [
              77.6059929,
              12.9746212
            ],
            [
              77.6059483,
              12.9744545
            ],
            [
              77.6060824,
              12.9744204
            ],
            [
              77.606127,
              12.9745872
            ]
          ]
        ]
      }
    },
    {
      "type": "Feature",
      "id": "3acc0505-729f-4947-9f7e-2f4f4b4bc079",
      "properties": {
        "id": "3acc0505-729f-4947-9f7e-2f4f4b4bc079",
        "names": null,
        "sources": [
          {
            "property": "",
            "dataset": "OpenStreetMap",
            "license": "ODbL-1.0",
            "record_id": "w1412295513@1",
            "update_time": "2026-01-12T05:30:39.000Z",
            "confidence": null,
            "between": null,
            "provider": "osm",
            "resource": "planet",
            "version": "2026-09-06T00:00:00.000Z"
          }
        ],
        "level": null,
        "height": null,
        "min_height": null,
        "is_underground": false,
        "num_floors": null,
        "num_floors_underground": null,
        "min_floor": null,
        "subtype": null,
        "class": null,
        "facade_color": null,
        "facade_material": null,
        "roof_material": null,
        "roof_shape": null,
        "roof_direction": null,
        "roof_orientation": null,
        "roof_color": null,
        "roof_height": null,
        "has_parts": false,
        "version": 2,
        "bbox": {
          "xmin": 77.60591125488281,
          "xmax": 77.60601806640625,
          "ymin": 12.974801063537598,
          "ymax": 12.975043296813965
        }
      },
      "geometry": {
        "type": "Polygon",
        "coordinates": [
          [
            [
              77.6059618,
              12.9749826
            ],
            [
              77.6059182,
              12.9748168
            ],
            [
              77.6059797,
              12.9748014
            ],
            [
              77.6060177,
              12.9750322
            ],
            [
              77.6059783,
              12.9750417
            ],
            [
              77.6059618,
              12.9749826
            ]
          ]
        ]
      }
    },
    {
      "type": "Feature",
      "id": "a4508836-4e70-4190-9644-1815380b7313",
      "properties": {
        "id": "a4508836-4e70-4190-9644-1815380b7313",
        "names": null,
        "sources": [
          {
            "property": "",
            "dataset": "Google Open Buildings",
            "license": null,
            "record_id": "7J4VXJG4+39RC",
            "update_time": "2023-05-01T00:00:00.000Z",
            "confidence": 0.6525,
            "between": null,
            "provider": "google",
            "resource": "open_buildings",
            "version": "2024-04-16"
          }
        ],
        "level": null,
        "height": null,
        "min_height": null,
        "is_underground": false,
        "num_floors": null,
        "num_floors_underground": null,
        "min_floor": null,
        "subtype": null,
        "class": null,
        "facade_color": null,
        "facade_material": null,
        "roof_material": null,
        "roof_shape": null,
        "roof_direction": null,
        "roof_orientation": null,
        "roof_color": null,
        "roof_height": null,
        "has_parts": false,
        "version": 1,
        "bbox": {
          "xmin": 77.60584259033203,
          "xmax": 77.60590362548828,
          "ymin": 12.975214004516602,
          "ymax": 12.975260734558105
        }
      },
      "geometry": {
        "type": "Polygon",
        "coordinates": [
          [
            [
              77.6058543,
              12.9752234
            ],
            [
              77.6058856,
              12.9752143
            ],
            [
              77.6058968,
              12.9752517
            ],
            [
              77.6058655,
              12.9752607
            ],
            [
              77.6058543,
              12.9752234
            ]
          ]
        ]
      }
    },
    {
      "type": "Feature",
      "id": "a277aeb6-f951-49a4-8f4f-198b9d37ac65",
      "properties": {
        "id": "a277aeb6-f951-49a4-8f4f-198b9d37ac65",
        "names": null,
        "sources": [
          {
            "property": "",
            "dataset": "OpenStreetMap",
            "license": "ODbL-1.0",
            "record_id": "w327534063@2",
            "update_time": "2026-01-12T05:30:39.000Z",
            "confidence": null,
            "between": null,
            "provider": "osm",
            "resource": "planet",
            "version": "2026-09-06T00:00:00.000Z"
          }
        ],
        "level": null,
        "height": null,
        "min_height": null,
        "is_underground": false,
        "num_floors": null,
        "num_floors_underground": null,
        "min_floor": null,
        "subtype": null,
        "class": null,
        "facade_color": null,
        "facade_material": null,
        "roof_material": null,
        "roof_shape": null,
        "roof_direction": null,
        "roof_orientation": null,
        "roof_color": null,
        "roof_height": null,
        "has_parts": false,
        "version": 2,
        "bbox": {
          "xmin": 77.60588073730469,
          "xmax": 77.60616302490234,
          "ymin": 12.97511100769043,
          "ymax": 12.975388526916504
        }
      },
      "geometry": {
        "type": "Polygon",
        "coordinates": [
          [
            [
              77.60596,
              12.9753869
            ],
            [
              77.6058925,
              12.9751854
            ],
            [
              77.6061286,
              12.9751111
            ],
            [
              77.6061601,
              12.975206
            ],
            [
              77.6060521,
              12.97524
            ],
            [
              77.606087,
              12.9753514
            ],
            [
              77.60596,
              12.9753869
            ]
          ]
        ]
      }
    },
    {
      "type": "Feature",
      "id": "624e83ef-7035-4668-9384-d2de83dfb2f5",
      "properties": {
        "id": "624e83ef-7035-4668-9384-d2de83dfb2f5",
        "names": null,
        "sources": [
          {
            "property": "",
            "dataset": "Google Open Buildings",
            "license": null,
            "record_id": "7J4VXJF4+XCMG",
            "update_time": "2023-05-01T00:00:00.000Z",
            "confidence": 0.7857,
            "between": null,
            "provider": "google",
            "resource": "open_buildings",
            "version": "2024-04-16"
          }
        ],
        "level": null,
        "height": null,
        "min_height": null,
        "is_underground": false,
        "num_floors": null,
        "num_floors_underground": null,
        "min_floor": null,
        "subtype": null,
        "class": null,
        "facade_color": null,
        "facade_material": null,
        "roof_material": null,
        "roof_shape": null,
        "roof_direction": null,
        "roof_orientation": null,
        "roof_color": null,
        "roof_height": null,
        "has_parts": false,
        "version": 2,
        "bbox": {
          "xmin": 77.60599517822266,
          "xmax": 77.60610961914062,
          "ymin": 12.974864959716797,
          "ymax": 12.975059509277344
        }
      },
      "geometry": {
        "type": "Polygon",
        "coordinates": [
          [
            [
              77.6060073,
              12.9748763
            ],
            [
              77.6060655,
              12.9748665
            ],
            [
              77.6060971,
              12.9750482
            ],
            [
              77.606039,
              12.9750579
            ],
            [
              77.6060073,
              12.9748763
            ]
          ]
        ]
      }
    },
    {
      "type": "Feature",
      "id": "4fa4c63f-4645-4b1e-8707-4ea7dfcf2810",
      "properties": {
        "id": "4fa4c63f-4645-4b1e-8707-4ea7dfcf2810",
        "names": {
          "primary": "Higginbotham's",
          "common": [
            [
              "kn",
              "ಹಿಗ್ಗಿನ್ ಬೊಥಮ್ಸ್"
            ]
          ],
          "rules": null
        },
        "sources": [
          {
            "property": "",
            "dataset": "OpenStreetMap",
            "license": "ODbL-1.0",
            "record_id": "r20071915@1",
            "update_time": "2026-01-12T05:30:39.000Z",
            "confidence": null,
            "between": null,
            "provider": "osm",
            "resource": "planet",
            "version": "2026-09-06T00:00:00.000Z"
          }
        ],
        "level": null,
        "height": null,
        "min_height": null,
        "is_underground": false,
        "num_floors": 2,
        "num_floors_underground": null,
        "min_floor": null,
        "subtype": "commercial",
        "class": "commercial",
        "facade_color": null,
        "facade_material": null,
        "roof_material": null,
        "roof_shape": null,
        "roof_direction": null,
        "roof_orientation": null,
        "roof_color": null,
        "roof_height": null,
        "has_parts": false,
        "version": 2,
        "bbox": {
          "xmin": 77.6061782836914,
          "xmax": 77.60640716552734,
          "ymin": 12.975079536437988,
          "ymax": 12.975397109985352
        }
      },
      "geometry": {
        "type": "Polygon",
        "coordinates": [
          [
            [
              77.6063955,
              12.97536
            ],
            [
              77.606262,
              12.9753967
            ],
            [
              77.6061814,
              12.9751176
            ],
            [
              77.6063149,
              12.975081
            ],
            [
              77.6063955,
              12.97536
            ]
          ],
          [
            [
              77.6062816,
              12.9751564
            ],
            [
              77.6062232,
              12.9751724
            ],
            [
              77.6062474,
              12.975256
            ],
            [
              77.6063058,
              12.97524
            ],
            [
              77.6062816,
              12.9751564
            ]
          ]
        ]
      }
    },
    {
      "type": "Feature",
      "id": "7da194cd-6a51-4dd4-9938-6be00166fbd5",
      "properties": {
        "id": "7da194cd-6a51-4dd4-9938-6be00166fbd5",
        "names": null,
        "sources": [
          {
            "property": "",
            "dataset": "OpenStreetMap",
            "license": "ODbL-1.0",
            "record_id": "w327534062@5",
            "update_time": "2026-01-12T05:30:39.000Z",
            "confidence": null,
            "between": null,
            "provider": "osm",
            "resource": "planet",
            "version": "2026-09-06T00:00:00.000Z"
          }
        ],
        "level": null,
        "height": null,
        "min_height": null,
        "is_underground": false,
        "num_floors": 5,
        "num_floors_underground": null,
        "min_floor": null,
        "subtype": "commercial",
        "class": "office",
        "facade_color": null,
        "facade_material": null,
        "roof_material": null,
        "roof_shape": null,
        "roof_direction": null,
        "roof_orientation": null,
        "roof_color": null,
        "roof_height": null,
        "has_parts": false,
        "version": 1,
        "bbox": {
          "xmin": 77.60623931884766,
          "xmax": 77.60648345947266,
          "ymin": 12.974757194519043,
          "ymax": 12.975198745727539
        }
      },
      "geometry": {
        "type": "Polygon",
        "coordinates": [
          [
            [
              77.6063605,
              12.975197
            ],
            [
              77.6062464,
              12.9747783
            ],
            [
              77.6062864,
              12.974768
            ],
            [
              77.6063274,
              12.9747574
            ],
            [
              77.6063601,
              12.9748778
            ],
            [
              77.6063793,
              12.9748728
            ],
            [
              77.606401,
              12.9748671
            ],
            [
              77.6064822,
              12.9751654
            ],
            [
              77.6063605,
              12.975197
            ]
          ]
        ]
      }
    },
    {
      "type": "Feature",
      "id": "c52bd3e7-0ae4-4695-9fab-f93329a865b3",
      "properties": {
        "id": "c52bd3e7-0ae4-4695-9fab-f93329a865b3",
        "names": null,
        "sources": [
          {
            "property": "",
            "dataset": "OpenStreetMap",
            "license": "ODbL-1.0",
            "record_id": "w1350409197@1",
            "update_time": "2026-01-12T05:30:39.000Z",
            "confidence": null,
            "between": null,
            "provider": "osm",
            "resource": "planet",
            "version": "2026-09-06T00:00:00.000Z"
          }
        ],
        "level": null,
        "height": null,
        "min_height": null,
        "is_underground": false,
        "num_floors": 2,
        "num_floors_underground": null,
        "min_floor": null,
        "subtype": "commercial",
        "class": "commercial",
        "facade_color": null,
        "facade_material": null,
        "roof_material": null,
        "roof_shape": null,
        "roof_direction": null,
        "roof_orientation": null,
        "roof_color": null,
        "roof_height": null,
        "has_parts": false,
        "version": 2,
        "bbox": {
          "xmin": 77.60636901855469,
          "xmax": 77.60649871826172,
          "ymin": 12.974710464477539,
          "ymax": 12.97488784790039
        }
      },
      "geometry": {
        "type": "Polygon",
        "coordinates": [
          [
            [
              77.6064584,
              12.9747123
            ],
            [
              77.6064975,
              12.9748643
            ],
            [
              77.6064089,
              12.974886
            ],
            [
              77.6063698,
              12.9747339
            ],
            [
              77.6064584,
              12.9747123
            ]
          ]
        ]
      }
    },
    {
      "type": "Feature",
      "id": "a31b12ed-f8cb-43d1-972a-f1aac8549842",
      "properties": {
        "id": "a31b12ed-f8cb-43d1-972a-f1aac8549842",
        "names": null,
        "sources": [
          {
            "property": "",
            "dataset": "Google Open Buildings",
            "license": null,
            "record_id": "7J4VXJF4+VJJV",
            "update_time": "2023-05-01T00:00:00.000Z",
            "confidence": 0.6929,
            "between": null,
            "provider": "google",
            "resource": "open_buildings",
            "version": "2024-04-16"
          }
        ],
        "level": null,
        "height": null,
        "min_height": null,
        "is_underground": false,
        "num_floors": null,
        "num_floors_underground": null,
        "min_floor": null,
        "subtype": null,
        "class": null,
        "facade_color": null,
        "facade_material": null,
        "roof_material": null,
        "roof_shape": null,
        "roof_direction": null,
        "roof_orientation": null,
        "roof_color": null,
        "roof_height": null,
        "has_parts": false,
        "version": 1,
        "bbox": {
          "xmin": 77.60647583007812,
          "xmax": 77.60655212402344,
          "ymin": 12.974675178527832,
          "ymax": 12.974763870239258
        }
      },
      "geometry": {
        "type": "Polygon",
        "coordinates": [
          [
            [
              77.6064796,
              12.974682
            ],
            [
              77.606543,
              12.9746769
            ],
            [
              77.6065498,
              12.9747585
            ],
            [
              77.6064864,
              12.9747635
            ],
            [
              77.6064796,
              12.974682
            ]
          ]
        ]
      }
    },
    {
      "type": "Feature",
      "id": "ab6e6a51-0ceb-4284-b9ce-353bc043e1e3",
      "properties": {
        "id": "ab6e6a51-0ceb-4284-b9ce-353bc043e1e3",
        "names": null,
        "sources": [
          {
            "property": "",
            "dataset": "OpenStreetMap",
            "license": "ODbL-1.0",
            "record_id": "w1217769155@2",
            "update_time": "2026-01-12T05:30:39.000Z",
            "confidence": null,
            "between": null,
            "provider": "osm",
            "resource": "planet",
            "version": "2026-09-06T00:00:00.000Z"
          }
        ],
        "level": null,
        "height": null,
        "min_height": null,
        "is_underground": false,
        "num_floors": 1,
        "num_floors_underground": null,
        "min_floor": null,
        "subtype": "commercial",
        "class": "retail",
        "facade_color": null,
        "facade_material": null,
        "roof_material": null,
        "roof_shape": null,
        "roof_direction": null,
        "roof_orientation": null,
        "roof_color": null,
        "roof_height": null,
        "has_parts": false,
        "version": 2,
        "bbox": {
          "xmin": 77.60662078857422,
          "xmax": 77.6067123413086,
          "ymin": 12.974637985229492,
          "ymax": 12.974772453308105
        }
      },
      "geometry": {
        "type": "Polygon",
        "coordinates": [
          [
            [
              77.6066912,
              12.9747632
            ],
            [
              77.6066515,
              12.9747724
            ],
            [
              77.6066223,
              12.9746531
            ],
            [
              77.6066804,
              12.9746396
            ],
            [
              77.606705,
              12.9747401
            ],
            [
              77.6066866,
              12.9747444
            ],
            [
              77.6066912,
              12.9747632
            ]
          ]
        ]
      }
    },
    {
      "type": "Feature",
      "id": "b44551eb-568e-4040-9409-7c5140ba6c08",
      "properties": {
        "id": "b44551eb-568e-4040-9409-7c5140ba6c08",
        "names": {
          "primary": "Sujaya Pride",
          "common": null,
          "rules": null
        },
        "sources": [
          {
            "property": "",
            "dataset": "OpenStreetMap",
            "license": "ODbL-1.0",
            "record_id": "w327534064@4",
            "update_time": "2026-01-12T05:30:39.000Z",
            "confidence": null,
            "between": null,
            "provider": "osm",
            "resource": "planet",
            "version": "2026-09-06T00:00:00.000Z"
          }
        ],
        "level": null,
        "height": null,
        "min_height": null,
        "is_underground": false,
        "num_floors": 5,
        "num_floors_underground": null,
        "min_floor": null,
        "subtype": "commercial",
        "class": "commercial",
        "facade_color": null,
        "facade_material": null,
        "roof_material": null,
        "roof_shape": null,
        "roof_direction": null,
        "roof_orientation": null,
        "roof_color": null,
        "roof_height": null,
        "has_parts": false,
        "version": 2,
        "bbox": {
          "xmin": 77.60668182373047,
          "xmax": 77.60679626464844,
          "ymin": 12.974617004394531,
          "ymax": 12.974743843078613
        }
      },
      "geometry": {
        "type": "Polygon",
        "coordinates": [
          [
            [
              77.6067934,
              12.9747241
            ],
            [
              77.6067068,
              12.9747424
            ],
            [
              77.6066831,
              12.9746354
            ],
            [
              77.6067698,
              12.9746172
            ],
            [
              77.6067934,
              12.9747241
            ]
          ]
        ]
      }
    },
    {
      "type": "Feature",
      "id": "13ac065a-2986-4d33-aa5c-1143c8c32e61",
      "properties": {
        "id": "13ac065a-2986-4d33-aa5c-1143c8c32e61",
        "names": null,
        "sources": [
          {
            "property": "",
            "dataset": "OpenStreetMap",
            "license": "ODbL-1.0",
            "record_id": "w1350409159@1",
            "update_time": "2026-01-12T05:30:39.000Z",
            "confidence": null,
            "between": null,
            "provider": "osm",
            "resource": "planet",
            "version": "2026-09-06T00:00:00.000Z"
          }
        ],
        "level": null,
        "height": null,
        "min_height": null,
        "is_underground": false,
        "num_floors": 5,
        "num_floors_underground": null,
        "min_floor": null,
        "subtype": "commercial",
        "class": "commercial",
        "facade_color": null,
        "facade_material": null,
        "roof_material": null,
        "roof_shape": null,
        "roof_direction": null,
        "roof_orientation": null,
        "roof_color": null,
        "roof_height": null,
        "has_parts": false,
        "version": 2,
        "bbox": {
          "xmin": 77.60677337646484,
          "xmax": 77.60684967041016,
          "ymin": 12.974608421325684,
          "ymax": 12.974738121032715
        }
      },
      "geometry": {
        "type": "Polygon",
        "coordinates": [
          [
            [
              77.6068487,
              12.9747278
            ],
            [
              77.6068002,
              12.974738
            ],
            [
              77.6067739,
              12.9746188
            ],
            [
              77.6068224,
              12.9746087
            ],
            [
              77.6068487,
              12.9747278
            ]
          ]
        ]
      }
    },
    {
      "type": "Feature",
      "id": "9dd84594-3128-4f9a-b1f1-390fd2fce74e",
      "properties": {
        "id": "9dd84594-3128-4f9a-b1f1-390fd2fce74e",
        "names": null,
        "sources": [
          {
            "property": "",
            "dataset": "OpenStreetMap",
            "license": "ODbL-1.0",
            "record_id": "w327534060@3",
            "update_time": "2025-01-11T17:28:34.000Z",
            "confidence": null,
            "between": null,
            "provider": "osm",
            "resource": "planet",
            "version": "2026-09-06T00:00:00.000Z"
          }
        ],
        "level": null,
        "height": null,
        "min_height": null,
        "is_underground": false,
        "num_floors": null,
        "num_floors_underground": null,
        "min_floor": null,
        "subtype": null,
        "class": null,
        "facade_color": null,
        "facade_material": null,
        "roof_material": null,
        "roof_shape": null,
        "roof_direction": null,
        "roof_orientation": null,
        "roof_color": null,
        "roof_height": null,
        "has_parts": false,
        "version": 1,
        "bbox": {
          "xmin": 77.60671997070312,
          "xmax": 77.60688781738281,
          "ymin": 12.974738121032715,
          "ymax": 12.974898338317871
        }
      },
      "geometry": {
        "type": "Polygon",
        "coordinates": [
          [
            [
              77.6068822,
              12.9748716
            ],
            [
              77.6067566,
              12.9748983
            ],
            [
              77.606727,
              12.9747666
            ],
            [
              77.6068526,
              12.9747398
            ],
            [
              77.6068822,
              12.9748716
            ]
          ]
        ]
      }
    },
    {
      "type": "Feature",
      "id": "e7086d18-fe92-4a75-8656-14045fb439ae",
      "properties": {
        "id": "e7086d18-fe92-4a75-8656-14045fb439ae",
        "names": null,
        "sources": [
          {
            "property": "",
            "dataset": "OpenStreetMap",
            "license": "ODbL-1.0",
            "record_id": "w327534065@5",
            "update_time": "2025-01-27T05:56:44.000Z",
            "confidence": null,
            "between": null,
            "provider": "osm",
            "resource": "planet",
            "version": "2026-09-06T00:00:00.000Z"
          }
        ],
        "level": null,
        "height": null,
        "min_height": null,
        "is_underground": false,
        "num_floors": 4,
        "num_floors_underground": null,
        "min_floor": null,
        "subtype": "commercial",
        "class": "commercial",
        "facade_color": null,
        "facade_material": null,
        "roof_material": null,
        "roof_shape": null,
        "roof_direction": null,
        "roof_orientation": null,
        "roof_color": null,
        "roof_height": null,
        "has_parts": false,
        "version": 1,
        "bbox": {
          "xmin": 77.60673522949219,
          "xmax": 77.60694885253906,
          "ymin": 12.974900245666504,
          "ymax": 12.975250244140625
        }
      },
      "geometry": {
        "type": "Polygon",
        "coordinates": [
          [
            [
              77.6068127,
              12.9752228
            ],
            [
              77.6067375,
              12.9749301
            ],
            [
              77.6068603,
              12.9749003
            ],
            [
              77.6069418,
              12.9752188
            ],
            [
              77.606819,
              12.9752487
            ],
            [
              77.6068127,
              12.9752228
            ]
          ]
        ]
      }
    },
    {
      "type": "Feature",
      "id": "5fe532b7-e1a9-43e5-b80c-4e6bf8374146",
      "properties": {
        "id": "5fe532b7-e1a9-43e5-b80c-4e6bf8374146",
        "names": null,
        "sources": [
          {
            "property": "",
            "dataset": "OpenStreetMap",
            "license": "ODbL-1.0",
            "record_id": "w1284657939@2",
            "update_time": "2025-01-11T17:28:34.000Z",
            "confidence": null,
            "between": null,
            "provider": "osm",
            "resource": "planet",
            "version": "2026-09-06T00:00:00.000Z"
          }
        ],
        "level": null,
        "height": null,
        "min_height": null,
        "is_underground": false,
        "num_floors": null,
        "num_floors_underground": null,
        "min_floor": null,
        "subtype": "commercial",
        "class": "commercial",
        "facade_color": null,
        "facade_material": null,
        "roof_material": null,
        "roof_shape": null,
        "roof_direction": null,
        "roof_orientation": null,
        "roof_color": null,
        "roof_height": null,
        "has_parts": false,
        "version": 1,
        "bbox": {
          "xmin": 77.6069564819336,
          "xmax": 77.60709381103516,
          "ymin": 12.974955558776855,
          "ymax": 12.975189208984375
        }
      },
      "geometry": {
        "type": "Polygon",
        "coordinates": [
          [
            [
              77.6070903,
              12.9751715
            ],
            [
              77.6070148,
              12.9751891
            ],
            [
              77.6069717,
              12.9750138
            ],
            [
              77.6069621,
              12.9749748
            ],
            [
              77.6070375,
              12.9749572
            ],
            [
              77.6070903,
              12.9751715
            ]
          ]
        ]
      }
    },
    {
      "type": "Feature",
      "id": "f0473ba8-c911-447d-bd83-9c3a1ce93233",
      "properties": {
        "id": "f0473ba8-c911-447d-bd83-9c3a1ce93233",
        "names": null,
        "sources": [
          {
            "property": "",
            "dataset": "OpenStreetMap",
            "license": "ODbL-1.0",
            "record_id": "w1284657940@2",
            "update_time": "2024-12-17T17:16:48.000Z",
            "confidence": null,
            "between": null,
            "provider": "osm",
            "resource": "planet",
            "version": "2026-09-06T00:00:00.000Z"
          }
        ],
        "level": null,
        "height": null,
        "min_height": null,
        "is_underground": false,
        "num_floors": null,
        "num_floors_underground": null,
        "min_floor": null,
        "subtype": "commercial",
        "class": "commercial",
        "facade_color": null,
        "facade_material": null,
        "roof_material": null,
        "roof_shape": null,
        "roof_direction": null,
        "roof_orientation": null,
        "roof_color": null,
        "roof_height": null,
        "has_parts": false,
        "version": 1,
        "bbox": {
          "xmin": 77.60689544677734,
          "xmax": 77.60701751708984,
          "ymin": 12.975013732910156,
          "ymax": 12.97520637512207
        }
      },
      "geometry": {
        "type": "Polygon",
        "coordinates": [
          [
            [
              77.6070148,
              12.9751891
            ],
            [
              77.606942,
              12.9752061
            ],
            [
              77.6068988,
              12.9750308
            ],
            [
              77.6069717,
              12.9750138
            ],
            [
              77.6070148,
              12.9751891
            ]
          ]
        ]
      }
    },
    {
      "type": "Feature",
      "id": "b59869b7-e4fd-4f68-8f53-fa6606fd890a",
      "properties": {
        "id": "b59869b7-e4fd-4f68-8f53-fa6606fd890a",
        "names": null,
        "sources": [
          {
            "property": "",
            "dataset": "OpenStreetMap",
            "license": "ODbL-1.0",
            "record_id": "w327534061@6",
            "update_time": "2025-01-27T05:56:44.000Z",
            "confidence": null,
            "between": null,
            "provider": "osm",
            "resource": "planet",
            "version": "2026-09-06T00:00:00.000Z"
          }
        ],
        "level": null,
        "height": null,
        "min_height": null,
        "is_underground": false,
        "num_floors": null,
        "num_floors_underground": null,
        "min_floor": null,
        "subtype": "transportation",
        "class": "train_station",
        "facade_color": null,
        "facade_material": null,
        "roof_material": null,
        "roof_shape": null,
        "roof_direction": null,
        "roof_orientation": null,
        "roof_color": null,
        "roof_height": null,
        "has_parts": false,
        "version": 1,
        "bbox": {
          "xmin": 77.60649871826172,
          "xmax": 77.60681915283203,
          "ymin": 12.9747953414917,
          "ymax": 12.975272178649902
        }
      },
      "geometry": {
        "type": "Polygon",
        "coordinates": [
          [
            [
              77.6066616,
              12.9752593
            ],
            [
              77.6066096,
              12.9752719
            ],
            [
              77.6065011,
              12.9748459
            ],
            [
              77.6066004,
              12.9748219
            ],
            [
              77.6066481,
              12.9748103
            ],
            [
              77.6067042,
              12.9747968
            ],
            [
              77.6068127,
              12.9752228
            ],
            [
              77.6067624,
              12.9752349
            ],
            [
              77.6066829,
              12.9752542
            ],
            [
              77.6066616,
              12.9752593
            ]
          ]
        ]
      }
    },
    {
      "type": "Feature",
      "id": "939b1ff4-2f63-4ac4-a57f-9971000e6882",
      "properties": {
        "id": "939b1ff4-2f63-4ac4-a57f-9971000e6882",
        "names": null,
        "sources": [
          {
            "property": "",
            "dataset": "OpenStreetMap",
            "license": "ODbL-1.0",
            "record_id": "w327534050@3",
            "update_time": "2026-01-12T05:30:39.000Z",
            "confidence": null,
            "between": null,
            "provider": "osm",
            "resource": "planet",
            "version": "2026-09-06T00:00:00.000Z"
          }
        ],
        "level": null,
        "height": null,
        "min_height": null,
        "is_underground": false,
        "num_floors": 5,
        "num_floors_underground": null,
        "min_floor": null,
        "subtype": "commercial",
        "class": "commercial",
        "facade_color": null,
        "facade_material": null,
        "roof_material": null,
        "roof_shape": null,
        "roof_direction": null,
        "roof_orientation": null,
        "roof_color": null,
        "roof_height": null,
        "has_parts": false,
        "version": 2,
        "bbox": {
          "xmin": 77.60637664794922,
          "xmax": 77.60661315917969,
          "ymin": 12.975173950195312,
          "ymax": 12.975359916687012
        }
      },
      "geometry": {
        "type": "Polygon",
        "coordinates": [
          [
            [
              77.6064194,
              12.9753596
            ],
            [
              77.6063828,
              12.9752251
            ],
            [
              77.606574,
              12.9751758
            ],
            [
              77.6066105,
              12.9753103
            ],
            [
              77.6064194,
              12.9753596
            ]
          ]
        ]
      }
    },
    {
      "type": "Feature",
      "id": "ce66601a-ca65-47d4-9de0-1d637b39e3b4",
      "properties": {
        "id": "ce66601a-ca65-47d4-9de0-1d637b39e3b4",
        "names": null,
        "sources": [
          {
            "property": "",
            "dataset": "OpenStreetMap",
            "license": "ODbL-1.0",
            "record_id": "w1354573716@1",
            "update_time": "2025-01-27T05:56:44.000Z",
            "confidence": null,
            "between": null,
            "provider": "osm",
            "resource": "planet",
            "version": "2026-09-06T00:00:00.000Z"
          }
        ],
        "level": null,
        "height": null,
        "min_height": null,
        "is_underground": false,
        "num_floors": null,
        "num_floors_underground": null,
        "min_floor": null,
        "subtype": "transportation",
        "class": "train_station",
        "facade_color": null,
        "facade_material": null,
        "roof_material": null,
        "roof_shape": null,
        "roof_direction": null,
        "roof_orientation": null,
        "roof_color": null,
        "roof_height": null,
        "has_parts": false,
        "version": 1,
        "bbox": {
          "xmin": 77.60665893554688,
          "xmax": 77.6068115234375,
          "ymin": 12.97523307800293,
          "ymax": 12.975436210632324
        }
      },
      "geometry": {
        "type": "Polygon",
        "coordinates": [
          [
            [
              77.6068079,
              12.9754113
            ],
            [
              77.6067072,
              12.9754359
            ],
            [
              77.6066616,
              12.9752593
            ],
            [
              77.6066829,
              12.9752542
            ],
            [
              77.6067624,
              12.9752349
            ],
            [
              77.6068079,
              12.9754113
            ]
          ]
        ]
      }
    },
    {
      "type": "Feature",
      "id": "e8efc906-827f-4bce-9886-3838830ad8d1",
      "properties": {
        "id": "e8efc906-827f-4bce-9886-3838830ad8d1",
        "names": null,
        "sources": [
          {
            "property": "",
            "dataset": "OpenStreetMap",
            "license": "ODbL-1.0",
            "record_id": "w348854341@12",
            "update_time": "2025-12-20T17:15:07.000Z",
            "confidence": null,
            "between": null,
            "provider": "osm",
            "resource": "planet",
            "version": "2026-09-06T00:00:00.000Z"
          }
        ],
        "level": null,
        "height": null,
        "min_height": null,
        "is_underground": false,
        "num_floors": null,
        "num_floors_underground": null,
        "min_floor": null,
        "subtype": "transportation",
        "class": "train_station",
        "facade_color": null,
        "facade_material": null,
        "roof_material": null,
        "roof_shape": null,
        "roof_direction": null,
        "roof_orientation": null,
        "roof_color": null,
        "roof_height": null,
        "has_parts": false,
        "version": 2,
        "bbox": {
          "xmin": 77.6060791015625,
          "xmax": 77.6075439453125,
          "ymin": 12.975251197814941,
          "ymax": 12.97586727142334
        }
      },
      "geometry": {
        "type": "Polygon",
        "coordinates": [
          [
            [
              77.6068079,
              12.9754113
            ],
            [
              77.6074656,
              12.9752514
            ],
            [
              77.6075365,
              12.9755321
            ],
            [
              77.6061521,
              12.975867
            ],
            [
              77.6061277,
              12.9757783
            ],
            [
              77.6061084,
              12.9757024
            ],
            [
              77.6060806,
              12.9755902
            ],
            [
              77.6067072,
              12.9754359
            ],
            [
              77.6068079,
              12.9754113
            ]
          ]
        ]
      }
    },
    {
      "type": "Feature",
      "id": "bb6cee37-57ec-4ca0-b65d-11fa268d0181",
      "properties": {
        "id": "bb6cee37-57ec-4ca0-b65d-11fa268d0181",
        "names": null,
        "sources": [
          {
            "property": "",
            "dataset": "OpenStreetMap",
            "license": "ODbL-1.0",
            "record_id": "w327534051@5",
            "update_time": "2026-01-12T05:30:39.000Z",
            "confidence": null,
            "between": null,
            "provider": "osm",
            "resource": "planet",
            "version": "2026-09-06T00:00:00.000Z"
          }
        ],
        "level": null,
        "height": null,
        "min_height": null,
        "is_underground": false,
        "num_floors": 2,
        "num_floors_underground": null,
        "min_floor": null,
        "subtype": "commercial",
        "class": "office",
        "facade_color": null,
        "facade_material": null,
        "roof_material": null,
        "roof_shape": "hipped",
        "roof_direction": null,
        "roof_orientation": null,
        "roof_color": null,
        "roof_height": null,
        "has_parts": false,
        "version": 2,
        "bbox": {
          "xmin": 77.6059341430664,
          "xmax": 77.6062240600586,
          "ymin": 12.975318908691406,
          "ymax": 12.975483894348145
        }
      },
      "geometry": {
        "type": "Polygon",
        "coordinates": [
          [
            [
              77.606087,
              12.9753514
            ],
            [
              77.6061963,
              12.9753208
            ],
            [
              77.6062228,
              12.9754107
            ],
            [
              77.605968,
              12.975482
            ],
            [
              77.6059415,
              12.9753921
            ],
            [
              77.60596,
              12.9753869
            ],
            [
              77.606087,
              12.9753514
            ]
          ]
        ]
      }
    },
    {
      "type": "Feature",
      "id": "51affa39-675c-4110-8e37-257c1b3785e7",
      "properties": {
        "id": "51affa39-675c-4110-8e37-257c1b3785e7",
        "names": null,
        "sources": [
          {
            "property": "",
            "dataset": "OpenStreetMap",
            "license": "ODbL-1.0",
            "record_id": "w1304116268@1",
            "update_time": "2026-01-12T05:30:39.000Z",
            "confidence": null,
            "between": null,
            "provider": "osm",
            "resource": "planet",
            "version": "2026-09-06T00:00:00.000Z"
          }
        ],
        "level": null,
        "height": null,
        "min_height": null,
        "is_underground": false,
        "num_floors": 2,
        "num_floors_underground": null,
        "min_floor": null,
        "subtype": "commercial",
        "class": "commercial",
        "facade_color": null,
        "facade_material": null,
        "roof_material": null,
        "roof_shape": null,
        "roof_direction": null,
        "roof_orientation": null,
        "roof_color": null,
        "roof_height": null,
        "has_parts": false,
        "version": 2,
        "bbox": {
          "xmin": 77.6058578491211,
          "xmax": 77.60596466064453,
          "ymin": 12.9752836227417,
          "ymax": 12.975494384765625
        }
      },
      "geometry": {
        "type": "Polygon",
        "coordinates": [
          [
            [
              77.6059629,
              12.9754806
            ],
            [
              77.6059172,
              12.9754925
            ],
            [
              77.6058634,
              12.975297
            ],
            [
              77.6059091,
              12.9752851
            ],
            [
              77.6059629,
              12.9754806
            ]
          ]
        ]
      }
    },
    {
      "type": "Feature",
      "id": "6e0f585f-000f-4f69-98ec-4bb662238faa",
      "properties": {
        "id": "6e0f585f-000f-4f69-98ec-4bb662238faa",
        "names": null,
        "sources": [
          {
            "property": "",
            "dataset": "Google Open Buildings",
            "license": null,
            "record_id": "7J4VXJG4+89JW",
            "update_time": "2023-05-01T00:00:00.000Z",
            "confidence": 0.6715,
            "between": null,
            "provider": "google",
            "resource": "open_buildings",
            "version": "2024-04-16"
          }
        ],
        "level": null,
        "height": null,
        "min_height": null,
        "is_underground": false,
        "num_floors": null,
        "num_floors_underground": null,
        "min_floor": null,
        "subtype": null,
        "class": null,
        "facade_color": null,
        "facade_material": null,
        "roof_material": null,
        "roof_shape": null,
        "roof_direction": null,
        "roof_orientation": null,
        "roof_color": null,
        "roof_height": null,
        "has_parts": false,
        "version": 1,
        "bbox": {
          "xmin": 77.60586547851562,
          "xmax": 77.60591888427734,
          "ymin": 12.97583293914795,
          "ymax": 12.97586441040039
        }
      },
      "geometry": {
        "type": "Polygon",
        "coordinates": [
          [
            [
              77.6059133,
              12.9758345
            ],
            [
              77.6059164,
              12.9758594
            ],
            [
              77.6058747,
              12.9758643
            ],
            [
              77.6058717,
              12.9758395
            ],
            [
              77.6059133,
              12.9758345
            ]
          ]
        ]
      }
    },
    {
      "type": "Feature",
      "id": "2febf00f-3e1c-4efc-849a-3ad61176e04b",
      "properties": {
        "id": "2febf00f-3e1c-4efc-849a-3ad61176e04b",
        "names": null,
        "sources": [
          {
            "property": "",
            "dataset": "OpenStreetMap",
            "license": "ODbL-1.0",
            "record_id": "w327534047@3",
            "update_time": "2026-01-12T05:30:39.000Z",
            "confidence": null,
            "between": null,
            "provider": "osm",
            "resource": "planet",
            "version": "2026-09-06T00:00:00.000Z"
          }
        ],
        "level": null,
        "height": null,
        "min_height": null,
        "is_underground": false,
        "num_floors": 3,
        "num_floors_underground": null,
        "min_floor": null,
        "subtype": null,
        "class": null,
        "facade_color": null,
        "facade_material": null,
        "roof_material": null,
        "roof_shape": null,
        "roof_direction": null,
        "roof_orientation": null,
        "roof_color": null,
        "roof_height": null,
        "has_parts": false,
        "version": 2,
        "bbox": {
          "xmin": 77.60543823242188,
          "xmax": 77.60565948486328,
          "ymin": 12.975359916687012,
          "ymax": 12.975591659545898
        }
      },
      "geometry": {
        "type": "Polygon",
        "coordinates": [
          [
            [
              77.6054564,
              12.9754032
            ],
            [
              77.6055879,
              12.9753617
            ],
            [
              77.6056475,
              12.9755412
            ],
            [
              77.6054883,
              12.9755913
            ],
            [
              77.6054415,
              12.9754503
            ],
            [
              77.6054691,
              12.9754416
            ],
            [
              77.6054564,
              12.9754032
            ]
          ]
        ]
      }
    },
    {
      "type": "Feature",
      "id": "39e6e603-9eb3-4e74-85eb-1da56481f262",
      "properties": {
        "id": "39e6e603-9eb3-4e74-85eb-1da56481f262",
        "names": null,
        "sources": [
          {
            "property": "",
            "dataset": "OpenStreetMap",
            "license": "ODbL-1.0",
            "record_id": "w1304116269@2",
            "update_time": "2026-01-12T05:30:39.000Z",
            "confidence": null,
            "between": null,
            "provider": "osm",
            "resource": "planet",
            "version": "2026-09-06T00:00:00.000Z"
          }
        ],
        "level": null,
        "height": null,
        "min_height": null,
        "is_underground": false,
        "num_floors": 7,
        "num_floors_underground": null,
        "min_floor": null,
        "subtype": "commercial",
        "class": "commercial",
        "facade_color": null,
        "facade_material": null,
        "roof_material": null,
        "roof_shape": null,
        "roof_direction": null,
        "roof_orientation": null,
        "roof_color": null,
        "roof_height": null,
        "has_parts": false,
        "version": 2,
        "bbox": {
          "xmin": 77.60527801513672,
          "xmax": 77.60543823242188,
          "ymin": 12.975384712219238,
          "ymax": 12.975627899169922
        }
      },
      "geometry": {
        "type": "Polygon",
        "coordinates": [
          [
            [
              77.6053644,
              12.9753862
            ],
            [
              77.6054364,
              12.9756047
            ],
            [
              77.6053491,
              12.9756276
            ],
            [
              77.6052801,
              12.9754102
            ],
            [
              77.6053644,
              12.9753862
            ]
          ]
        ]
      }
    },
    {
      "type": "Feature",
      "id": "0b6594d3-332f-4d43-b874-d575e502be91",
      "properties": {
        "id": "0b6594d3-332f-4d43-b874-d575e502be91",
        "names": {
          "primary": "Raymonds",
          "common": null,
          "rules": null
        },
        "sources": [
          {
            "property": "",
            "dataset": "OpenStreetMap",
            "license": "ODbL-1.0",
            "record_id": "w327534053@4",
            "update_time": "2026-01-12T05:30:39.000Z",
            "confidence": null,
            "between": null,
            "provider": "osm",
            "resource": "planet",
            "version": "2026-09-06T00:00:00.000Z"
          }
        ],
        "level": null,
        "height": null,
        "min_height": null,
        "is_underground": false,
        "num_floors": 3,
        "num_floors_underground": null,
        "min_floor": null,
        "subtype": null,
        "class": null,
        "facade_color": null,
        "facade_material": null,
        "roof_material": null,
        "roof_shape": null,
        "roof_direction": null,
        "roof_orientation": null,
        "roof_color": null,
        "roof_height": null,
        "has_parts": false,
        "version": 2,
        "bbox": {
          "xmin": 77.60565185546875,
          "xmax": 77.60591888427734,
          "ymin": 12.975287437438965,
          "ymax": 12.97553539276123
        }
      },
      "geometry": {
        "type": "Polygon",
        "coordinates": [
          [
            [
              77.605715,
              12.9755352
            ],
            [
              77.6056583,
              12.9753355
            ],
            [
              77.6057566,
              12.9753084
            ],
            [
              77.6058542,
              12.9752893
            ],
            [
              77.6059128,
              12.9754867
            ],
            [
              77.605715,
              12.9755352
            ]
          ]
        ]
      }
    },
    {
      "type": "Feature",
      "id": "5a04242f-b5b0-4f2a-8b9a-66a496613408",
      "properties": {
        "id": "5a04242f-b5b0-4f2a-8b9a-66a496613408",
        "names": null,
        "sources": [
          {
            "property": "",
            "dataset": "OpenStreetMap",
            "license": "ODbL-1.0",
            "record_id": "w1412295514@1",
            "update_time": "2026-01-12T05:30:39.000Z",
            "confidence": null,
            "between": null,
            "provider": "osm",
            "resource": "planet",
            "version": "2026-09-06T00:00:00.000Z"
          }
        ],
        "level": null,
        "height": null,
        "min_height": null,
        "is_underground": false,
        "num_floors": null,
        "num_floors_underground": null,
        "min_floor": null,
        "subtype": null,
        "class": null,
        "facade_color": null,
        "facade_material": null,
        "roof_material": null,
        "roof_shape": null,
        "roof_direction": null,
        "roof_orientation": null,
        "roof_color": null,
        "roof_height": null,
        "has_parts": false,
        "version": 2,
        "bbox": {
          "xmin": 77.60578155517578,
          "xmax": 77.60590362548828,
          "ymin": 12.975005149841309,
          "ymax": 12.975167274475098
        }
      },
      "geometry": {
        "type": "Polygon",
        "coordinates": [
          [
            [
              77.6058187,
              12.9751657
            ],
            [
              77.6057824,
              12.9750274
            ],
            [
              77.6058641,
              12.975007
            ],
            [
              77.6059004,
              12.9751453
            ],
            [
              77.6058187,
              12.9751657
            ]
          ]
        ]
      }
    },
    {
      "type": "Feature",
      "id": "4ed407a7-a8bd-4dbb-9244-25465b5c7235",
      "properties": {
        "id": "4ed407a7-a8bd-4dbb-9244-25465b5c7235",
        "names": null,
        "sources": [
          {
            "property": "",
            "dataset": "OpenStreetMap",
            "license": "ODbL-1.0",
            "record_id": "w327534069@3",
            "update_time": "2026-01-12T05:30:39.000Z",
            "confidence": null,
            "between": null,
            "provider": "osm",
            "resource": "planet",
            "version": "2026-09-06T00:00:00.000Z"
          }
        ],
        "level": null,
        "height": null,
        "min_height": null,
        "is_underground": false,
        "num_floors": null,
        "num_floors_underground": null,
        "min_floor": null,
        "subtype": null,
        "class": null,
        "facade_color": null,
        "facade_material": null,
        "roof_material": null,
        "roof_shape": null,
        "roof_direction": null,
        "roof_orientation": null,
        "roof_color": null,
        "roof_height": null,
        "has_parts": false,
        "version": 3,
        "bbox": {
          "xmin": 77.6057357788086,
          "xmax": 77.60596466064453,
          "ymin": 12.974815368652344,
          "ymax": 12.975028991699219
        }
      },
      "geometry": {
        "type": "Polygon",
        "coordinates": [
          [
            [
              77.6058641,
              12.975007
            ],
            [
              77.6057824,
              12.9750274
            ],
            [
              77.6057388,
              12.9748615
            ],
            [
              77.6059182,
              12.9748168
            ],
            [
              77.6059618,
              12.9749826
            ],
            [
              77.6058641,
              12.975007
            ]
          ]
        ]
      }
    },
    {
      "type": "Feature",
      "id": "01edc8ba-e07a-4453-b17f-25f1771d79a3",
      "properties": {
        "id": "01edc8ba-e07a-4453-b17f-25f1771d79a3",
        "names": null,
        "sources": [
          {
            "property": "",
            "dataset": "OpenStreetMap",
            "license": "ODbL-1.0",
            "record_id": "w349698909@3",
            "update_time": "2025-06-07T19:00:47.000Z",
            "confidence": null,
            "between": null,
            "provider": "osm",
            "resource": "planet",
            "version": "2026-09-06T00:00:00.000Z"
          }
        ],
        "level": null,
        "height": null,
        "min_height": null,
        "is_underground": false,
        "num_floors": 5,
        "num_floors_underground": null,
        "min_floor": null,
        "subtype": "commercial",
        "class": "commercial",
        "facade_color": null,
        "facade_material": null,
        "roof_material": null,
        "roof_shape": null,
        "roof_direction": null,
        "roof_orientation": null,
        "roof_color": null,
        "roof_height": null,
        "has_parts": false,
        "version": 1,
        "bbox": {
          "xmin": 77.60575103759766,
          "xmax": 77.60590362548828,
          "ymin": 12.974596977233887,
          "ymax": 12.97472095489502
        }
      },
      "geometry": {
        "type": "Polygon",
        "coordinates": [
          [
            [
              77.6059025,
              12.9746873
            ],
            [
              77.605779,
              12.9747193
            ],
            [
              77.6057548,
              12.9746306
            ],
            [
              77.6058783,
              12.9745986
            ],
            [
              77.6059025,
              12.9746873
            ]
          ]
        ]
      }
    },
    {
      "type": "Feature",
      "id": "b64c8dc6-602c-447b-b05e-42ab0858ce59",
      "properties": {
        "id": "b64c8dc6-602c-447b-b05e-42ab0858ce59",
        "names": null,
        "sources": [
          {
            "property": "",
            "dataset": "OpenStreetMap",
            "license": "ODbL-1.0",
            "record_id": "w327534067@6",
            "update_time": "2026-01-12T05:30:39.000Z",
            "confidence": null,
            "between": null,
            "provider": "osm",
            "resource": "planet",
            "version": "2026-09-06T00:00:00.000Z"
          }
        ],
        "level": 1,
        "height": null,
        "min_height": null,
        "is_underground": false,
        "num_floors": 3,
        "num_floors_underground": null,
        "min_floor": null,
        "subtype": null,
        "class": null,
        "facade_color": null,
        "facade_material": null,
        "roof_material": null,
        "roof_shape": null,
        "roof_direction": null,
        "roof_orientation": null,
        "roof_color": null,
        "roof_height": null,
        "has_parts": false,
        "version": 2,
        "bbox": {
          "xmin": 77.60523986816406,
          "xmax": 77.6058578491211,
          "ymin": 12.974869728088379,
          "ymax": 12.975398063659668
        }
      },
      "geometry": {
        "type": "Polygon",
        "coordinates": [
          [
            [
              77.6053712,
              12.9753962
            ],
            [
              77.6052416,
              12.9749917
            ],
            [
              77.6057213,
              12.9748716
            ],
            [
              77.6058542,
              12.9752893
            ],
            [
              77.6057566,
              12.9753084
            ],
            [
              77.605675,
              12.9750336
            ],
            [
              77.6053902,
              12.9751112
            ],
            [
              77.6054641,
              12.9753718
            ],
            [
              77.6053712,
              12.9753962
            ]
          ]
        ]
      }
    },
    {
      "type": "Feature",
      "id": "17e6e014-cdfd-4f9e-a8a7-de1a3b46dfae",
      "properties": {
        "id": "17e6e014-cdfd-4f9e-a8a7-de1a3b46dfae",
        "names": {
          "primary": "Shrungar Shopping Center",
          "common": null,
          "rules": null
        },
        "sources": [
          {
            "property": "",
            "dataset": "OpenStreetMap",
            "license": "ODbL-1.0",
            "record_id": "w319385961@2",
            "update_time": "2026-01-12T05:30:39.000Z",
            "confidence": null,
            "between": null,
            "provider": "osm",
            "resource": "planet",
            "version": "2026-09-06T00:00:00.000Z"
          }
        ],
        "level": null,
        "height": null,
        "min_height": null,
        "is_underground": false,
        "num_floors": 4,
        "num_floors_underground": null,
        "min_floor": null,
        "subtype": "commercial",
        "class": "retail",
        "facade_color": null,
        "facade_material": null,
        "roof_material": null,
        "roof_shape": null,
        "roof_direction": null,
        "roof_orientation": null,
        "roof_color": null,
        "roof_height": null,
        "has_parts": false,
        "version": 2,
        "bbox": {
          "xmin": 77.60546112060547,
          "xmax": 77.60567474365234,
          "ymin": 12.975107192993164,
          "ymax": 12.975312232971191
        }
      },
      "geometry": {
        "type": "Polygon",
        "coordinates": [
          [
            [
              77.6056712,
              12.9752285
            ],
            [
              77.6056596,
              12.9752602
            ],
            [
              77.605638,
              12.9752865
            ],
            [
              77.6056088,
              12.9753044
            ],
            [
              77.6055752,
              12.9753121
            ],
            [
              77.6055408,
              12.9753088
            ],
            [
              77.6055096,
              12.9752948
            ],
            [
              77.6054848,
              12.9752718
            ],
            [
              77.6054689,
              12.9752421
            ],
            [
              77.6054637,
              12.9752091
            ],
            [
              77.6054698,
              12.9751762
            ],
            [
              77.6054865,
              12.975147
            ],
            [
              77.605512,
              12.9751246
            ],
            [
              77.6055435,
              12.9751115
            ],
            [
              77.6055777,
              12.975109
            ],
            [
              77.6056111,
              12.9751175
            ],
            [
              77.6056399,
              12.9751362
            ],
            [
              77.6056608,
              12.9751629
            ],
            [
              77.6056716,
              12.9751949
            ],
            [
              77.6056712,
              12.9752285
            ]
          ]
        ]
      }
    },
    {
      "type": "Feature",
      "id": "bbdcbacc-5e92-4a79-af41-70a064ce516f",
      "properties": {
        "id": "bbdcbacc-5e92-4a79-af41-70a064ce516f",
        "names": {
          "primary": "Asha Enclave",
          "common": null,
          "rules": null
        },
        "sources": [
          {
            "property": "",
            "dataset": "OpenStreetMap",
            "license": "ODbL-1.0",
            "record_id": "w327553590@2",
            "update_time": "2026-01-12T05:30:39.000Z",
            "confidence": null,
            "between": null,
            "provider": "osm",
            "resource": "planet",
            "version": "2026-09-06T00:00:00.000Z"
          }
        ],
        "level": null,
        "height": null,
        "min_height": null,
        "is_underground": false,
        "num_floors": null,
        "num_floors_underground": null,
        "min_floor": null,
        "subtype": "commercial",
        "class": "commercial",
        "facade_color": null,
        "facade_material": null,
        "roof_material": null,
        "roof_shape": null,
        "roof_direction": null,
        "roof_orientation": null,
        "roof_color": null,
        "roof_height": null,
        "has_parts": false,
        "version": 2,
        "bbox": {
          "xmin": 77.60511016845703,
          "xmax": 77.60529327392578,
          "ymin": 12.97469425201416,
          "ymax": 12.974873542785645
        }
      },
      "geometry": {
        "type": "Polygon",
        "coordinates": [
          [
            [
              77.6051103,
              12.9747287
            ],
            [
              77.6052538,
              12.9746944
            ],
            [
              77.6052898,
              12.9748376
            ],
            [
              77.6051463,
              12.9748718
            ],
            [
              77.6051103,
              12.9747287
            ]
          ]
        ]
      }
    },
    {
      "type": "Feature",
      "id": "303b78f1-b00b-4d54-b301-e871334fa9ac",
      "properties": {
        "id": "303b78f1-b00b-4d54-b301-e871334fa9ac",
        "names": null,
        "sources": [
          {
            "property": "",
            "dataset": "OpenStreetMap",
            "license": "ODbL-1.0",
            "record_id": "w1035562483@3",
            "update_time": "2026-04-18T14:22:41.000Z",
            "confidence": null,
            "between": null,
            "provider": "osm",
            "resource": "planet",
            "version": "2026-09-06T00:00:00.000Z"
          }
        ],
        "level": null,
        "height": null,
        "min_height": null,
        "is_underground": false,
        "num_floors": null,
        "num_floors_underground": null,
        "min_floor": null,
        "subtype": null,
        "class": null,
        "facade_color": null,
        "facade_material": null,
        "roof_material": null,
        "roof_shape": null,
        "roof_direction": null,
        "roof_orientation": null,
        "roof_color": null,
        "roof_height": null,
        "has_parts": false,
        "version": 2,
        "bbox": {
          "xmin": 77.6047592163086,
          "xmax": 77.60509490966797,
          "ymin": 12.974815368652344,
          "ymax": 12.974967002868652
        }
      },
      "geometry": {
        "type": "Polygon",
        "coordinates": [
          [
            [
              77.6047719,
              12.9748881
            ],
            [
              77.6050624,
              12.9748158
            ],
            [
              77.605083,
              12.9748944
            ],
            [
              77.6047925,
              12.9749667
            ],
            [
              77.6047719,
              12.9748881
            ]
          ]
        ]
      }
    },
    {
      "type": "Feature",
      "id": "726d166e-edae-4ba0-bf15-14f5331634ce",
      "properties": {
        "id": "726d166e-edae-4ba0-bf15-14f5331634ce",
        "names": null,
        "sources": [
          {
            "property": "",
            "dataset": "OpenStreetMap",
            "license": "ODbL-1.0",
            "record_id": "w207901098@2",
            "update_time": "2026-01-12T05:30:39.000Z",
            "confidence": null,
            "between": null,
            "provider": "osm",
            "resource": "planet",
            "version": "2026-09-06T00:00:00.000Z"
          }
        ],
        "level": null,
        "height": null,
        "min_height": null,
        "is_underground": false,
        "num_floors": null,
        "num_floors_underground": null,
        "min_floor": null,
        "subtype": "commercial",
        "class": "office",
        "facade_color": null,
        "facade_material": null,
        "roof_material": null,
        "roof_shape": null,
        "roof_direction": null,
        "roof_orientation": null,
        "roof_color": null,
        "roof_height": null,
        "has_parts": false,
        "version": 2,
        "bbox": {
          "xmin": 77.60469055175781,
          "xmax": 77.60507202148438,
          "ymin": 12.974499702453613,
          "ymax": 12.974885940551758
        }
      },
      "geometry": {
        "type": "Polygon",
        "coordinates": [
          [
            [
              77.6050663,
              12.9748098
            ],
            [
              77.604773,
              12.9748842
            ],
            [
              77.6046906,
              12.974576
            ],
            [
              77.6049839,
              12.9745015
            ],
            [
              77.6050663,
              12.9748098
            ]
          ]
        ]
      }
    },
    {
      "type": "Feature",
      "id": "30a23f8d-824e-4820-83c1-022fc18d55ca",
      "properties": {
        "id": "30a23f8d-824e-4820-83c1-022fc18d55ca",
        "names": null,
        "sources": [
          {
            "property": "",
            "dataset": "OpenStreetMap",
            "license": "ODbL-1.0",
            "record_id": "w1089718001@1",
            "update_time": "2026-01-12T05:30:39.000Z",
            "confidence": null,
            "between": null,
            "provider": "osm",
            "resource": "planet",
            "version": "2026-09-06T00:00:00.000Z"
          }
        ],
        "level": null,
        "height": null,
        "min_height": null,
        "is_underground": false,
        "num_floors": 3,
        "num_floors_underground": null,
        "min_floor": null,
        "subtype": "commercial",
        "class": "commercial",
        "facade_color": null,
        "facade_material": null,
        "roof_material": null,
        "roof_shape": null,
        "roof_direction": null,
        "roof_orientation": null,
        "roof_color": null,
        "roof_height": null,
        "has_parts": false,
        "version": 1,
        "bbox": {
          "xmin": 77.60475158691406,
          "xmax": 77.60489654541016,
          "ymin": 12.97508430480957,
          "ymax": 12.975201606750488
        }
      },
      "geometry": {
        "type": "Polygon",
        "coordinates": [
          [
            [
              77.6047761,
              12.9751997
            ],
            [
              77.6047543,
              12.9751149
            ],
            [
              77.6048732,
              12.9750859
            ],
            [
              77.604895,
              12.9751706
            ],
            [
              77.6047761,
              12.9751997
            ]
          ]
        ]
      }
    },
    {
      "type": "Feature",
      "id": "0a37c790-2a4e-4082-a53b-6db6a65d90d9",
      "properties": {
        "id": "0a37c790-2a4e-4082-a53b-6db6a65d90d9",
        "names": {
          "primary": "Barton Centre",
          "common": null,
          "rules": null
        },
        "sources": [
          {
            "property": "",
            "dataset": "OpenStreetMap",
            "license": "ODbL-1.0",
            "record_id": "w327534043@7",
            "update_time": "2026-01-12T05:30:39.000Z",
            "confidence": null,
            "between": null,
            "provider": "osm",
            "resource": "planet",
            "version": "2026-09-06T00:00:00.000Z"
          }
        ],
        "level": null,
        "height": null,
        "min_height": null,
        "is_underground": false,
        "num_floors": 14,
        "num_floors_underground": null,
        "min_floor": null,
        "subtype": "commercial",
        "class": "commercial",
        "facade_color": null,
        "facade_material": "stone",
        "roof_material": null,
        "roof_shape": null,
        "roof_direction": null,
        "roof_orientation": null,
        "roof_color": null,
        "roof_height": null,
        "has_parts": false,
        "version": 3,
        "bbox": {
          "xmin": 77.6048355102539,
          "xmax": 77.60528564453125,
          "ymin": 12.975098609924316,
          "ymax": 12.975530624389648
        }
      },
      "geometry": {
        "type": "Polygon",
        "coordinates": [
          [
            [
              77.605238,
              12.9753442
            ],
            [
              77.6052226,
              12.9753482
            ],
            [
              77.6052352,
              12.9753944
            ],
            [
              77.6052048,
              12.9754024
            ],
            [
              77.6052241,
              12.9754729
            ],
            [
              77.6050562,
              12.9755165
            ],
            [
              77.6050029,
              12.9755304
            ],
            [
              77.6049839,
              12.9754609
            ],
            [
              77.6049233,
              12.9754766
            ],
            [
              77.6049164,
              12.9754513
            ],
            [
              77.6049001,
              12.9754555
            ],
            [
              77.6048431,
              12.9752473
            ],
            [
              77.6049651,
              12.9752155
            ],
            [
              77.6049891,
              12.9752093
            ],
            [
              77.6049717,
              12.9751458
            ],
            [
              77.6051461,
              12.9751004
            ],
            [
              77.6051674,
              12.9751781
            ],
            [
              77.6051933,
              12.9751714
            ],
            [
              77.6052261,
              12.9751628
            ],
            [
              77.6052733,
              12.975335
            ],
            [
              77.605238,
              12.9753442
            ]
          ]
        ]
      }
    },
    {
      "type": "Feature",
      "id": "d05978f4-0be3-40d8-8cfb-fbf753213b4f",
      "properties": {
        "id": "d05978f4-0be3-40d8-8cfb-fbf753213b4f",
        "names": null,
        "sources": [
          {
            "property": "",
            "dataset": "OpenStreetMap",
            "license": "ODbL-1.0",
            "record_id": "w1308735400@2",
            "update_time": "2026-01-12T05:30:39.000Z",
            "confidence": null,
            "between": null,
            "provider": "osm",
            "resource": "planet",
            "version": "2026-09-06T00:00:00.000Z"
          }
        ],
        "level": null,
        "height": null,
        "min_height": null,
        "is_underground": false,
        "num_floors": null,
        "num_floors_underground": null,
        "min_floor": null,
        "subtype": "commercial",
        "class": "kiosk",
        "facade_color": null,
        "facade_material": null,
        "roof_material": null,
        "roof_shape": null,
        "roof_direction": null,
        "roof_orientation": null,
        "roof_color": null,
        "roof_height": null,
        "has_parts": false,
        "version": 1,
        "bbox": {
          "xmin": 77.60520935058594,
          "xmax": 77.60529327392578,
          "ymin": 12.975530624389648,
          "ymax": 12.975617408752441
        }
      },
      "geometry": {
        "type": "Polygon",
        "coordinates": [
          [
            [
              77.6052811,
              12.9756043
            ],
            [
              77.6052325,
              12.9756171
            ],
            [
              77.6052122,
              12.9755436
            ],
            [
              77.6052607,
              12.9755308
            ],
            [
              77.6052811,
              12.9756043
            ]
          ]
        ]
      }
    },
    {
      "type": "Feature",
      "id": "e7d2ee4e-cb50-4c70-b731-46ba9119a942",
      "properties": {
        "id": "e7d2ee4e-cb50-4c70-b731-46ba9119a942",
        "names": null,
        "sources": [
          {
            "property": "",
            "dataset": "Google Open Buildings",
            "license": null,
            "record_id": "7J4VXJG4+63G6",
            "update_time": "2023-05-01T00:00:00.000Z",
            "confidence": 0.7499,
            "between": null,
            "provider": "google",
            "resource": "open_buildings",
            "version": "2024-04-16"
          }
        ],
        "level": null,
        "height": null,
        "min_height": null,
        "is_underground": false,
        "num_floors": null,
        "num_floors_underground": null,
        "min_floor": null,
        "subtype": null,
        "class": null,
        "facade_color": null,
        "facade_material": null,
        "roof_material": null,
        "roof_shape": null,
        "roof_direction": null,
        "roof_orientation": null,
        "roof_color": null,
        "roof_height": null,
        "has_parts": false,
        "version": 1,
        "bbox": {
          "xmin": 77.60516357421875,
          "xmax": 77.60523223876953,
          "ymin": 12.975525856018066,
          "ymax": 12.975593566894531
        }
      },
      "geometry": {
        "type": "Polygon",
        "coordinates": [
          [
            [
              77.6051668,
              12.9755375
            ],
            [
              77.6052044,
              12.9755275
            ],
            [
              77.6052195,
              12.9755818
            ],
            [
              77.6051819,
              12.9755918
            ],
            [
              77.6051668,
              12.9755375
            ]
          ]
        ]
      }
    },
    {
      "type": "Feature",
      "id": "0f882c34-cee9-49a0-b815-e53c57dabf68",
      "properties": {
        "id": "0f882c34-cee9-49a0-b815-e53c57dabf68",
        "names": null,
        "sources": [
          {
            "property": "",
            "dataset": "OpenStreetMap",
            "license": "ODbL-1.0",
            "record_id": "w327534049@4",
            "update_time": "2026-01-03T04:44:12.000Z",
            "confidence": null,
            "between": null,
            "provider": "osm",
            "resource": "planet",
            "version": "2026-09-06T00:00:00.000Z"
          }
        ],
        "level": null,
        "height": null,
        "min_height": null,
        "is_underground": false,
        "num_floors": 3,
        "num_floors_underground": null,
        "min_floor": null,
        "subtype": "commercial",
        "class": "retail",
        "facade_color": null,
        "facade_material": null,
        "roof_material": null,
        "roof_shape": null,
        "roof_direction": null,
        "roof_orientation": null,
        "roof_color": null,
        "roof_height": null,
        "has_parts": false,
        "version": 2,
        "bbox": {
          "xmin": 77.60487365722656,
          "xmax": 77.60501861572266,
          "ymin": 12.975564002990723,
          "ymax": 12.975704193115234
        }
      },
      "geometry": {
        "type": "Polygon",
        "coordinates": [
          [
            [
              77.6048739,
              12.9755914
            ],
            [
              77.6049778,
              12.9755655
            ],
            [
              77.605007,
              12.9756765
            ],
            [
              77.6049032,
              12.9757024
            ],
            [
              77.6048739,
              12.9755914
            ]
          ]
        ]
      }
    },
    {
      "type": "Feature",
      "id": "a6548d0a-b337-4e42-883d-0421f4626058",
      "properties": {
        "id": "a6548d0a-b337-4e42-883d-0421f4626058",
        "names": null,
        "sources": [
          {
            "property": "",
            "dataset": "OpenStreetMap",
            "license": "ODbL-1.0",
            "record_id": "w1304116271@3",
            "update_time": "2024-08-19T05:21:20.000Z",
            "confidence": null,
            "between": null,
            "provider": "osm",
            "resource": "planet",
            "version": "2026-09-06T00:00:00.000Z"
          }
        ],
        "level": null,
        "height": null,
        "min_height": null,
        "is_underground": false,
        "num_floors": 1,
        "num_floors_underground": null,
        "min_floor": null,
        "subtype": "commercial",
        "class": "commercial",
        "facade_color": null,
        "facade_material": null,
        "roof_material": null,
        "roof_shape": null,
        "roof_direction": null,
        "roof_orientation": null,
        "roof_color": null,
        "roof_height": null,
        "has_parts": false,
        "version": 1,
        "bbox": {
          "xmin": 77.6045150756836,
          "xmax": 77.6048355102539,
          "ymin": 12.97559642791748,
          "ymax": 12.975811958312988
        }
      },
      "geometry": {
        "type": "Polygon",
        "coordinates": [
          [
            [
              77.604522,
              12.9756638
            ],
            [
              77.6047894,
              12.9755967
            ],
            [
              77.6048285,
              12.9757447
            ],
            [
              77.6045611,
              12.9758118
            ],
            [
              77.604522,
              12.9756638
            ]
          ]
        ]
      }
    },
    {
      "type": "Feature",
      "id": "6cfcea3e-d007-400f-aa33-5007b01676b9",
      "properties": {
        "id": "6cfcea3e-d007-400f-aa33-5007b01676b9",
        "names": null,
        "sources": [
          {
            "property": "",
            "dataset": "OpenStreetMap",
            "license": "ODbL-1.0",
            "record_id": "w327534044@5",
            "update_time": "2026-01-03T04:44:12.000Z",
            "confidence": null,
            "between": null,
            "provider": "osm",
            "resource": "planet",
            "version": "2026-09-06T00:00:00.000Z"
          }
        ],
        "level": null,
        "height": null,
        "min_height": null,
        "is_underground": false,
        "num_floors": 7,
        "num_floors_underground": null,
        "min_floor": null,
        "subtype": "commercial",
        "class": "commercial",
        "facade_color": null,
        "facade_material": "glass",
        "roof_material": null,
        "roof_shape": null,
        "roof_direction": null,
        "roof_orientation": null,
        "roof_color": null,
        "roof_height": null,
        "has_parts": false,
        "version": 2,
        "bbox": {
          "xmin": 77.60427856445312,
          "xmax": 77.6045150756836,
          "ymin": 12.97562313079834,
          "ymax": 12.975835800170898
        }
      },
      "geometry": {
        "type": "Polygon",
        "coordinates": [
          [
            [
              77.6043264,
              12.9758356
            ],
            [
              77.6042857,
              12.9756663
            ],
            [
              77.6044725,
              12.9756236
            ],
            [
              77.6045133,
              12.9757929
            ],
            [
              77.6043264,
              12.9758356
            ]
          ]
        ]
      }
    },
    {
      "type": "Feature",
      "id": "ed8377d2-272f-43cc-821b-49fc34e87a99",
      "properties": {
        "id": "ed8377d2-272f-43cc-821b-49fc34e87a99",
        "names": {
          "primary": "Spencer Building",
          "common": null,
          "rules": null
        },
        "sources": [
          {
            "property": "",
            "dataset": "OpenStreetMap",
            "license": "ODbL-1.0",
            "record_id": "w319365068@6",
            "update_time": "2024-08-19T05:21:20.000Z",
            "confidence": null,
            "between": null,
            "provider": "osm",
            "resource": "planet",
            "version": "2026-09-06T00:00:00.000Z"
          }
        ],
        "level": null,
        "height": null,
        "min_height": null,
        "is_underground": false,
        "num_floors": 5,
        "num_floors_underground": null,
        "min_floor": null,
        "subtype": "commercial",
        "class": "commercial",
        "facade_color": null,
        "facade_material": "brick",
        "roof_material": null,
        "roof_shape": null,
        "roof_direction": null,
        "roof_orientation": null,
        "roof_color": null,
        "roof_height": null,
        "has_parts": false,
        "version": 1,
        "bbox": {
          "xmin": 77.60425567626953,
          "xmax": 77.60478973388672,
          "ymin": 12.97515869140625,
          "ymax": 12.975664138793945
        }
      },
      "geometry": {
        "type": "Polygon",
        "coordinates": [
          [
            [
              77.6046741,
              12.9751604
            ],
            [
              77.6047894,
              12.9755967
            ],
            [
              77.604522,
              12.9756638
            ],
            [
              77.6044577,
              12.9754205
            ],
            [
              77.6043114,
              12.9754572
            ],
            [
              77.6042616,
              12.9752686
            ],
            [
              77.6043976,
              12.9752345
            ],
            [
              77.6044178,
              12.9753107
            ],
            [
              77.6045429,
              12.9752794
            ],
            [
              77.6045215,
              12.9751986
            ],
            [
              77.6046741,
              12.9751604
            ]
          ]
        ]
      }
    },
    {
      "type": "Feature",
      "id": "6dd055bc-153e-4b64-a89f-5abe740000a7",
      "properties": {
        "id": "6dd055bc-153e-4b64-a89f-5abe740000a7",
        "names": null,
        "sources": [
          {
            "property": "",
            "dataset": "OpenStreetMap",
            "license": "ODbL-1.0",
            "record_id": "w327534048@2",
            "update_time": "2024-07-27T17:24:19.000Z",
            "confidence": null,
            "between": null,
            "provider": "osm",
            "resource": "planet",
            "version": "2026-09-06T00:00:00.000Z"
          }
        ],
        "level": null,
        "height": null,
        "min_height": null,
        "is_underground": false,
        "num_floors": null,
        "num_floors_underground": null,
        "min_floor": null,
        "subtype": "commercial",
        "class": "commercial",
        "facade_color": null,
        "facade_material": null,
        "roof_material": null,
        "roof_shape": null,
        "roof_direction": null,
        "roof_orientation": null,
        "roof_color": null,
        "roof_height": null,
        "has_parts": false,
        "version": 1,
        "bbox": {
          "xmin": 77.6042709350586,
          "xmax": 77.60446166992188,
          "ymin": 12.975526809692383,
          "ymax": 12.97565746307373
        }
      },
      "geometry": {
        "type": "Polygon",
        "coordinates": [
          [
            [
              77.6042937,
              12.9756571
            ],
            [
              77.6042716,
              12.9755654
            ],
            [
              77.6044329,
              12.9755283
            ],
            [
              77.6044551,
              12.97562
            ],
            [
              77.6042937,
              12.9756571
            ]
          ]
        ]
      }
    },
    {
      "type": "Feature",
      "id": "84951d84-22c5-4b2f-bcfc-ea20aef417a8",
      "properties": {
        "id": "84951d84-22c5-4b2f-bcfc-ea20aef417a8",
        "names": {
          "primary": "Parisara Bhavan",
          "common": [
            [
              "kn",
              "ಪರಿಸರ ಭವನ"
            ]
          ],
          "rules": null
        },
        "sources": [
          {
            "property": "",
            "dataset": "OpenStreetMap",
            "license": "ODbL-1.0",
            "record_id": "w320711085@7",
            "update_time": "2026-08-18T13:20:50.000Z",
            "confidence": null,
            "between": null,
            "provider": "osm",
            "resource": "planet",
            "version": "2026-09-06T00:00:00.000Z"
          }
        ],
        "level": null,
        "height": null,
        "min_height": null,
        "is_underground": false,
        "num_floors": null,
        "num_floors_underground": null,
        "min_floor": null,
        "subtype": "commercial",
        "class": "office",
        "facade_color": null,
        "facade_material": null,
        "roof_material": null,
        "roof_shape": null,
        "roof_direction": null,
        "roof_orientation": null,
        "roof_color": null,
        "roof_height": null,
        "has_parts": false,
        "version": 3,
        "bbox": {
          "xmin": 77.60340881347656,
          "xmax": 77.60389709472656,
          "ymin": 12.975494384765625,
          "ymax": 12.975834846496582
        }
      },
      "geometry": {
        "type": "Polygon",
        "coordinates": [
          [
            [
              77.6038309,
              12.9755464
            ],
            [
              77.6038856,
              12.9757274
            ],
            [
              77.6036444,
              12.9757965
            ],
            [
              77.6036415,
              12.9757872
            ],
            [
              77.6034763,
              12.9758346
            ],
            [
              77.6034118,
              12.9756211
            ],
            [
              77.6034391,
              12.9756133
            ],
            [
              77.6034173,
              12.975541
            ],
            [
              77.6035745,
              12.9754959
            ],
            [
              77.6035973,
              12.9755713
            ],
            [
              77.6036195,
              12.975565
            ],
            [
              77.6036312,
              12.9756037
            ],
            [
              77.6038309,
              12.9755464
            ]
          ]
        ]
      }
    },
    {
      "type": "Feature",
      "id": "271c0481-7f53-46a8-b9af-8b2b976ff134",
      "properties": {
        "id": "271c0481-7f53-46a8-b9af-8b2b976ff134",
        "names": {
          "primary": "CS Mansion",
          "common": null,
          "rules": null
        },
        "sources": [
          {
            "property": "",
            "dataset": "OpenStreetMap",
            "license": "ODbL-1.0",
            "record_id": "w323814306@4",
            "update_time": "2026-08-18T13:20:50.000Z",
            "confidence": null,
            "between": null,
            "provider": "osm",
            "resource": "planet",
            "version": "2026-09-06T00:00:00.000Z"
          }
        ],
        "level": null,
        "height": null,
        "min_height": null,
        "is_underground": false,
        "num_floors": 5,
        "num_floors_underground": null,
        "min_floor": null,
        "subtype": "commercial",
        "class": "commercial",
        "facade_color": null,
        "facade_material": null,
        "roof_material": null,
        "roof_shape": null,
        "roof_direction": null,
        "roof_orientation": null,
        "roof_color": null,
        "roof_height": null,
        "has_parts": false,
        "version": 3,
        "bbox": {
          "xmin": 77.60360717773438,
          "xmax": 77.60375213623047,
          "ymin": 12.975361824035645,
          "ymax": 12.975532531738281
        }
      },
      "geometry": {
        "type": "Polygon",
        "coordinates": [
          [
            [
              77.6037453,
              12.9755056
            ],
            [
              77.603649,
              12.9755311
            ],
            [
              77.603609,
              12.9753877
            ],
            [
              77.6037053,
              12.9753621
            ],
            [
              77.6037453,
              12.9755056
            ]
          ]
        ]
      }
    },
    {
      "type": "Feature",
      "id": "f8189f1a-d23e-42c7-94b1-8a27a3af94ff",
      "properties": {
        "id": "f8189f1a-d23e-42c7-94b1-8a27a3af94ff",
        "names": null,
        "sources": [
          {
            "property": "",
            "dataset": "OpenStreetMap",
            "license": "ODbL-1.0",
            "record_id": "w323814315@4",
            "update_time": "2026-08-18T13:20:50.000Z",
            "confidence": null,
            "between": null,
            "provider": "osm",
            "resource": "planet",
            "version": "2026-09-06T00:00:00.000Z"
          }
        ],
        "level": null,
        "height": null,
        "min_height": null,
        "is_underground": false,
        "num_floors": 5,
        "num_floors_underground": null,
        "min_floor": null,
        "subtype": "commercial",
        "class": "commercial",
        "facade_color": null,
        "facade_material": null,
        "roof_material": null,
        "roof_shape": null,
        "roof_direction": null,
        "roof_orientation": null,
        "roof_color": null,
        "roof_height": null,
        "has_parts": false,
        "version": 3,
        "bbox": {
          "xmin": 77.60371398925781,
          "xmax": 77.60388946533203,
          "ymin": 12.97532844543457,
          "ymax": 12.975504875183105
        }
      },
      "geometry": {
        "type": "Polygon",
        "coordinates": [
          [
            [
              77.6038834,
              12.9754726
            ],
            [
              77.6037647,
              12.9755034
            ],
            [
              77.6037258,
              12.9753609
            ],
            [
              77.6038445,
              12.9753301
            ],
            [
              77.6038834,
              12.9754726
            ]
          ]
        ]
      }
    },
    {
      "type": "Feature",
      "id": "00353717-5a82-4398-bec4-caaec5a68a7a",
      "properties": {
        "id": "00353717-5a82-4398-bec4-caaec5a68a7a",
        "names": {
          "primary": "Citi Centre",
          "common": null,
          "rules": null
        },
        "sources": [
          {
            "property": "",
            "dataset": "OpenStreetMap",
            "license": "ODbL-1.0",
            "record_id": "w327553597@3",
            "update_time": "2024-07-27T17:24:19.000Z",
            "confidence": null,
            "between": null,
            "provider": "osm",
            "resource": "planet",
            "version": "2026-09-06T00:00:00.000Z"
          }
        ],
        "level": null,
        "height": null,
        "min_height": null,
        "is_underground": false,
        "num_floors": 3,
        "num_floors_underground": null,
        "min_floor": null,
        "subtype": "commercial",
        "class": "commercial",
        "facade_color": null,
        "facade_material": null,
        "roof_material": null,
        "roof_shape": null,
        "roof_direction": null,
        "roof_orientation": null,
        "roof_color": null,
        "roof_height": null,
        "has_parts": false,
        "version": 1,
        "bbox": {
          "xmin": 77.60393524169922,
          "xmax": 77.60408782958984,
          "ymin": 12.974931716918945,
          "ymax": 12.975141525268555
        }
      },
      "geometry": {
        "type": "Polygon",
        "coordinates": [
          [
            [
              77.6040539,
              12.9749336
            ],
            [
              77.604085,
              12.9751234
            ],
            [
              77.60397,
              12.9751414
            ],
            [
              77.6039388,
              12.9749515
            ],
            [
              77.6040539,
              12.9749336
            ]
          ]
        ]
      }
    },
    {
      "type": "Feature",
      "id": "2e3d5556-456b-4721-9909-3a277221234d",
      "properties": {
        "id": "2e3d5556-456b-4721-9909-3a277221234d",
        "names": {
          "primary": "Church's Inn",
          "common": null,
          "rules": null
        },
        "sources": [
          {
            "property": "",
            "dataset": "OpenStreetMap",
            "license": "ODbL-1.0",
            "record_id": "w327553595@3",
            "update_time": "2024-07-27T17:24:19.000Z",
            "confidence": null,
            "between": null,
            "provider": "osm",
            "resource": "planet",
            "version": "2026-09-06T00:00:00.000Z"
          }
        ],
        "level": null,
        "height": null,
        "min_height": null,
        "is_underground": false,
        "num_floors": 4,
        "num_floors_underground": null,
        "min_floor": null,
        "subtype": "commercial",
        "class": "hotel",
        "facade_color": null,
        "facade_material": null,
        "roof_material": null,
        "roof_shape": null,
        "roof_direction": null,
        "roof_orientation": null,
        "roof_color": null,
        "roof_height": null,
        "has_parts": false,
        "version": 1,
        "bbox": {
          "xmin": 77.60381317138672,
          "xmax": 77.60397338867188,
          "ymin": 12.974953651428223,
          "ymax": 12.975173950195312
        }
      },
      "geometry": {
        "type": "Polygon",
        "coordinates": [
          [
            [
              77.603928,
              12.9749554
            ],
            [
              77.6039678,
              12.9751513
            ],
            [
              77.6038586,
              12.9751723
            ],
            [
              77.6038189,
              12.9749764
            ],
            [
              77.603928,
              12.9749554
            ]
          ]
        ]
      }
    },
    {
      "type": "Feature",
      "id": "68c9c321-4cca-47ae-a88b-2fd3d5322011",
      "properties": {
        "id": "68c9c321-4cca-47ae-a88b-2fd3d5322011",
        "names": null,
        "sources": [
          {
            "property": "",
            "dataset": "OpenStreetMap",
            "license": "ODbL-1.0",
            "record_id": "w1304116272@1",
            "update_time": "2024-07-27T17:24:19.000Z",
            "confidence": null,
            "between": null,
            "provider": "osm",
            "resource": "planet",
            "version": "2026-09-06T00:00:00.000Z"
          }
        ],
        "level": null,
        "height": null,
        "min_height": null,
        "is_underground": false,
        "num_floors": 4,
        "num_floors_underground": null,
        "min_floor": null,
        "subtype": "commercial",
        "class": "commercial",
        "facade_color": null,
        "facade_material": null,
        "roof_material": null,
        "roof_shape": null,
        "roof_direction": null,
        "roof_orientation": null,
        "roof_color": null,
        "roof_height": null,
        "has_parts": false,
        "version": 1,
        "bbox": {
          "xmin": 77.60365295410156,
          "xmax": 77.60377502441406,
          "ymin": 12.975024223327637,
          "ymax": 12.975208282470703
        }
      },
      "geometry": {
        "type": "Polygon",
        "coordinates": [
          [
            [
              77.6037364,
              12.9750247
            ],
            [
              77.6037746,
              12.9751911
            ],
            [
              77.6037034,
              12.9752066
            ],
            [
              77.6036653,
              12.9750402
            ],
            [
              77.6037364,
              12.9750247
            ]
          ]
        ]
      }
    },
    {
      "type": "Feature",
      "id": "8717769f-fdff-46eb-a4b2-45908928d99d",
      "properties": {
        "id": "8717769f-fdff-46eb-a4b2-45908928d99d",
        "names": null,
        "sources": [
          {
            "property": "",
            "dataset": "OpenStreetMap",
            "license": "ODbL-1.0",
            "record_id": "w327553596@3",
            "update_time": "2024-07-27T17:24:19.000Z",
            "confidence": null,
            "between": null,
            "provider": "osm",
            "resource": "planet",
            "version": "2026-09-06T00:00:00.000Z"
          }
        ],
        "level": null,
        "height": null,
        "min_height": null,
        "is_underground": false,
        "num_floors": 4,
        "num_floors_underground": null,
        "min_floor": null,
        "subtype": "commercial",
        "class": "commercial",
        "facade_color": null,
        "facade_material": null,
        "roof_material": null,
        "roof_shape": null,
        "roof_direction": null,
        "roof_orientation": null,
        "roof_color": null,
        "roof_height": null,
        "has_parts": false,
        "version": 1,
        "bbox": {
          "xmin": 77.60336303710938,
          "xmax": 77.60359191894531,
          "ymin": 12.975006103515625,
          "ymax": 12.975264549255371
        }
      },
      "geometry": {
        "type": "Polygon",
        "coordinates": [
          [
            [
              77.6035276,
              12.9750079
            ],
            [
              77.603579,
              12.9752289
            ],
            [
              77.6034176,
              12.9752645
            ],
            [
              77.6033663,
              12.9750435
            ],
            [
              77.6035276,
              12.9750079
            ]
          ]
        ]
      }
    },
    {
      "type": "Feature",
      "id": "f3c2e885-fcd7-4715-b6b7-efefbf60c5b9",
      "properties": {
        "id": "f3c2e885-fcd7-4715-b6b7-efefbf60c5b9",
        "names": null,
        "sources": [
          {
            "property": "",
            "dataset": "OpenStreetMap",
            "license": "ODbL-1.0",
            "record_id": "w327553593@3",
            "update_time": "2024-07-27T17:24:19.000Z",
            "confidence": null,
            "between": null,
            "provider": "osm",
            "resource": "planet",
            "version": "2026-09-06T00:00:00.000Z"
          }
        ],
        "level": null,
        "height": null,
        "min_height": null,
        "is_underground": false,
        "num_floors": 3,
        "num_floors_underground": null,
        "min_floor": null,
        "subtype": "commercial",
        "class": "commercial",
        "facade_color": null,
        "facade_material": null,
        "roof_material": null,
        "roof_shape": null,
        "roof_direction": null,
        "roof_orientation": null,
        "roof_color": null,
        "roof_height": null,
        "has_parts": false,
        "version": 1,
        "bbox": {
          "xmin": 77.6034927368164,
          "xmax": 77.60369873046875,
          "ymin": 12.97485637664795,
          "ymax": 12.975231170654297
        }
      },
      "geometry": {
        "type": "Polygon",
        "coordinates": [
          [
            [
              77.6036146,
              12.9748581
            ],
            [
              77.6036961,
              12.9752062
            ],
            [
              77.6035857,
              12.9752307
            ],
            [
              77.6035043,
              12.9748826
            ],
            [
              77.6036146,
              12.9748581
            ]
          ]
        ]
      }
    },
    {
      "type": "Feature",
      "id": "3e95d87a-1301-4e9a-a9cb-49b765102002",
      "properties": {
        "id": "3e95d87a-1301-4e9a-a9cb-49b765102002",
        "names": null,
        "sources": [
          {
            "property": "",
            "dataset": "Google Open Buildings",
            "license": null,
            "record_id": "7J4VXJF3+XFVG",
            "update_time": "2023-05-01T00:00:00.000Z",
            "confidence": 0.7179,
            "between": null,
            "provider": "google",
            "resource": "open_buildings",
            "version": "2024-04-16"
          }
        ],
        "level": null,
        "height": null,
        "min_height": null,
        "is_underground": false,
        "num_floors": null,
        "num_floors_underground": null,
        "min_floor": null,
        "subtype": null,
        "class": null,
        "facade_color": null,
        "facade_material": null,
        "roof_material": null,
        "roof_shape": null,
        "roof_direction": null,
        "roof_orientation": null,
        "roof_color": null,
        "roof_height": null,
        "has_parts": false,
        "version": 1,
        "bbox": {
          "xmin": 77.60364532470703,
          "xmax": 77.60370635986328,
          "ymin": 12.974964141845703,
          "ymax": 12.975007057189941
        }
      },
      "geometry": {
        "type": "Polygon",
        "coordinates": [
          [
            [
              77.6036569,
              12.9749702
            ],
            [
              77.6036941,
              12.9749645
            ],
            [
              77.6036998,
              12.9750009
            ],
            [
              77.6036626,
              12.9750066
            ],
            [
              77.6036569,
              12.9749702
            ]
          ]
        ]
      }
    },
    {
      "type": "Feature",
      "id": "661e1603-1d8b-4604-8ee4-40419faf2248",
      "properties": {
        "id": "661e1603-1d8b-4604-8ee4-40419faf2248",
        "names": null,
        "sources": [
          {
            "property": "",
            "dataset": "OpenStreetMap",
            "license": "ODbL-1.0",
            "record_id": "w327553605@2",
            "update_time": "2024-07-27T17:24:19.000Z",
            "confidence": null,
            "between": null,
            "provider": "osm",
            "resource": "planet",
            "version": "2026-09-06T00:00:00.000Z"
          }
        ],
        "level": null,
        "height": null,
        "min_height": null,
        "is_underground": false,
        "num_floors": 4,
        "num_floors_underground": null,
        "min_floor": null,
        "subtype": "commercial",
        "class": "commercial",
        "facade_color": null,
        "facade_material": null,
        "roof_material": null,
        "roof_shape": null,
        "roof_direction": null,
        "roof_orientation": null,
        "roof_color": null,
        "roof_height": null,
        "has_parts": false,
        "version": 1,
        "bbox": {
          "xmin": 77.60362243652344,
          "xmax": 77.60386657714844,
          "ymin": 12.974822998046875,
          "ymax": 12.975191116333008
        }
      },
      "geometry": {
        "type": "Polygon",
        "coordinates": [
          [
            [
              77.6038538,
              12.9751738
            ],
            [
              77.6037746,
              12.9751911
            ],
            [
              77.6037364,
              12.9750247
            ],
            [
              77.6037147,
              12.9749302
            ],
            [
              77.6036488,
              12.9749446
            ],
            [
              77.6036282,
              12.9748548
            ],
            [
              77.6037734,
              12.9748231
            ],
            [
              77.6038538,
              12.9751738
            ]
          ]
        ]
      }
    },
    {
      "type": "Feature",
      "id": "a203de37-fb1b-44ba-96df-29c958c1ae3c",
      "properties": {
        "id": "a203de37-fb1b-44ba-96df-29c958c1ae3c",
        "names": null,
        "sources": [
          {
            "property": "",
            "dataset": "OpenStreetMap",
            "license": "ODbL-1.0",
            "record_id": "w327553600@1",
            "update_time": "2015-02-11T09:56:26.000Z",
            "confidence": null,
            "between": null,
            "provider": "osm",
            "resource": "planet",
            "version": "2026-09-06T00:00:00.000Z"
          }
        ],
        "level": null,
        "height": null,
        "min_height": null,
        "is_underground": false,
        "num_floors": null,
        "num_floors_underground": null,
        "min_floor": null,
        "subtype": null,
        "class": null,
        "facade_color": null,
        "facade_material": null,
        "roof_material": null,
        "roof_shape": null,
        "roof_direction": null,
        "roof_orientation": null,
        "roof_color": null,
        "roof_height": null,
        "has_parts": false,
        "version": 1,
        "bbox": {
          "xmin": 77.60337829589844,
          "xmax": 77.60364532470703,
          "ymin": 12.974745750427246,
          "ymax": 12.974860191345215
        }
      },
      "geometry": {
        "type": "Polygon",
        "coordinates": [
          [
            [
              77.6033949,
              12.9748598
            ],
            [
              77.6033847,
              12.9747736
            ],
            [
              77.6036324,
              12.9747459
            ],
            [
              77.6036426,
              12.9748321
            ],
            [
              77.6033949,
              12.9748598
            ]
          ]
        ]
      }
    },
    {
      "type": "Feature",
      "id": "e56d1886-0152-4178-b30f-f8917227c717",
      "properties": {
        "id": "e56d1886-0152-4178-b30f-f8917227c717",
        "names": null,
        "sources": [
          {
            "property": "",
            "dataset": "OpenStreetMap",
            "license": "ODbL-1.0",
            "record_id": "w327553592@2",
            "update_time": "2026-08-18T13:20:50.000Z",
            "confidence": null,
            "between": null,
            "provider": "osm",
            "resource": "planet",
            "version": "2026-09-06T00:00:00.000Z"
          }
        ],
        "level": null,
        "height": null,
        "min_height": null,
        "is_underground": false,
        "num_floors": null,
        "num_floors_underground": null,
        "min_floor": null,
        "subtype": null,
        "class": null,
        "facade_color": null,
        "facade_material": null,
        "roof_material": null,
        "roof_shape": null,
        "roof_direction": null,
        "roof_orientation": null,
        "roof_color": null,
        "roof_height": null,
        "has_parts": false,
        "version": 2,
        "bbox": {
          "xmin": 77.60369110107422,
          "xmax": 77.60399627685547,
          "ymin": 12.974661827087402,
          "ymax": 12.974800109863281
        }
      },
      "geometry": {
        "type": "Polygon",
        "coordinates": [
          [
            [
              77.6036945,
              12.9746729
            ],
            [
              77.6039923,
              12.9746636
            ],
            [
              77.6039957,
              12.9747645
            ],
            [
              77.6039422,
              12.9747662
            ],
            [
              77.6039426,
              12.9747764
            ],
            [
              77.6038759,
              12.9747784
            ],
            [
              77.6038761,
              12.974785
            ],
            [
              77.6038212,
              12.9747868
            ],
            [
              77.6038215,
              12.974796
            ],
            [
              77.6036988,
              12.9747999
            ],
            [
              77.6036945,
              12.9746729
            ]
          ]
        ]
      }
    },
    {
      "type": "Feature",
      "id": "c67f3ab1-bf8e-432d-80cc-60560b9584ca",
      "properties": {
        "id": "c67f3ab1-bf8e-432d-80cc-60560b9584ca",
        "names": null,
        "sources": [
          {
            "property": "",
            "dataset": "OpenStreetMap",
            "license": "ODbL-1.0",
            "record_id": "w1304116267@2",
            "update_time": "2026-08-18T13:20:50.000Z",
            "confidence": null,
            "between": null,
            "provider": "osm",
            "resource": "planet",
            "version": "2026-09-06T00:00:00.000Z"
          }
        ],
        "level": null,
        "height": null,
        "min_height": null,
        "is_underground": false,
        "num_floors": null,
        "num_floors_underground": null,
        "min_floor": null,
        "subtype": null,
        "class": null,
        "facade_color": null,
        "facade_material": null,
        "roof_material": null,
        "roof_shape": null,
        "roof_direction": null,
        "roof_orientation": null,
        "roof_color": null,
        "roof_height": null,
        "has_parts": false,
        "version": 1,
        "bbox": {
          "xmin": 77.60387420654297,
          "xmax": 77.60404968261719,
          "ymin": 12.974772453308105,
          "ymax": 12.974919319152832
        }
      },
      "geometry": {
        "type": "Polygon",
        "coordinates": [
          [
            [
              77.6040463,
              12.9748944
            ],
            [
              77.6038988,
              12.9749192
            ],
            [
              77.6038772,
              12.9747976
            ],
            [
              77.6040248,
              12.9747728
            ],
            [
              77.6040463,
              12.9748944
            ]
          ]
        ]
      }
    },
    {
      "type": "Feature",
      "id": "f2c93ce0-61dd-44f1-84c8-f9758dc235ed",
      "properties": {
        "id": "f2c93ce0-61dd-44f1-84c8-f9758dc235ed",
        "names": null,
        "sources": [
          {
            "property": "",
            "dataset": "OpenStreetMap",
            "license": "ODbL-1.0",
            "record_id": "w328747362@2",
            "update_time": "2024-07-27T17:24:19.000Z",
            "confidence": null,
            "between": null,
            "provider": "osm",
            "resource": "planet",
            "version": "2026-09-06T00:00:00.000Z"
          }
        ],
        "level": null,
        "height": null,
        "min_height": null,
        "is_underground": false,
        "num_floors": null,
        "num_floors_underground": null,
        "min_floor": null,
        "subtype": null,
        "class": null,
        "facade_color": null,
        "facade_material": null,
        "roof_material": null,
        "roof_shape": null,
        "roof_direction": null,
        "roof_orientation": null,
        "roof_color": null,
        "roof_height": null,
        "has_parts": false,
        "version": 1,
        "bbox": {
          "xmin": 77.60413360595703,
          "xmax": 77.60429382324219,
          "ymin": 12.974677085876465,
          "ymax": 12.974881172180176
        }
      },
      "geometry": {
        "type": "Polygon",
        "coordinates": [
          [
            [
              77.6041577,
              12.9748808
            ],
            [
              77.6041373,
              12.974723
            ],
            [
              77.6041834,
              12.9747174
            ],
            [
              77.6041799,
              12.9746902
            ],
            [
              77.6042728,
              12.9746788
            ],
            [
              77.6042928,
              12.9748341
            ],
            [
              77.6042305,
              12.9748418
            ],
            [
              77.6042343,
              12.9748714
            ],
            [
              77.6041577,
              12.9748808
            ]
          ]
        ]
      }
    },
    {
      "type": "Feature",
      "id": "539d7422-aef4-469c-a965-f0aa7fb7bd8d",
      "properties": {
        "id": "539d7422-aef4-469c-a965-f0aa7fb7bd8d",
        "names": null,
        "sources": [
          {
            "property": "",
            "dataset": "OpenStreetMap",
            "license": "ODbL-1.0",
            "record_id": "w1035320472@2",
            "update_time": "2025-01-11T17:28:34.000Z",
            "confidence": null,
            "between": null,
            "provider": "osm",
            "resource": "planet",
            "version": "2026-09-06T00:00:00.000Z"
          }
        ],
        "level": null,
        "height": null,
        "min_height": null,
        "is_underground": false,
        "num_floors": null,
        "num_floors_underground": null,
        "min_floor": null,
        "subtype": "residential",
        "class": "house",
        "facade_color": null,
        "facade_material": null,
        "roof_material": null,
        "roof_shape": null,
        "roof_direction": null,
        "roof_orientation": null,
        "roof_color": null,
        "roof_height": null,
        "has_parts": false,
        "version": 1,
        "bbox": {
          "xmin": 77.60419464111328,
          "xmax": 77.60430908203125,
          "ymin": 12.9749116897583,
          "ymax": 12.975075721740723
        }
      },
      "geometry": {
        "type": "Polygon",
        "coordinates": [
          [
            [
              77.6042061,
              12.974923
            ],
            [
              77.6042822,
              12.9749117
            ],
            [
              77.6043059,
              12.9750645
            ],
            [
              77.6042298,
              12.9750757
            ],
            [
              77.6042061,
              12.974923
            ]
          ]
        ]
      }
    },
    {
      "type": "Feature",
      "id": "65d0175e-5fe0-42de-a955-fff258f4c6c8",
      "properties": {
        "id": "65d0175e-5fe0-42de-a955-fff258f4c6c8",
        "names": null,
        "sources": [
          {
            "property": "",
            "dataset": "OpenStreetMap",
            "license": "ODbL-1.0",
            "record_id": "w1119219759@2",
            "update_time": "2023-09-24T13:34:21.000Z",
            "confidence": null,
            "between": null,
            "provider": "osm",
            "resource": "planet",
            "version": "2026-09-06T00:00:00.000Z"
          }
        ],
        "level": null,
        "height": null,
        "min_height": null,
        "is_underground": false,
        "num_floors": 3,
        "num_floors_underground": 1,
        "min_floor": null,
        "subtype": "commercial",
        "class": "commercial",
        "facade_color": null,
        "facade_material": null,
        "roof_material": null,
        "roof_shape": null,
        "roof_direction": null,
        "roof_orientation": null,
        "roof_color": null,
        "roof_height": null,
        "has_parts": false,
        "version": 1,
        "bbox": {
          "xmin": 77.6043472290039,
          "xmax": 77.60462951660156,
          "ymin": 12.974639892578125,
          "ymax": 12.97504711151123
        }
      },
      "geometry": {
        "type": "Polygon",
        "coordinates": [
          [
            [
              77.6045315,
              12.9746416
            ],
            [
              77.6046285,
              12.974982
            ],
            [
              77.6043881,
              12.975047
            ],
            [
              77.6043474,
              12.9746936
            ],
            [
              77.6045315,
              12.9746416
            ]
          ]
        ]
      }
    },
    {
      "type": "Feature",
      "id": "ef5d616d-eab5-4d91-8ed5-af5fbbff9a09",
      "properties": {
        "id": "ef5d616d-eab5-4d91-8ed5-af5fbbff9a09",
        "names": null,
        "sources": [
          {
            "property": "",
            "dataset": "OpenStreetMap",
            "license": "ODbL-1.0",
            "record_id": "w328747356@3",
            "update_time": "2025-01-11T17:28:34.000Z",
            "confidence": null,
            "between": null,
            "provider": "osm",
            "resource": "planet",
            "version": "2026-09-06T00:00:00.000Z"
          }
        ],
        "level": null,
        "height": null,
        "min_height": null,
        "is_underground": false,
        "num_floors": null,
        "num_floors_underground": null,
        "min_floor": null,
        "subtype": "residential",
        "class": "apartments",
        "facade_color": null,
        "facade_material": null,
        "roof_material": null,
        "roof_shape": null,
        "roof_direction": null,
        "roof_orientation": null,
        "roof_color": null,
        "roof_height": null,
        "has_parts": false,
        "version": 1,
        "bbox": {
          "xmin": 77.60424041748047,
          "xmax": 77.60454559326172,
          "ymin": 12.974365234375,
          "ymax": 12.974624633789062
        }
      },
      "geometry": {
        "type": "Polygon",
        "coordinates": [
          [
            [
              77.604534,
              12.9745646
            ],
            [
              77.6043011,
              12.9746245
            ],
            [
              77.6042473,
              12.9744256
            ],
            [
              77.6044802,
              12.9743657
            ],
            [
              77.604534,
              12.9745646
            ]
          ]
        ]
      }
    },
    {
      "type": "Feature",
      "id": "bc1f849d-1a35-4ce1-90a6-8aacb167ee39",
      "properties": {
        "id": "bc1f849d-1a35-4ce1-90a6-8aacb167ee39",
        "names": null,
        "sources": [
          {
            "property": "",
            "dataset": "OpenStreetMap",
            "license": "ODbL-1.0",
            "record_id": "w1224538509@1",
            "update_time": "2023-11-16T17:06:35.000Z",
            "confidence": null,
            "between": null,
            "provider": "osm",
            "resource": "planet",
            "version": "2026-09-06T00:00:00.000Z"
          }
        ],
        "level": null,
        "height": null,
        "min_height": null,
        "is_underground": false,
        "num_floors": null,
        "num_floors_underground": null,
        "min_floor": null,
        "subtype": null,
        "class": null,
        "facade_color": null,
        "facade_material": null,
        "roof_material": null,
        "roof_shape": null,
        "roof_direction": null,
        "roof_orientation": null,
        "roof_color": null,
        "roof_height": null,
        "has_parts": false,
        "version": 1,
        "bbox": {
          "xmin": 77.60411071777344,
          "xmax": 77.60426330566406,
          "ymin": 12.974432945251465,
          "ymax": 12.974637031555176
        }
      },
      "geometry": {
        "type": "Polygon",
        "coordinates": [
          [
            [
              77.6042508,
              12.9746147
            ],
            [
              77.6041563,
              12.9746369
            ],
            [
              77.6041118,
              12.9744569
            ],
            [
              77.6042063,
              12.9744347
            ],
            [
              77.6042508,
              12.9746147
            ]
          ]
        ]
      }
    },
    {
      "type": "Feature",
      "id": "4c9f7fdb-f180-4126-b49b-e7b28765737d",
      "properties": {
        "id": "4c9f7fdb-f180-4126-b49b-e7b28765737d",
        "names": null,
        "sources": [
          {
            "property": "",
            "dataset": "Google Open Buildings",
            "license": null,
            "record_id": "7J4VXJF3+PMR6",
            "update_time": "2023-05-01T00:00:00.000Z",
            "confidence": 0.8266,
            "between": null,
            "provider": "google",
            "resource": "open_buildings",
            "version": "2024-04-16"
          }
        ],
        "level": null,
        "height": null,
        "min_height": null,
        "is_underground": false,
        "num_floors": null,
        "num_floors_underground": null,
        "min_floor": null,
        "subtype": null,
        "class": null,
        "facade_color": null,
        "facade_material": null,
        "roof_material": null,
        "roof_shape": null,
        "roof_direction": null,
        "roof_orientation": null,
        "roof_color": null,
        "roof_height": null,
        "has_parts": false,
        "version": 1,
        "bbox": {
          "xmin": 77.60411071777344,
          "xmax": 77.60415649414062,
          "ymin": 12.974320411682129,
          "ymax": 12.97439956665039
        }
      },
      "geometry": {
        "type": "Polygon",
        "coordinates": [
          [
            [
              77.6041127,
              12.9743211
            ],
            [
              77.6041434,
              12.9743208
            ],
            [
              77.6041442,
              12.9743976
            ],
            [
              77.6041135,
              12.9743979
            ],
            [
              77.6041127,
              12.9743211
            ]
          ]
        ]
      }
    },
    {
      "type": "Feature",
      "id": "d4d722ff-30c0-485b-940d-d90820f04fc6",
      "properties": {
        "id": "d4d722ff-30c0-485b-940d-d90820f04fc6",
        "names": null,
        "sources": [
          {
            "property": "",
            "dataset": "OpenStreetMap",
            "license": "ODbL-1.0",
            "record_id": "w1207728414@2",
            "update_time": "2024-12-14T15:21:45.000Z",
            "confidence": null,
            "between": null,
            "provider": "osm",
            "resource": "planet",
            "version": "2026-09-06T00:00:00.000Z"
          }
        ],
        "level": null,
        "height": null,
        "min_height": null,
        "is_underground": false,
        "num_floors": null,
        "num_floors_underground": null,
        "min_floor": null,
        "subtype": null,
        "class": null,
        "facade_color": null,
        "facade_material": null,
        "roof_material": null,
        "roof_shape": null,
        "roof_direction": null,
        "roof_orientation": null,
        "roof_color": null,
        "roof_height": null,
        "has_parts": false,
        "version": 1,
        "bbox": {
          "xmin": 77.60414123535156,
          "xmax": 77.60438537597656,
          "ymin": 12.974040031433105,
          "ymax": 12.974270820617676
        }
      },
      "geometry": {
        "type": "Polygon",
        "coordinates": [
          [
            [
              77.6042632,
              12.974269
            ],
            [
              77.6041533,
              12.9741834
            ],
            [
              77.6042696,
              12.9740415
            ],
            [
              77.6043795,
              12.9741271
            ],
            [
              77.6042632,
              12.974269
            ]
          ]
        ]
      }
    },
    {
      "type": "Feature",
      "id": "b0565044-cf8a-4295-ac8a-78ca571c32ee",
      "properties": {
        "id": "b0565044-cf8a-4295-ac8a-78ca571c32ee",
        "names": null,
        "sources": [
          {
            "property": "",
            "dataset": "OpenStreetMap",
            "license": "ODbL-1.0",
            "record_id": "w1224538503@1",
            "update_time": "2025-05-29T08:49:36.000Z",
            "confidence": null,
            "between": null,
            "provider": "osm",
            "resource": "planet",
            "version": "2026-09-06T00:00:00.000Z"
          }
        ],
        "level": null,
        "height": null,
        "min_height": null,
        "is_underground": false,
        "num_floors": null,
        "num_floors_underground": null,
        "min_floor": null,
        "subtype": null,
        "class": null,
        "facade_color": null,
        "facade_material": null,
        "roof_material": null,
        "roof_shape": null,
        "roof_direction": null,
        "roof_orientation": null,
        "roof_color": null,
        "roof_height": null,
        "has_parts": false,
        "version": 1,
        "bbox": {
          "xmin": 77.6041030883789,
          "xmax": 77.60417938232422,
          "ymin": 12.974218368530273,
          "ymax": 12.974294662475586
        }
      },
      "geometry": {
        "type": "Polygon",
        "coordinates": [
          [
            [
              77.6041789,
              12.97429
            ],
            [
              77.6041121,
              12.9742929
            ],
            [
              77.6041089,
              12.9742216
            ],
            [
              77.6041757,
              12.9742187
            ],
            [
              77.6041789,
              12.97429
            ]
          ]
        ]
      }
    },
    {
      "type": "Feature",
      "id": "c3a51366-ad61-40f8-909e-c72d3f699092",
      "properties": {
        "id": "c3a51366-ad61-40f8-909e-c72d3f699092",
        "names": null,
        "sources": [
          {
            "property": "",
            "dataset": "OpenStreetMap",
            "license": "ODbL-1.0",
            "record_id": "w1224538507@2",
            "update_time": "2024-12-14T15:21:45.000Z",
            "confidence": null,
            "between": null,
            "provider": "osm",
            "resource": "planet",
            "version": "2026-09-06T00:00:00.000Z"
          }
        ],
        "level": null,
        "height": null,
        "min_height": null,
        "is_underground": false,
        "num_floors": null,
        "num_floors_underground": null,
        "min_floor": null,
        "subtype": null,
        "class": null,
        "facade_color": null,
        "facade_material": null,
        "roof_material": null,
        "roof_shape": null,
        "roof_direction": null,
        "roof_orientation": null,
        "roof_color": null,
        "roof_height": null,
        "has_parts": false,
        "version": 1,
        "bbox": {
          "xmin": 77.60433197021484,
          "xmax": 77.60440063476562,
          "ymin": 12.97395133972168,
          "ymax": 12.974103927612305
        }
      },
      "geometry": {
        "type": "Polygon",
        "coordinates": [
          [
            [
              77.6043896,
              12.9741024
            ],
            [
              77.6043488,
              12.9741
            ],
            [
              77.6043524,
              12.9740422
            ],
            [
              77.60434,
              12.9740415
            ],
            [
              77.6043421,
              12.974009
            ],
            [
              77.6043347,
              12.9740086
            ],
            [
              77.6043382,
              12.9739516
            ],
            [
              77.6043987,
              12.9739552
            ],
            [
              77.6043896,
              12.9741024
            ]
          ]
        ]
      }
    },
    {
      "type": "Feature",
      "id": "963df15f-19f2-47fd-914d-7b80db9d335f",
      "properties": {
        "id": "963df15f-19f2-47fd-914d-7b80db9d335f",
        "names": null,
        "sources": [
          {
            "property": "",
            "dataset": "Microsoft ML Buildings",
            "license": "ODbL-1.0",
            "record_id": null,
            "update_time": null,
            "confidence": null,
            "between": null,
            "provider": "microsoft",
            "resource": "ml_buildings",
            "version": "2026-08-11"
          }
        ],
        "level": null,
        "height": null,
        "min_height": null,
        "is_underground": false,
        "num_floors": null,
        "num_floors_underground": null,
        "min_floor": null,
        "subtype": null,
        "class": null,
        "facade_color": null,
        "facade_material": null,
        "roof_material": null,
        "roof_shape": null,
        "roof_direction": null,
        "roof_orientation": null,
        "roof_color": null,
        "roof_height": null,
        "has_parts": false,
        "version": 4,
        "bbox": {
          "xmin": 77.60447692871094,
          "xmax": 77.60454559326172,
          "ymin": 12.974212646484375,
          "ymax": 12.97432804107666
        }
      },
      "geometry": {
        "type": "Polygon",
        "coordinates": [
          [
            [
              77.6044888,
              12.9742165
            ],
            [
              77.6045313,
              12.9742127
            ],
            [
              77.6045418,
              12.9743241
            ],
            [
              77.6044992,
              12.9743279
            ],
            [
              77.6044888,
              12.9742165
            ]
          ]
        ]
      }
    },
    {
      "type": "Feature",
      "id": "095f309c-d0f2-47f7-bbdf-5469e94bcc80",
      "properties": {
        "id": "095f309c-d0f2-47f7-bbdf-5469e94bcc80",
        "names": null,
        "sources": [
          {
            "property": "",
            "dataset": "OpenStreetMap",
            "license": "ODbL-1.0",
            "record_id": "w1224538506@1",
            "update_time": "2023-11-16T17:06:35.000Z",
            "confidence": null,
            "between": null,
            "provider": "osm",
            "resource": "planet",
            "version": "2026-09-06T00:00:00.000Z"
          }
        ],
        "level": null,
        "height": null,
        "min_height": null,
        "is_underground": false,
        "num_floors": null,
        "num_floors_underground": null,
        "min_floor": null,
        "subtype": null,
        "class": null,
        "facade_color": null,
        "facade_material": null,
        "roof_material": null,
        "roof_shape": null,
        "roof_direction": null,
        "roof_orientation": null,
        "roof_color": null,
        "roof_height": null,
        "has_parts": false,
        "version": 1,
        "bbox": {
          "xmin": 77.6043930053711,
          "xmax": 77.60450744628906,
          "ymin": 12.974092483520508,
          "ymax": 12.974193572998047
        }
      },
      "geometry": {
        "type": "Polygon",
        "coordinates": [
          [
            [
              77.6045003,
              12.9741919
            ],
            [
              77.604395,
              12.9741913
            ],
            [
              77.6043956,
              12.9740927
            ],
            [
              77.6045009,
              12.9740933
            ],
            [
              77.6045003,
              12.9741919
            ]
          ]
        ]
      }
    },
    {
      "type": "Feature",
      "id": "c8094181-bcb4-455f-9c93-ad93c0a6e20b",
      "properties": {
        "id": "c8094181-bcb4-455f-9c93-ad93c0a6e20b",
        "names": null,
        "sources": [
          {
            "property": "",
            "dataset": "OpenStreetMap",
            "license": "ODbL-1.0",
            "record_id": "w1224538504@1",
            "update_time": "2023-11-16T17:06:35.000Z",
            "confidence": null,
            "between": null,
            "provider": "osm",
            "resource": "planet",
            "version": "2026-09-06T00:00:00.000Z"
          }
        ],
        "level": null,
        "height": null,
        "min_height": null,
        "is_underground": false,
        "num_floors": null,
        "num_floors_underground": null,
        "min_floor": null,
        "subtype": null,
        "class": null,
        "facade_color": null,
        "facade_material": null,
        "roof_material": null,
        "roof_shape": null,
        "roof_direction": null,
        "roof_orientation": null,
        "roof_color": null,
        "roof_height": null,
        "has_parts": false,
        "version": 1,
        "bbox": {
          "xmin": 77.60459899902344,
          "xmax": 77.60469055175781,
          "ymin": 12.974056243896484,
          "ymax": 12.974184036254883
        }
      },
      "geometry": {
        "type": "Polygon",
        "coordinates": [
          [
            [
              77.6046844,
              12.9741819
            ],
            [
              77.6046006,
              12.9741824
            ],
            [
              77.6045997,
              12.9740582
            ],
            [
              77.6046836,
              12.9740577
            ],
            [
              77.6046844,
              12.9741819
            ]
          ]
        ]
      }
    },
    {
      "type": "Feature",
      "id": "53582359-2502-4195-b8ab-ce12f4c28961",
      "properties": {
        "id": "53582359-2502-4195-b8ab-ce12f4c28961",
        "names": null,
        "sources": [
          {
            "property": "",
            "dataset": "OpenStreetMap",
            "license": "ODbL-1.0",
            "record_id": "w1224538505@1",
            "update_time": "2023-11-16T17:06:35.000Z",
            "confidence": null,
            "between": null,
            "provider": "osm",
            "resource": "planet",
            "version": "2026-09-06T00:00:00.000Z"
          }
        ],
        "level": null,
        "height": null,
        "min_height": null,
        "is_underground": false,
        "num_floors": null,
        "num_floors_underground": null,
        "min_floor": null,
        "subtype": null,
        "class": null,
        "facade_color": null,
        "facade_material": null,
        "roof_material": null,
        "roof_shape": null,
        "roof_direction": null,
        "roof_orientation": null,
        "roof_color": null,
        "roof_height": null,
        "has_parts": false,
        "version": 1,
        "bbox": {
          "xmin": 77.60444641113281,
          "xmax": 77.60460662841797,
          "ymin": 12.973920822143555,
          "ymax": 12.97408390045166
        }
      },
      "geometry": {
        "type": "Polygon",
        "coordinates": [
          [
            [
              77.6045948,
              12.9740821
            ],
            [
              77.6044594,
              12.9740821
            ],
            [
              77.6044594,
              12.9739227
            ],
            [
              77.6045948,
              12.9739227
            ],
            [
              77.6045948,
              12.9740821
            ]
          ]
        ]
      }
    },
    {
      "type": "Feature",
      "id": "45ea7150-f6b0-4d88-ae9c-9eaab12671c6",
      "properties": {
        "id": "45ea7150-f6b0-4d88-ae9c-9eaab12671c6",
        "names": null,
        "sources": [
          {
            "property": "",
            "dataset": "OpenStreetMap",
            "license": "ODbL-1.0",
            "record_id": "w327589100@1",
            "update_time": "2015-02-11T14:36:34.000Z",
            "confidence": null,
            "between": null,
            "provider": "osm",
            "resource": "planet",
            "version": "2026-09-06T00:00:00.000Z"
          }
        ],
        "level": null,
        "height": null,
        "min_height": null,
        "is_underground": false,
        "num_floors": null,
        "num_floors_underground": null,
        "min_floor": null,
        "subtype": null,
        "class": null,
        "facade_color": null,
        "facade_material": null,
        "roof_material": null,
        "roof_shape": null,
        "roof_direction": null,
        "roof_orientation": null,
        "roof_color": null,
        "roof_height": null,
        "has_parts": false,
        "version": 1,
        "bbox": {
          "xmin": 77.60444641113281,
          "xmax": 77.60462188720703,
          "ymin": 12.973411560058594,
          "ymax": 12.973580360412598
        }
      },
      "geometry": {
        "type": "Polygon",
        "coordinates": [
          [
            [
              77.6045122,
              12.9735787
            ],
            [
              77.6044468,
              12.973483
            ],
            [
              77.6045543,
              12.9734132
            ],
            [
              77.6046197,
              12.9735089
            ],
            [
              77.6045122,
              12.9735787
            ]
          ]
        ]
      }
    },
    {
      "type": "Feature",
      "id": "df608000-30f7-420b-9bc9-e3d1d650cc85",
      "properties": {
        "id": "df608000-30f7-420b-9bc9-e3d1d650cc85",
        "names": null,
        "sources": [
          {
            "property": "",
            "dataset": "OpenStreetMap",
            "license": "ODbL-1.0",
            "record_id": "w327589077@1",
            "update_time": "2015-02-11T14:36:31.000Z",
            "confidence": null,
            "between": null,
            "provider": "osm",
            "resource": "planet",
            "version": "2026-09-06T00:00:00.000Z"
          }
        ],
        "level": null,
        "height": null,
        "min_height": null,
        "is_underground": false,
        "num_floors": null,
        "num_floors_underground": null,
        "min_floor": null,
        "subtype": null,
        "class": null,
        "facade_color": null,
        "facade_material": null,
        "roof_material": null,
        "roof_shape": null,
        "roof_direction": null,
        "roof_orientation": null,
        "roof_color": null,
        "roof_height": null,
        "has_parts": false,
        "version": 1,
        "bbox": {
          "xmin": 77.6044921875,
          "xmax": 77.60479736328125,
          "ymin": 12.973194122314453,
          "ymax": 12.973544120788574
        }
      },
      "geometry": {
        "type": "Polygon",
        "coordinates": [
          [
            [
              77.6044944,
              12.9732644
            ],
            [
              77.6045933,
              12.973196
            ],
            [
              77.6047958,
              12.9734739
            ],
            [
              77.604697,
              12.9735423
            ],
            [
              77.6044944,
              12.9732644
            ]
          ]
        ]
      }
    },
    {
      "type": "Feature",
      "id": "1ce23b26-a7cb-4e98-a5cb-bf03f9d4986a",
      "properties": {
        "id": "1ce23b26-a7cb-4e98-a5cb-bf03f9d4986a",
        "names": {
          "primary": "Sterling Nowroji Crescent",
          "common": null,
          "rules": null
        },
        "sources": [
          {
            "property": "",
            "dataset": "OpenStreetMap",
            "license": "ODbL-1.0",
            "record_id": "w327589110@2",
            "update_time": "2023-10-23T12:27:17.000Z",
            "confidence": null,
            "between": null,
            "provider": "osm",
            "resource": "planet",
            "version": "2026-09-06T00:00:00.000Z"
          }
        ],
        "level": null,
        "height": null,
        "min_height": null,
        "is_underground": false,
        "num_floors": 4,
        "num_floors_underground": null,
        "min_floor": null,
        "subtype": "residential",
        "class": "apartments",
        "facade_color": null,
        "facade_material": null,
        "roof_material": null,
        "roof_shape": null,
        "roof_direction": null,
        "roof_orientation": null,
        "roof_color": null,
        "roof_height": null,
        "has_parts": false,
        "version": 1,
        "bbox": {
          "xmin": 77.6041030883789,
          "xmax": 77.60435485839844,
          "ymin": 12.973467826843262,
          "ymax": 12.973700523376465
        }
      },
      "geometry": {
        "type": "Polygon",
        "coordinates": [
          [
            [
              77.6043306,
              12.9737001
            ],
            [
              77.6041153,
              12.9736837
            ],
            [
              77.6041324,
              12.9734696
            ],
            [
              77.6043478,
              12.973486
            ],
            [
              77.6043306,
              12.9737001
            ]
          ]
        ]
      }
    },
    {
      "type": "Feature",
      "id": "7d827240-f61e-411d-a9d9-b04f9e3a5be4",
      "properties": {
        "id": "7d827240-f61e-411d-a9d9-b04f9e3a5be4",
        "names": null,
        "sources": [
          {
            "property": "",
            "dataset": "OpenStreetMap",
            "license": "ODbL-1.0",
            "record_id": "w327589091@2",
            "update_time": "2024-08-19T06:41:30.000Z",
            "confidence": null,
            "between": null,
            "provider": "osm",
            "resource": "planet",
            "version": "2026-09-06T00:00:00.000Z"
          }
        ],
        "level": null,
        "height": null,
        "min_height": null,
        "is_underground": false,
        "num_floors": null,
        "num_floors_underground": null,
        "min_floor": null,
        "subtype": "residential",
        "class": "house",
        "facade_color": null,
        "facade_material": null,
        "roof_material": null,
        "roof_shape": null,
        "roof_direction": null,
        "roof_orientation": null,
        "roof_color": null,
        "roof_height": null,
        "has_parts": false,
        "version": 1,
        "bbox": {
          "xmin": 77.60408020019531,
          "xmax": 77.60420989990234,
          "ymin": 12.973706245422363,
          "ymax": 12.973822593688965
        }
      },
      "geometry": {
        "type": "Polygon",
        "coordinates": [
          [
            [
              77.6041976,
              12.973821
            ],
            [
              77.604093,
              12.9738124
            ],
            [
              77.6041019,
              12.9737078
            ],
            [
              77.6042065,
              12.9737163
            ],
            [
              77.6041976,
              12.973821
            ]
          ]
        ]
      }
    },
    {
      "type": "Feature",
      "id": "c5bc75ca-d1a0-48db-8741-b993b1b07099",
      "properties": {
        "id": "c5bc75ca-d1a0-48db-8741-b993b1b07099",
        "names": null,
        "sources": [
          {
            "property": "",
            "dataset": "OpenStreetMap",
            "license": "ODbL-1.0",
            "record_id": "w327589079@1",
            "update_time": "2023-10-23T12:27:17.000Z",
            "confidence": null,
            "between": null,
            "provider": "osm",
            "resource": "planet",
            "version": "2026-09-06T00:00:00.000Z"
          }
        ],
        "level": null,
        "height": null,
        "min_height": null,
        "is_underground": false,
        "num_floors": null,
        "num_floors_underground": null,
        "min_floor": null,
        "subtype": null,
        "class": null,
        "facade_color": null,
        "facade_material": null,
        "roof_material": null,
        "roof_shape": null,
        "roof_direction": null,
        "roof_orientation": null,
        "roof_color": null,
        "roof_height": null,
        "has_parts": false,
        "version": 1,
        "bbox": {
          "xmin": 77.60380554199219,
          "xmax": 77.60403442382812,
          "ymin": 12.973808288574219,
          "ymax": 12.973937034606934
        }
      },
      "geometry": {
        "type": "Polygon",
        "coordinates": [
          [
            [
              77.6038176,
              12.9738872
            ],
            [
              77.6038343,
              12.97381
            ],
            [
              77.6040338,
              12.973851
            ],
            [
              77.6040339,
              12.9739354
            ],
            [
              77.6038176,
              12.9738872
            ]
          ]
        ]
      }
    },
    {
      "type": "Feature",
      "id": "6df2ba37-25ad-404c-a968-f7b2bc783f25",
      "properties": {
        "id": "6df2ba37-25ad-404c-a968-f7b2bc783f25",
        "names": null,
        "sources": [
          {
            "property": "",
            "dataset": "OpenStreetMap",
            "license": "ODbL-1.0",
            "record_id": "w319452867@3",
            "update_time": "2024-08-13T04:08:56.000Z",
            "confidence": null,
            "between": null,
            "provider": "osm",
            "resource": "planet",
            "version": "2026-09-06T00:00:00.000Z"
          }
        ],
        "level": null,
        "height": null,
        "min_height": null,
        "is_underground": false,
        "num_floors": 4,
        "num_floors_underground": null,
        "min_floor": null,
        "subtype": "residential",
        "class": "apartments",
        "facade_color": null,
        "facade_material": null,
        "roof_material": null,
        "roof_shape": null,
        "roof_direction": null,
        "roof_orientation": null,
        "roof_color": null,
        "roof_height": null,
        "has_parts": false,
        "version": 1,
        "bbox": {
          "xmin": 77.6036605834961,
          "xmax": 77.6041030883789,
          "ymin": 12.97317123413086,
          "ymax": 12.973770141601562
        }
      },
      "geometry": {
        "type": "Polygon",
        "coordinates": [
          [
            [
              77.6040506,
              12.9737699
            ],
            [
              77.6037865,
              12.9737485
            ],
            [
              77.6038033,
              12.9735523
            ],
            [
              77.6036679,
              12.9735413
            ],
            [
              77.6036824,
              12.9733717
            ],
            [
              77.6038227,
              12.9733831
            ],
            [
              77.6038407,
              12.973173
            ],
            [
              77.6040999,
              12.9731941
            ],
            [
              77.6040506,
              12.9737699
            ]
          ]
        ]
      }
    },
    {
      "type": "Feature",
      "id": "5522bab2-82ea-45fc-b26a-5dbc05a632cd",
      "properties": {
        "id": "5522bab2-82ea-45fc-b26a-5dbc05a632cd",
        "names": null,
        "sources": [
          {
            "property": "",
            "dataset": "OpenStreetMap",
            "license": "ODbL-1.0",
            "record_id": "w327589088@1",
            "update_time": "2025-01-11T17:28:34.000Z",
            "confidence": null,
            "between": null,
            "provider": "osm",
            "resource": "planet",
            "version": "2026-09-06T00:00:00.000Z"
          }
        ],
        "level": null,
        "height": null,
        "min_height": null,
        "is_underground": false,
        "num_floors": null,
        "num_floors_underground": null,
        "min_floor": null,
        "subtype": null,
        "class": null,
        "facade_color": null,
        "facade_material": null,
        "roof_material": null,
        "roof_shape": null,
        "roof_direction": null,
        "roof_orientation": null,
        "roof_color": null,
        "roof_height": null,
        "has_parts": false,
        "version": 1,
        "bbox": {
          "xmin": 77.60359954833984,
          "xmax": 77.60377502441406,
          "ymin": 12.973763465881348,
          "ymax": 12.973872184753418
        }
      },
      "geometry": {
        "type": "Polygon",
        "coordinates": [
          [
            [
              77.6036113,
              12.9738425
            ],
            [
              77.6036279,
              12.9737635
            ],
            [
              77.6037684,
              12.9737916
            ],
            [
              77.6037518,
              12.9738706
            ],
            [
              77.6036113,
              12.9738425
            ]
          ]
        ]
      }
    },
    {
      "type": "Feature",
      "id": "f24a56bd-e341-4d69-ae32-1e57e624dac5",
      "properties": {
        "id": "f24a56bd-e341-4d69-ae32-1e57e624dac5",
        "names": null,
        "sources": [
          {
            "property": "",
            "dataset": "OpenStreetMap",
            "license": "ODbL-1.0",
            "record_id": "w1307397843@1",
            "update_time": "2024-08-13T04:08:56.000Z",
            "confidence": null,
            "between": null,
            "provider": "osm",
            "resource": "planet",
            "version": "2026-09-06T00:00:00.000Z"
          }
        ],
        "level": null,
        "height": null,
        "min_height": null,
        "is_underground": false,
        "num_floors": null,
        "num_floors_underground": null,
        "min_floor": null,
        "subtype": null,
        "class": null,
        "facade_color": null,
        "facade_material": null,
        "roof_material": null,
        "roof_shape": null,
        "roof_direction": null,
        "roof_orientation": null,
        "roof_color": null,
        "roof_height": null,
        "has_parts": false,
        "version": 1,
        "bbox": {
          "xmin": 77.6034164428711,
          "xmax": 77.60359954833984,
          "ymin": 12.973939895629883,
          "ymax": 12.974061965942383
        }
      },
      "geometry": {
        "type": "Polygon",
        "coordinates": [
          [
            [
              77.6035772,
              12.9740604
            ],
            [
              77.6034294,
              12.9740377
            ],
            [
              77.6034452,
              12.9739399
            ],
            [
              77.603593,
              12.9739626
            ],
            [
              77.6035772,
              12.9740604
            ]
          ]
        ]
      }
    },
    {
      "type": "Feature",
      "id": "80e70298-7b08-4f0d-8fbb-6b562bf4b697",
      "properties": {
        "id": "80e70298-7b08-4f0d-8fbb-6b562bf4b697",
        "names": {
          "primary": "Mateen Manzil",
          "common": null,
          "rules": null
        },
        "sources": [
          {
            "property": "",
            "dataset": "OpenStreetMap",
            "license": "ODbL-1.0",
            "record_id": "w327589093@3",
            "update_time": "2025-01-11T17:28:34.000Z",
            "confidence": null,
            "between": null,
            "provider": "osm",
            "resource": "planet",
            "version": "2026-09-06T00:00:00.000Z"
          }
        ],
        "level": null,
        "height": null,
        "min_height": null,
        "is_underground": false,
        "num_floors": null,
        "num_floors_underground": null,
        "min_floor": null,
        "subtype": "residential",
        "class": "residential",
        "facade_color": null,
        "facade_material": null,
        "roof_material": null,
        "roof_shape": null,
        "roof_direction": null,
        "roof_orientation": null,
        "roof_color": null,
        "roof_height": null,
        "has_parts": false,
        "version": 1,
        "bbox": {
          "xmin": 77.60359191894531,
          "xmax": 77.60382080078125,
          "ymin": 12.974187850952148,
          "ymax": 12.974403381347656
        }
      },
      "geometry": {
        "type": "Polygon",
        "coordinates": [
          [
            [
              77.6036035,
              12.9743742
            ],
            [
              77.6036311,
              12.9742004
            ],
            [
              77.6036991,
              12.9742106
            ],
            [
              77.6037025,
              12.9741895
            ],
            [
              77.6038179,
              12.9742069
            ],
            [
              77.603787,
              12.9744018
            ],
            [
              77.6036035,
              12.9743742
            ]
          ]
        ]
      }
    },
    {
      "type": "Feature",
      "id": "0252fd24-0fef-4934-805e-fa9aef8485cb",
      "properties": {
        "id": "0252fd24-0fef-4934-805e-fa9aef8485cb",
        "names": null,
        "sources": [
          {
            "property": "",
            "dataset": "OpenStreetMap",
            "license": "ODbL-1.0",
            "record_id": "w327589081@1",
            "update_time": "2024-08-13T04:08:56.000Z",
            "confidence": null,
            "between": null,
            "provider": "osm",
            "resource": "planet",
            "version": "2026-09-06T00:00:00.000Z"
          }
        ],
        "level": null,
        "height": null,
        "min_height": null,
        "is_underground": false,
        "num_floors": null,
        "num_floors_underground": null,
        "min_floor": null,
        "subtype": null,
        "class": null,
        "facade_color": null,
        "facade_material": null,
        "roof_material": null,
        "roof_shape": null,
        "roof_direction": null,
        "roof_orientation": null,
        "roof_color": null,
        "roof_height": null,
        "has_parts": false,
        "version": 1,
        "bbox": {
          "xmin": 77.60367584228516,
          "xmax": 77.60405731201172,
          "ymin": 12.97390079498291,
          "ymax": 12.9741849899292
        }
      },
      "geometry": {
        "type": "Polygon",
        "coordinates": [
          [
            [
              77.6036875,
              12.9741262
            ],
            [
              77.6037314,
              12.9739023
            ],
            [
              77.6040451,
              12.9739606
            ],
            [
              77.6040012,
              12.9741846
            ],
            [
              77.6036875,
              12.9741262
            ]
          ]
        ]
      }
    },
    {
      "type": "Feature",
      "id": "543acbcb-fc66-4b0f-b226-21704c35c844",
      "properties": {
        "id": "543acbcb-fc66-4b0f-b226-21704c35c844",
        "names": null,
        "sources": [
          {
            "property": "",
            "dataset": "OpenStreetMap",
            "license": "ODbL-1.0",
            "record_id": "w327553594@1",
            "update_time": "2024-07-27T17:24:19.000Z",
            "confidence": null,
            "between": null,
            "provider": "osm",
            "resource": "planet",
            "version": "2026-09-06T00:00:00.000Z"
          }
        ],
        "level": null,
        "height": null,
        "min_height": null,
        "is_underground": false,
        "num_floors": null,
        "num_floors_underground": null,
        "min_floor": null,
        "subtype": null,
        "class": null,
        "facade_color": null,
        "facade_material": null,
        "roof_material": null,
        "roof_shape": null,
        "roof_direction": null,
        "roof_orientation": null,
        "roof_color": null,
        "roof_height": null,
        "has_parts": false,
        "version": 1,
        "bbox": {
          "xmin": 77.60368347167969,
          "xmax": 77.6039810180664,
          "ymin": 12.974509239196777,
          "ymax": 12.974648475646973
        }
      },
      "geometry": {
        "type": "Polygon",
        "coordinates": [
          [
            [
              77.6039745,
              12.9746393
            ],
            [
              77.603688,
              12.9746468
            ],
            [
              77.6036844,
              12.9745168
            ],
            [
              77.6039709,
              12.9745094
            ],
            [
              77.6039745,
              12.9746393
            ]
          ]
        ]
      }
    },
    {
      "type": "Feature",
      "id": "34fa2f9a-8f96-4d53-aa3c-9c2638e5d80c",
      "properties": {
        "id": "34fa2f9a-8f96-4d53-aa3c-9c2638e5d80c",
        "names": null,
        "sources": [
          {
            "property": "",
            "dataset": "OpenStreetMap",
            "license": "ODbL-1.0",
            "record_id": "w325781815@2",
            "update_time": "2026-08-18T13:20:50.000Z",
            "confidence": null,
            "between": null,
            "provider": "osm",
            "resource": "planet",
            "version": "2026-09-06T00:00:00.000Z"
          }
        ],
        "level": null,
        "height": null,
        "min_height": null,
        "is_underground": false,
        "num_floors": null,
        "num_floors_underground": null,
        "min_floor": null,
        "subtype": null,
        "class": null,
        "facade_color": null,
        "facade_material": null,
        "roof_material": null,
        "roof_shape": null,
        "roof_direction": null,
        "roof_orientation": null,
        "roof_color": null,
        "roof_height": null,
        "has_parts": false,
        "version": 3,
        "bbox": {
          "xmin": 77.60346984863281,
          "xmax": 77.6036605834961,
          "ymin": 12.974419593811035,
          "ymax": 12.974682807922363
        }
      },
      "geometry": {
        "type": "Polygon",
        "coordinates": [
          [
            [
              77.603516,
              12.9746692
            ],
            [
              77.6034872,
              12.9746656
            ],
            [
              77.6034967,
              12.9745923
            ],
            [
              77.6034754,
              12.9745897
            ],
            [
              77.6034846,
              12.974518
            ],
            [
              77.6035022,
              12.9745201
            ],
            [
              77.6035132,
              12.9744346
            ],
            [
              77.6035299,
              12.9744366
            ],
            [
              77.6035318,
              12.9744215
            ],
            [
              77.6036021,
              12.9744301
            ],
            [
              77.6036012,
              12.9744368
            ],
            [
              77.6036585,
              12.9744438
            ],
            [
              77.6036519,
              12.9744957
            ],
            [
              77.6036325,
              12.9744933
            ],
            [
              77.6036265,
              12.9745404
            ],
            [
              77.6036215,
              12.9745398
            ],
            [
              77.6036162,
              12.9745809
            ],
            [
              77.6036241,
              12.9745819
            ],
            [
              77.6036185,
              12.9746253
            ],
            [
              77.6036372,
              12.9746275
            ],
            [
              77.6036307,
              12.9746779
            ],
            [
              77.6035772,
              12.9746714
            ],
            [
              77.6035788,
              12.9746588
            ],
            [
              77.6035678,
              12.9746575
            ],
            [
              77.6035648,
              12.9746805
            ],
            [
              77.6035404,
              12.9746776
            ],
            [
              77.6035397,
              12.9746825
            ],
            [
              77.6035147,
              12.9746794
            ],
            [
              77.603516,
              12.9746692
            ]
          ]
        ]
      }
    },
    {
      "type": "Feature",
      "id": "b8c8261f-f165-4d01-b053-8c73927c8268",
      "properties": {
        "id": "b8c8261f-f165-4d01-b053-8c73927c8268",
        "names": null,
        "sources": [
          {
            "property": "",
            "dataset": "OpenStreetMap",
            "license": "ODbL-1.0",
            "record_id": "w325781829@2",
            "update_time": "2026-08-18T13:20:50.000Z",
            "confidence": null,
            "between": null,
            "provider": "osm",
            "resource": "planet",
            "version": "2026-09-06T00:00:00.000Z"
          }
        ],
        "level": null,
        "height": null,
        "min_height": null,
        "is_underground": false,
        "num_floors": null,
        "num_floors_underground": null,
        "min_floor": null,
        "subtype": null,
        "class": null,
        "facade_color": null,
        "facade_material": null,
        "roof_material": null,
        "roof_shape": null,
        "roof_direction": null,
        "roof_orientation": null,
        "roof_color": null,
        "roof_height": null,
        "has_parts": false,
        "version": 2,
        "bbox": {
          "xmin": 77.60331726074219,
          "xmax": 77.60347747802734,
          "ymin": 12.974396705627441,
          "ymax": 12.974691390991211
        }
      },
      "geometry": {
        "type": "Polygon",
        "coordinates": [
          [
            [
              77.6034656,
              12.974401
            ],
            [
              77.6034595,
              12.9746897
            ],
            [
              77.6033202,
              12.9746869
            ],
            [
              77.6033263,
              12.9743982
            ],
            [
              77.6034656,
              12.974401
            ]
          ]
        ]
      }
    },
    {
      "type": "Feature",
      "id": "90f36804-ae3d-46fa-8f95-95fefb0cecdd",
      "properties": {
        "id": "90f36804-ae3d-46fa-8f95-95fefb0cecdd",
        "names": null,
        "sources": [
          {
            "property": "",
            "dataset": "OpenStreetMap",
            "license": "ODbL-1.0",
            "record_id": "w350558587@2",
            "update_time": "2026-01-02T08:48:19.000Z",
            "confidence": null,
            "between": null,
            "provider": "osm",
            "resource": "planet",
            "version": "2026-09-06T00:00:00.000Z"
          }
        ],
        "level": null,
        "height": null,
        "min_height": null,
        "is_underground": false,
        "num_floors": null,
        "num_floors_underground": null,
        "min_floor": null,
        "subtype": null,
        "class": null,
        "facade_color": null,
        "facade_material": null,
        "roof_material": null,
        "roof_shape": null,
        "roof_direction": null,
        "roof_orientation": null,
        "roof_color": null,
        "roof_height": null,
        "has_parts": false,
        "version": 2,
        "bbox": {
          "xmin": 77.60308074951172,
          "xmax": 77.60330963134766,
          "ymin": 12.974328994750977,
          "ymax": 12.974440574645996
        }
      },
      "geometry": {
        "type": "Polygon",
        "coordinates": [
          [
            [
              77.6031206,
              12.9743307
            ],
            [
              77.6032972,
              12.9743393
            ],
            [
              77.6032921,
              12.9744388
            ],
            [
              77.6032651,
              12.9744374
            ],
            [
              77.6032654,
              12.9744299
            ],
            [
              77.6030818,
              12.974421
            ],
            [
              77.6030835,
              12.974388
            ],
            [
              77.6031175,
              12.9743896
            ],
            [
              77.6031206,
              12.9743307
            ]
          ]
        ]
      }
    },
    {
      "type": "Feature",
      "id": "343f68d0-696f-4ed9-9fcf-d5b7ea3a6ded",
      "properties": {
        "id": "343f68d0-696f-4ed9-9fcf-d5b7ea3a6ded",
        "names": null,
        "sources": [
          {
            "property": "",
            "dataset": "OpenStreetMap",
            "license": "ODbL-1.0",
            "record_id": "w185964976@5",
            "update_time": "2026-01-02T08:48:19.000Z",
            "confidence": null,
            "between": null,
            "provider": "osm",
            "resource": "planet",
            "version": "2026-09-06T00:00:00.000Z"
          }
        ],
        "level": null,
        "height": null,
        "min_height": null,
        "is_underground": false,
        "num_floors": 6,
        "num_floors_underground": null,
        "min_floor": null,
        "subtype": "commercial",
        "class": "commercial",
        "facade_color": null,
        "facade_material": null,
        "roof_material": null,
        "roof_shape": null,
        "roof_direction": null,
        "roof_orientation": null,
        "roof_color": null,
        "roof_height": null,
        "has_parts": false,
        "version": 2,
        "bbox": {
          "xmin": 77.60301971435547,
          "xmax": 77.60328674316406,
          "ymin": 12.974458694458008,
          "ymax": 12.974661827087402
        }
      },
      "geometry": {
        "type": "Polygon",
        "coordinates": [
          [
            [
              77.603271,
              12.9746614
            ],
            [
              77.6030219,
              12.9746503
            ],
            [
              77.6030307,
              12.9744606
            ],
            [
              77.6032799,
              12.9744717
            ],
            [
              77.603271,
              12.9746614
            ]
          ]
        ]
      }
    },
    {
      "type": "Feature",
      "id": "62896b63-3c64-4725-beca-635517e3723e",
      "properties": {
        "id": "62896b63-3c64-4725-beca-635517e3723e",
        "names": null,
        "sources": [
          {
            "property": "",
            "dataset": "Google Open Buildings",
            "license": null,
            "record_id": "7J4VXJF3+M7C8",
            "update_time": "2023-05-01T00:00:00.000Z",
            "confidence": 0.6983,
            "between": null,
            "provider": "google",
            "resource": "open_buildings",
            "version": "2024-04-16"
          }
        ],
        "level": null,
        "height": null,
        "min_height": null,
        "is_underground": false,
        "num_floors": null,
        "num_floors_underground": null,
        "min_floor": null,
        "subtype": null,
        "class": null,
        "facade_color": null,
        "facade_material": null,
        "roof_material": null,
        "roof_shape": null,
        "roof_direction": null,
        "roof_orientation": null,
        "roof_color": null,
        "roof_height": null,
        "has_parts": false,
        "version": 1,
        "bbox": {
          "xmin": 77.60308837890625,
          "xmax": 77.60317993164062,
          "ymin": 12.974148750305176,
          "ymax": 12.974225044250488
        }
      },
      "geometry": {
        "type": "Polygon",
        "coordinates": [
          [
            [
              77.6031012,
              12.9741575
            ],
            [
              77.6031627,
              12.9741488
            ],
            [
              77.6031731,
              12.9742199
            ],
            [
              77.6031372,
              12.974225
            ],
            [
              77.6031305,
              12.9741795
            ],
            [
              77.603105,
              12.9741831
            ],
            [
              77.6031012,
              12.9741575
            ]
          ]
        ]
      }
    },
    {
      "type": "Feature",
      "id": "15bb66bb-67e9-4874-82df-ad8725694d48",
      "properties": {
        "id": "15bb66bb-67e9-4874-82df-ad8725694d48",
        "names": null,
        "sources": [
          {
            "property": "",
            "dataset": "Google Open Buildings",
            "license": null,
            "record_id": "7J4VXJF3+M7PJ",
            "update_time": "2023-05-01T00:00:00.000Z",
            "confidence": 0.6579,
            "between": null,
            "provider": "google",
            "resource": "open_buildings",
            "version": "2024-04-16"
          }
        ],
        "level": null,
        "height": null,
        "min_height": null,
        "is_underground": false,
        "num_floors": null,
        "num_floors_underground": null,
        "min_floor": null,
        "subtype": null,
        "class": null,
        "facade_color": null,
        "facade_material": null,
        "roof_material": null,
        "roof_shape": null,
        "roof_direction": null,
        "roof_orientation": null,
        "roof_color": null,
        "roof_height": null,
        "has_parts": false,
        "version": 1,
        "bbox": {
          "xmin": 77.60316467285156,
          "xmax": 77.60321807861328,
          "ymin": 12.974197387695312,
          "ymax": 12.974241256713867
        }
      },
      "geometry": {
        "type": "Polygon",
        "coordinates": [
          [
            [
              77.6031716,
              12.9742031
            ],
            [
              77.6032076,
              12.9741989
            ],
            [
              77.6032121,
              12.9742357
            ],
            [
              77.603176,
              12.9742398
            ],
            [
              77.6031716,
              12.9742031
            ]
          ]
        ]
      }
    },
    {
      "type": "Feature",
      "id": "0f4045f4-9f36-47d2-80e5-061df277bb1b",
      "properties": {
        "id": "0f4045f4-9f36-47d2-80e5-061df277bb1b",
        "names": null,
        "sources": [
          {
            "property": "",
            "dataset": "OpenStreetMap",
            "license": "ODbL-1.0",
            "record_id": "w1137187617@2",
            "update_time": "2024-08-13T04:08:56.000Z",
            "confidence": null,
            "between": null,
            "provider": "osm",
            "resource": "planet",
            "version": "2026-09-06T00:00:00.000Z"
          }
        ],
        "level": null,
        "height": null,
        "min_height": null,
        "is_underground": false,
        "num_floors": 2,
        "num_floors_underground": null,
        "min_floor": null,
        "subtype": "residential",
        "class": "house",
        "facade_color": null,
        "facade_material": null,
        "roof_material": null,
        "roof_shape": null,
        "roof_direction": null,
        "roof_orientation": null,
        "roof_color": null,
        "roof_height": null,
        "has_parts": false,
        "version": 1,
        "bbox": {
          "xmin": 77.60318756103516,
          "xmax": 77.60334777832031,
          "ymin": 12.974081039428711,
          "ymax": 12.97428035736084
        }
      },
      "geometry": {
        "type": "Polygon",
        "coordinates": [
          [
            [
              77.6033275,
              12.9742787
            ],
            [
              77.6032182,
              12.974269
            ],
            [
              77.6032249,
              12.9741971
            ],
            [
              77.6031892,
              12.974122
            ],
            [
              77.6032792,
              12.9740814
            ],
            [
              77.603335,
              12.9741991
            ],
            [
              77.6033275,
              12.9742787
            ]
          ]
        ]
      }
    },
    {
      "type": "Feature",
      "id": "94655ea0-d2b3-48da-aaea-d26a2ba14c40",
      "properties": {
        "id": "94655ea0-d2b3-48da-aaea-d26a2ba14c40",
        "names": null,
        "sources": [
          {
            "property": "",
            "dataset": "Google Open Buildings",
            "license": null,
            "record_id": "7J4VXJF3+M92C",
            "update_time": "2023-05-01T00:00:00.000Z",
            "confidence": 0.7869,
            "between": null,
            "provider": "google",
            "resource": "open_buildings",
            "version": "2024-04-16"
          }
        ],
        "level": null,
        "height": null,
        "min_height": null,
        "is_underground": false,
        "num_floors": null,
        "num_floors_underground": null,
        "min_floor": null,
        "subtype": null,
        "class": null,
        "facade_color": null,
        "facade_material": null,
        "roof_material": null,
        "roof_shape": null,
        "roof_direction": null,
        "roof_orientation": null,
        "roof_color": null,
        "roof_height": null,
        "has_parts": false,
        "version": 1,
        "bbox": {
          "xmin": 77.60335540771484,
          "xmax": 77.60340881347656,
          "ymin": 12.974117279052734,
          "ymax": 12.974159240722656
        }
      },
      "geometry": {
        "type": "Polygon",
        "coordinates": [
          [
            [
              77.6033607,
              12.9741173
            ],
            [
              77.6034058,
              12.9741212
            ],
            [
              77.6034024,
              12.9741588
            ],
            [
              77.6033573,
              12.9741549
            ],
            [
              77.6033607,
              12.9741173
            ]
          ]
        ]
      }
    },
    {
      "type": "Feature",
      "id": "5ef1c457-168c-4901-8ed4-dbcab85c8d21",
      "properties": {
        "id": "5ef1c457-168c-4901-8ed4-dbcab85c8d21",
        "names": null,
        "sources": [
          {
            "property": "",
            "dataset": "OpenStreetMap",
            "license": "ODbL-1.0",
            "record_id": "w1307397844@1",
            "update_time": "2024-08-13T04:08:56.000Z",
            "confidence": null,
            "between": null,
            "provider": "osm",
            "resource": "planet",
            "version": "2026-09-06T00:00:00.000Z"
          }
        ],
        "level": null,
        "height": null,
        "min_height": null,
        "is_underground": false,
        "num_floors": null,
        "num_floors_underground": null,
        "min_floor": null,
        "subtype": null,
        "class": null,
        "facade_color": null,
        "facade_material": null,
        "roof_material": null,
        "roof_shape": null,
        "roof_direction": null,
        "roof_orientation": null,
        "roof_color": null,
        "roof_height": null,
        "has_parts": false,
        "version": 1,
        "bbox": {
          "xmin": 77.6032943725586,
          "xmax": 77.60343933105469,
          "ymin": 12.97391128540039,
          "ymax": 12.974042892456055
        }
      },
      "geometry": {
        "type": "Polygon",
        "coordinates": [
          [
            [
              77.6034202,
              12.9740427
            ],
            [
              77.603298,
              12.974024
            ],
            [
              77.6033159,
              12.9739131
            ],
            [
              77.6034381,
              12.9739318
            ],
            [
              77.6034202,
              12.9740427
            ]
          ]
        ]
      }
    },
    {
      "type": "Feature",
      "id": "433f7ea8-d40b-4ad6-a21a-e62fdb95d386",
      "properties": {
        "id": "433f7ea8-d40b-4ad6-a21a-e62fdb95d386",
        "names": null,
        "sources": [
          {
            "property": "",
            "dataset": "OpenStreetMap",
            "license": "ODbL-1.0",
            "record_id": "w1307397845@1",
            "update_time": "2026-01-02T08:48:19.000Z",
            "confidence": null,
            "between": null,
            "provider": "osm",
            "resource": "planet",
            "version": "2026-09-06T00:00:00.000Z"
          }
        ],
        "level": null,
        "height": null,
        "min_height": null,
        "is_underground": false,
        "num_floors": 5,
        "num_floors_underground": null,
        "min_floor": null,
        "subtype": "commercial",
        "class": "commercial",
        "facade_color": null,
        "facade_material": null,
        "roof_material": null,
        "roof_shape": null,
        "roof_direction": null,
        "roof_orientation": null,
        "roof_color": null,
        "roof_height": null,
        "has_parts": false,
        "version": 2,
        "bbox": {
          "xmin": 77.6031494140625,
          "xmax": 77.60328674316406,
          "ymin": 12.973857879638672,
          "ymax": 12.974004745483398
        }
      },
      "geometry": {
        "type": "Polygon",
        "coordinates": [
          [
            [
              77.6032635,
              12.9740031
            ],
            [
              77.6031569,
              12.9739867
            ],
            [
              77.6031776,
              12.9738581
            ],
            [
              77.6032842,
              12.9738744
            ],
            [
              77.6032635,
              12.9740031
            ]
          ]
        ]
      }
    },
    {
      "type": "Feature",
      "id": "374c852e-2cb4-40fe-af5c-11331c833023",
      "properties": {
        "id": "374c852e-2cb4-40fe-af5c-11331c833023",
        "names": null,
        "sources": [
          {
            "property": "",
            "dataset": "OpenStreetMap",
            "license": "ODbL-1.0",
            "record_id": "w327589076@2",
            "update_time": "2026-01-02T08:48:19.000Z",
            "confidence": null,
            "between": null,
            "provider": "osm",
            "resource": "planet",
            "version": "2026-09-06T00:00:00.000Z"
          }
        ],
        "level": null,
        "height": null,
        "min_height": null,
        "is_underground": false,
        "num_floors": 4,
        "num_floors_underground": null,
        "min_floor": null,
        "subtype": "commercial",
        "class": "commercial",
        "facade_color": null,
        "facade_material": null,
        "roof_material": null,
        "roof_shape": null,
        "roof_direction": null,
        "roof_orientation": null,
        "roof_color": null,
        "roof_height": null,
        "has_parts": false,
        "version": 2,
        "bbox": {
          "xmin": 77.60319519042969,
          "xmax": 77.60330200195312,
          "ymin": 12.973657608032227,
          "ymax": 12.973762512207031
        }
      },
      "geometry": {
        "type": "Polygon",
        "coordinates": [
          [
            [
              77.6031952,
              12.9737449
            ],
            [
              77.6032129,
              12.9736579
            ],
            [
              77.6032956,
              12.9736739
            ],
            [
              77.6032779,
              12.9737609
            ],
            [
              77.6031952,
              12.9737449
            ]
          ]
        ]
      }
    },
    {
      "type": "Feature",
      "id": "0b612cdc-e3a7-4c9f-b89d-8977b742a0f8",
      "properties": {
        "id": "0b612cdc-e3a7-4c9f-b89d-8977b742a0f8",
        "names": null,
        "sources": [
          {
            "property": "",
            "dataset": "OpenStreetMap",
            "license": "ODbL-1.0",
            "record_id": "w1297594210@1",
            "update_time": "2024-08-19T04:16:46.000Z",
            "confidence": null,
            "between": null,
            "provider": "osm",
            "resource": "planet",
            "version": "2026-09-06T00:00:00.000Z"
          }
        ],
        "level": null,
        "height": null,
        "min_height": null,
        "is_underground": false,
        "num_floors": null,
        "num_floors_underground": null,
        "min_floor": null,
        "subtype": null,
        "class": null,
        "facade_color": null,
        "facade_material": null,
        "roof_material": null,
        "roof_shape": null,
        "roof_direction": null,
        "roof_orientation": null,
        "roof_color": null,
        "roof_height": null,
        "has_parts": false,
        "version": 1,
        "bbox": {
          "xmin": 77.60327911376953,
          "xmax": 77.60354614257812,
          "ymin": 12.973673820495605,
          "ymax": 12.973824501037598
        }
      },
      "geometry": {
        "type": "Polygon",
        "coordinates": [
          [
            [
              77.603519,
              12.973823
            ],
            [
              77.6032822,
              12.973774
            ],
            [
              77.6033036,
              12.9736755
            ],
            [
              77.6035404,
              12.9737244
            ],
            [
              77.603519,
              12.973823
            ]
          ]
        ]
      }
    },
    {
      "type": "Feature",
      "id": "93385d58-94eb-4fb3-ab4a-c4a21a19413e",
      "properties": {
        "id": "93385d58-94eb-4fb3-ab4a-c4a21a19413e",
        "names": {
          "primary": "Pride Elite",
          "common": null,
          "rules": null
        },
        "sources": [
          {
            "property": "",
            "dataset": "OpenStreetMap",
            "license": "ODbL-1.0",
            "record_id": "w327589097@5",
            "update_time": "2026-01-02T08:48:19.000Z",
            "confidence": null,
            "between": null,
            "provider": "osm",
            "resource": "planet",
            "version": "2026-09-06T00:00:00.000Z"
          }
        ],
        "level": null,
        "height": null,
        "min_height": null,
        "is_underground": false,
        "num_floors": 4,
        "num_floors_underground": null,
        "min_floor": null,
        "subtype": "commercial",
        "class": "commercial",
        "facade_color": null,
        "facade_material": null,
        "roof_material": null,
        "roof_shape": null,
        "roof_direction": null,
        "roof_orientation": null,
        "roof_color": null,
        "roof_height": null,
        "has_parts": false,
        "version": 2,
        "bbox": {
          "xmin": 77.60324096679688,
          "xmax": 77.60370635986328,
          "ymin": 12.97352123260498,
          "ymax": 12.973729133605957
        }
      },
      "geometry": {
        "type": "Polygon",
        "coordinates": [
          [
            [
              77.6032474,
              12.9736327
            ],
            [
              77.6032738,
              12.9735215
            ],
            [
              77.6036998,
              12.9736176
            ],
            [
              77.6036734,
              12.9737287
            ],
            [
              77.6032474,
              12.9736327
            ]
          ]
        ]
      }
    },
    {
      "type": "Feature",
      "id": "7741bd2a-b120-44aa-93bb-c34ed09ab103",
      "properties": {
        "id": "7741bd2a-b120-44aa-93bb-c34ed09ab103",
        "names": null,
        "sources": [
          {
            "property": "",
            "dataset": "OpenStreetMap",
            "license": "ODbL-1.0",
            "record_id": "w330238683@3",
            "update_time": "2026-07-11T11:40:13.000Z",
            "confidence": null,
            "between": null,
            "provider": "osm",
            "resource": "planet",
            "version": "2026-09-06T00:00:00.000Z"
          }
        ],
        "level": null,
        "height": null,
        "min_height": null,
        "is_underground": false,
        "num_floors": 2,
        "num_floors_underground": null,
        "min_floor": null,
        "subtype": "residential",
        "class": "house",
        "facade_color": null,
        "facade_material": null,
        "roof_material": null,
        "roof_shape": null,
        "roof_direction": null,
        "roof_orientation": null,
        "roof_color": null,
        "roof_height": null,
        "has_parts": false,
        "version": 2,
        "bbox": {
          "xmin": 77.60259246826172,
          "xmax": 77.6028060913086,
          "ymin": 12.973871231079102,
          "ymax": 12.974037170410156
        }
      },
      "geometry": {
        "type": "Polygon",
        "coordinates": [
          [
            [
              77.6026263,
              12.9738716
            ],
            [
              77.6027661,
              12.9738983
            ],
            [
              77.6028001,
              12.9739371
            ],
            [
              77.6027911,
              12.9739816
            ],
            [
              77.6027807,
              12.9740333
            ],
            [
              77.6026973,
              12.9740174
            ],
            [
              77.6026937,
              12.9740356
            ],
            [
              77.6026442,
              12.9740261
            ],
            [
              77.602647,
              12.9740123
            ],
            [
              77.6025998,
              12.9740033
            ],
            [
              77.6026263,
              12.9738716
            ]
          ]
        ]
      }
    },
    {
      "type": "Feature",
      "id": "90eb0440-1541-4ed1-855c-ec9d0fa7dd10",
      "properties": {
        "id": "90eb0440-1541-4ed1-855c-ec9d0fa7dd10",
        "names": null,
        "sources": [
          {
            "property": "",
            "dataset": "OpenStreetMap",
            "license": "ODbL-1.0",
            "record_id": "w185964974@3",
            "update_time": "2026-07-11T11:40:13.000Z",
            "confidence": null,
            "between": null,
            "provider": "osm",
            "resource": "planet",
            "version": "2026-09-06T00:00:00.000Z"
          }
        ],
        "level": null,
        "height": null,
        "min_height": null,
        "is_underground": false,
        "num_floors": 4,
        "num_floors_underground": null,
        "min_floor": null,
        "subtype": "commercial",
        "class": "commercial",
        "facade_color": null,
        "facade_material": null,
        "roof_material": null,
        "roof_shape": null,
        "roof_direction": null,
        "roof_orientation": null,
        "roof_color": null,
        "roof_height": null,
        "has_parts": false,
        "version": 2,
        "bbox": {
          "xmin": 77.60254669189453,
          "xmax": 77.60302734375,
          "ymin": 12.973628997802734,
          "ymax": 12.973854064941406
        }
      },
      "geometry": {
        "type": "Polygon",
        "coordinates": [
          [
            [
              77.6025804,
              12.9736308
            ],
            [
              77.602924,
              12.9736884
            ],
            [
              77.6029209,
              12.973706
            ],
            [
              77.6030265,
              12.9737237
            ],
            [
              77.6030038,
              12.9738524
            ],
            [
              77.6028974,
              12.9738345
            ],
            [
              77.6028951,
              12.9738473
            ],
            [
              77.6025523,
              12.9737898
            ],
            [
              77.6025804,
              12.9736308
            ]
          ]
        ]
      }
    },
    {
      "type": "Feature",
      "id": "0eba2750-2ca0-4918-a334-fd25830cdb75",
      "properties": {
        "id": "0eba2750-2ca0-4918-a334-fd25830cdb75",
        "names": null,
        "sources": [
          {
            "property": "",
            "dataset": "OpenStreetMap",
            "license": "ODbL-1.0",
            "record_id": "w167542039@3",
            "update_time": "2024-08-13T04:08:56.000Z",
            "confidence": null,
            "between": null,
            "provider": "osm",
            "resource": "planet",
            "version": "2026-09-06T00:00:00.000Z"
          }
        ],
        "level": null,
        "height": null,
        "min_height": null,
        "is_underground": false,
        "num_floors": null,
        "num_floors_underground": null,
        "min_floor": null,
        "subtype": "commercial",
        "class": "office",
        "facade_color": null,
        "facade_material": null,
        "roof_material": null,
        "roof_shape": null,
        "roof_direction": null,
        "roof_orientation": null,
        "roof_color": null,
        "roof_height": null,
        "has_parts": false,
        "version": 1,
        "bbox": {
          "xmin": 77.60260772705078,
          "xmax": 77.6030502319336,
          "ymin": 12.973428726196289,
          "ymax": 12.97363567352295
        }
      },
      "geometry": {
        "type": "Polygon",
        "coordinates": [
          [
            [
              77.6030225,
              12.9736342
            ],
            [
              77.6026098,
              12.9735639
            ],
            [
              77.6026341,
              12.9734288
            ],
            [
              77.6030467,
              12.9734991
            ],
            [
              77.6030225,
              12.9736342
            ]
          ]
        ]
      }
    },
    {
      "type": "Feature",
      "id": "7ed5fe99-e4ac-41a5-9de8-c8d73f1a916d",
      "properties": {
        "id": "7ed5fe99-e4ac-41a5-9de8-c8d73f1a916d",
        "names": null,
        "sources": [
          {
            "property": "",
            "dataset": "Microsoft ML Buildings",
            "license": "ODbL-1.0",
            "record_id": null,
            "update_time": null,
            "confidence": null,
            "between": null,
            "provider": "microsoft",
            "resource": "ml_buildings",
            "version": "2026-08-11"
          }
        ],
        "level": null,
        "height": null,
        "min_height": null,
        "is_underground": false,
        "num_floors": null,
        "num_floors_underground": null,
        "min_floor": null,
        "subtype": null,
        "class": null,
        "facade_color": null,
        "facade_material": null,
        "roof_material": null,
        "roof_shape": null,
        "roof_direction": null,
        "roof_orientation": null,
        "roof_color": null,
        "roof_height": null,
        "has_parts": false,
        "version": 4,
        "bbox": {
          "xmin": 77.60247802734375,
          "xmax": 77.60254669189453,
          "ymin": 12.973494529724121,
          "ymax": 12.97364330291748
        }
      },
      "geometry": {
        "type": "Polygon",
        "coordinates": [
          [
            [
              77.6024816,
              12.9736387
            ],
            [
              77.6024961,
              12.9734964
            ],
            [
              77.6025439,
              12.973501
            ],
            [
              77.6025294,
              12.9736433
            ],
            [
              77.6024816,
              12.9736387
            ]
          ]
        ]
      }
    },
    {
      "type": "Feature",
      "id": "51b26d55-7209-49c4-9ae4-051bb325bdba",
      "properties": {
        "id": "51b26d55-7209-49c4-9ae4-051bb325bdba",
        "names": null,
        "sources": [
          {
            "property": "",
            "dataset": "OpenStreetMap",
            "license": "ODbL-1.0",
            "record_id": "w327589084@2",
            "update_time": "2026-07-11T11:40:13.000Z",
            "confidence": null,
            "between": null,
            "provider": "osm",
            "resource": "planet",
            "version": "2026-09-06T00:00:00.000Z"
          }
        ],
        "level": null,
        "height": null,
        "min_height": null,
        "is_underground": false,
        "num_floors": null,
        "num_floors_underground": null,
        "min_floor": null,
        "subtype": null,
        "class": null,
        "facade_color": null,
        "facade_material": null,
        "roof_material": null,
        "roof_shape": null,
        "roof_direction": null,
        "roof_orientation": null,
        "roof_color": null,
        "roof_height": null,
        "has_parts": false,
        "version": 2,
        "bbox": {
          "xmin": 77.60232543945312,
          "xmax": 77.60244750976562,
          "ymin": 12.973402976989746,
          "ymax": 12.97353458404541
        }
      },
      "geometry": {
        "type": "Polygon",
        "coordinates": [
          [
            [
              77.6024415,
              12.9735307
            ],
            [
              77.6023313,
              12.9735344
            ],
            [
              77.6023268,
              12.9734082
            ],
            [
              77.602437,
              12.9734045
            ],
            [
              77.6024415,
              12.9735307
            ]
          ]
        ]
      }
    },
    {
      "type": "Feature",
      "id": "6084efc5-293a-4aa7-892a-1953972b7bd8",
      "properties": {
        "id": "6084efc5-293a-4aa7-892a-1953972b7bd8",
        "names": null,
        "sources": [
          {
            "property": "",
            "dataset": "Google Open Buildings",
            "license": null,
            "record_id": "7J4VXJF2+CW35",
            "update_time": "2023-05-01T00:00:00.000Z",
            "confidence": 0.7115,
            "between": null,
            "provider": "google",
            "resource": "open_buildings",
            "version": "2024-04-16"
          }
        ],
        "level": null,
        "height": null,
        "min_height": null,
        "is_underground": false,
        "num_floors": null,
        "num_floors_underground": null,
        "min_floor": null,
        "subtype": null,
        "class": null,
        "facade_color": null,
        "facade_material": null,
        "roof_material": null,
        "roof_shape": null,
        "roof_direction": null,
        "roof_orientation": null,
        "roof_color": null,
        "roof_height": null,
        "has_parts": false,
        "version": 1,
        "bbox": {
          "xmin": 77.60228729248047,
          "xmax": 77.60233306884766,
          "ymin": 12.973478317260742,
          "ymax": 12.973525047302246
        }
      },
      "geometry": {
        "type": "Polygon",
        "coordinates": [
          [
            [
              77.6023211,
              12.9734801
            ],
            [
              77.6023302,
              12.973517
            ],
            [
              77.6023021,
              12.9735236
            ],
            [
              77.602293,
              12.9734868
            ],
            [
              77.6023211,
              12.9734801
            ]
          ]
        ]
      }
    },
    {
      "type": "Feature",
      "id": "0bfad99d-ef57-419e-8a0b-8edad743a0f3",
      "properties": {
        "id": "0bfad99d-ef57-419e-8a0b-8edad743a0f3",
        "names": null,
        "sources": [
          {
            "property": "",
            "dataset": "OpenStreetMap",
            "license": "ODbL-1.0",
            "record_id": "w1297594209@2",
            "update_time": "2026-07-11T11:40:13.000Z",
            "confidence": null,
            "between": null,
            "provider": "osm",
            "resource": "planet",
            "version": "2026-09-06T00:00:00.000Z"
          }
        ],
        "level": null,
        "height": null,
        "min_height": null,
        "is_underground": false,
        "num_floors": null,
        "num_floors_underground": null,
        "min_floor": null,
        "subtype": null,
        "class": null,
        "facade_color": null,
        "facade_material": null,
        "roof_material": null,
        "roof_shape": null,
        "roof_direction": null,
        "roof_orientation": null,
        "roof_color": null,
        "roof_height": null,
        "has_parts": false,
        "version": 2,
        "bbox": {
          "xmin": 77.60215759277344,
          "xmax": 77.60246276855469,
          "ymin": 12.973603248596191,
          "ymax": 12.97376823425293
        }
      },
      "geometry": {
        "type": "Polygon",
        "coordinates": [
          [
            [
              77.60246,
              12.9737481
            ],
            [
              77.602173,
              12.9737665
            ],
            [
              77.6021634,
              12.9736235
            ],
            [
              77.6024504,
              12.9736051
            ],
            [
              77.60246,
              12.9737481
            ]
          ]
        ]
      }
    },
    {
      "type": "Feature",
      "id": "18852c01-3548-4e29-ab62-e3fb7f3cf7bc",
      "properties": {
        "id": "18852c01-3548-4e29-ab62-e3fb7f3cf7bc",
        "names": null,
        "sources": [
          {
            "property": "",
            "dataset": "OpenStreetMap",
            "license": "ODbL-1.0",
            "record_id": "w1188468892@2",
            "update_time": "2026-07-11T11:40:13.000Z",
            "confidence": null,
            "between": null,
            "provider": "osm",
            "resource": "planet",
            "version": "2026-09-06T00:00:00.000Z"
          }
        ],
        "level": null,
        "height": null,
        "min_height": null,
        "is_underground": false,
        "num_floors": null,
        "num_floors_underground": null,
        "min_floor": null,
        "subtype": null,
        "class": null,
        "facade_color": null,
        "facade_material": null,
        "roof_material": null,
        "roof_shape": null,
        "roof_direction": null,
        "roof_orientation": null,
        "roof_color": null,
        "roof_height": null,
        "has_parts": false,
        "version": 2,
        "bbox": {
          "xmin": 77.60216522216797,
          "xmax": 77.60245513916016,
          "ymin": 12.973755836486816,
          "ymax": 12.973875999450684
        }
      },
      "geometry": {
        "type": "Polygon",
        "coordinates": [
          [
            [
              77.6024486,
              12.9738584
            ],
            [
              77.6021795,
              12.9738757
            ],
            [
              77.6021726,
              12.9737734
            ],
            [
              77.6024418,
              12.9737562
            ],
            [
              77.6024486,
              12.9738584
            ]
          ]
        ]
      }
    },
    {
      "type": "Feature",
      "id": "122d20ee-0b63-4588-8c56-971629e10fa4",
      "properties": {
        "id": "122d20ee-0b63-4588-8c56-971629e10fa4",
        "names": null,
        "sources": [
          {
            "property": "",
            "dataset": "OpenStreetMap",
            "license": "ODbL-1.0",
            "record_id": "w1207728415@2",
            "update_time": "2026-07-11T11:40:13.000Z",
            "confidence": null,
            "between": null,
            "provider": "osm",
            "resource": "planet",
            "version": "2026-09-06T00:00:00.000Z"
          }
        ],
        "level": null,
        "height": null,
        "min_height": null,
        "is_underground": false,
        "num_floors": null,
        "num_floors_underground": null,
        "min_floor": null,
        "subtype": null,
        "class": null,
        "facade_color": null,
        "facade_material": null,
        "roof_material": null,
        "roof_shape": null,
        "roof_direction": null,
        "roof_orientation": null,
        "roof_color": null,
        "roof_height": null,
        "has_parts": false,
        "version": 2,
        "bbox": {
          "xmin": 77.60248565673828,
          "xmax": 77.60260772705078,
          "ymin": 12.973819732666016,
          "ymax": 12.974024772644043
        }
      },
      "geometry": {
        "type": "Polygon",
        "coordinates": [
          [
            [
              77.602499,
              12.9738814
            ],
            [
              77.6025089,
              12.9738212
            ],
            [
              77.6025626,
              12.9738295
            ],
            [
              77.602561,
              12.9738393
            ],
            [
              77.6026004,
              12.9738455
            ],
            [
              77.6025793,
              12.9739744
            ],
            [
              77.6025981,
              12.9739773
            ],
            [
              77.6025903,
              12.9740247
            ],
            [
              77.6024928,
              12.9740095
            ],
            [
              77.6025134,
              12.9738836
            ],
            [
              77.602499,
              12.9738814
            ]
          ]
        ]
      }
    },
    {
      "type": "Feature",
      "id": "b7dc56c0-33bc-4a2f-9779-1bfacc8aa8dd",
      "properties": {
        "id": "b7dc56c0-33bc-4a2f-9779-1bfacc8aa8dd",
        "names": null,
        "sources": [
          {
            "property": "",
            "dataset": "OpenStreetMap",
            "license": "ODbL-1.0",
            "record_id": "w1188468889@2",
            "update_time": "2026-07-11T11:40:13.000Z",
            "confidence": null,
            "between": null,
            "provider": "osm",
            "resource": "planet",
            "version": "2026-09-06T00:00:00.000Z"
          }
        ],
        "level": null,
        "height": null,
        "min_height": null,
        "is_underground": false,
        "num_floors": null,
        "num_floors_underground": null,
        "min_floor": null,
        "subtype": null,
        "class": null,
        "facade_color": null,
        "facade_material": null,
        "roof_material": null,
        "roof_shape": null,
        "roof_direction": null,
        "roof_orientation": null,
        "roof_color": null,
        "roof_height": null,
        "has_parts": false,
        "version": 2,
        "bbox": {
          "xmin": 77.60231018066406,
          "xmax": 77.6024398803711,
          "ymin": 12.973950386047363,
          "ymax": 12.974120140075684
        }
      },
      "geometry": {
        "type": "Polygon",
        "coordinates": [
          [
            [
              77.6024389,
              12.974114
            ],
            [
              77.602319,
              12.9741187
            ],
            [
              77.6023123,
              12.9739567
            ],
            [
              77.6024322,
              12.973952
            ],
            [
              77.6024389,
              12.974114
            ]
          ]
        ]
      }
    },
    {
      "type": "Feature",
      "id": "b372a407-97ba-47a1-b1a6-2cbb5eaac4ea",
      "properties": {
        "id": "b372a407-97ba-47a1-b1a6-2cbb5eaac4ea",
        "names": null,
        "sources": [
          {
            "property": "",
            "dataset": "Microsoft ML Buildings",
            "license": "ODbL-1.0",
            "record_id": null,
            "update_time": null,
            "confidence": null,
            "between": null,
            "provider": "microsoft",
            "resource": "ml_buildings",
            "version": "2026-08-11"
          }
        ],
        "level": null,
        "height": null,
        "min_height": null,
        "is_underground": false,
        "num_floors": null,
        "num_floors_underground": null,
        "min_floor": null,
        "subtype": null,
        "class": null,
        "facade_color": null,
        "facade_material": null,
        "roof_material": null,
        "roof_shape": null,
        "roof_direction": null,
        "roof_orientation": null,
        "roof_color": null,
        "roof_height": null,
        "has_parts": false,
        "version": 4,
        "bbox": {
          "xmin": 77.6026382446289,
          "xmax": 77.60272216796875,
          "ymin": 12.974260330200195,
          "ymax": 12.9743070602417
        }
      },
      "geometry": {
        "type": "Polygon",
        "coordinates": [
          [
            [
              77.6027102,
              12.9743066
            ],
            [
              77.6026419,
              12.9742968
            ],
            [
              77.6026471,
              12.9742622
            ],
            [
              77.6027154,
              12.974272
            ],
            [
              77.6027102,
              12.9743066
            ]
          ]
        ]
      }
    },
    {
      "type": "Feature",
      "id": "babb68bd-9e57-490d-a05b-ae36442ba494",
      "properties": {
        "id": "babb68bd-9e57-490d-a05b-ae36442ba494",
        "names": {
          "primary": "ChildFund",
          "common": null,
          "rules": null
        },
        "sources": [
          {
            "property": "",
            "dataset": "OpenStreetMap",
            "license": "ODbL-1.0",
            "record_id": "w350558591@3",
            "update_time": "2026-07-11T11:40:13.000Z",
            "confidence": null,
            "between": null,
            "provider": "osm",
            "resource": "planet",
            "version": "2026-09-06T00:00:00.000Z"
          }
        ],
        "level": null,
        "height": null,
        "min_height": null,
        "is_underground": false,
        "num_floors": 3,
        "num_floors_underground": null,
        "min_floor": null,
        "subtype": null,
        "class": null,
        "facade_color": null,
        "facade_material": null,
        "roof_material": null,
        "roof_shape": null,
        "roof_direction": null,
        "roof_orientation": null,
        "roof_color": null,
        "roof_height": null,
        "has_parts": false,
        "version": 2,
        "bbox": {
          "xmin": 77.60254669189453,
          "xmax": 77.60284423828125,
          "ymin": 12.974120140075684,
          "ymax": 12.974271774291992
        }
      },
      "geometry": {
        "type": "Polygon",
        "coordinates": [
          [
            [
              77.6028322,
              12.9741408
            ],
            [
              77.6028222,
              12.9742703
            ],
            [
              77.6025473,
              12.97425
            ],
            [
              77.6025574,
              12.9741205
            ],
            [
              77.6028322,
              12.9741408
            ]
          ]
        ]
      }
    },
    {
      "type": "Feature",
      "id": "fcb5ee3d-f2bc-40a7-99d2-b39bca09a39b",
      "properties": {
        "id": "fcb5ee3d-f2bc-40a7-99d2-b39bca09a39b",
        "names": null,
        "sources": [
          {
            "property": "",
            "dataset": "Microsoft ML Buildings",
            "license": "ODbL-1.0",
            "record_id": null,
            "update_time": null,
            "confidence": null,
            "between": null,
            "provider": "microsoft",
            "resource": "ml_buildings",
            "version": "2026-08-11"
          }
        ],
        "level": null,
        "height": null,
        "min_height": null,
        "is_underground": false,
        "num_floors": null,
        "num_floors_underground": null,
        "min_floor": null,
        "subtype": null,
        "class": null,
        "facade_color": null,
        "facade_material": null,
        "roof_material": null,
        "roof_shape": null,
        "roof_direction": null,
        "roof_orientation": null,
        "roof_color": null,
        "roof_height": null,
        "has_parts": false,
        "version": 4,
        "bbox": {
          "xmin": 77.60247039794922,
          "xmax": 77.60258483886719,
          "ymin": 12.974783897399902,
          "ymax": 12.974821090698242
        }
      },
      "geometry": {
        "type": "Polygon",
        "coordinates": [
          [
            [
              77.6024837,
              12.9747855
            ],
            [
              77.6025791,
              12.9747867
            ],
            [
              77.6025787,
              12.9748193
            ],
            [
              77.6024833,
              12.9748181
            ],
            [
              77.6024837,
              12.9747855
            ]
          ]
        ]
      }
    },
    {
      "type": "Feature",
      "id": "dde911a0-8b88-4378-a033-e3ea037269f4",
      "properties": {
        "id": "dde911a0-8b88-4378-a033-e3ea037269f4",
        "names": null,
        "sources": [
          {
            "property": "",
            "dataset": "Google Open Buildings",
            "license": null,
            "record_id": "7J4VXJF3+W2W7",
            "update_time": "2023-05-01T00:00:00.000Z",
            "confidence": 0.7232,
            "between": null,
            "provider": "google",
            "resource": "open_buildings",
            "version": "2024-04-16"
          }
        ],
        "level": null,
        "height": null,
        "min_height": null,
        "is_underground": false,
        "num_floors": null,
        "num_floors_underground": null,
        "min_floor": null,
        "subtype": null,
        "class": null,
        "facade_color": null,
        "facade_material": null,
        "roof_material": null,
        "roof_shape": null,
        "roof_direction": null,
        "roof_orientation": null,
        "roof_color": null,
        "roof_height": null,
        "has_parts": false,
        "version": 1,
        "bbox": {
          "xmin": 77.60250091552734,
          "xmax": 77.60264587402344,
          "ymin": 12.974834442138672,
          "ymax": 12.974899291992188
        }
      },
      "geometry": {
        "type": "Polygon",
        "coordinates": [
          [
            [
              77.6025079,
              12.9748363
            ],
            [
              77.6026343,
              12.9748387
            ],
            [
              77.6026331,
              12.9748976
            ],
            [
              77.6026,
              12.9748969
            ],
            [
              77.6026005,
              12.9748723
            ],
            [
              77.6025072,
              12.9748706
            ],
            [
              77.6025079,
              12.9748363
            ]
          ]
        ]
      }
    },
    {
      "type": "Feature",
      "id": "77cf54b2-613c-4cae-9441-481d40f4536d",
      "properties": {
        "id": "77cf54b2-613c-4cae-9441-481d40f4536d",
        "names": null,
        "sources": [
          {
            "property": "",
            "dataset": "Microsoft ML Buildings",
            "license": "ODbL-1.0",
            "record_id": null,
            "update_time": null,
            "confidence": null,
            "between": null,
            "provider": "microsoft",
            "resource": "ml_buildings",
            "version": "2026-08-11"
          }
        ],
        "level": null,
        "height": null,
        "min_height": null,
        "is_underground": false,
        "num_floors": null,
        "num_floors_underground": null,
        "min_floor": null,
        "subtype": null,
        "class": null,
        "facade_color": null,
        "facade_material": null,
        "roof_material": null,
        "roof_shape": null,
        "roof_direction": null,
        "roof_orientation": null,
        "roof_color": null,
        "roof_height": null,
        "has_parts": false,
        "version": 4,
        "bbox": {
          "xmin": 77.602294921875,
          "xmax": 77.60235595703125,
          "ymin": 12.974776268005371,
          "ymax": 12.9749116897583
        }
      },
      "geometry": {
        "type": "Polygon",
        "coordinates": [
          [
            [
              77.6023016,
              12.9747778
            ],
            [
              77.6023498,
              12.9747797
            ],
            [
              77.6023443,
              12.9749115
            ],
            [
              77.6022961,
              12.9749096
            ],
            [
              77.6023016,
              12.9747778
            ]
          ]
        ]
      }
    },
    {
      "type": "Feature",
      "id": "9e597420-ab4d-4df1-a90c-2383e24be8d0",
      "properties": {
        "id": "9e597420-ab4d-4df1-a90c-2383e24be8d0",
        "names": null,
        "sources": [
          {
            "property": "",
            "dataset": "OpenStreetMap",
            "license": "ODbL-1.0",
            "record_id": "w325781830@4",
            "update_time": "2026-01-02T08:48:19.000Z",
            "confidence": null,
            "between": null,
            "provider": "osm",
            "resource": "planet",
            "version": "2026-09-06T00:00:00.000Z"
          }
        ],
        "level": null,
        "height": null,
        "min_height": null,
        "is_underground": false,
        "num_floors": 2,
        "num_floors_underground": null,
        "min_floor": null,
        "subtype": "residential",
        "class": "house",
        "facade_color": null,
        "facade_material": null,
        "roof_material": null,
        "roof_shape": null,
        "roof_direction": null,
        "roof_orientation": null,
        "roof_color": null,
        "roof_height": null,
        "has_parts": false,
        "version": 2,
        "bbox": {
          "xmin": 77.60292053222656,
          "xmax": 77.6031494140625,
          "ymin": 12.9747896194458,
          "ymax": 12.974947929382324
        }
      },
      "geometry": {
        "type": "Polygon",
        "coordinates": [
          [
            [
              77.6031408,
              12.9747915
            ],
            [
              77.6031438,
              12.9749451
            ],
            [
              77.6030919,
              12.9749461
            ],
            [
              77.6030918,
              12.9749396
            ],
            [
              77.6030557,
              12.9749402
            ],
            [
              77.6030551,
              12.9749106
            ],
            [
              77.6030194,
              12.9749112
            ],
            [
              77.60302,
              12.9749412
            ],
            [
              77.6029268,
              12.974943
            ],
            [
              77.602924,
              12.9748037
            ],
            [
              77.6030073,
              12.9748021
            ],
            [
              77.6030082,
              12.9748451
            ],
            [
              77.603019,
              12.9748343
            ],
            [
              77.6030499,
              12.9748337
            ],
            [
              77.6030591,
              12.9748417
            ],
            [
              77.6030583,
              12.9748015
            ],
            [
              77.6030878,
              12.9748009
            ],
            [
              77.6030876,
              12.9747925
            ],
            [
              77.6031408,
              12.9747915
            ]
          ]
        ]
      }
    },
    {
      "type": "Feature",
      "id": "f4dc3915-2d0e-480f-80a1-607f5150ad72",
      "properties": {
        "id": "f4dc3915-2d0e-480f-80a1-607f5150ad72",
        "names": null,
        "sources": [
          {
            "property": "",
            "dataset": "OpenStreetMap",
            "license": "ODbL-1.0",
            "record_id": "w287428585@5",
            "update_time": "2026-08-18T13:20:50.000Z",
            "confidence": null,
            "between": null,
            "provider": "osm",
            "resource": "planet",
            "version": "2026-09-06T00:00:00.000Z"
          }
        ],
        "level": null,
        "height": null,
        "min_height": null,
        "is_underground": false,
        "num_floors": null,
        "num_floors_underground": null,
        "min_floor": null,
        "subtype": null,
        "class": null,
        "facade_color": null,
        "facade_material": null,
        "roof_material": null,
        "roof_shape": null,
        "roof_direction": null,
        "roof_orientation": null,
        "roof_color": null,
        "roof_height": null,
        "has_parts": false,
        "version": 3,
        "bbox": {
          "xmin": 77.60317993164062,
          "xmax": 77.60336303710938,
          "ymin": 12.974746704101562,
          "ymax": 12.974903106689453
        }
      },
      "geometry": {
        "type": "Polygon",
        "coordinates": [
          [
            [
              77.6033422,
              12.9747486
            ],
            [
              77.6033503,
              12.9748932
            ],
            [
              77.6032007,
              12.9749012
            ],
            [
              77.6031926,
              12.9747566
            ],
            [
              77.6033422,
              12.9747486
            ]
          ]
        ]
      }
    },
    {
      "type": "Feature",
      "id": "66af6b12-aa64-4ea7-9ddd-10c946a7500d",
      "properties": {
        "id": "66af6b12-aa64-4ea7-9ddd-10c946a7500d",
        "names": {
          "primary": "High Gates",
          "common": null,
          "rules": null
        },
        "sources": [
          {
            "property": "",
            "dataset": "OpenStreetMap",
            "license": "ODbL-1.0",
            "record_id": "w327553604@4",
            "update_time": "2025-03-24T10:42:22.000Z",
            "confidence": null,
            "between": null,
            "provider": "osm",
            "resource": "planet",
            "version": "2026-09-06T00:00:00.000Z"
          }
        ],
        "level": null,
        "height": null,
        "min_height": null,
        "is_underground": false,
        "num_floors": 5,
        "num_floors_underground": null,
        "min_floor": null,
        "subtype": null,
        "class": null,
        "facade_color": null,
        "facade_material": null,
        "roof_material": null,
        "roof_shape": null,
        "roof_direction": null,
        "roof_orientation": null,
        "roof_color": null,
        "roof_height": null,
        "has_parts": false,
        "version": 1,
        "bbox": {
          "xmin": 77.60303497314453,
          "xmax": 77.60334014892578,
          "ymin": 12.974952697753906,
          "ymax": 12.975116729736328
        }
      },
      "geometry": {
        "type": "Polygon",
        "coordinates": [
          [
            [
              77.6030367,
              12.9750206
            ],
            [
              77.603301,
              12.9749544
            ],
            [
              77.603338,
              12.9750947
            ],
            [
              77.6032573,
              12.9751149
            ],
            [
              77.6032451,
              12.9750688
            ],
            [
              77.6030615,
              12.9751147
            ],
            [
              77.6030367,
              12.9750206
            ]
          ]
        ]
      }
    },
    {
      "type": "Feature",
      "id": "0a74cd2d-8a79-4db3-8358-4a9d08f8173f",
      "properties": {
        "id": "0a74cd2d-8a79-4db3-8358-4a9d08f8173f",
        "names": null,
        "sources": [
          {
            "property": "",
            "dataset": "OpenStreetMap",
            "license": "ODbL-1.0",
            "record_id": "w327553598@1",
            "update_time": "2015-02-11T09:56:26.000Z",
            "confidence": null,
            "between": null,
            "provider": "osm",
            "resource": "planet",
            "version": "2026-09-06T00:00:00.000Z"
          }
        ],
        "level": null,
        "height": null,
        "min_height": null,
        "is_underground": false,
        "num_floors": null,
        "num_floors_underground": null,
        "min_floor": null,
        "subtype": null,
        "class": null,
        "facade_color": null,
        "facade_material": null,
        "roof_material": null,
        "roof_shape": null,
        "roof_direction": null,
        "roof_orientation": null,
        "roof_color": null,
        "roof_height": null,
        "has_parts": false,
        "version": 1,
        "bbox": {
          "xmin": 77.60330963134766,
          "xmax": 77.60342407226562,
          "ymin": 12.974910736083984,
          "ymax": 12.97502613067627
        }
      },
      "geometry": {
        "type": "Polygon",
        "coordinates": [
          [
            [
              77.6033376,
              12.9750243
            ],
            [
              77.6033157,
              12.9749266
            ],
            [
              77.6033902,
              12.9749108
            ],
            [
              77.603412,
              12.9750085
            ],
            [
              77.6033376,
              12.9750243
            ]
          ]
        ]
      }
    },
    {
      "type": "Feature",
      "id": "b910975a-cde5-46de-b1b5-0e52458d1444",
      "properties": {
        "id": "b910975a-cde5-46de-b1b5-0e52458d1444",
        "names": null,
        "sources": [
          {
            "property": "",
            "dataset": "Google Open Buildings",
            "license": null,
            "record_id": "7J4VXJG3+38PC",
            "update_time": "2023-05-01T00:00:00.000Z",
            "confidence": 0.8011,
            "between": null,
            "provider": "google",
            "resource": "open_buildings",
            "version": "2024-04-16"
          }
        ],
        "level": null,
        "height": null,
        "min_height": null,
        "is_underground": false,
        "num_floors": null,
        "num_floors_underground": null,
        "min_floor": null,
        "subtype": null,
        "class": null,
        "facade_color": null,
        "facade_material": null,
        "roof_material": null,
        "roof_shape": null,
        "roof_direction": null,
        "roof_orientation": null,
        "roof_color": null,
        "roof_height": null,
        "has_parts": false,
        "version": 1,
        "bbox": {
          "xmin": 77.60327911376953,
          "xmax": 77.60335540771484,
          "ymin": 12.975162506103516,
          "ymax": 12.97525691986084
        }
      },
      "geometry": {
        "type": "Polygon",
        "coordinates": [
          [
            [
              77.6033443,
              12.9751643
            ],
            [
              77.6033543,
              12.9752498
            ],
            [
              77.6032917,
              12.9752568
            ],
            [
              77.6032817,
              12.9751713
            ],
            [
              77.6033443,
              12.9751643
            ]
          ]
        ]
      }
    },
    {
      "type": "Feature",
      "id": "477b8ee4-52db-4cc4-80a5-0403d446dd8a",
      "properties": {
        "id": "477b8ee4-52db-4cc4-80a5-0403d446dd8a",
        "names": null,
        "sources": [
          {
            "property": "",
            "dataset": "OpenStreetMap",
            "license": "ODbL-1.0",
            "record_id": "w327553589@3",
            "update_time": "2025-09-06T15:45:58.000Z",
            "confidence": null,
            "between": null,
            "provider": "osm",
            "resource": "planet",
            "version": "2026-09-06T00:00:00.000Z"
          }
        ],
        "level": null,
        "height": null,
        "min_height": null,
        "is_underground": false,
        "num_floors": 1,
        "num_floors_underground": null,
        "min_floor": null,
        "subtype": "commercial",
        "class": "commercial",
        "facade_color": null,
        "facade_material": null,
        "roof_material": null,
        "roof_shape": null,
        "roof_direction": null,
        "roof_orientation": null,
        "roof_color": null,
        "roof_height": null,
        "has_parts": false,
        "version": 1,
        "bbox": {
          "xmin": 77.6031494140625,
          "xmax": 77.603271484375,
          "ymin": 12.975105285644531,
          "ymax": 12.975330352783203
        }
      },
      "geometry": {
        "type": "Polygon",
        "coordinates": [
          [
            [
              77.6031553,
              12.9751195
            ],
            [
              77.6032168,
              12.9751053
            ],
            [
              77.6032681,
              12.9753157
            ],
            [
              77.6032066,
              12.9753299
            ],
            [
              77.6031553,
              12.9751195
            ]
          ]
        ]
      }
    },
    {
      "type": "Feature",
      "id": "529bd274-7a26-46fc-8e5c-2b3851758370",
      "properties": {
        "id": "529bd274-7a26-46fc-8e5c-2b3851758370",
        "names": null,
        "sources": [
          {
            "property": "",
            "dataset": "OpenStreetMap",
            "license": "ODbL-1.0",
            "record_id": "w325781807@4",
            "update_time": "2026-01-02T08:48:19.000Z",
            "confidence": null,
            "between": null,
            "provider": "osm",
            "resource": "planet",
            "version": "2026-09-06T00:00:00.000Z"
          }
        ],
        "level": null,
        "height": null,
        "min_height": null,
        "is_underground": false,
        "num_floors": 4,
        "num_floors_underground": null,
        "min_floor": null,
        "subtype": "commercial",
        "class": "commercial",
        "facade_color": null,
        "facade_material": null,
        "roof_material": null,
        "roof_shape": null,
        "roof_direction": null,
        "roof_orientation": null,
        "roof_color": null,
        "roof_height": null,
        "has_parts": false,
        "version": 3,
        "bbox": {
          "xmin": 77.6027603149414,
          "xmax": 77.6030502319336,
          "ymin": 12.975004196166992,
          "ymax": 12.975234031677246
        }
      },
      "geometry": {
        "type": "Polygon",
        "coordinates": [
          [
            [
              77.6029978,
              12.9750057
            ],
            [
              77.603043,
              12.9752205
            ],
            [
              77.6029801,
              12.9752315
            ],
            [
              77.6029761,
              12.9752139
            ],
            [
              77.6028717,
              12.9752326
            ],
            [
              77.6028034,
              12.9752167
            ],
            [
              77.6027618,
              12.9752071
            ],
            [
              77.6028053,
              12.9750457
            ],
            [
              77.602836,
              12.9750424
            ],
            [
              77.60285,
              12.975041
            ],
            [
              77.6028507,
              12.975029
            ],
            [
              77.6029978,
              12.9750057
            ]
          ]
        ]
      }
    },
    {
      "type": "Feature",
      "id": "6cb32b04-ea4b-430e-858d-aa08b0c4a66c",
      "properties": {
        "id": "6cb32b04-ea4b-430e-858d-aa08b0c4a66c",
        "names": null,
        "sources": [
          {
            "property": "",
            "dataset": "OpenStreetMap",
            "license": "ODbL-1.0",
            "record_id": "w325781823@5",
            "update_time": "2026-01-03T04:44:12.000Z",
            "confidence": null,
            "between": null,
            "provider": "osm",
            "resource": "planet",
            "version": "2026-09-06T00:00:00.000Z"
          }
        ],
        "level": null,
        "height": null,
        "min_height": null,
        "is_underground": false,
        "num_floors": 3,
        "num_floors_underground": null,
        "min_floor": null,
        "subtype": "commercial",
        "class": "commercial",
        "facade_color": null,
        "facade_material": null,
        "roof_material": null,
        "roof_shape": null,
        "roof_direction": null,
        "roof_orientation": null,
        "roof_color": null,
        "roof_height": null,
        "has_parts": false,
        "version": 2,
        "bbox": {
          "xmin": 77.60274505615234,
          "xmax": 77.60305786132812,
          "ymin": 12.975236892700195,
          "ymax": 12.975433349609375
        }
      },
      "geometry": {
        "type": "Polygon",
        "coordinates": [
          [
            [
              77.6027464,
              12.9754001
            ],
            [
              77.6027709,
              12.9752969
            ],
            [
              77.6030237,
              12.9752387
            ],
            [
              77.6030503,
              12.9753687
            ],
            [
              77.6027816,
              12.9754318
            ],
            [
              77.6027696,
              12.9754303
            ],
            [
              77.6027595,
              12.975423
            ],
            [
              77.6027513,
              12.9754125
            ],
            [
              77.6027464,
              12.9754001
            ]
          ]
        ]
      }
    },
    {
      "type": "Feature",
      "id": "1450431a-7075-4e28-ab3e-616c748a3e79",
      "properties": {
        "id": "1450431a-7075-4e28-ab3e-616c748a3e79",
        "names": null,
        "sources": [
          {
            "property": "",
            "dataset": "Google Open Buildings",
            "license": null,
            "record_id": "7J4VXJG3+47C8",
            "update_time": "2023-05-01T00:00:00.000Z",
            "confidence": 0.7513,
            "between": null,
            "provider": "google",
            "resource": "open_buildings",
            "version": "2024-04-16"
          }
        ],
        "level": null,
        "height": null,
        "min_height": null,
        "is_underground": false,
        "num_floors": null,
        "num_floors_underground": null,
        "min_floor": null,
        "subtype": null,
        "class": null,
        "facade_color": null,
        "facade_material": null,
        "roof_material": null,
        "roof_shape": null,
        "roof_direction": null,
        "roof_orientation": null,
        "roof_color": null,
        "roof_height": null,
        "has_parts": false,
        "version": 1,
        "bbox": {
          "xmin": 77.60307312011719,
          "xmax": 77.60321807861328,
          "ymin": 12.975242614746094,
          "ymax": 12.975380897521973
        }
      },
      "geometry": {
        "type": "Polygon",
        "coordinates": [
          [
            [
              77.6030734,
              12.9752665
            ],
            [
              77.6031772,
              12.9752428
            ],
            [
              77.6032065,
              12.975366
            ],
            [
              77.6031479,
              12.9753793
            ],
            [
              77.6031391,
              12.9753423
            ],
            [
              77.6030939,
              12.9753527
            ],
            [
              77.6030734,
              12.9752665
            ]
          ]
        ]
      }
    },
    {
      "type": "Feature",
      "id": "b03ee509-df0c-4e52-9168-e037647fea85",
      "properties": {
        "id": "b03ee509-df0c-4e52-9168-e037647fea85",
        "names": null,
        "sources": [
          {
            "property": "",
            "dataset": "Google Open Buildings",
            "license": null,
            "record_id": "7J4VXJG3+484X",
            "update_time": "2023-05-01T00:00:00.000Z",
            "confidence": 0.6662,
            "between": null,
            "provider": "google",
            "resource": "open_buildings",
            "version": "2024-04-16"
          }
        ],
        "level": null,
        "height": null,
        "min_height": null,
        "is_underground": false,
        "num_floors": null,
        "num_floors_underground": null,
        "min_floor": null,
        "subtype": null,
        "class": null,
        "facade_color": null,
        "facade_material": null,
        "roof_material": null,
        "roof_shape": null,
        "roof_direction": null,
        "roof_orientation": null,
        "roof_color": null,
        "roof_height": null,
        "has_parts": false,
        "version": 1,
        "bbox": {
          "xmin": 77.60332489013672,
          "xmax": 77.60336303710938,
          "ymin": 12.975248336791992,
          "ymax": 12.975296020507812
        }
      },
      "geometry": {
        "type": "Polygon",
        "coordinates": [
          [
            [
              77.6033543,
              12.9752498
            ],
            [
              77.6033594,
              12.9752927
            ],
            [
              77.603331,
              12.9752959
            ],
            [
              77.603326,
              12.975253
            ],
            [
              77.6033543,
              12.9752498
            ]
          ]
        ]
      }
    },
    {
      "type": "Feature",
      "id": "5f245849-14c6-4e0d-8fdd-e9d2ddd6bf03",
      "properties": {
        "id": "5f245849-14c6-4e0d-8fdd-e9d2ddd6bf03",
        "names": {
          "primary": "Triumph Towers",
          "common": null,
          "rules": null
        },
        "sources": [
          {
            "property": "",
            "dataset": "OpenStreetMap",
            "license": "ODbL-1.0",
            "record_id": "w320711090@4",
            "update_time": "2026-01-03T04:44:12.000Z",
            "confidence": null,
            "between": null,
            "provider": "osm",
            "resource": "planet",
            "version": "2026-09-06T00:00:00.000Z"
          }
        ],
        "level": null,
        "height": null,
        "min_height": null,
        "is_underground": false,
        "num_floors": 8,
        "num_floors_underground": null,
        "min_floor": null,
        "subtype": "commercial",
        "class": "commercial",
        "facade_color": null,
        "facade_material": null,
        "roof_material": null,
        "roof_shape": null,
        "roof_direction": null,
        "roof_orientation": null,
        "roof_color": null,
        "roof_height": null,
        "has_parts": false,
        "version": 2,
        "bbox": {
          "xmin": 77.60301208496094,
          "xmax": 77.60338592529297,
          "ymin": 12.975481033325195,
          "ymax": 12.975889205932617
        }
      },
      "geometry": {
        "type": "Polygon",
        "coordinates": [
          [
            [
              77.6033836,
              12.9758194
            ],
            [
              77.603054,
              12.9758892
            ],
            [
              77.6030191,
              12.9756927
            ],
            [
              77.6030827,
              12.9756804
            ],
            [
              77.6031423,
              12.9756547
            ],
            [
              77.6031137,
              12.975538
            ],
            [
              77.603324,
              12.9754828
            ],
            [
              77.6033836,
              12.9758194
            ]
          ]
        ]
      }
    },
    {
      "type": "Feature",
      "id": "09c5da9d-d3e6-4ab9-8063-f3ac9b3ce623",
      "properties": {
        "id": "09c5da9d-d3e6-4ab9-8063-f3ac9b3ce623",
        "names": {
          "primary": "Prestige Eureka",
          "common": null,
          "rules": null
        },
        "sources": [
          {
            "property": "",
            "dataset": "OpenStreetMap",
            "license": "ODbL-1.0",
            "record_id": "w350558593@3",
            "update_time": "2026-08-18T13:20:50.000Z",
            "confidence": null,
            "between": null,
            "provider": "osm",
            "resource": "planet",
            "version": "2026-09-06T00:00:00.000Z"
          }
        ],
        "level": null,
        "height": null,
        "min_height": null,
        "is_underground": false,
        "num_floors": 5,
        "num_floors_underground": null,
        "min_floor": null,
        "subtype": "commercial",
        "class": "commercial",
        "facade_color": null,
        "facade_material": null,
        "roof_material": null,
        "roof_shape": null,
        "roof_direction": null,
        "roof_orientation": null,
        "roof_color": null,
        "roof_height": null,
        "has_parts": false,
        "version": 4,
        "bbox": {
          "xmin": 77.60295867919922,
          "xmax": 77.60310363769531,
          "ymin": 12.975525856018066,
          "ymax": 12.975674629211426
        }
      },
      "geometry": {
        "type": "Polygon",
        "coordinates": [
          [
            [
              77.6030818,
              12.9756233
            ],
            [
              77.6030899,
              12.9756518
            ],
            [
              77.6030056,
              12.9756745
            ],
            [
              77.602971,
              12.9755526
            ],
            [
              77.6030702,
              12.975526
            ],
            [
              77.6030966,
              12.9756194
            ],
            [
              77.6030818,
              12.9756233
            ]
          ]
        ]
      }
    },
    {
      "type": "Feature",
      "id": "85f57da8-53df-4ab1-9e8a-161caa26924c",
      "properties": {
        "id": "85f57da8-53df-4ab1-9e8a-161caa26924c",
        "names": {
          "primary": "Kalpak Arcade",
          "common": null,
          "rules": null
        },
        "sources": [
          {
            "property": "",
            "dataset": "OpenStreetMap",
            "license": "ODbL-1.0",
            "record_id": "w323814307@4",
            "update_time": "2026-08-18T13:20:50.000Z",
            "confidence": null,
            "between": null,
            "provider": "osm",
            "resource": "planet",
            "version": "2026-09-06T00:00:00.000Z"
          }
        ],
        "level": null,
        "height": null,
        "min_height": null,
        "is_underground": false,
        "num_floors": 5,
        "num_floors_underground": null,
        "min_floor": null,
        "subtype": "commercial",
        "class": "commercial",
        "facade_color": null,
        "facade_material": null,
        "roof_material": null,
        "roof_shape": null,
        "roof_direction": null,
        "roof_orientation": null,
        "roof_color": null,
        "roof_height": null,
        "has_parts": false,
        "version": 3,
        "bbox": {
          "xmin": 77.60279083251953,
          "xmax": 77.60297393798828,
          "ymin": 12.975581169128418,
          "ymax": 12.975757598876953
        }
      },
      "geometry": {
        "type": "Polygon",
        "coordinates": [
          [
            [
              77.6028035,
              12.9756052
            ],
            [
              77.6029399,
              12.9755827
            ],
            [
              77.602968,
              12.9757449
            ],
            [
              77.6029105,
              12.9757544
            ],
            [
              77.6029072,
              12.9757352
            ],
            [
              77.6028895,
              12.9757381
            ],
            [
              77.6028916,
              12.9757503
            ],
            [
              77.6028493,
              12.9757572
            ],
            [
              77.6028474,
              12.9757458
            ],
            [
              77.6028284,
              12.9757489
            ],
            [
              77.602819,
              12.9756944
            ],
            [
              77.6028325,
              12.9756921
            ],
            [
              77.6028301,
              12.9756778
            ],
            [
              77.6028165,
              12.97568
            ],
            [
              77.6028035,
              12.9756052
            ]
          ]
        ]
      }
    },
    {
      "type": "Feature",
      "id": "ec6b8a7f-fb8a-4db7-8e7d-ffc9a3219498",
      "properties": {
        "id": "ec6b8a7f-fb8a-4db7-8e7d-ffc9a3219498",
        "names": null,
        "sources": [
          {
            "property": "",
            "dataset": "OpenStreetMap",
            "license": "ODbL-1.0",
            "record_id": "w350558595@2",
            "update_time": "2026-08-18T13:20:50.000Z",
            "confidence": null,
            "between": null,
            "provider": "osm",
            "resource": "planet",
            "version": "2026-09-06T00:00:00.000Z"
          }
        ],
        "level": null,
        "height": null,
        "min_height": null,
        "is_underground": false,
        "num_floors": null,
        "num_floors_underground": null,
        "min_floor": null,
        "subtype": null,
        "class": null,
        "facade_color": null,
        "facade_material": null,
        "roof_material": null,
        "roof_shape": null,
        "roof_direction": null,
        "roof_orientation": null,
        "roof_color": null,
        "roof_height": null,
        "has_parts": false,
        "version": 2,
        "bbox": {
          "xmin": 77.60269927978516,
          "xmax": 77.60301208496094,
          "ymin": 12.97580623626709,
          "ymax": 12.975979804992676
        }
      },
      "geometry": {
        "type": "Polygon",
        "coordinates": [
          [
            [
              77.6027183,
              12.9759798
            ],
            [
              77.6027119,
              12.9758235
            ],
            [
              77.602991,
              12.9758064
            ],
            [
              77.6030098,
              12.9759198
            ],
            [
              77.6029151,
              12.9759235
            ],
            [
              77.6029165,
              12.9759566
            ],
            [
              77.6028371,
              12.9759597
            ],
            [
              77.6028378,
              12.9759751
            ],
            [
              77.6027183,
              12.9759798
            ]
          ]
        ]
      }
    },
    {
      "type": "Feature",
      "id": "cff71f88-6deb-4b2d-b386-9707cc4c8812",
      "properties": {
        "id": "cff71f88-6deb-4b2d-b386-9707cc4c8812",
        "names": {
          "primary": "Sai Complex",
          "common": null,
          "rules": null
        },
        "sources": [
          {
            "property": "",
            "dataset": "OpenStreetMap",
            "license": "ODbL-1.0",
            "record_id": "w372502404@3",
            "update_time": "2026-01-02T08:48:19.000Z",
            "confidence": null,
            "between": null,
            "provider": "osm",
            "resource": "planet",
            "version": "2026-09-06T00:00:00.000Z"
          }
        ],
        "level": null,
        "height": null,
        "min_height": null,
        "is_underground": false,
        "num_floors": null,
        "num_floors_underground": null,
        "min_floor": null,
        "subtype": "commercial",
        "class": "commercial",
        "facade_color": null,
        "facade_material": null,
        "roof_material": null,
        "roof_shape": null,
        "roof_direction": null,
        "roof_orientation": null,
        "roof_color": null,
        "roof_height": null,
        "has_parts": false,
        "version": 2,
        "bbox": {
          "xmin": 77.60259246826172,
          "xmax": 77.60269927978516,
          "ymin": 12.975800514221191,
          "ymax": 12.976000785827637
        }
      },
      "geometry": {
        "type": "Polygon",
        "coordinates": [
          [
            [
              77.602691,
              12.9760005
            ],
            [
              77.6025934,
              12.9759948
            ],
            [
              77.6025956,
              12.9759382
            ],
            [
              77.6026138,
              12.9758043
            ],
            [
              77.6026964,
              12.9758007
            ],
            [
              77.602691,
              12.9760005
            ]
          ]
        ]
      }
    },
    {
      "type": "Feature",
      "id": "381cd70f-32b6-4e70-a3a5-b58afab111fa",
      "properties": {
        "id": "381cd70f-32b6-4e70-a3a5-b58afab111fa",
        "names": {
          "primary": "Cobalt Building",
          "common": null,
          "rules": [
            {
              "variant": "official",
              "language": null,
              "perspectives": null,
              "value": "Chandrashekar Complex",
              "between": null,
              "side": null
            }
          ]
        },
        "sources": [
          {
            "property": "",
            "dataset": "OpenStreetMap",
            "license": "ODbL-1.0",
            "record_id": "w372502294@5",
            "update_time": "2026-08-18T13:20:50.000Z",
            "confidence": null,
            "between": null,
            "provider": "osm",
            "resource": "planet",
            "version": "2026-09-06T00:00:00.000Z"
          }
        ],
        "level": null,
        "height": null,
        "min_height": null,
        "is_underground": false,
        "num_floors": 7,
        "num_floors_underground": null,
        "min_floor": null,
        "subtype": "commercial",
        "class": "commercial",
        "facade_color": null,
        "facade_material": "cement_block",
        "roof_material": null,
        "roof_shape": "flat",
        "roof_direction": null,
        "roof_orientation": null,
        "roof_color": null,
        "roof_height": null,
        "has_parts": false,
        "version": 3,
        "bbox": {
          "xmin": 77.60260772705078,
          "xmax": 77.6028060913086,
          "ymin": 12.975589752197266,
          "ymax": 12.975802421569824
        }
      },
      "geometry": {
        "type": "Polygon",
        "coordinates": [
          [
            [
              77.6028044,
              12.9757859
            ],
            [
              77.6026149,
              12.9758009
            ],
            [
              77.6026347,
              12.9756168
            ],
            [
              77.602762,
              12.9755915
            ],
            [
              77.6027687,
              12.9755902
            ],
            [
              77.6028044,
              12.9757859
            ]
          ]
        ]
      }
    },
    {
      "type": "Feature",
      "id": "b86b5537-5db0-4f17-b458-2f14d355480d",
      "properties": {
        "id": "b86b5537-5db0-4f17-b458-2f14d355480d",
        "names": null,
        "sources": [
          {
            "property": "",
            "dataset": "OpenStreetMap",
            "license": "ODbL-1.0",
            "record_id": "w1308735401@2",
            "update_time": "2025-09-06T15:45:58.000Z",
            "confidence": null,
            "between": null,
            "provider": "osm",
            "resource": "planet",
            "version": "2026-09-06T00:00:00.000Z"
          }
        ],
        "level": null,
        "height": null,
        "min_height": null,
        "is_underground": false,
        "num_floors": null,
        "num_floors_underground": null,
        "min_floor": null,
        "subtype": "commercial",
        "class": "commercial",
        "facade_color": null,
        "facade_material": null,
        "roof_material": null,
        "roof_shape": null,
        "roof_direction": null,
        "roof_orientation": null,
        "roof_color": null,
        "roof_height": null,
        "has_parts": false,
        "version": 1,
        "bbox": {
          "xmin": 77.60227966308594,
          "xmax": 77.60234832763672,
          "ymin": 12.975716590881348,
          "ymax": 12.975785255432129
        }
      },
      "geometry": {
        "type": "Polygon",
        "coordinates": [
          [
            [
              77.6023365,
              12.9757764
            ],
            [
              77.6023082,
              12.9757835
            ],
            [
              77.6022932,
              12.9757267
            ],
            [
              77.6022925,
              12.975724
            ],
            [
              77.6023207,
              12.9757169
            ],
            [
              77.6023365,
              12.9757764
            ]
          ]
        ]
      }
    },
    {
      "type": "Feature",
      "id": "e9dde913-8774-44f0-b72e-10d4777fe592",
      "properties": {
        "id": "e9dde913-8774-44f0-b72e-10d4777fe592",
        "names": null,
        "sources": [
          {
            "property": "",
            "dataset": "OpenStreetMap",
            "license": "ODbL-1.0",
            "record_id": "w323814313@4",
            "update_time": "2025-09-06T15:45:58.000Z",
            "confidence": null,
            "between": null,
            "provider": "osm",
            "resource": "planet",
            "version": "2026-09-06T00:00:00.000Z"
          }
        ],
        "level": null,
        "height": null,
        "min_height": null,
        "is_underground": false,
        "num_floors": 4,
        "num_floors_underground": null,
        "min_floor": null,
        "subtype": "commercial",
        "class": "commercial",
        "facade_color": null,
        "facade_material": null,
        "roof_material": null,
        "roof_shape": null,
        "roof_direction": null,
        "roof_orientation": null,
        "roof_color": null,
        "roof_height": null,
        "has_parts": false,
        "version": 1,
        "bbox": {
          "xmin": 77.60234069824219,
          "xmax": 77.60243225097656,
          "ymin": 12.97569751739502,
          "ymax": 12.975740432739258
        }
      },
      "geometry": {
        "type": "Polygon",
        "coordinates": [
          [
            [
              77.6024284,
              12.9757389
            ],
            [
              77.6023478,
              12.9757386
            ],
            [
              77.602348,
              12.9756991
            ],
            [
              77.6024286,
              12.9756994
            ],
            [
              77.6024284,
              12.9757389
            ]
          ]
        ]
      }
    },
    {
      "type": "Feature",
      "id": "08d8afb2-c81d-4abd-b426-3f222b0c0c06",
      "properties": {
        "id": "08d8afb2-c81d-4abd-b426-3f222b0c0c06",
        "names": null,
        "sources": [
          {
            "property": "",
            "dataset": "OpenStreetMap",
            "license": "ODbL-1.0",
            "record_id": "w1308459549@2",
            "update_time": "2025-09-06T15:45:58.000Z",
            "confidence": null,
            "between": null,
            "provider": "osm",
            "resource": "planet",
            "version": "2026-09-06T00:00:00.000Z"
          }
        ],
        "level": null,
        "height": null,
        "min_height": null,
        "is_underground": false,
        "num_floors": null,
        "num_floors_underground": null,
        "min_floor": null,
        "subtype": "commercial",
        "class": "commercial",
        "facade_color": null,
        "facade_material": null,
        "roof_material": null,
        "roof_shape": null,
        "roof_direction": null,
        "roof_orientation": null,
        "roof_color": null,
        "roof_height": null,
        "has_parts": false,
        "version": 2,
        "bbox": {
          "xmin": 77.6023178100586,
          "xmax": 77.6024398803711,
          "ymin": 12.975802421569824,
          "ymax": 12.975914001464844
        }
      },
      "geometry": {
        "type": "Polygon",
        "coordinates": [
          [
            [
              77.6024342,
              12.9759136
            ],
            [
              77.6023182,
              12.9759117
            ],
            [
              77.6023201,
              12.9758042
            ],
            [
              77.6024361,
              12.9758061
            ],
            [
              77.6024342,
              12.9759136
            ]
          ]
        ]
      }
    },
    {
      "type": "Feature",
      "id": "de091e15-bfe1-4342-9a1b-94e80010c8b0",
      "properties": {
        "id": "de091e15-bfe1-4342-9a1b-94e80010c8b0",
        "names": null,
        "sources": [
          {
            "property": "",
            "dataset": "OpenStreetMap",
            "license": "ODbL-1.0",
            "record_id": "w1427541061@1",
            "update_time": "2025-09-06T15:45:58.000Z",
            "confidence": null,
            "between": null,
            "provider": "osm",
            "resource": "planet",
            "version": "2026-09-06T00:00:00.000Z"
          }
        ],
        "level": null,
        "height": null,
        "min_height": null,
        "is_underground": false,
        "num_floors": null,
        "num_floors_underground": null,
        "min_floor": null,
        "subtype": "commercial",
        "class": "commercial",
        "facade_color": null,
        "facade_material": null,
        "roof_material": null,
        "roof_shape": null,
        "roof_direction": null,
        "roof_orientation": null,
        "roof_color": null,
        "roof_height": null,
        "has_parts": false,
        "version": 1,
        "bbox": {
          "xmin": 77.60234069824219,
          "xmax": 77.60242462158203,
          "ymin": 12.975748062133789,
          "ymax": 12.975800514221191
        }
      },
      "geometry": {
        "type": "Polygon",
        "coordinates": [
          [
            [
              77.6024232,
              12.9757987
            ],
            [
              77.6023408,
              12.9757984
            ],
            [
              77.602341,
              12.9757481
            ],
            [
              77.6024235,
              12.9757484
            ],
            [
              77.6024232,
              12.9757987
            ]
          ]
        ]
      }
    },
    {
      "type": "Feature",
      "id": "3aa28ca8-626f-463d-8df1-55f04ac619b0",
      "properties": {
        "id": "3aa28ca8-626f-463d-8df1-55f04ac619b0",
        "names": null,
        "sources": [
          {
            "property": "",
            "dataset": "OpenStreetMap",
            "license": "ODbL-1.0",
            "record_id": "w323814305@3",
            "update_time": "2026-01-15T17:48:14.000Z",
            "confidence": null,
            "between": null,
            "provider": "osm",
            "resource": "planet",
            "version": "2026-09-06T00:00:00.000Z"
          }
        ],
        "level": null,
        "height": null,
        "min_height": null,
        "is_underground": false,
        "num_floors": 3,
        "num_floors_underground": null,
        "min_floor": null,
        "subtype": "commercial",
        "class": "commercial",
        "facade_color": null,
        "facade_material": null,
        "roof_material": null,
        "roof_shape": null,
        "roof_direction": null,
        "roof_orientation": null,
        "roof_color": null,
        "roof_height": null,
        "has_parts": false,
        "version": 2,
        "bbox": {
          "xmin": 77.60211944580078,
          "xmax": 77.60224151611328,
          "ymin": 12.97573184967041,
          "ymax": 12.975865364074707
        }
      },
      "geometry": {
        "type": "Polygon",
        "coordinates": [
          [
            [
              77.60215,
              12.9758653
            ],
            [
              77.6021202,
              12.9757545
            ],
            [
              77.6022063,
              12.9757321
            ],
            [
              77.6022342,
              12.9758441
            ],
            [
              77.60215,
              12.9758653
            ]
          ]
        ]
      }
    },
    {
      "type": "Feature",
      "id": "4fbfa6df-94b6-4628-a585-007c40e654f4",
      "properties": {
        "id": "4fbfa6df-94b6-4628-a585-007c40e654f4",
        "names": {
          "primary": "Ace Court",
          "common": null,
          "rules": null
        },
        "sources": [
          {
            "property": "",
            "dataset": "OpenStreetMap",
            "license": "ODbL-1.0",
            "record_id": "w323814303@7",
            "update_time": "2025-09-06T15:45:58.000Z",
            "confidence": null,
            "between": null,
            "provider": "osm",
            "resource": "planet",
            "version": "2026-09-06T00:00:00.000Z"
          }
        ],
        "level": null,
        "height": null,
        "min_height": null,
        "is_underground": false,
        "num_floors": 4,
        "num_floors_underground": null,
        "min_floor": null,
        "subtype": "commercial",
        "class": "commercial",
        "facade_color": null,
        "facade_material": null,
        "roof_material": null,
        "roof_shape": null,
        "roof_direction": null,
        "roof_orientation": null,
        "roof_color": null,
        "roof_height": null,
        "has_parts": false,
        "version": 2,
        "bbox": {
          "xmin": 77.60221099853516,
          "xmax": 77.60231018066406,
          "ymin": 12.975725173950195,
          "ymax": 12.975850105285645
        }
      },
      "geometry": {
        "type": "Polygon",
        "coordinates": [
          [
            [
              77.6022134,
              12.9757454
            ],
            [
              77.602277,
              12.9757301
            ],
            [
              77.6022932,
              12.9757267
            ],
            [
              77.6023082,
              12.9757835
            ],
            [
              77.602308,
              12.9758455
            ],
            [
              77.6022948,
              12.9758482
            ],
            [
              77.6022867,
              12.9758219
            ],
            [
              77.6022358,
              12.9758341
            ],
            [
              77.6022134,
              12.9757454
            ]
          ]
        ]
      }
    },
    {
      "type": "Feature",
      "id": "53d4c2ca-c80b-4ddc-b664-5fda3ab6f40d",
      "properties": {
        "id": "53d4c2ca-c80b-4ddc-b664-5fda3ab6f40d",
        "names": null,
        "sources": [
          {
            "property": "",
            "dataset": "OpenStreetMap",
            "license": "ODbL-1.0",
            "record_id": "w1384663853@1",
            "update_time": "2026-01-15T17:48:14.000Z",
            "confidence": null,
            "between": null,
            "provider": "osm",
            "resource": "planet",
            "version": "2026-09-06T00:00:00.000Z"
          }
        ],
        "level": null,
        "height": null,
        "min_height": null,
        "is_underground": false,
        "num_floors": 2,
        "num_floors_underground": null,
        "min_floor": null,
        "subtype": "commercial",
        "class": "commercial",
        "facade_color": null,
        "facade_material": null,
        "roof_material": null,
        "roof_shape": null,
        "roof_direction": null,
        "roof_orientation": null,
        "roof_color": null,
        "roof_height": null,
        "has_parts": false,
        "version": 2,
        "bbox": {
          "xmin": 77.60206604003906,
          "xmax": 77.60215759277344,
          "ymin": 12.975752830505371,
          "ymax": 12.97587776184082
        }
      },
      "geometry": {
        "type": "Polygon",
        "coordinates": [
          [
            [
              77.60215,
              12.9758653
            ],
            [
              77.6021027,
              12.9758774
            ],
            [
              77.6020729,
              12.9757666
            ],
            [
              77.6021202,
              12.9757545
            ],
            [
              77.60215,
              12.9758653
            ]
          ]
        ]
      }
    },
    {
      "type": "Feature",
      "id": "fec71fac-bc84-40ff-882c-1363750d84bb",
      "properties": {
        "id": "fec71fac-bc84-40ff-882c-1363750d84bb",
        "names": null,
        "sources": [
          {
            "property": "",
            "dataset": "OpenStreetMap",
            "license": "ODbL-1.0",
            "record_id": "w1308647754@4",
            "update_time": "2026-01-15T17:48:14.000Z",
            "confidence": null,
            "between": null,
            "provider": "osm",
            "resource": "planet",
            "version": "2026-09-06T00:00:00.000Z"
          }
        ],
        "level": null,
        "height": null,
        "min_height": null,
        "is_underground": false,
        "num_floors": 3,
        "num_floors_underground": null,
        "min_floor": null,
        "subtype": "commercial",
        "class": "commercial",
        "facade_color": null,
        "facade_material": null,
        "roof_material": null,
        "roof_shape": null,
        "roof_direction": null,
        "roof_orientation": null,
        "roof_color": null,
        "roof_height": null,
        "has_parts": false,
        "version": 2,
        "bbox": {
          "xmin": 77.60199737548828,
          "xmax": 77.60210418701172,
          "ymin": 12.9757661819458,
          "ymax": 12.975896835327148
        }
      },
      "geometry": {
        "type": "Polygon",
        "coordinates": [
          [
            [
              77.6021027,
              12.9758774
            ],
            [
              77.6020275,
              12.9758967
            ],
            [
              77.6019977,
              12.9757859
            ],
            [
              77.6020729,
              12.9757666
            ],
            [
              77.6021027,
              12.9758774
            ]
          ]
        ]
      }
    },
    {
      "type": "Feature",
      "id": "2846173e-ba33-4cbd-a6ae-188aca519695",
      "properties": {
        "id": "2846173e-ba33-4cbd-a6ae-188aca519695",
        "names": {
          "primary": "Sama Towers",
          "common": null,
          "rules": null
        },
        "sources": [
          {
            "property": "",
            "dataset": "OpenStreetMap",
            "license": "ODbL-1.0",
            "record_id": "w323814308@4",
            "update_time": "2026-01-15T17:48:14.000Z",
            "confidence": null,
            "between": null,
            "provider": "osm",
            "resource": "planet",
            "version": "2026-09-06T00:00:00.000Z"
          }
        ],
        "level": null,
        "height": null,
        "min_height": null,
        "is_underground": false,
        "num_floors": 4,
        "num_floors_underground": null,
        "min_floor": null,
        "subtype": "commercial",
        "class": "commercial",
        "facade_color": null,
        "facade_material": null,
        "roof_material": null,
        "roof_shape": null,
        "roof_direction": null,
        "roof_orientation": null,
        "roof_color": null,
        "roof_height": null,
        "has_parts": false,
        "version": 2,
        "bbox": {
          "xmin": 77.60192108154297,
          "xmax": 77.6020278930664,
          "ymin": 12.975784301757812,
          "ymax": 12.975915908813477
        }
      },
      "geometry": {
        "type": "Polygon",
        "coordinates": [
          [
            [
              77.6019977,
              12.9757859
            ],
            [
              77.6020275,
              12.9758967
            ],
            [
              77.6019525,
              12.9759159
            ],
            [
              77.6019226,
              12.9758051
            ],
            [
              77.6019977,
              12.9757859
            ]
          ]
        ]
      }
    },
    {
      "type": "Feature",
      "id": "477f2b73-68d2-4c06-8c4c-faf5bafbcef8",
      "properties": {
        "id": "477f2b73-68d2-4c06-8c4c-faf5bafbcef8",
        "names": null,
        "sources": [
          {
            "property": "",
            "dataset": "OpenStreetMap",
            "license": "ODbL-1.0",
            "record_id": "w724588287@9",
            "update_time": "2025-09-06T15:45:58.000Z",
            "confidence": null,
            "between": null,
            "provider": "osm",
            "resource": "planet",
            "version": "2026-09-06T00:00:00.000Z"
          }
        ],
        "level": null,
        "height": null,
        "min_height": null,
        "is_underground": false,
        "num_floors": 6,
        "num_floors_underground": 5,
        "min_floor": null,
        "subtype": "commercial",
        "class": "retail",
        "facade_color": null,
        "facade_material": null,
        "roof_material": null,
        "roof_shape": null,
        "roof_direction": null,
        "roof_orientation": null,
        "roof_color": null,
        "roof_height": null,
        "has_parts": false,
        "version": 2,
        "bbox": {
          "xmin": 77.60172271728516,
          "xmax": 77.60260772705078,
          "ymin": 12.974907875061035,
          "ymax": 12.975594520568848
        }
      },
      "geometry": {
        "type": "Polygon",
        "coordinates": [
          [
            [
              77.6026073,
              12.974976
            ],
            [
              77.6024652,
              12.9753765
            ],
            [
              77.6024433,
              12.9754045
            ],
            [
              77.6024271,
              12.9754192
            ],
            [
              77.6024169,
              12.9754285
            ],
            [
              77.6023911,
              12.9754457
            ],
            [
              77.602363,
              12.9754591
            ],
            [
              77.6021718,
              12.9755067
            ],
            [
              77.6018268,
              12.9755929
            ],
            [
              77.6018195,
              12.9755661
            ],
            [
              77.6017909,
              12.9754612
            ],
            [
              77.6017356,
              12.9752583
            ],
            [
              77.602323,
              12.9752296
            ],
            [
              77.6023436,
              12.9752235
            ],
            [
              77.6023619,
              12.9752126
            ],
            [
              77.6023772,
              12.9751968
            ],
            [
              77.6023878,
              12.9751776
            ],
            [
              77.6023927,
              12.9751564
            ],
            [
              77.6023858,
              12.9749094
            ],
            [
              77.6026073,
              12.974976
            ]
          ]
        ]
      }
    },
    {
      "type": "Feature",
      "id": "35cecf14-cd7e-4490-aa36-b4b510c9f499",
      "properties": {
        "id": "35cecf14-cd7e-4490-aa36-b4b510c9f499",
        "names": null,
        "sources": [
          {
            "property": "",
            "dataset": "Google Open Buildings",
            "license": null,
            "record_id": "7J4VXJF2+XWJ3",
            "update_time": "2023-05-01T00:00:00.000Z",
            "confidence": 0.7373,
            "between": null,
            "provider": "google",
            "resource": "open_buildings",
            "version": "2024-04-16"
          }
        ],
        "level": null,
        "height": null,
        "min_height": null,
        "is_underground": false,
        "num_floors": null,
        "num_floors_underground": null,
        "min_floor": null,
        "subtype": null,
        "class": null,
        "facade_color": null,
        "facade_material": null,
        "roof_material": null,
        "roof_shape": null,
        "roof_direction": null,
        "roof_orientation": null,
        "roof_color": null,
        "roof_height": null,
        "has_parts": false,
        "version": 1,
        "bbox": {
          "xmin": 77.60224914550781,
          "xmax": 77.60228729248047,
          "ymin": 12.974916458129883,
          "ymax": 12.974985122680664
        }
      },
      "geometry": {
        "type": "Polygon",
        "coordinates": [
          [
            [
              77.6022556,
              12.974918
            ],
            [
              77.6022758,
              12.9749189
            ],
            [
              77.6022726,
              12.9749851
            ],
            [
              77.6022524,
              12.9749842
            ],
            [
              77.6022556,
              12.974918
            ]
          ]
        ]
      }
    },
    {
      "type": "Feature",
      "id": "7119b586-bd71-4a8d-913e-d70804b8fe88",
      "properties": {
        "id": "7119b586-bd71-4a8d-913e-d70804b8fe88",
        "names": null,
        "sources": [
          {
            "property": "",
            "dataset": "OpenStreetMap",
            "license": "ODbL-1.0",
            "record_id": "w327542031@4",
            "update_time": "2025-03-01T12:28:57.000Z",
            "confidence": null,
            "between": null,
            "provider": "osm",
            "resource": "planet",
            "version": "2026-09-06T00:00:00.000Z"
          }
        ],
        "level": null,
        "height": null,
        "min_height": null,
        "is_underground": false,
        "num_floors": 4,
        "num_floors_underground": null,
        "min_floor": null,
        "subtype": "education",
        "class": "school",
        "facade_color": null,
        "facade_material": null,
        "roof_material": null,
        "roof_shape": null,
        "roof_direction": null,
        "roof_orientation": null,
        "roof_color": null,
        "roof_height": null,
        "has_parts": false,
        "version": 1,
        "bbox": {
          "xmin": 77.60165405273438,
          "xmax": 77.60221099853516,
          "ymin": 12.974783897399902,
          "ymax": 12.975088119506836
        }
      },
      "geometry": {
        "type": "Polygon",
        "coordinates": [
          [
            [
              77.601745,
              12.9748068
            ],
            [
              77.6017468,
              12.9747839
            ],
            [
              77.6021988,
              12.9748013
            ],
            [
              77.6021931,
              12.9749407
            ],
            [
              77.6021307,
              12.9749384
            ],
            [
              77.602125,
              12.9750784
            ],
            [
              77.6018811,
              12.9750691
            ],
            [
              77.6016853,
              12.9750865
            ],
            [
              77.6016558,
              12.9748146
            ],
            [
              77.601745,
              12.9748068
            ]
          ]
        ]
      }
    },
    {
      "type": "Feature",
      "id": "1d01a453-a73a-4bf3-a315-5e1992f143d9",
      "properties": {
        "id": "1d01a453-a73a-4bf3-a315-5e1992f143d9",
        "names": null,
        "sources": [
          {
            "property": "",
            "dataset": "Google Open Buildings",
            "license": null,
            "record_id": "7J4VXJF2+PRGX",
            "update_time": "2023-05-01T00:00:00.000Z",
            "confidence": 0.8312,
            "between": null,
            "provider": "google",
            "resource": "open_buildings",
            "version": "2024-04-16"
          }
        ],
        "level": null,
        "height": null,
        "min_height": null,
        "is_underground": false,
        "num_floors": null,
        "num_floors_underground": null,
        "min_floor": null,
        "subtype": null,
        "class": null,
        "facade_color": null,
        "facade_material": null,
        "roof_material": null,
        "roof_shape": null,
        "roof_direction": null,
        "roof_orientation": null,
        "roof_color": null,
        "roof_height": null,
        "has_parts": false,
        "version": 1,
        "bbox": {
          "xmin": 77.60205841064453,
          "xmax": 77.60211944580078,
          "ymin": 12.974259376525879,
          "ymax": 12.974381446838379
        }
      },
      "geometry": {
        "type": "Polygon",
        "coordinates": [
          [
            [
              77.6020702,
              12.9742612
            ],
            [
              77.6021123,
              12.9742632
            ],
            [
              77.6021065,
              12.9743813
            ],
            [
              77.6020644,
              12.9743793
            ],
            [
              77.6020702,
              12.9742612
            ]
          ]
        ]
      }
    },
    {
      "type": "Feature",
      "id": "54fefb63-9fe2-4d8f-b98a-cd942889c8ba",
      "properties": {
        "id": "54fefb63-9fe2-4d8f-b98a-cd942889c8ba",
        "names": null,
        "sources": [
          {
            "property": "",
            "dataset": "Google Open Buildings",
            "license": null,
            "record_id": "7J4VXJF2+RV3C",
            "update_time": "2023-05-01T00:00:00.000Z",
            "confidence": 0.7973,
            "between": null,
            "provider": "google",
            "resource": "open_buildings",
            "version": "2024-04-16"
          }
        ],
        "level": null,
        "height": null,
        "min_height": null,
        "is_underground": false,
        "num_floors": null,
        "num_floors_underground": null,
        "min_floor": null,
        "subtype": null,
        "class": null,
        "facade_color": null,
        "facade_material": null,
        "roof_material": null,
        "roof_shape": null,
        "roof_direction": null,
        "roof_orientation": null,
        "roof_color": null,
        "roof_height": null,
        "has_parts": false,
        "version": 1,
        "bbox": {
          "xmin": 77.60213470458984,
          "xmax": 77.60218811035156,
          "ymin": 12.97447681427002,
          "ymax": 12.9745454788208
        }
      },
      "geometry": {
        "type": "Polygon",
        "coordinates": [
          [
            [
              77.6021465,
              12.9744784
            ],
            [
              77.6021765,
              12.9744808
            ],
            [
              77.6021712,
              12.9745452
            ],
            [
              77.6021411,
              12.9745428
            ],
            [
              77.6021465,
              12.9744784
            ]
          ]
        ]
      }
    },
    {
      "type": "Feature",
      "id": "63f8ba8c-24ee-43f6-992e-57bb73b8a4e7",
      "properties": {
        "id": "63f8ba8c-24ee-43f6-992e-57bb73b8a4e7",
        "names": null,
        "sources": [
          {
            "property": "",
            "dataset": "Google Open Buildings",
            "license": null,
            "record_id": "7J4VXJF2+RV6J",
            "update_time": "2023-05-01T00:00:00.000Z",
            "confidence": 0.6901,
            "between": null,
            "provider": "google",
            "resource": "open_buildings",
            "version": "2024-04-16"
          }
        ],
        "level": null,
        "height": null,
        "min_height": null,
        "is_underground": false,
        "num_floors": null,
        "num_floors_underground": null,
        "min_floor": null,
        "subtype": null,
        "class": null,
        "facade_color": null,
        "facade_material": null,
        "roof_material": null,
        "roof_shape": null,
        "roof_direction": null,
        "roof_orientation": null,
        "roof_color": null,
        "roof_height": null,
        "has_parts": false,
        "version": 1,
        "bbox": {
          "xmin": 77.60210418701172,
          "xmax": 77.60215759277344,
          "ymin": 12.974499702453613,
          "ymax": 12.97458267211914
        }
      },
      "geometry": {
        "type": "Polygon",
        "coordinates": [
          [
            [
              77.6021134,
              12.9745
            ],
            [
              77.6021515,
              12.9745043
            ],
            [
              77.6021425,
              12.9745809
            ],
            [
              77.6021044,
              12.9745766
            ],
            [
              77.6021134,
              12.9745
            ]
          ]
        ]
      }
    },
    {
      "type": "Feature",
      "id": "27806f2e-59db-4652-b4ce-4643c8e3a1af",
      "properties": {
        "id": "27806f2e-59db-4652-b4ce-4643c8e3a1af",
        "names": null,
        "sources": [
          {
            "property": "",
            "dataset": "Google Open Buildings",
            "license": null,
            "record_id": "7J4VXJF2+JRPH",
            "update_time": "2023-05-01T00:00:00.000Z",
            "confidence": 0.8015,
            "between": null,
            "provider": "google",
            "resource": "open_buildings",
            "version": "2024-04-16"
          }
        ],
        "level": null,
        "height": null,
        "min_height": null,
        "is_underground": false,
        "num_floors": null,
        "num_floors_underground": null,
        "min_floor": null,
        "subtype": null,
        "class": null,
        "facade_color": null,
        "facade_material": null,
        "roof_material": null,
        "roof_shape": null,
        "roof_direction": null,
        "roof_orientation": null,
        "roof_color": null,
        "roof_height": null,
        "has_parts": false,
        "version": 1,
        "bbox": {
          "xmin": 77.60205841064453,
          "xmax": 77.60211181640625,
          "ymin": 12.974050521850586,
          "ymax": 12.97412109375
        }
      },
      "geometry": {
        "type": "Polygon",
        "coordinates": [
          [
            [
              77.6020703,
              12.9740521
            ],
            [
              77.6021052,
              12.9740522
            ],
            [
              77.602105,
              12.9741196
            ],
            [
              77.60207,
              12.9741195
            ],
            [
              77.6020703,
              12.9740521
            ]
          ]
        ]
      }
    },
    {
      "type": "Feature",
      "id": "51dea4ec-1e5a-4727-acdc-f4853741a371",
      "properties": {
        "id": "51dea4ec-1e5a-4727-acdc-f4853741a371",
        "names": null,
        "sources": [
          {
            "property": "",
            "dataset": "OpenStreetMap",
            "license": "ODbL-1.0",
            "record_id": "w1188468890@2",
            "update_time": "2026-07-11T11:40:13.000Z",
            "confidence": null,
            "between": null,
            "provider": "osm",
            "resource": "planet",
            "version": "2026-09-06T00:00:00.000Z"
          }
        ],
        "level": null,
        "height": null,
        "min_height": null,
        "is_underground": false,
        "num_floors": null,
        "num_floors_underground": null,
        "min_floor": null,
        "subtype": null,
        "class": null,
        "facade_color": null,
        "facade_material": null,
        "roof_material": null,
        "roof_shape": null,
        "roof_direction": null,
        "roof_orientation": null,
        "roof_color": null,
        "roof_height": null,
        "has_parts": false,
        "version": 2,
        "bbox": {
          "xmin": 77.60210418701172,
          "xmax": 77.6022720336914,
          "ymin": 12.973957061767578,
          "ymax": 12.974194526672363
        }
      },
      "geometry": {
        "type": "Polygon",
        "coordinates": [
          [
            [
              77.6022718,
              12.974186
            ],
            [
              77.6021289,
              12.9741944
            ],
            [
              77.6021167,
              12.9739957
            ],
            [
              77.602216,
              12.9739899
            ],
            [
              77.6022142,
              12.9739614
            ],
            [
              77.6022578,
              12.9739589
            ],
            [
              77.6022718,
              12.974186
            ]
          ]
        ]
      }
    },
    {
      "type": "Feature",
      "id": "353a31f7-a128-4bd2-9471-c4a75dde81af",
      "properties": {
        "id": "353a31f7-a128-4bd2-9471-c4a75dde81af",
        "names": null,
        "sources": [
          {
            "property": "",
            "dataset": "OpenStreetMap",
            "license": "ODbL-1.0",
            "record_id": "w1119414333@3",
            "update_time": "2025-05-18T04:25:00.000Z",
            "confidence": null,
            "between": null,
            "provider": "osm",
            "resource": "planet",
            "version": "2026-09-06T00:00:00.000Z"
          }
        ],
        "level": null,
        "height": 40.0,
        "min_height": null,
        "is_underground": false,
        "num_floors": 9,
        "num_floors_underground": 3,
        "min_floor": null,
        "subtype": "commercial",
        "class": "commercial",
        "facade_color": null,
        "facade_material": null,
        "roof_material": null,
        "roof_shape": null,
        "roof_direction": null,
        "roof_orientation": null,
        "roof_color": null,
        "roof_height": null,
        "has_parts": false,
        "version": 1,
        "bbox": {
          "xmin": 77.6015853881836,
          "xmax": 77.60201263427734,
          "ymin": 12.97342300415039,
          "ymax": 12.973992347717285
        }
      },
      "geometry": {
        "type": "Polygon",
        "coordinates": [
          [
            [
              77.601975,
              12.9734234
            ],
            [
              77.6020124,
              12.973973
            ],
            [
              77.6016899,
              12.9739922
            ],
            [
              77.6016276,
              12.9736607
            ],
            [
              77.6015868,
              12.9734439
            ],
            [
              77.601975,
              12.9734234
            ]
          ]
        ]
      }
    },
    {
      "type": "Feature",
      "id": "4b3ce832-517a-4cea-99f1-572d3443aa5f",
      "properties": {
        "id": "4b3ce832-517a-4cea-99f1-572d3443aa5f",
        "names": null,
        "sources": [
          {
            "property": "",
            "dataset": "OpenStreetMap",
            "license": "ODbL-1.0",
            "record_id": "w1188468891@2",
            "update_time": "2026-07-11T11:40:13.000Z",
            "confidence": null,
            "between": null,
            "provider": "osm",
            "resource": "planet",
            "version": "2026-09-06T00:00:00.000Z"
          }
        ],
        "level": null,
        "height": null,
        "min_height": null,
        "is_underground": false,
        "num_floors": null,
        "num_floors_underground": null,
        "min_floor": null,
        "subtype": null,
        "class": null,
        "facade_color": null,
        "facade_material": null,
        "roof_material": null,
        "roof_shape": null,
        "roof_direction": null,
        "roof_orientation": null,
        "roof_color": null,
        "roof_height": null,
        "has_parts": false,
        "version": 2,
        "bbox": {
          "xmin": 77.6021499633789,
          "xmax": 77.602294921875,
          "ymin": 12.97341251373291,
          "ymax": 12.973535537719727
        }
      },
      "geometry": {
        "type": "Polygon",
        "coordinates": [
          [
            [
              77.6022927,
              12.9735306
            ],
            [
              77.602156,
              12.9735352
            ],
            [
              77.6021519,
              12.973419
            ],
            [
              77.6022886,
              12.9734144
            ],
            [
              77.6022927,
              12.9735306
            ]
          ]
        ]
      }
    }
  ]
}