{
  "type": "FeatureCollection",
  "features": [
    {
      "type": "Feature",
      "id": "6494e9bf-12cc-4a44-a80d-521d8c267ae1",
      "properties": {
        "id": "6494e9bf-12cc-4a44-a80d-521d8c267ae1",
        "names": null,
        "subtype": "road",
        "class": "service",
        "subclass": null,
        "subclass_rules": null,
        "connectors": [
          {
            "connector_id": "3e754359-1866-473d-a719-1579a36a0edd",
            "at": 0.0
          },
          {
            "connector_id": "4a032994-42fa-463e-8c62-8ffcd8c4e375",
            "at": 0.033246391
          },
          {
            "connector_id": "d11dff7a-9ee7-4b8d-9686-cc9500926c22",
            "at": 0.074350381
          },
          {
            "connector_id": "059b07da-a065-4db3-b446-a124c2a4bcdc",
            "at": 0.335780405
          },
          {
            "connector_id": "f69407b6-8fc5-4d38-b7ee-e19b445030d8",
            "at": 1.0
          }
        ],
        "road_surface": null,
        "road_flags": null,
        "rail_flags": null,
        "width_rules": null,
        "level_rules": null,
        "access_restrictions": [
          {
            "access_type": "denied",
            "when": {
              "during": null,
              "heading": "backward",
              "using": null,
              "recognized": null,
              "mode": null,
              "vehicle": null
            },
            "between": [
              0.0,
              0.033242267
            ]
          }
        ],
        "speed_limits": null,
        "prohibited_transitions": null,
        "routes": null,
        "destinations": null,
        "sources": [
          {
            "property": "",
            "dataset": "OpenStreetMap",
            "license": "ODbL-1.0",
            "record_id": "w1459746005@1",
            "update_time": "2026-01-02T08:48:19Z",
            "confidence": null,
            "between": [
              0.0,
              0.033242267
            ],
            "provider": "osm",
            "resource": "planet",
            "version": "2026-09-09"
          },
          {
            "property": "",
            "dataset": "OpenStreetMap",
            "license": "ODbL-1.0",
            "record_id": "w1096187541@5",
            "update_time": "2026-01-02T08:48:19Z",
            "confidence": null,
            "between": [
              0.033242267,
              1.0
            ],
            "provider": "osm",
            "resource": "planet",
            "version": "2026-09-09"
          }
        ],
        "version": 1,
        "bbox": {
          "xmin": 77.60211944580078,
          "xmax": 77.60250091552734,
          "ymin": 12.972887992858887,
          "ymax": 12.973918914794922
        }
      },
      "geometry": {
        "type": "LineString",
        "coordinates": [
          [
            77.6021218,
            12.972888
          ],
          [
            77.6021249,
            12.9729379
          ],
          [
            77.6021258,
            12.9729899
          ],
          [
            77.6021259,
            12.9729997
          ],
          [
            77.6021261,
            12.9730275
          ],
          [
            77.602129,
            12.9733928
          ],
          [
            77.6021427,
            12.9739188
          ],
          [
            77.6024555,
            12.9738963
          ],
          [
            77.6024886,
            12.9737345
          ]
        ]
      }
    },
    {
      "type": "Feature",
      "id": "bce69381-e1e5-4075-a595-b14c0cf12e55",
      "properties": {
        "id": "bce69381-e1e5-4075-a595-b14c0cf12e55",
        "names": null,
        "subtype": "road",
        "class": "service",
        "subclass": null,
        "subclass_rules": null,
        "connectors": [
          {
            "connector_id": "4597e6ab-deba-46d3-8c11-5bf5398f7017",
            "at": 0.0
          },
          {
            "connector_id": "1611c72e-4d9f-4520-a45c-29430a5f6cec",
            "at": 0.126370581
          },
          {
            "connector_id": "0021dce3-33af-4f58-99f7-5aa570d97606",
            "at": 1.0
          }
        ],
        "road_surface": null,
        "road_flags": null,
        "rail_flags": null,
        "width_rules": null,
        "level_rules": null,
        "access_restrictions": [
          {
            "access_type": "allowed",
            "when": {
              "during": null,
              "heading": null,
              "using": null,
              "recognized": [
                "as_private"
              ],
              "mode": null,
              "vehicle": null
            },
            "between": null
          }
        ],
        "speed_limits": null,
        "prohibited_transitions": null,
        "routes": null,
        "destinations": null,
        "sources": [
          {
            "property": "",
            "dataset": "OpenStreetMap",
            "license": "ODbL-1.0",
            "record_id": "w1183607520@6",
            "update_time": "2026-01-02T08:48:19Z",
            "confidence": null,
            "between": null,
            "provider": "osm",
            "resource": "planet",
            "version": "2026-09-09"
          }
        ],
        "version": 2,
        "bbox": {
          "xmin": 77.60311889648438,
          "xmax": 77.60347747802734,
          "ymin": 12.973801612854004,
          "ymax": 12.97387981414795
        }
      },
      "geometry": {
        "type": "LineString",
        "coordinates": [
          [
            77.6031211,
            12.9738017
          ],
          [
            77.6031589,
            12.9738092
          ],
          [
            77.6031654,
            12.9738105
          ],
          [
            77.6031756,
            12.9738126
          ],
          [
            77.6034702,
            12.973878
          ]
        ]
      }
    },
    {
      "type": "Feature",
      "id": "3856745d-74c3-4064-a855-8ac42f5138c1",
      "properties": {
        "id": "3856745d-74c3-4064-a855-8ac42f5138c1",
        "names": null,
        "subtype": "road",
        "class": "service",
        "subclass": null,
        "subclass_rules": null,
        "connectors": [
          {
            "connector_id": "5fedcbf9-cdcf-485c-8a13-4ab4e8e26d7f",
            "at": 0.0
          },
          {
            "connector_id": "c8a22533-a6c6-4765-8c2c-751e9bfbdf26",
            "at": 0.037102966
          },
          {
            "connector_id": "b2e2fb93-0df1-4c09-9f33-6c0ec5b96c68",
            "at": 0.962269268
          },
          {
            "connector_id": "d3793af1-e035-45d5-8b24-2b0b0978dce4",
            "at": 1.0
          }
        ],
        "road_surface": null,
        "road_flags": null,
        "rail_flags": null,
        "width_rules": null,
        "level_rules": null,
        "access_restrictions": [
          {
            "access_type": "allowed",
            "when": {
              "during": null,
              "heading": null,
              "using": null,
              "recognized": [
                "as_private"
              ],
              "mode": null,
              "vehicle": null
            },
            "between": [
              0.049724656,
              0.951892755
            ]
          },
          {
            "access_type": "denied",
            "when": {
              "during": null,
              "heading": "backward",
              "using": null,
              "recognized": null,
              "mode": null,
              "vehicle": null
            },
            "between": null
          }
        ],
        "speed_limits": null,
        "prohibited_transitions": null,
        "routes": null,
        "destinations": null,
        "sources": [
          {
            "property": "",
            "dataset": "OpenStreetMap",
            "license": "ODbL-1.0",
            "record_id": "w1318320997@3",
            "update_time": "2026-01-02T08:48:19Z",
            "confidence": null,
            "between": [
              0.0,
              0.049724656
            ],
            "provider": "osm",
            "resource": "planet",
            "version": "2026-09-09"
          },
          {
            "property": "",
            "dataset": "OpenStreetMap",
            "license": "ODbL-1.0",
            "record_id": "w1318320996@3",
            "update_time": "2026-01-02T08:48:19Z",
            "confidence": null,
            "between": [
              0.049724656,
              0.951892755
            ],
            "provider": "osm",
            "resource": "planet",
            "version": "2026-09-09"
          },
          {
            "property": "",
            "dataset": "OpenStreetMap",
            "license": "ODbL-1.0",
            "record_id": "w1318320998@2",
            "update_time": "2026-01-02T08:48:19Z",
            "confidence": null,
            "between": [
              0.951892755,
              1.0
            ],
            "provider": "osm",
            "resource": "planet",
            "version": "2026-09-09"
          }
        ],
        "version": 2,
        "bbox": {
          "xmin": 77.60314178466797,
          "xmax": 77.60372924804688,
          "ymin": 12.97348690032959,
          "ymax": 12.973749160766602
        }
      },
      "geometry": {
        "type": "LineString",
        "coordinates": [
          [
            77.6031759,
            12.9734887
          ],
          [
            77.6032127,
            12.9734968
          ],
          [
            77.6032218,
            12.9734988
          ],
          [
            77.6032373,
            12.9735026
          ],
          [
            77.603726,
            12.9736093
          ],
          [
            77.6036983,
            12.973749
          ],
          [
            77.6032132,
            12.9736382
          ],
          [
            77.6032004,
            12.9736353
          ],
          [
            77.6031897,
            12.9736329
          ],
          [
            77.6031538,
            12.9736247
          ]
        ]
      }
    },
    {
      "type": "Feature",
      "id": "b298145e-15a7-47eb-9d35-fb9bf70cf527",
      "properties": {
        "id": "b298145e-15a7-47eb-9d35-fb9bf70cf527",
        "names": null,
        "subtype": "road",
        "class": "service",
        "subclass": "driveway",
        "subclass_rules": [
          {
            "value": "driveway",
            "between": null
          }
        ],
        "connectors": [
          {
            "connector_id": "532ed17d-fd11-45d3-938b-61ec520059f2",
            "at": 0.0
          },
          {
            "connector_id": "ade4d01b-0acd-457d-83d9-2055f3cf01fe",
            "at": 0.077909169
          },
          {
            "connector_id": "3ddc219a-f613-42b4-982f-045976350f6d",
            "at": 1.0
          }
        ],
        "road_surface": null,
        "road_flags": null,
        "rail_flags": null,
        "width_rules": null,
        "level_rules": null,
        "access_restrictions": [
          {
            "access_type": "allowed",
            "when": {
              "during": null,
              "heading": null,
              "using": null,
              "recognized": [
                "as_private"
              ],
              "mode": null,
              "vehicle": null
            },
            "between": null
          }
        ],
        "speed_limits": null,
        "prohibited_transitions": null,
        "routes": null,
        "destinations": null,
        "sources": [
          {
            "property": "",
            "dataset": "OpenStreetMap",
            "license": "ODbL-1.0",
            "record_id": "w1217769121@1",
            "update_time": "2023-10-23T12:27:17Z",
            "confidence": null,
            "between": null,
            "provider": "osm",
            "resource": "planet",
            "version": "2026-09-09"
          }
        ],
        "version": 1,
        "bbox": {
          "xmin": 77.60359191894531,
          "xmax": 77.60404205322266,
          "ymin": 12.974396705627441,
          "ymax": 12.974435806274414
        }
      },
      "geometry": {
        "type": "LineString",
        "coordinates": [
          [
            77.6040385,
            12.9744342
          ],
          [
            77.6040032,
            12.9744295
          ],
          [
            77.6038223,
            12.9744055
          ],
          [
            77.6038193,
            12.9744267
          ],
          [
            77.603604,
            12.9743982
          ]
        ]
      }
    },
    {
      "type": "Feature",
      "id": "506ed028-4857-4661-acaa-df4204a169a2",
      "properties": {
        "id": "506ed028-4857-4661-acaa-df4204a169a2",
        "names": null,
        "subtype": "road",
        "class": "service",
        "subclass": "driveway",
        "subclass_rules": [
          {
            "value": "driveway",
            "between": null
          }
        ],
        "connectors": [
          {
            "connector_id": "d9430185-67a9-41fb-a131-371e59a3178f",
            "at": 0.0
          },
          {
            "connector_id": "b494e90c-f678-4bfd-80ce-41ad945f5dbf",
            "at": 0.260898435
          },
          {
            "connector_id": "89c1abd2-0c4a-49a9-b0af-9d6f2320dea1",
            "at": 1.0
          }
        ],
        "road_surface": null,
        "road_flags": null,
        "rail_flags": null,
        "width_rules": null,
        "level_rules": null,
        "access_restrictions": [
          {
            "access_type": "allowed",
            "when": {
              "during": null,
              "heading": null,
              "using": null,
              "recognized": [
                "as_private"
              ],
              "mode": null,
              "vehicle": null
            },
            "between": [
              0.304999913,
              1.0
            ]
          }
        ],
        "speed_limits": null,
        "prohibited_transitions": null,
        "routes": null,
        "destinations": null,
        "sources": [
          {
            "property": "",
            "dataset": "OpenStreetMap",
            "license": "ODbL-1.0",
            "record_id": "w1318320999@2",
            "update_time": "2026-01-02T08:48:19Z",
            "confidence": null,
            "between": [
              0.0,
              0.304999913
            ],
            "provider": "osm",
            "resource": "planet",
            "version": "2026-09-09"
          },
          {
            "property": "",
            "dataset": "OpenStreetMap",
            "license": "ODbL-1.0",
            "record_id": "w1307397829@3",
            "update_time": "2026-01-02T08:48:19Z",
            "confidence": null,
            "between": [
              0.304999913,
              1.0
            ],
            "provider": "osm",
            "resource": "planet",
            "version": "2026-09-09"
          }
        ],
        "version": 2,
        "bbox": {
          "xmin": 77.60301971435547,
          "xmax": 77.60319519042969,
          "ymin": 12.974242210388184,
          "ymax": 12.974257469177246
        }
      },
      "geometry": {
        "type": "LineString",
        "coordinates": [
          [
            77.6030254,
            12.9742437
          ],
          [
            77.6030586,
            12.9742467
          ],
          [
            77.6030686,
            12.9742481
          ],
          [
            77.6030759,
            12.9742482
          ],
          [
            77.6031914,
            12.9742559
          ]
        ]
      }
    },
    {
      "type": "Feature",
      "id": "f13f8699-f55e-4f4c-83da-bbdfa3cb6815",
      "properties": {
        "id": "f13f8699-f55e-4f4c-83da-bbdfa3cb6815",
        "names": {
          "primary": "Museum Cross Road",
          "common": [
            [
              "kn",
              "ಸಂಗ್ರಹಾಲಯ ರಸ್ತೆ"
            ]
          ],
          "rules": [
            {
              "variant": "common",
              "language": null,
              "perspectives": null,
              "value": "Museum Cross Road",
              "between": null,
              "side": null
            }
          ]
        },
        "subtype": "road",
        "class": "unclassified",
        "subclass": null,
        "subclass_rules": null,
        "connectors": [
          {
            "connector_id": "0e11ce27-1f2a-4192-b69b-806ec3718e15",
            "at": 0.0
          },
          {
            "connector_id": "da0cfb96-e48d-40de-9608-4f142dd663a9",
            "at": 0.038736766
          },
          {
            "connector_id": "4ee3295b-aa28-4be1-8a4e-a2548f5b834a",
            "at": 0.150919885
          },
          {
            "connector_id": "5ea7b095-d7db-4031-abe0-5ea1569eb108",
            "at": 0.171123609
          },
          {
            "connector_id": "34228d62-5d26-4ad7-9a1c-f1f022c1f602",
            "at": 0.20049539
          },
          {
            "connector_id": "5fedcbf9-cdcf-485c-8a13-4ab4e8e26d7f",
            "at": 0.244247564
          },
          {
            "connector_id": "d3793af1-e035-45d5-8b24-2b0b0978dce4",
            "at": 0.296634253
          },
          {
            "connector_id": "4597e6ab-deba-46d3-8c11-5bf5398f7017",
            "at": 0.365060544
          },
          {
            "connector_id": "a8bb2b70-83fb-436d-b490-9a3bc805b5a8",
            "at": 0.403496607
          },
          {
            "connector_id": "aa0935a9-5921-4d3c-9e06-d0c7d9e60613",
            "at": 0.451540856
          },
          {
            "connector_id": "d9430185-67a9-41fb-a131-371e59a3178f",
            "at": 0.537023856
          },
          {
            "connector_id": "3716dea5-fd03-4914-a558-8610e9a6eda2",
            "at": 0.720155995
          },
          {
            "connector_id": "af68d593-5ef8-4f75-91af-fe8f2095a844",
            "at": 0.75831965
          },
          {
            "connector_id": "caff06f1-2366-4d4b-81e8-0e604d95e190",
            "at": 0.836824844
          },
          {
            "connector_id": "35d94d42-1bb3-4b91-a171-deff700c2571",
            "at": 0.848290035
          },
          {
            "connector_id": "9245e234-0e0f-4906-8c92-ff769762fa16",
            "at": 0.930748535
          },
          {
            "connector_id": "1ce98487-b900-4aaf-8836-8a1966689ec0",
            "at": 0.989615223
          },
          {
            "connector_id": "83e92fbc-3643-4472-8241-03ce7f1a892c",
            "at": 1.0
          }
        ],
        "road_surface": [
          {
            "value": "paved",
            "between": null
          }
        ],
        "road_flags": null,
        "rail_flags": null,
        "width_rules": null,
        "level_rules": null,
        "access_restrictions": [
          {
            "access_type": "denied",
            "when": {
              "during": null,
              "heading": null,
              "using": null,
              "recognized": null,
              "mode": [
                "hgv"
              ],
              "vehicle": null
            },
            "between": [
              0.0,
              0.403501461
            ]
          }
        ],
        "speed_limits": null,
        "prohibited_transitions": null,
        "routes": null,
        "destinations": null,
        "sources": [
          {
            "property": "",
            "dataset": "OpenStreetMap",
            "license": "ODbL-1.0",
            "record_id": "w1106057235@4",
            "update_time": "2026-01-02T08:48:19Z",
            "confidence": null,
            "between": [
              0.0,
              0.065880596
            ],
            "provider": "osm",
            "resource": "planet",
            "version": "2026-09-09"
          },
          {
            "property": "",
            "dataset": "OpenStreetMap",
            "license": "ODbL-1.0",
            "record_id": "w1106057236@8",
            "update_time": "2026-07-11T11:40:13Z",
            "confidence": null,
            "between": [
              0.065880596,
              0.403501461
            ],
            "provider": "osm",
            "resource": "planet",
            "version": "2026-09-09"
          },
          {
            "property": "",
            "dataset": "OpenStreetMap",
            "license": "ODbL-1.0",
            "record_id": "w23029699@28",
            "update_time": "2026-01-02T08:48:19Z",
            "confidence": null,
            "between": [
              0.403501461,
              0.836814236
            ],
            "provider": "osm",
            "resource": "planet",
            "version": "2026-09-09"
          },
          {
            "property": "",
            "dataset": "OpenStreetMap",
            "license": "ODbL-1.0",
            "record_id": "w1384492968@2",
            "update_time": "2026-01-02T08:48:19Z",
            "confidence": null,
            "between": [
              0.836814236,
              0.989618709
            ],
            "provider": "osm",
            "resource": "planet",
            "version": "2026-09-09"
          },
          {
            "property": "",
            "dataset": "OpenStreetMap",
            "license": "ODbL-1.0",
            "record_id": "w1093604005@6",
            "update_time": "2026-01-02T08:48:19Z",
            "confidence": null,
            "between": [
              0.989618709,
              1.0
            ],
            "provider": "osm",
            "resource": "planet",
            "version": "2026-09-09"
          }
        ],
        "version": 2,
        "bbox": {
          "xmin": 77.60260772705078,
          "xmax": 77.603271484375,
          "ymin": 12.972850799560547,
          "ymax": 12.975391387939453
        }
      },
      "geometry": {
        "type": "LineString",
        "coordinates": [
          [
            77.603259,
            12.9728523
          ],
          [
            77.6032537,
            12.972954
          ],
          [
            77.6032476,
            12.9730251
          ],
          [
            77.6032132,
            12.9732461
          ],
          [
            77.603205,
            12.9732986
          ],
          [
            77.6031936,
            12.973375
          ],
          [
            77.6031759,
            12.9734887
          ],
          [
            77.6031538,
            12.9736247
          ],
          [
            77.6031211,
            12.9738017
          ],
          [
            77.6031026,
            12.9739011
          ],
          [
            77.6030771,
            12.9740249
          ],
          [
            77.6030471,
            12.9741676
          ],
          [
            77.6030254,
            12.9742437
          ],
          [
            77.602865,
            12.9746987
          ],
          [
            77.6028298,
            12.9747929
          ],
          [
            77.6027583,
            12.974987
          ],
          [
            77.6027483,
            12.9750155
          ],
          [
            77.6026747,
            12.9752199
          ],
          [
            77.6026204,
            12.9753652
          ],
          [
            77.6026113,
            12.975391
          ]
        ]
      }
    },
    {
      "type": "Feature",
      "id": "ce5964a3-fc87-4528-9f84-244f37882dbc",
      "properties": {
        "id": "ce5964a3-fc87-4528-9f84-244f37882dbc",
        "names": null,
        "subtype": "road",
        "class": "footway",
        "subclass": "sidewalk",
        "subclass_rules": [
          {
            "value": "sidewalk",
            "between": null
          }
        ],
        "connectors": [
          {
            "connector_id": "b96f274a-a667-4e0d-b1c3-bdd3c9c6e94e",
            "at": 0.0
          },
          {
            "connector_id": "20abb9a3-104f-44c4-8fca-d6fb3180f946",
            "at": 0.172357249
          },
          {
            "connector_id": "c8a22533-a6c6-4765-8c2c-751e9bfbdf26",
            "at": 0.218713468
          },
          {
            "connector_id": "b2e2fb93-0df1-4c09-9f33-6c0ec5b96c68",
            "at": 0.27379217
          },
          {
            "connector_id": "1611c72e-4d9f-4520-a45c-29430a5f6cec",
            "at": 0.344993899
          },
          {
            "connector_id": "b494e90c-f678-4bfd-80ce-41ad945f5dbf",
            "at": 0.523701249
          },
          {
            "connector_id": "0bc0b6a4-5ee9-4f8b-a644-259eff1fbdcc",
            "at": 0.713687092
          },
          {
            "connector_id": "a9454a1b-eeda-4ed7-9146-d4a2e62bc9a5",
            "at": 0.753979368
          },
          {
            "connector_id": "45cb02a8-9e1e-43ea-95d8-672aa106ca50",
            "at": 0.850209484
          },
          {
            "connector_id": "529f71f4-766a-4c5b-a177-513924c86c5a",
            "at": 0.940997757
          },
          {
            "connector_id": "e9e00943-f027-4724-b4ba-45e2cf17c1e9",
            "at": 1.0
          }
        ],
        "road_surface": [
          {
            "value": "paving_stones",
            "between": null
          }
        ],
        "road_flags": null,
        "rail_flags": null,
        "width_rules": null,
        "level_rules": null,
        "access_restrictions": null,
        "speed_limits": null,
        "prohibited_transitions": null,
        "routes": null,
        "destinations": null,
        "sources": [
          {
            "property": "",
            "dataset": "OpenStreetMap",
            "license": "ODbL-1.0",
            "record_id": "w1071937514@10",
            "update_time": "2026-01-02T08:48:19Z",
            "confidence": null,
            "between": null,
            "provider": "osm",
            "resource": "planet",
            "version": "2026-09-09"
          }
        ],
        "version": 3,
        "bbox": {
          "xmin": 77.6026840209961,
          "xmax": 77.60330963134766,
          "ymin": 12.972956657409668,
          "ymax": 12.975382804870605
        }
      },
      "geometry": {
        "type": "LineString",
        "coordinates": [
          [
            77.6033087,
            12.9729571
          ],
          [
            77.6032943,
            12.9730325
          ],
          [
            77.6032397,
            12.9733839
          ],
          [
            77.6032218,
            12.9734988
          ],
          [
            77.6032004,
            12.9736353
          ],
          [
            77.6031654,
            12.9738105
          ],
          [
            77.6031462,
            12.9739055
          ],
          [
            77.6031221,
            12.9740359
          ],
          [
            77.6030902,
            12.9741771
          ],
          [
            77.6030686,
            12.9742481
          ],
          [
            77.6029116,
            12.9746989
          ],
          [
            77.6028749,
            12.9747933
          ],
          [
            77.6028523,
            12.9748585
          ],
          [
            77.6027921,
            12.9750205
          ],
          [
            77.6027256,
            12.9752386
          ],
          [
            77.6026858,
            12.9753813
          ]
        ]
      }
    },
    {
      "type": "Feature",
      "id": "ff6bde32-7b8f-426d-b229-f264bda4b29e",
      "properties": {
        "id": "ff6bde32-7b8f-426d-b229-f264bda4b29e",
        "names": null,
        "subtype": "road",
        "class": "service",
        "subclass": "driveway",
        "subclass_rules": [
          {
            "value": "driveway",
            "between": null
          }
        ],
        "connectors": [
          {
            "connector_id": "aa0935a9-5921-4d3c-9e06-d0c7d9e60613",
            "at": 0.0
          },
          {
            "connector_id": "7b4bcb89-a0cd-4c2a-980e-8eb96695ccf7",
            "at": 0.168000658
          },
          {
            "connector_id": "f6d8a463-4fba-412d-841c-17900c77d06f",
            "at": 1.0
          }
        ],
        "road_surface": null,
        "road_flags": null,
        "rail_flags": null,
        "width_rules": null,
        "level_rules": null,
        "access_restrictions": [
          {
            "access_type": "allowed",
            "when": {
              "during": null,
              "heading": null,
              "using": null,
              "recognized": [
                "as_private"
              ],
              "mode": null,
              "vehicle": null
            },
            "between": null
          }
        ],
        "speed_limits": null,
        "prohibited_transitions": null,
        "routes": null,
        "destinations": null,
        "sources": [
          {
            "property": "",
            "dataset": "OpenStreetMap",
            "license": "ODbL-1.0",
            "record_id": "w1217769120@4",
            "update_time": "2026-07-11T11:40:13Z",
            "confidence": null,
            "between": null,
            "provider": "osm",
            "resource": "planet",
            "version": "2026-09-09"
          }
        ],
        "version": 1,
        "bbox": {
          "xmin": 77.60279083251953,
          "xmax": 77.60308074951172,
          "ymin": 12.97389030456543,
          "ymax": 12.974026679992676
        }
      },
      "geometry": {
        "type": "LineString",
        "coordinates": [
          [
            77.6030771,
            12.9740249
          ],
          [
            77.6030374,
            12.9740158
          ],
          [
            77.6030246,
            12.9740124
          ],
          [
            77.6030087,
            12.9740085
          ],
          [
            77.6029409,
            12.9739919
          ],
          [
            77.6029177,
            12.9739786
          ],
          [
            77.6028869,
            12.9739521
          ],
          [
            77.6028381,
            12.9739175
          ],
          [
            77.6027924,
            12.9738907
          ]
        ]
      }
    },
    {
      "type": "Feature",
      "id": "af442507-3188-400a-8dd4-c1b50992d545",
      "properties": {
        "id": "af442507-3188-400a-8dd4-c1b50992d545",
        "names": null,
        "subtype": "road",
        "class": "service",
        "subclass": null,
        "subclass_rules": null,
        "connectors": [
          {
            "connector_id": "a8bb2b70-83fb-436d-b490-9a3bc805b5a8",
            "at": 0.0
          },
          {
            "connector_id": "eaad04d5-f4d7-44b9-86f8-c6af3d324f6e",
            "at": 0.105659067
          },
          {
            "connector_id": "fa6b33d1-7530-4e40-8954-20fabd69ec8e",
            "at": 1.0
          }
        ],
        "road_surface": null,
        "road_flags": null,
        "rail_flags": null,
        "width_rules": null,
        "level_rules": null,
        "access_restrictions": null,
        "speed_limits": null,
        "prohibited_transitions": null,
        "routes": null,
        "destinations": null,
        "sources": [
          {
            "property": "",
            "dataset": "OpenStreetMap",
            "license": "ODbL-1.0",
            "record_id": "w1096187543@5",
            "update_time": "2026-01-02T08:48:19Z",
            "confidence": null,
            "between": null,
            "provider": "osm",
            "resource": "planet",
            "version": "2026-09-09"
          }
        ],
        "version": 2,
        "bbox": {
          "xmin": 77.60257720947266,
          "xmax": 77.60310363769531,
          "ymin": 12.9738130569458,
          "ymax": 12.973902702331543
        }
      },
      "geometry": {
        "type": "LineString",
        "coordinates": [
          [
            77.6031026,
            12.9739011
          ],
          [
            77.6030612,
            12.9738957
          ],
          [
            77.6030472,
            12.9738934
          ],
          [
            77.6030342,
            12.9738912
          ],
          [
            77.6025804,
            12.9738146
          ]
        ]
      }
    },
    {
      "type": "Feature",
      "id": "93a0173d-5f7d-458e-ad3f-79dffffa6087",
      "properties": {
        "id": "93a0173d-5f7d-458e-ad3f-79dffffa6087",
        "names": null,
        "subtype": "road",
        "class": "footway",
        "subclass": "sidewalk",
        "subclass_rules": [
          {
            "value": "sidewalk",
            "between": null
          }
        ],
        "connectors": [
          {
            "connector_id": "ef260b1e-8810-47d1-b198-7c5e8d4bac7d",
            "at": 0.0
          },
          {
            "connector_id": "2b1ae732-a74e-4e03-a504-e72db9ed6f05",
            "at": 0.095126407
          },
          {
            "connector_id": "7b4bcb89-a0cd-4c2a-980e-8eb96695ccf7",
            "at": 0.333792829
          },
          {
            "connector_id": "eaad04d5-f4d7-44b9-86f8-c6af3d324f6e",
            "at": 0.362438307
          },
          {
            "connector_id": "1838aae2-4b12-4a46-951e-d7fc33b300e6",
            "at": 0.507327591
          },
          {
            "connector_id": "638f53f7-072e-4e7e-b3a2-1be49dac4752",
            "at": 0.519966735
          },
          {
            "connector_id": "4f3747aa-8270-4fd5-b102-5143bb55e5ee",
            "at": 0.588220261
          },
          {
            "connector_id": "d11dff7a-9ee7-4b8d-9686-cc9500926c22",
            "at": 0.838122678
          },
          {
            "connector_id": "c24da022-6be6-479c-b5fd-73b3692fedee",
            "at": 0.870395858
          },
          {
            "connector_id": "2b9393c3-0e75-438e-8d17-9751018913d3",
            "at": 0.916094722
          },
          {
            "connector_id": "90e0b772-a571-4a54-a9df-4f4cab6c133b",
            "at": 0.960008797
          },
          {
            "connector_id": "9c3dc9bf-4114-4b67-bea6-134cc794c0ce",
            "at": 1.0
          }
        ],
        "road_surface": [
          {
            "value": "paving_stones",
            "between": null
          }
        ],
        "road_flags": null,
        "rail_flags": null,
        "width_rules": null,
        "level_rules": null,
        "access_restrictions": null,
        "speed_limits": null,
        "prohibited_transitions": null,
        "routes": null,
        "destinations": null,
        "sources": [
          {
            "property": "",
            "dataset": "OpenStreetMap",
            "license": "ODbL-1.0",
            "record_id": "w1093604003@17",
            "update_time": "2026-07-11T11:40:13Z",
            "confidence": null,
            "between": null,
            "provider": "osm",
            "resource": "planet",
            "version": "2026-09-09"
          }
        ],
        "version": 4,
        "bbox": {
          "xmin": 77.60143280029297,
          "xmax": 77.60321044921875,
          "ymin": 12.972933769226074,
          "ymax": 12.975347518920898
        }
      },
      "geometry": {
        "type": "LineString",
        "coordinates": [
          [
            77.6025648,
            12.9753475
          ],
          [
            77.6027031,
            12.9749691
          ],
          [
            77.6027658,
            12.9748188
          ],
          [
            77.6029952,
            12.9741474
          ],
          [
            77.6030246,
            12.9740124
          ],
          [
            77.6030472,
            12.9738934
          ],
          [
            77.6031518,
            12.9732898
          ],
          [
            77.6031593,
            12.9732369
          ],
          [
            77.6031882,
            12.9730403
          ],
          [
            77.6031977,
            12.972951
          ],
          [
            77.6031828,
            12.9729428
          ],
          [
            77.6031436,
            12.9729356
          ],
          [
            77.6030078,
            12.9729457
          ],
          [
            77.6021259,
            12.9729997
          ],
          [
            77.601987,
            12.9730062
          ],
          [
            77.6017905,
            12.9730186
          ],
          [
            77.6016014,
            12.9730251
          ],
          [
            77.601548,
            12.9730258
          ],
          [
            77.6015235,
            12.9730269
          ],
          [
            77.6014788,
            12.9730504
          ],
          [
            77.6014455,
            12.9730781
          ]
        ]
      }
    },
    {
      "type": "Feature",
      "id": "ac3404d7-7f52-43fc-ab3a-ccfbea4275ab",
      "properties": {
        "id": "ac3404d7-7f52-43fc-ab3a-ccfbea4275ab",
        "names": null,
        "subtype": "road",
        "class": "service",
        "subclass": null,
        "subclass_rules": null,
        "connectors": [
          {
            "connector_id": "de6eef93-9d9f-4e5e-b742-ecc40820d7d1",
            "at": 0.0
          },
          {
            "connector_id": "38b6f07e-30a4-49bd-bbfb-41005c0b382a",
            "at": 0.051255285
          },
          {
            "connector_id": "1413463c-419e-4763-bc33-82407698825a",
            "at": 0.947000538
          },
          {
            "connector_id": "583fe491-e943-4f4c-a981-de1b7495971a",
            "at": 1.0
          }
        ],
        "road_surface": null,
        "road_flags": null,
        "rail_flags": null,
        "width_rules": null,
        "level_rules": null,
        "access_restrictions": [
          {
            "access_type": "allowed",
            "when": {
              "during": null,
              "heading": null,
              "using": null,
              "recognized": [
                "as_private"
              ],
              "mode": null,
              "vehicle": null
            },
            "between": null
          }
        ],
        "speed_limits": null,
        "prohibited_transitions": null,
        "routes": null,
        "destinations": null,
        "sources": [
          {
            "property": "",
            "dataset": "OpenStreetMap",
            "license": "ODbL-1.0",
            "record_id": "w1125877409@6",
            "update_time": "2026-01-02T08:48:19Z",
            "confidence": null,
            "between": null,
            "provider": "osm",
            "resource": "planet",
            "version": "2026-09-09"
          }
        ],
        "version": 2,
        "bbox": {
          "xmin": 77.60144805908203,
          "xmax": 77.60202026367188,
          "ymin": 12.974193572998047,
          "ymax": 12.974431037902832
        }
      },
      "geometry": {
        "type": "LineString",
        "coordinates": [
          [
            77.6014606,
            12.9742337
          ],
          [
            77.6015155,
            12.9742282
          ],
          [
            77.6015258,
            12.9742272
          ],
          [
            77.6015478,
            12.9742249
          ],
          [
            77.6020004,
            12.9741937
          ],
          [
            77.6020196,
            12.9743881
          ],
          [
            77.6015716,
            12.9744216
          ],
          [
            77.6015506,
            12.9744226
          ],
          [
            77.6015387,
            12.9744238
          ],
          [
            77.6014832,
            12.9744295
          ]
        ]
      }
    },
    {
      "type": "Feature",
      "id": "2cf45ef8-123f-4b8e-aa45-9126d43ee66f",
      "properties": {
        "id": "2cf45ef8-123f-4b8e-aa45-9126d43ee66f",
        "names": null,
        "subtype": "road",
        "class": "service",
        "subclass": "driveway",
        "subclass_rules": [
          {
            "value": "driveway",
            "between": null
          }
        ],
        "connectors": [
          {
            "connector_id": "eead33fe-2196-4971-be1c-ec095a79a0ee",
            "at": 0.0
          },
          {
            "connector_id": "a2bf12d2-012c-4764-8e99-29f1100f0a3d",
            "at": 0.039302696
          },
          {
            "connector_id": "17cd3cec-aa5e-4b2e-a1b1-ec0b10d2b621",
            "at": 0.076459897
          },
          {
            "connector_id": "b189c84a-68d3-4b62-8458-852d40ccad61",
            "at": 0.876783446
          },
          {
            "connector_id": "c24da022-6be6-479c-b5fd-73b3692fedee",
            "at": 0.963463865
          },
          {
            "connector_id": "53385a3d-a092-44ff-8f9e-62f00a7e26dd",
            "at": 1.0
          }
        ],
        "road_surface": null,
        "road_flags": null,
        "rail_flags": null,
        "width_rules": null,
        "level_rules": null,
        "access_restrictions": [
          {
            "access_type": "denied",
            "when": {
              "during": null,
              "heading": "backward",
              "using": null,
              "recognized": null,
              "mode": null,
              "vehicle": null
            },
            "between": null
          }
        ],
        "speed_limits": null,
        "prohibited_transitions": null,
        "routes": null,
        "destinations": null,
        "sources": [
          {
            "property": "",
            "dataset": "OpenStreetMap",
            "license": "ODbL-1.0",
            "record_id": "w1312735017@3",
            "update_time": "2026-01-02T08:48:19Z",
            "confidence": null,
            "between": [
              0.0,
              0.049850988
            ],
            "provider": "osm",
            "resource": "planet",
            "version": "2026-09-09"
          },
          {
            "property": "",
            "dataset": "OpenStreetMap",
            "license": "ODbL-1.0",
            "record_id": "w1119414335@4",
            "update_time": "2026-01-02T08:48:19Z",
            "confidence": null,
            "between": [
              0.049850988,
              0.923280738
            ],
            "provider": "osm",
            "resource": "planet",
            "version": "2026-09-09"
          },
          {
            "property": "",
            "dataset": "OpenStreetMap",
            "license": "ODbL-1.0",
            "record_id": "w1312735016@3",
            "update_time": "2026-01-02T08:48:19Z",
            "confidence": null,
            "between": [
              0.923280738,
              1.0
            ],
            "provider": "osm",
            "resource": "planet",
            "version": "2026-09-09"
          }
        ],
        "version": 2,
        "bbox": {
          "xmin": 77.6014404296875,
          "xmax": 77.60203552246094,
          "ymin": 12.972942352294922,
          "ymax": 12.974091529846191
        }
      },
      "geometry": {
        "type": "LineString",
        "coordinates": [
          [
            77.6014433,
            12.9740915
          ],
          [
            77.6014988,
            12.9740888
          ],
          [
            77.6015113,
            12.9740881
          ],
          [
            77.6015296,
            12.9740883
          ],
          [
            77.6015756,
            12.9740858
          ],
          [
            77.6020286,
            12.9740678
          ],
          [
            77.6019916,
            12.9731534
          ],
          [
            77.6019893,
            12.9730744
          ],
          [
            77.601988,
            12.973037
          ],
          [
            77.601987,
            12.9730062
          ],
          [
            77.6019866,
            12.9729971
          ],
          [
            77.6019839,
            12.9729442
          ]
        ]
      }
    },
    {
      "type": "Feature",
      "id": "48efee59-7dca-430b-8f5b-e1024cdf722e",
      "properties": {
        "id": "48efee59-7dca-430b-8f5b-e1024cdf722e",
        "names": {
          "primary": "Mahatma Gandhi Road",
          "common": [
            [
              "kn",
              "ಮಹಾತ್ಮ ಗಾಂಧಿ ರಸ್ತೆ"
            ]
          ],
          "rules": [
            {
              "variant": "common",
              "language": null,
              "perspectives": null,
              "value": "Mahatma Gandhi Road",
              "between": null,
              "side": null
            },
            {
              "variant": "alternate",
              "language": null,
              "perspectives": null,
              "value": "M G Road",
              "between": null,
              "side": null
            },
            {
              "variant": "short",
              "language": null,
              "perspectives": null,
              "value": "MG Road",
              "between": null,
              "side": null
            }
          ]
        },
        "subtype": "road",
        "class": "secondary",
        "subclass": null,
        "subclass_rules": null,
        "connectors": [
          {
            "connector_id": "2e860280-ba34-4cee-bc32-39fa64a3edd6",
            "at": 0.0
          },
          {
            "connector_id": "296afb2f-aa8c-4aba-b391-3b56a5dfff42",
            "at": 0.29135055
          },
          {
            "connector_id": "7c170417-92db-4dc5-907e-f653e7062d86",
            "at": 0.348186569
          },
          {
            "connector_id": "b1057b61-68b7-4f11-b79a-9b774d74802e",
            "at": 0.792201898
          },
          {
            "connector_id": "9f9942b1-fedf-4530-9c40-2d02697983d6",
            "at": 1.0
          }
        ],
        "road_surface": [
          {
            "value": "paved",
            "between": null
          }
        ],
        "road_flags": null,
        "rail_flags": null,
        "width_rules": null,
        "level_rules": null,
        "access_restrictions": [
          {
            "access_type": "denied",
            "when": {
              "during": null,
              "heading": "backward",
              "using": null,
              "recognized": null,
              "mode": null,
              "vehicle": null
            },
            "between": null
          },
          {
            "access_type": "denied",
            "when": {
              "during": null,
              "heading": null,
              "using": null,
              "recognized": null,
              "mode": null,
              "vehicle": [
                {
                  "dimension": "height",
                  "comparison": "greater_than",
                  "value": 5.5,
                  "unit": "m"
                }
              ]
            },
            "between": null
          }
        ],
        "speed_limits": [
          {
            "min_speed": null,
            "max_speed": {
              "value": 30,
              "unit": "km/h"
            },
            "is_max_speed_variable": null,
            "when": null,
            "between": null
          }
        ],
        "prohibited_transitions": null,
        "routes": null,
        "destinations": null,
        "sources": [
          {
            "property": "",
            "dataset": "OpenStreetMap",
            "license": "ODbL-1.0",
            "record_id": "w1308654687@5",
            "update_time": "2026-01-02T08:48:19Z",
            "confidence": null,
            "between": null,
            "provider": "osm",
            "resource": "planet",
            "version": "2026-09-09"
          }
        ],
        "version": 3,
        "bbox": {
          "xmin": 77.60179138183594,
          "xmax": 77.60254669189453,
          "ymin": 12.97637939453125,
          "ymax": 12.976518630981445
        }
      },
      "geometry": {
        "type": "LineString",
        "coordinates": [
          [
            77.6025429,
            12.9763809
          ],
          [
            77.6023269,
            12.9764287
          ],
          [
            77.602285,
            12.976439
          ],
          [
            77.6020105,
            12.9765063
          ],
          [
            77.6019565,
            12.9765136
          ],
          [
            77.6018634,
            12.9765184
          ],
          [
            77.6017987,
            12.976518
          ]
        ]
      }
    },
    {
      "type": "Feature",
      "id": "45afd3d2-86f8-487b-b76b-09c01682398d",
      "properties": {
        "id": "45afd3d2-86f8-487b-b76b-09c01682398d",
        "names": null,
        "subtype": "road",
        "class": "footway",
        "subclass": "sidewalk",
        "subclass_rules": [
          {
            "value": "sidewalk",
            "between": null
          }
        ],
        "connectors": [
          {
            "connector_id": "f2555f3e-a361-49ce-ab54-9b90105562aa",
            "at": 0.0
          },
          {
            "connector_id": "7e46ba06-4684-4d47-b152-3931be4e9a5e",
            "at": 0.189481606
          },
          {
            "connector_id": "9f8a0420-650d-437e-916f-d308b2fb939a",
            "at": 0.738288726
          },
          {
            "connector_id": "10d664bb-fab9-4de3-b515-8b3d63e374c1",
            "at": 0.842091497
          },
          {
            "connector_id": "7a2be6bb-e8e4-408c-8c28-57832206374c",
            "at": 1.0
          }
        ],
        "road_surface": [
          {
            "value": "paving_stones",
            "between": null
          }
        ],
        "road_flags": null,
        "rail_flags": null,
        "width_rules": null,
        "level_rules": null,
        "access_restrictions": null,
        "speed_limits": null,
        "prohibited_transitions": null,
        "routes": null,
        "destinations": null,
        "sources": [
          {
            "property": "",
            "dataset": "OpenStreetMap",
            "license": "ODbL-1.0",
            "record_id": "w460600469@12",
            "update_time": "2026-01-15T17:48:14Z",
            "confidence": null,
            "between": null,
            "provider": "osm",
            "resource": "planet",
            "version": "2026-09-09"
          }
        ],
        "version": 4,
        "bbox": {
          "xmin": 77.60183715820312,
          "xmax": 77.60242462158203,
          "ymin": 12.976333618164062,
          "ymax": 12.976442337036133
        }
      },
      "geometry": {
        "type": "LineString",
        "coordinates": [
          [
            77.6018398,
            12.9764074
          ],
          [
            77.6018536,
            12.9764263
          ],
          [
            77.6018828,
            12.9764423
          ],
          [
            77.60194,
            12.9764378
          ],
          [
            77.6019546,
            12.9764353
          ],
          [
            77.6022637,
            12.9763667
          ],
          [
            77.6023252,
            12.9763545
          ],
          [
            77.6024186,
            12.9763352
          ]
        ]
      }
    },
    {
      "type": "Feature",
      "id": "38b8c4bc-0e21-419f-8e5f-27f02c9bf1e5",
      "properties": {
        "id": "38b8c4bc-0e21-419f-8e5f-27f02c9bf1e5",
        "names": null,
        "subtype": "road",
        "class": "service",
        "subclass": "driveway",
        "subclass_rules": [
          {
            "value": "driveway",
            "between": null
          }
        ],
        "connectors": [
          {
            "connector_id": "7c170417-92db-4dc5-907e-f653e7062d86",
            "at": 0.0
          },
          {
            "connector_id": "9f8a0420-650d-437e-916f-d308b2fb939a",
            "at": 0.131913541
          },
          {
            "connector_id": "ce38a521-e4ce-44fa-ae7c-2366fa4922cb",
            "at": 1.0
          }
        ],
        "road_surface": null,
        "road_flags": null,
        "rail_flags": null,
        "width_rules": null,
        "level_rules": null,
        "access_restrictions": null,
        "speed_limits": null,
        "prohibited_transitions": null,
        "routes": null,
        "destinations": null,
        "sources": [
          {
            "property": "",
            "dataset": "OpenStreetMap",
            "license": "ODbL-1.0",
            "record_id": "w1385089160@2",
            "update_time": "2026-01-01T06:53:43Z",
            "confidence": null,
            "between": null,
            "provider": "osm",
            "resource": "planet",
            "version": "2026-09-09"
          }
        ],
        "version": 2,
        "bbox": {
          "xmin": 77.60211944580078,
          "xmax": 77.60228729248047,
          "ymin": 12.975889205932617,
          "ymax": 12.976439476013184
        }
      },
      "geometry": {
        "type": "LineString",
        "coordinates": [
          [
            77.602285,
            12.976439
          ],
          [
            77.6022704,
            12.9763886
          ],
          [
            77.6022637,
            12.9763667
          ],
          [
            77.6022581,
            12.9763491
          ],
          [
            77.6021232,
            12.975891
          ]
        ]
      }
    },
    {
      "type": "Feature",
      "id": "8afab747-235d-4cf7-b71d-1ac5337959db",
      "properties": {
        "id": "8afab747-235d-4cf7-b71d-1ac5337959db",
        "names": null,
        "subtype": "road",
        "class": "footway",
        "subclass": "sidewalk",
        "subclass_rules": [
          {
            "value": "sidewalk",
            "between": null
          }
        ],
        "connectors": [
          {
            "connector_id": "ba097761-5d1b-4faa-91dd-9910d7673e82",
            "at": 0.0
          },
          {
            "connector_id": "36d9dcd9-ee5d-4aa5-b488-19e476d0521c",
            "at": 0.371704563
          },
          {
            "connector_id": "fbe8a119-c3bd-4179-9bdd-c00245f65508",
            "at": 0.445585132
          },
          {
            "connector_id": "7fa6b04f-b072-435f-a56e-2c7af01798a4",
            "at": 0.530167996
          },
          {
            "connector_id": "360a40dc-20ff-402d-91e4-5f437ee76b2a",
            "at": 0.957452827
          },
          {
            "connector_id": "7a2be6bb-e8e4-408c-8c28-57832206374c",
            "at": 1.0
          }
        ],
        "road_surface": [
          {
            "value": "paving_stones",
            "between": null
          }
        ],
        "road_flags": null,
        "rail_flags": null,
        "width_rules": [
          {
            "value": 2.5,
            "between": [
              0.0,
              0.517085319
            ]
          }
        ],
        "level_rules": null,
        "access_restrictions": null,
        "speed_limits": null,
        "prohibited_transitions": null,
        "routes": null,
        "destinations": null,
        "sources": [
          {
            "property": "",
            "dataset": "OpenStreetMap",
            "license": "ODbL-1.0",
            "record_id": "w1093603999@8",
            "update_time": "2026-01-15T17:48:14Z",
            "confidence": null,
            "between": [
              0.0,
              0.517085319
            ],
            "provider": "osm",
            "resource": "planet",
            "version": "2026-09-09"
          },
          {
            "property": "",
            "dataset": "OpenStreetMap",
            "license": "ODbL-1.0",
            "record_id": "w1308714941@3",
            "update_time": "2026-01-01T06:53:43Z",
            "confidence": null,
            "between": [
              0.517085319,
              1.0
            ],
            "provider": "osm",
            "resource": "planet",
            "version": "2026-09-09"
          }
        ],
        "version": 4,
        "bbox": {
          "xmin": 77.60173034667969,
          "xmax": 77.60249328613281,
          "ymin": 12.975648880004883,
          "ymax": 12.976335525512695
        }
      },
      "geometry": {
        "type": "LineString",
        "coordinates": [
          [
            77.6017334,
            12.9758325
          ],
          [
            77.6017572,
            12.9758257
          ],
          [
            77.6018821,
            12.9757948
          ],
          [
            77.6022698,
            12.9756992
          ],
          [
            77.6023452,
            12.9756796
          ],
          [
            77.6023761,
            12.9756715
          ],
          [
            77.6024662,
            12.9756505
          ],
          [
            77.60248,
            12.9756492
          ],
          [
            77.6024817,
            12.9756682
          ],
          [
            77.6024745,
            12.975914
          ],
          [
            77.6024609,
            12.9761845
          ],
          [
            77.602456,
            12.9762915
          ],
          [
            77.6024511,
            12.9763141
          ],
          [
            77.6024393,
            12.9763264
          ],
          [
            77.6024186,
            12.9763352
          ]
        ]
      }
    },
    {
      "type": "Feature",
      "id": "8137bae4-170a-4c8c-af21-69e7466ec65e",
      "properties": {
        "id": "8137bae4-170a-4c8c-af21-69e7466ec65e",
        "names": null,
        "subtype": "road",
        "class": "footway",
        "subclass": null,
        "subclass_rules": null,
        "connectors": [
          {
            "connector_id": "aa8a57bd-571e-4e9a-81ce-4527dcbc8a33",
            "at": 0.0
          },
          {
            "connector_id": "ad3824a3-b6d7-4a34-94c2-05bff044fbe6",
            "at": 1.0
          }
        ],
        "road_surface": null,
        "road_flags": null,
        "rail_flags": null,
        "width_rules": null,
        "level_rules": null,
        "access_restrictions": null,
        "speed_limits": null,
        "prohibited_transitions": null,
        "routes": null,
        "destinations": null,
        "sources": [
          {
            "property": "",
            "dataset": "OpenStreetMap",
            "license": "ODbL-1.0",
            "record_id": "w1384492969@1",
            "update_time": "2025-05-08T04:01:46Z",
            "confidence": null,
            "between": null,
            "provider": "osm",
            "resource": "planet",
            "version": "2026-09-09"
          }
        ],
        "version": 1,
        "bbox": {
          "xmin": 77.60216522216797,
          "xmax": 77.60218048095703,
          "ymin": 12.975504875183105,
          "ymax": 12.975553512573242
        }
      },
      "geometry": {
        "type": "LineString",
        "coordinates": [
          [
            77.6021718,
            12.9755067
          ],
          [
            77.6021802,
            12.9755519
          ]
        ]
      }
    },
    {
      "type": "Feature",
      "id": "7546570d-ad84-44d8-8fac-5a99a4b13cc6",
      "properties": {
        "id": "7546570d-ad84-44d8-8fac-5a99a4b13cc6",
        "names": null,
        "subtype": "road",
        "class": "footway",
        "subclass": "sidewalk",
        "subclass_rules": [
          {
            "value": "sidewalk",
            "between": null
          }
        ],
        "connectors": [
          {
            "connector_id": "0287da72-bca1-47c8-b8e3-a8811243b827",
            "at": 0.0
          },
          {
            "connector_id": "8579efe9-4940-4295-a5a5-4c5962182430",
            "at": 0.652514255
          },
          {
            "connector_id": "6422ba91-92a9-4de6-837e-0744d8f07226",
            "at": 0.719840945
          },
          {
            "connector_id": "ef260b1e-8810-47d1-b198-7c5e8d4bac7d",
            "at": 1.0
          }
        ],
        "road_surface": [
          {
            "value": "paving_stones",
            "between": null
          }
        ],
        "road_flags": null,
        "rail_flags": null,
        "width_rules": [
          {
            "value": 2.5,
            "between": [
              0.0,
              0.80838892
            ]
          }
        ],
        "level_rules": null,
        "access_restrictions": null,
        "speed_limits": null,
        "prohibited_transitions": null,
        "routes": null,
        "destinations": null,
        "sources": [
          {
            "property": "",
            "dataset": "OpenStreetMap",
            "license": "ODbL-1.0",
            "record_id": "w1093603998@4",
            "update_time": "2026-01-02T08:48:19Z",
            "confidence": null,
            "between": [
              0.0,
              0.80838892
            ],
            "provider": "osm",
            "resource": "planet",
            "version": "2026-09-09"
          },
          {
            "property": "",
            "dataset": "OpenStreetMap",
            "license": "ODbL-1.0",
            "record_id": "w1308640136@3",
            "update_time": "2026-01-02T08:48:19Z",
            "confidence": null,
            "between": [
              0.80838892,
              1.0
            ],
            "provider": "osm",
            "resource": "planet",
            "version": "2026-09-09"
          }
        ],
        "version": 3,
        "bbox": {
          "xmin": 77.60169982910156,
          "xmax": 77.60257720947266,
          "ymin": 12.975345611572266,
          "ymax": 12.975700378417969
        }
      },
      "geometry": {
        "type": "LineString",
        "coordinates": [
          [
            77.6017125,
            12.9757
          ],
          [
            77.6018539,
            12.9756723
          ],
          [
            77.6018858,
            12.9756556
          ],
          [
            77.6023498,
            12.9755483
          ],
          [
            77.6023854,
            12.9755402
          ],
          [
            77.6023978,
            12.9755508
          ],
          [
            77.602412,
            12.9755467
          ],
          [
            77.6024984,
            12.9755252
          ],
          [
            77.6025548,
            12.9753736
          ],
          [
            77.6025648,
            12.9753475
          ]
        ]
      }
    },
    {
      "type": "Feature",
      "id": "4eaaa8b8-095e-40a7-a77f-40180d901657",
      "properties": {
        "id": "4eaaa8b8-095e-40a7-a77f-40180d901657",
        "names": {
          "primary": "Church Street",
          "common": [
            [
              "kn",
              "ಚರ್ಚ್ ಬೀದಿ"
            ]
          ],
          "rules": [
            {
              "variant": "common",
              "language": null,
              "perspectives": null,
              "value": "Church Street",
              "between": null,
              "side": null
            }
          ]
        },
        "subtype": "road",
        "class": "unclassified",
        "subclass": null,
        "subclass_rules": null,
        "connectors": [
          {
            "connector_id": "2e5ba5d5-7340-470e-9602-75c735a4310f",
            "at": 0.0
          },
          {
            "connector_id": "eae681e4-f5f3-440d-aaa9-1c6bcedaafd3",
            "at": 0.063922257
          },
          {
            "connector_id": "e6837ec8-9be6-4681-b94b-84326ed81387",
            "at": 0.785607347
          },
          {
            "connector_id": "298bfc87-9c3c-4f64-9df9-5dd13b5acb99",
            "at": 1.0
          }
        ],
        "road_surface": [
          {
            "value": "paving_stones",
            "between": null
          }
        ],
        "road_flags": null,
        "rail_flags": null,
        "width_rules": [
          {
            "value": 5.5,
            "between": null
          }
        ],
        "level_rules": null,
        "access_restrictions": [
          {
            "access_type": "denied",
            "when": {
              "during": null,
              "heading": "backward",
              "using": null,
              "recognized": null,
              "mode": null,
              "vehicle": null
            },
            "between": null
          },
          {
            "access_type": "allowed",
            "when": {
              "during": null,
              "heading": null,
              "using": null,
              "recognized": null,
              "mode": [
                "foot",
                "bicycle",
                "motor_vehicle"
              ],
              "vehicle": null
            },
            "between": null
          }
        ],
        "speed_limits": [
          {
            "min_speed": null,
            "max_speed": {
              "value": 20,
              "unit": "km/h"
            },
            "is_max_speed_variable": null,
            "when": null,
            "between": null
          }
        ],
        "prohibited_transitions": null,
        "routes": null,
        "destinations": null,
        "sources": [
          {
            "property": "",
            "dataset": "OpenStreetMap",
            "license": "ODbL-1.0",
            "record_id": "w1049316087@11",
            "update_time": "2026-01-15T17:48:14Z",
            "confidence": null,
            "between": null,
            "provider": "osm",
            "resource": "planet",
            "version": "2026-09-09"
          }
        ],
        "version": 4,
        "bbox": {
          "xmin": 77.6016616821289,
          "xmax": 77.60256958007812,
          "ymin": 12.975577354431152,
          "ymax": 12.975799560546875
        }
      },
      "geometry": {
        "type": "LineString",
        "coordinates": [
          [
            77.6016681,
            12.9757991
          ],
          [
            77.601725,
            12.9757854
          ],
          [
            77.6023651,
            12.9756218
          ],
          [
            77.6025567,
            12.975579
          ]
        ]
      }
    },
    {
      "type": "Feature",
      "id": "a69b0e60-0cc8-4154-87e7-92f805bdba8f",
      "properties": {
        "id": "a69b0e60-0cc8-4154-87e7-92f805bdba8f",
        "names": null,
        "subtype": "road",
        "class": "footway",
        "subclass": null,
        "subclass_rules": null,
        "connectors": [
          {
            "connector_id": "a8962650-9a95-412d-a201-d959cb8afa95",
            "at": 0.0
          },
          {
            "connector_id": "c6379007-6d23-40b8-a52d-e83d70a6e6b0",
            "at": 0.044921408
          },
          {
            "connector_id": "ad3824a3-b6d7-4a34-94c2-05bff044fbe6",
            "at": 0.358047171
          },
          {
            "connector_id": "31fa35ab-2068-490b-8b60-e91a7e5c5179",
            "at": 0.527233668
          },
          {
            "connector_id": "0d124363-53c3-48d4-a098-b60ff1299051",
            "at": 0.586869369
          },
          {
            "connector_id": "0dd183d9-3fff-4238-83ac-c9dc3e813575",
            "at": 0.695413372
          },
          {
            "connector_id": "3ab15470-3d7b-4134-98eb-6b431a5afc3d",
            "at": 1.0
          }
        ],
        "road_surface": null,
        "road_flags": null,
        "rail_flags": null,
        "width_rules": null,
        "level_rules": null,
        "access_restrictions": null,
        "speed_limits": null,
        "prohibited_transitions": null,
        "routes": null,
        "destinations": null,
        "sources": [
          {
            "property": "",
            "dataset": "OpenStreetMap",
            "license": "ODbL-1.0",
            "record_id": "w1210543117@5",
            "update_time": "2026-01-02T08:48:19Z",
            "confidence": null,
            "between": null,
            "provider": "osm",
            "resource": "planet",
            "version": "2026-09-09"
          }
        ],
        "version": 2,
        "bbox": {
          "xmin": 77.6017074584961,
          "xmax": 77.60265350341797,
          "ymin": 12.974950790405273,
          "ymax": 12.975654602050781
        }
      },
      "geometry": {
        "type": "LineString",
        "coordinates": [
          [
            77.6017077,
            12.9756543
          ],
          [
            77.6017183,
            12.9756523
          ],
          [
            77.6017671,
            12.975642
          ],
          [
            77.6021802,
            12.9755519
          ],
          [
            77.6024034,
            12.9755032
          ],
          [
            77.6024564,
            12.9754916
          ],
          [
            77.6024652,
            12.9754673
          ],
          [
            77.6025145,
            12.9753318
          ],
          [
            77.6026398,
            12.9749869
          ],
          [
            77.6026511,
            12.974951
          ]
        ]
      }
    },
    {
      "type": "Feature",
      "id": "4bda2854-0d17-4786-ad4e-87f4a691c5c1",
      "properties": {
        "id": "4bda2854-0d17-4786-ad4e-87f4a691c5c1",
        "names": null,
        "subtype": "road",
        "class": "service",
        "subclass": "driveway",
        "subclass_rules": [
          {
            "value": "driveway",
            "between": null
          }
        ],
        "connectors": [
          {
            "connector_id": "3ab15470-3d7b-4134-98eb-6b431a5afc3d",
            "at": 0.0
          },
          {
            "connector_id": "21f7fca1-dd4f-433d-a0ff-05ee8d02cf73",
            "at": 0.71430017
          },
          {
            "connector_id": "76c4df17-7478-420b-806e-b20bd32734e3",
            "at": 0.872796067
          },
          {
            "connector_id": "8449bed6-6616-45e9-b2ad-63b4f25d0c5b",
            "at": 0.928050782
          },
          {
            "connector_id": "9c167ee2-85c7-4a0d-a801-3953722cb4d8",
            "at": 0.963445928
          },
          {
            "connector_id": "deb4024b-3e8b-4613-94d9-2a2cddb164e4",
            "at": 1.0
          }
        ],
        "road_surface": null,
        "road_flags": null,
        "rail_flags": null,
        "width_rules": null,
        "level_rules": null,
        "access_restrictions": [
          {
            "access_type": "allowed",
            "when": {
              "during": null,
              "heading": null,
              "using": null,
              "recognized": [
                "as_private"
              ],
              "mode": null,
              "vehicle": null
            },
            "between": null
          }
        ],
        "speed_limits": null,
        "prohibited_transitions": null,
        "routes": null,
        "destinations": null,
        "sources": [
          {
            "property": "",
            "dataset": "OpenStreetMap",
            "license": "ODbL-1.0",
            "record_id": "w1119414331@8",
            "update_time": "2026-01-02T08:48:19Z",
            "confidence": null,
            "between": null,
            "provider": "osm",
            "resource": "planet",
            "version": "2026-09-09"
          }
        ],
        "version": 3,
        "bbox": {
          "xmin": 77.60162353515625,
          "xmax": 77.60265350341797,
          "ymin": 12.974871635437012,
          "ymax": 12.975590705871582
        }
      },
      "geometry": {
        "type": "LineString",
        "coordinates": [
          [
            77.6026511,
            12.974951
          ],
          [
            77.6024615,
            12.974877
          ],
          [
            77.6024316,
            12.974872
          ],
          [
            77.6024015,
            12.974876
          ],
          [
            77.602374,
            12.9748885
          ],
          [
            77.6023533,
            12.9749064
          ],
          [
            77.6023384,
            12.9749292
          ],
          [
            77.6023304,
            12.9749551
          ],
          [
            77.6023299,
            12.9751354
          ],
          [
            77.6023232,
            12.9751544
          ],
          [
            77.6023123,
            12.9751714
          ],
          [
            77.6022927,
            12.975189
          ],
          [
            77.6022687,
            12.9752002
          ],
          [
            77.6022226,
            12.9752022
          ],
          [
            77.6016966,
            12.9752103
          ],
          [
            77.6017408,
            12.975474
          ],
          [
            77.601757,
            12.9755658
          ],
          [
            77.6017093,
            12.9755761
          ],
          [
            77.6016974,
            12.9755777
          ],
          [
            77.6016821,
            12.9755805
          ],
          [
            77.6016356,
            12.9755889
          ]
        ]
      }
    },
    {
      "type": "Feature",
      "id": "9b406f83-ebae-4361-8657-670a7d21d906",
      "properties": {
        "id": "9b406f83-ebae-4361-8657-670a7d21d906",
        "names": null,
        "subtype": "road",
        "class": "footway",
        "subclass": null,
        "subclass_rules": null,
        "connectors": [
          {
            "connector_id": "254fafd3-7896-495f-9490-533d1444c355",
            "at": 0.0
          },
          {
            "connector_id": "76c4df17-7478-420b-806e-b20bd32734e3",
            "at": 1.0
          }
        ],
        "road_surface": null,
        "road_flags": null,
        "rail_flags": null,
        "width_rules": null,
        "level_rules": null,
        "access_restrictions": null,
        "speed_limits": null,
        "prohibited_transitions": null,
        "routes": null,
        "destinations": null,
        "sources": [
          {
            "property": "",
            "dataset": "OpenStreetMap",
            "license": "ODbL-1.0",
            "record_id": "w1387676356@1",
            "update_time": "2025-05-18T04:25:00Z",
            "confidence": null,
            "between": [
              0.0,
              0.104694815
            ],
            "provider": "osm",
            "resource": "planet",
            "version": "2026-09-09"
          },
          {
            "property": "",
            "dataset": "OpenStreetMap",
            "license": "ODbL-1.0",
            "record_id": "w1387676358@1",
            "update_time": "2025-05-18T04:25:00Z",
            "confidence": null,
            "between": [
              0.104694815,
              1.0
            ],
            "provider": "osm",
            "resource": "planet",
            "version": "2026-09-09"
          }
        ],
        "version": 1,
        "bbox": {
          "xmin": 77.60173797607422,
          "xmax": 77.6023941040039,
          "ymin": 12.97531795501709,
          "ymax": 12.97547435760498
        }
      },
      "geometry": {
        "type": "LineString",
        "coordinates": [
          [
            77.6023931,
            12.9753762
          ],
          [
            77.6023481,
            12.9753194
          ],
          [
            77.6017909,
            12.9754612
          ],
          [
            77.6017408,
            12.975474
          ]
        ]
      }
    },
    {
      "type": "Feature",
      "id": "8afde5e6-1120-43c6-9e98-3791683b4887",
      "properties": {
        "id": "8afde5e6-1120-43c6-9e98-3791683b4887",
        "names": null,
        "subtype": "road",
        "class": "service",
        "subclass": "driveway",
        "subclass_rules": [
          {
            "value": "driveway",
            "between": null
          }
        ],
        "connectors": [
          {
            "connector_id": "5a133f0a-c293-4d8c-82a4-e654b6b3e38b",
            "at": 0.0
          },
          {
            "connector_id": "c1ce695e-2faa-40ff-92f5-5cf7a2fe6926",
            "at": 0.069909866
          },
          {
            "connector_id": "9018c21e-88cd-4854-87d7-3f5fec33b936",
            "at": 1.0
          }
        ],
        "road_surface": null,
        "road_flags": null,
        "rail_flags": null,
        "width_rules": null,
        "level_rules": null,
        "access_restrictions": null,
        "speed_limits": null,
        "prohibited_transitions": null,
        "routes": null,
        "destinations": null,
        "sources": [
          {
            "property": "",
            "dataset": "OpenStreetMap",
            "license": "ODbL-1.0",
            "record_id": "w796463147@4",
            "update_time": "2026-01-02T08:48:19Z",
            "confidence": null,
            "between": null,
            "provider": "osm",
            "resource": "planet",
            "version": "2026-09-09"
          }
        ],
        "version": 2,
        "bbox": {
          "xmin": 77.60157775878906,
          "xmax": 77.60222625732422,
          "ymin": 12.974808692932129,
          "ymax": 12.975113868713379
        }
      },
      "geometry": {
        "type": "LineString",
        "coordinates": [
          [
            77.601579,
            12.9751107
          ],
          [
            77.6016287,
            12.9751086
          ],
          [
            77.601645,
            12.975108
          ],
          [
            77.6016625,
            12.9751079
          ],
          [
            77.6022128,
            12.9751138
          ],
          [
            77.6022145,
            12.9748088
          ]
        ]
      }
    },
    {
      "type": "Feature",
      "id": "863c7d1b-c35d-4cd6-99e9-3264caebf171",
      "properties": {
        "id": "863c7d1b-c35d-4cd6-99e9-3264caebf171",
        "names": null,
        "subtype": "road",
        "class": "service",
        "subclass": "driveway",
        "subclass_rules": [
          {
            "value": "driveway",
            "between": null
          }
        ],
        "connectors": [
          {
            "connector_id": "caff06f1-2366-4d4b-81e8-0e604d95e190",
            "at": 0.0
          },
          {
            "connector_id": "2b1ae732-a74e-4e03-a504-e72db9ed6f05",
            "at": 0.513045127
          },
          {
            "connector_id": "3ab15470-3d7b-4134-98eb-6b431a5afc3d",
            "at": 1.0
          }
        ],
        "road_surface": null,
        "road_flags": null,
        "rail_flags": null,
        "width_rules": null,
        "level_rules": null,
        "access_restrictions": [
          {
            "access_type": "allowed",
            "when": {
              "during": null,
              "heading": null,
              "using": null,
              "recognized": [
                "as_private"
              ],
              "mode": null,
              "vehicle": null
            },
            "between": null
          }
        ],
        "speed_limits": null,
        "prohibited_transitions": null,
        "routes": null,
        "destinations": null,
        "sources": [
          {
            "property": "",
            "dataset": "OpenStreetMap",
            "license": "ODbL-1.0",
            "record_id": "w1363825199@3",
            "update_time": "2026-01-02T08:48:19Z",
            "confidence": null,
            "between": null,
            "provider": "osm",
            "resource": "planet",
            "version": "2026-09-09"
          }
        ],
        "version": 2,
        "bbox": {
          "xmin": 77.6026382446289,
          "xmax": 77.6027603149414,
          "ymin": 12.974950790405273,
          "ymax": 12.974987030029297
        }
      },
      "geometry": {
        "type": "LineString",
        "coordinates": [
          [
            77.6027583,
            12.974987
          ],
          [
            77.6027185,
            12.9749741
          ],
          [
            77.6027031,
            12.9749691
          ],
          [
            77.602691,
            12.9749652
          ],
          [
            77.6026511,
            12.974951
          ]
        ]
      }
    },
    {
      "type": "Feature",
      "id": "a2fa0864-e50c-43c1-b8dd-372b410dd9d3",
      "properties": {
        "id": "a2fa0864-e50c-43c1-b8dd-372b410dd9d3",
        "names": null,
        "subtype": "road",
        "class": "steps",
        "subclass": null,
        "subclass_rules": null,
        "connectors": [
          {
            "connector_id": "192558b4-16d3-4d65-9f19-6b7137fb2473",
            "at": 0.0
          },
          {
            "connector_id": "254fafd3-7896-495f-9490-533d1444c355",
            "at": 1.0
          }
        ],
        "road_surface": null,
        "road_flags": null,
        "rail_flags": null,
        "width_rules": null,
        "level_rules": null,
        "access_restrictions": null,
        "speed_limits": null,
        "prohibited_transitions": null,
        "routes": null,
        "destinations": null,
        "sources": [
          {
            "property": "",
            "dataset": "OpenStreetMap",
            "license": "ODbL-1.0",
            "record_id": "w1387676357@2",
            "update_time": "2025-09-06T15:45:58Z",
            "confidence": null,
            "between": null,
            "provider": "osm",
            "resource": "planet",
            "version": "2026-09-09"
          }
        ],
        "version": 2,
        "bbox": {
          "xmin": 77.60238647460938,
          "xmax": 77.6024398803711,
          "ymin": 12.97537612915039,
          "ymax": 12.975420951843262
        }
      },
      "geometry": {
        "type": "LineString",
        "coordinates": [
          [
            77.6024271,
            12.9754192
          ],
          [
            77.6023931,
            12.9753762
          ]
        ]
      }
    },
    {
      "type": "Feature",
      "id": "04806e80-0914-462d-9e34-d265b6f79617",
      "properties": {
        "id": "04806e80-0914-462d-9e34-d265b6f79617",
        "names": null,
        "subtype": "road",
        "class": "footway",
        "subclass": null,
        "subclass_rules": null,
        "connectors": [
          {
            "connector_id": "0d124363-53c3-48d4-a098-b60ff1299051",
            "at": 0.0
          },
          {
            "connector_id": "192558b4-16d3-4d65-9f19-6b7137fb2473",
            "at": 1.0
          }
        ],
        "road_surface": null,
        "road_flags": null,
        "rail_flags": null,
        "width_rules": null,
        "level_rules": null,
        "access_restrictions": null,
        "speed_limits": null,
        "prohibited_transitions": null,
        "routes": null,
        "destinations": null,
        "sources": [
          {
            "property": "",
            "dataset": "OpenStreetMap",
            "license": "ODbL-1.0",
            "record_id": "w1387676359@1",
            "update_time": "2025-09-06T15:45:58Z",
            "confidence": null,
            "between": null,
            "provider": "osm",
            "resource": "planet",
            "version": "2026-09-09"
          }
        ],
        "version": 2,
        "bbox": {
          "xmin": 77.60242462158203,
          "xmax": 77.60247802734375,
          "ymin": 12.975419044494629,
          "ymax": 12.975467681884766
        }
      },
      "geometry": {
        "type": "LineString",
        "coordinates": [
          [
            77.6024652,
            12.9754673
          ],
          [
            77.6024271,
            12.9754192
          ]
        ]
      }
    },
    {
      "type": "Feature",
      "id": "4111d13f-0964-4836-a64d-6401477af3f9",
      "properties": {
        "id": "4111d13f-0964-4836-a64d-6401477af3f9",
        "names": null,
        "subtype": "road",
        "class": "footway",
        "subclass": null,
        "subclass_rules": null,
        "connectors": [
          {
            "connector_id": "ef260b1e-8810-47d1-b198-7c5e8d4bac7d",
            "at": 0.0
          },
          {
            "connector_id": "0dd183d9-3fff-4238-83ac-c9dc3e813575",
            "at": 1.0
          }
        ],
        "road_surface": null,
        "road_flags": null,
        "rail_flags": null,
        "width_rules": null,
        "level_rules": null,
        "access_restrictions": null,
        "speed_limits": null,
        "prohibited_transitions": null,
        "routes": null,
        "destinations": null,
        "sources": [
          {
            "property": "",
            "dataset": "OpenStreetMap",
            "license": "ODbL-1.0",
            "record_id": "w1217769124@2",
            "update_time": "2026-01-02T08:48:19Z",
            "confidence": null,
            "between": null,
            "provider": "osm",
            "resource": "planet",
            "version": "2026-09-09"
          }
        ],
        "version": 2,
        "bbox": {
          "xmin": 77.60250854492188,
          "xmax": 77.60257720947266,
          "ymin": 12.975330352783203,
          "ymax": 12.975347518920898
        }
      },
      "geometry": {
        "type": "LineString",
        "coordinates": [
          [
            77.6025648,
            12.9753475
          ],
          [
            77.6025529,
            12.9753432
          ],
          [
            77.6025145,
            12.9753318
          ]
        ]
      }
    },
    {
      "type": "Feature",
      "id": "a2b9cf29-d964-4287-b0fe-eab1baa04d93",
      "properties": {
        "id": "a2b9cf29-d964-4287-b0fe-eab1baa04d93",
        "names": {
          "primary": "Museum Cross Road",
          "common": [
            [
              "kn",
              "ಸಂಗ್ರಹಾಲಯ ರಸ್ತೆ"
            ]
          ],
          "rules": [
            {
              "variant": "common",
              "language": null,
              "perspectives": null,
              "value": "Museum Cross Road",
              "between": null,
              "side": null
            }
          ]
        },
        "subtype": "road",
        "class": "unclassified",
        "subclass": null,
        "subclass_rules": null,
        "connectors": [
          {
            "connector_id": "83e92fbc-3643-4472-8241-03ce7f1a892c",
            "at": 0.0
          },
          {
            "connector_id": "298bfc87-9c3c-4f64-9df9-5dd13b5acb99",
            "at": 1.0
          }
        ],
        "road_surface": [
          {
            "value": "paved",
            "between": null
          }
        ],
        "road_flags": null,
        "rail_flags": null,
        "width_rules": null,
        "level_rules": null,
        "access_restrictions": null,
        "speed_limits": null,
        "prohibited_transitions": null,
        "routes": null,
        "destinations": null,
        "sources": [
          {
            "property": "",
            "dataset": "OpenStreetMap",
            "license": "ODbL-1.0",
            "record_id": "w1093604005@6",
            "update_time": "2026-01-02T08:48:19Z",
            "confidence": null,
            "between": null,
            "provider": "osm",
            "resource": "planet",
            "version": "2026-09-09"
          }
        ],
        "version": 2,
        "bbox": {
          "xmin": 77.60255432128906,
          "xmax": 77.60262298583984,
          "ymin": 12.97538948059082,
          "ymax": 12.975579261779785
        }
      },
      "geometry": {
        "type": "LineString",
        "coordinates": [
          [
            77.6026113,
            12.975391
          ],
          [
            77.6025567,
            12.975579
          ]
        ]
      }
    },
    {
      "type": "Feature",
      "id": "abb740ea-4861-4581-8e8b-17ecfa5ddfb2",
      "properties": {
        "id": "abb740ea-4861-4581-8e8b-17ecfa5ddfb2",
        "names": null,
        "subtype": "road",
        "class": "footway",
        "subclass": null,
        "subclass_rules": [
          {
            "value": "sidewalk",
            "between": [
              0.0,
              0.284661936
            ]
          },
          {
            "value": "crosswalk",
            "between": [
              0.284661936,
              0.725192746
            ]
          },
          {
            "value": "sidewalk",
            "between": [
              0.725192746,
              1.0
            ]
          }
        ],
        "connectors": [
          {
            "connector_id": "e9e00943-f027-4724-b4ba-45e2cf17c1e9",
            "at": 0.0
          },
          {
            "connector_id": "1ce98487-b900-4aaf-8836-8a1966689ec0",
            "at": 0.535406459
          },
          {
            "connector_id": "ef260b1e-8810-47d1-b198-7c5e8d4bac7d",
            "at": 1.0
          }
        ],
        "road_surface": [
          {
            "value": "paving_stones",
            "between": [
              0.0,
              0.284661936
            ]
          }
        ],
        "road_flags": null,
        "rail_flags": null,
        "width_rules": null,
        "level_rules": null,
        "access_restrictions": null,
        "speed_limits": null,
        "prohibited_transitions": null,
        "routes": null,
        "destinations": null,
        "sources": [
          {
            "property": "",
            "dataset": "OpenStreetMap",
            "license": "ODbL-1.0",
            "record_id": "w1217769140@2",
            "update_time": "2026-01-02T08:48:19Z",
            "confidence": null,
            "between": [
              0.0,
              0.284661936
            ],
            "provider": "osm",
            "resource": "planet",
            "version": "2026-09-09"
          },
          {
            "property": "",
            "dataset": "OpenStreetMap",
            "license": "ODbL-1.0",
            "record_id": "w1106057237@4",
            "update_time": "2026-01-02T08:48:19Z",
            "confidence": null,
            "between": [
              0.284661936,
              0.725192746
            ],
            "provider": "osm",
            "resource": "planet",
            "version": "2026-09-09"
          },
          {
            "property": "",
            "dataset": "OpenStreetMap",
            "license": "ODbL-1.0",
            "record_id": "w1217769139@3",
            "update_time": "2026-01-02T08:48:19Z",
            "confidence": null,
            "between": [
              0.725192746,
              1.0
            ],
            "provider": "osm",
            "resource": "planet",
            "version": "2026-09-09"
          }
        ],
        "version": 2,
        "bbox": {
          "xmin": 77.6025619506836,
          "xmax": 77.60269165039062,
          "ymin": 12.975345611572266,
          "ymax": 12.975382804870605
        }
      },
      "geometry": {
        "type": "LineString",
        "coordinates": [
          [
            77.6026858,
            12.9753813
          ],
          [
            77.6026622,
            12.9753758
          ],
          [
            77.6026509,
            12.9753732
          ],
          [
            77.6026204,
            12.9753652
          ],
          [
            77.6025973,
            12.9753592
          ],
          [
            77.6025648,
            12.9753475
          ]
        ]
      }
    },
    {
      "type": "Feature",
      "id": "35507f6e-a82d-4831-9dd3-dbb6a471ff4e",
      "properties": {
        "id": "35507f6e-a82d-4831-9dd3-dbb6a471ff4e",
        "names": {
          "primary": "Church Street",
          "common": [
            [
              "kn",
              "ಚರ್ಚ್ ಬೀದಿ"
            ]
          ],
          "rules": [
            {
              "variant": "common",
              "language": null,
              "perspectives": null,
              "value": "Church Street",
              "between": null,
              "side": null
            }
          ]
        },
        "subtype": "road",
        "class": "unclassified",
        "subclass": null,
        "subclass_rules": null,
        "connectors": [
          {
            "connector_id": "418603f7-ed9e-4aaa-b542-d15ed09a9d5f",
            "at": 0.0
          },
          {
            "connector_id": "83e92fbc-3643-4472-8241-03ce7f1a892c",
            "at": 1.0
          }
        ],
        "road_surface": [
          {
            "value": "paving_stones",
            "between": null
          }
        ],
        "road_flags": null,
        "rail_flags": null,
        "width_rules": null,
        "level_rules": null,
        "access_restrictions": [
          {
            "access_type": "denied",
            "when": {
              "during": null,
              "heading": "backward",
              "using": null,
              "recognized": null,
              "mode": null,
              "vehicle": null
            },
            "between": null
          }
        ],
        "speed_limits": null,
        "prohibited_transitions": null,
        "routes": null,
        "destinations": null,
        "sources": [
          {
            "property": "",
            "dataset": "OpenStreetMap",
            "license": "ODbL-1.0",
            "record_id": "w1093603997@6",
            "update_time": "2026-01-15T17:48:14Z",
            "confidence": null,
            "between": null,
            "provider": "osm",
            "resource": "planet",
            "version": "2026-09-09"
          }
        ],
        "version": 3,
        "bbox": {
          "xmin": 77.60260772705078,
          "xmax": 77.60279846191406,
          "ymin": 12.97538948059082,
          "ymax": 12.9755277633667
        }
      },
      "geometry": {
        "type": "LineString",
        "coordinates": [
          [
            77.6027863,
            12.9755262
          ],
          [
            77.6026932,
            12.9754955
          ],
          [
            77.6026633,
            12.9754795
          ],
          [
            77.6026381,
            12.9754487
          ],
          [
            77.6026113,
            12.975391
          ]
        ]
      }
    },
    {
      "type": "Feature",
      "id": "f81d2f12-b62d-4374-8e9d-43ef9de56ae5",
      "properties": {
        "id": "f81d2f12-b62d-4374-8e9d-43ef9de56ae5",
        "names": null,
        "subtype": "road",
        "class": "service",
        "subclass": null,
        "subclass_rules": null,
        "connectors": [
          {
            "connector_id": "f97cef20-75b0-4330-a4d2-0b3ee3cfd63f",
            "at": 0.0
          },
          {
            "connector_id": "8d7ce362-bf18-4ac7-a5af-42e20dab6990",
            "at": 1.0
          }
        ],
        "road_surface": null,
        "road_flags": null,
        "rail_flags": null,
        "width_rules": null,
        "level_rules": null,
        "access_restrictions": [
          {
            "access_type": "allowed",
            "when": {
              "during": null,
              "heading": null,
              "using": null,
              "recognized": [
                "as_private"
              ],
              "mode": null,
              "vehicle": null
            },
            "between": null
          }
        ],
        "speed_limits": null,
        "prohibited_transitions": null,
        "routes": null,
        "destinations": null,
        "sources": [
          {
            "property": "",
            "dataset": "OpenStreetMap",
            "license": "ODbL-1.0",
            "record_id": "w1450012485@1",
            "update_time": "2026-01-02T08:48:19Z",
            "confidence": null,
            "between": null,
            "provider": "osm",
            "resource": "planet",
            "version": "2026-09-09"
          }
        ],
        "version": 2,
        "bbox": {
          "xmin": 77.60283660888672,
          "xmax": 77.6029052734375,
          "ymin": 12.975010871887207,
          "ymax": 12.975022315979004
        }
      },
      "geometry": {
        "type": "LineString",
        "coordinates": [
          [
            77.6028383,
            12.9750219
          ],
          [
            77.6029043,
            12.9750127
          ]
        ]
      }
    },
    {
      "type": "Feature",
      "id": "0314f4b8-fb0d-46b5-be24-cd43d0e61687",
      "properties": {
        "id": "0314f4b8-fb0d-46b5-be24-cd43d0e61687",
        "names": null,
        "subtype": "road",
        "class": "service",
        "subclass": null,
        "subclass_rules": null,
        "connectors": [
          {
            "connector_id": "9245e234-0e0f-4906-8c92-ff769762fa16",
            "at": 0.0
          },
          {
            "connector_id": "529f71f4-766a-4c5b-a177-513924c86c5a",
            "at": 0.23418471
          },
          {
            "connector_id": "f557d29a-4777-423b-80da-084a33ef797e",
            "at": 0.555958191
          },
          {
            "connector_id": "5fb8f29c-3ef5-4751-8980-75c5c1e9c396",
            "at": 1.0
          }
        ],
        "road_surface": null,
        "road_flags": null,
        "rail_flags": null,
        "width_rules": null,
        "level_rules": null,
        "access_restrictions": [
          {
            "access_type": "allowed",
            "when": {
              "during": null,
              "heading": null,
              "using": null,
              "recognized": [
                "as_private"
              ],
              "mode": null,
              "vehicle": null
            },
            "between": null
          }
        ],
        "speed_limits": null,
        "prohibited_transitions": null,
        "routes": null,
        "destinations": null,
        "sources": [
          {
            "property": "",
            "dataset": "OpenStreetMap",
            "license": "ODbL-1.0",
            "record_id": "w1450012483@2",
            "update_time": "2026-01-02T08:48:19Z",
            "confidence": null,
            "between": null,
            "provider": "osm",
            "resource": "planet",
            "version": "2026-09-09"
          }
        ],
        "version": 2,
        "bbox": {
          "xmin": 77.60266876220703,
          "xmax": 77.60291290283203,
          "ymin": 12.9752197265625,
          "ymax": 12.975248336791992
        }
      },
      "geometry": {
        "type": "LineString",
        "coordinates": [
          [
            77.6026747,
            12.9752199
          ],
          [
            77.6027117,
            12.9752332
          ],
          [
            77.6027256,
            12.9752386
          ],
          [
            77.6027494,
            12.9752483
          ],
          [
            77.6027983,
            12.9752471
          ],
          [
            77.6029011,
            12.9752398
          ]
        ]
      }
    },
    {
      "type": "Feature",
      "id": "6a7d631f-a1fc-4a50-a998-1b419b298f4a",
      "properties": {
        "id": "6a7d631f-a1fc-4a50-a998-1b419b298f4a",
        "names": null,
        "subtype": "road",
        "class": "service",
        "subclass": null,
        "subclass_rules": null,
        "connectors": [
          {
            "connector_id": "f557d29a-4777-423b-80da-084a33ef797e",
            "at": 0.0
          },
          {
            "connector_id": "f97cef20-75b0-4330-a4d2-0b3ee3cfd63f",
            "at": 0.720482176
          },
          {
            "connector_id": "45cb02a8-9e1e-43ea-95d8-672aa106ca50",
            "at": 0.863727968
          },
          {
            "connector_id": "35d94d42-1bb3-4b91-a171-deff700c2571",
            "at": 1.0
          }
        ],
        "road_surface": null,
        "road_flags": [
          {
            "values": [
              "is_tunnel"
            ],
            "between": [
              0.097129434,
              0.655410051
            ]
          }
        ],
        "rail_flags": null,
        "width_rules": null,
        "level_rules": null,
        "access_restrictions": [
          {
            "access_type": "allowed",
            "when": {
              "during": null,
              "heading": null,
              "using": null,
              "recognized": [
                "as_private"
              ],
              "mode": null,
              "vehicle": null
            },
            "between": null
          }
        ],
        "speed_limits": null,
        "prohibited_transitions": null,
        "routes": null,
        "destinations": null,
        "sources": [
          {
            "property": "",
            "dataset": "OpenStreetMap",
            "license": "ODbL-1.0",
            "record_id": "w1450012486@1",
            "update_time": "2026-01-02T08:48:19Z",
            "confidence": null,
            "between": [
              0.0,
              0.097129434
            ],
            "provider": "osm",
            "resource": "planet",
            "version": "2026-09-09"
          },
          {
            "property": "",
            "dataset": "OpenStreetMap",
            "license": "ODbL-1.0",
            "record_id": "w1450012484@2",
            "update_time": "2026-01-02T08:48:19Z",
            "confidence": null,
            "between": [
              0.097129434,
              0.655410051
            ],
            "provider": "osm",
            "resource": "planet",
            "version": "2026-09-09"
          },
          {
            "property": "",
            "dataset": "OpenStreetMap",
            "license": "ODbL-1.0",
            "record_id": "w1450012487@2",
            "update_time": "2026-01-02T08:48:19Z",
            "confidence": null,
            "between": [
              0.655410051,
              1.0
            ],
            "provider": "osm",
            "resource": "planet",
            "version": "2026-09-09"
          }
        ],
        "version": 2,
        "bbox": {
          "xmin": 77.60274505615234,
          "xmax": 77.60284423828125,
          "ymin": 12.975013732910156,
          "ymax": 12.975247383117676
        }
      },
      "geometry": {
        "type": "LineString",
        "coordinates": [
          [
            77.6027983,
            12.9752471
          ],
          [
            77.6028034,
            12.9752167
          ],
          [
            77.602836,
            12.9750424
          ],
          [
            77.6028383,
            12.9750219
          ],
          [
            77.6028099,
            12.9750227
          ],
          [
            77.6027921,
            12.9750205
          ],
          [
            77.6027856,
            12.9750198
          ],
          [
            77.6027483,
            12.9750155
          ]
        ]
      }
    },
    {
      "type": "Feature",
      "id": "e609f318-e1ee-4047-a7fa-065d0dbda9ff",
      "properties": {
        "id": "e609f318-e1ee-4047-a7fa-065d0dbda9ff",
        "names": null,
        "subtype": "road",
        "class": "service",
        "subclass": "driveway",
        "subclass_rules": [
          {
            "value": "driveway",
            "between": null
          }
        ],
        "connectors": [
          {
            "connector_id": "af68d593-5ef8-4f75-91af-fe8f2095a844",
            "at": 0.0
          },
          {
            "connector_id": "a9454a1b-eeda-4ed7-9146-d4a2e62bc9a5",
            "at": 0.215756694
          },
          {
            "connector_id": "93d71239-bb46-4c26-916a-96cc708ca193",
            "at": 1.0
          }
        ],
        "road_surface": null,
        "road_flags": null,
        "rail_flags": null,
        "width_rules": null,
        "level_rules": null,
        "access_restrictions": [
          {
            "access_type": "allowed",
            "when": {
              "during": null,
              "heading": null,
              "using": null,
              "recognized": [
                "as_private"
              ],
              "mode": null,
              "vehicle": null
            },
            "between": null
          }
        ],
        "speed_limits": null,
        "prohibited_transitions": null,
        "routes": null,
        "destinations": null,
        "sources": [
          {
            "property": "",
            "dataset": "OpenStreetMap",
            "license": "ODbL-1.0",
            "record_id": "w1308725871@2",
            "update_time": "2026-01-02T08:48:19Z",
            "confidence": null,
            "between": null,
            "provider": "osm",
            "resource": "planet",
            "version": "2026-09-09"
          }
        ],
        "version": 2,
        "bbox": {
          "xmin": 77.60282897949219,
          "xmax": 77.60304260253906,
          "ymin": 12.9747896194458,
          "ymax": 12.974793434143066
        }
      },
      "geometry": {
        "type": "LineString",
        "coordinates": [
          [
            77.6028298,
            12.9747929
          ],
          [
            77.6028681,
            12.9747932
          ],
          [
            77.6028749,
            12.9747933
          ],
          [
            77.6028866,
            12.974793
          ],
          [
            77.6030388,
            12.9747898
          ]
        ]
      }
    },
    {
      "type": "Feature",
      "id": "aef68e2e-24af-45e5-88fe-07e4fea35c5f",
      "properties": {
        "id": "aef68e2e-24af-45e5-88fe-07e4fea35c5f",
        "names": null,
        "subtype": "road",
        "class": "service",
        "subclass": "driveway",
        "subclass_rules": [
          {
            "value": "driveway",
            "between": null
          }
        ],
        "connectors": [
          {
            "connector_id": "3716dea5-fd03-4914-a558-8610e9a6eda2",
            "at": 0.0
          },
          {
            "connector_id": "0bc0b6a4-5ee9-4f8b-a644-259eff1fbdcc",
            "at": 0.060278096
          },
          {
            "connector_id": "ca51378d-c679-4122-a104-689118416025",
            "at": 1.0
          }
        ],
        "road_surface": null,
        "road_flags": null,
        "rail_flags": null,
        "width_rules": null,
        "level_rules": null,
        "access_restrictions": null,
        "speed_limits": null,
        "prohibited_transitions": null,
        "routes": null,
        "destinations": null,
        "sources": [
          {
            "property": "",
            "dataset": "OpenStreetMap",
            "license": "ODbL-1.0",
            "record_id": "w1308725872@3",
            "update_time": "2026-01-02T08:48:19Z",
            "confidence": null,
            "between": null,
            "provider": "osm",
            "resource": "planet",
            "version": "2026-09-09"
          }
        ],
        "version": 2,
        "bbox": {
          "xmin": 77.60285949707031,
          "xmax": 77.60364532470703,
          "ymin": 12.97469711303711,
          "ymax": 12.974717140197754
        }
      },
      "geometry": {
        "type": "LineString",
        "coordinates": [
          [
            77.602865,
            12.9746987
          ],
          [
            77.602901,
            12.9746989
          ],
          [
            77.6029116,
            12.9746989
          ],
          [
            77.6029241,
            12.9746992
          ],
          [
            77.6036379,
            12.9747153
          ]
        ]
      }
    },
    {
      "type": "Feature",
      "id": "a78e8e86-a8ef-4394-9cb4-89a5b25b9a26",
      "properties": {
        "id": "a78e8e86-a8ef-4394-9cb4-89a5b25b9a26",
        "names": {
          "primary": "Church Street",
          "common": [
            [
              "kn",
              "ಚರ್ಚ್ ಬೀದಿ"
            ]
          ],
          "rules": [
            {
              "variant": "common",
              "language": null,
              "perspectives": null,
              "value": "Church Street",
              "between": null,
              "side": null
            }
          ]
        },
        "subtype": "road",
        "class": "unclassified",
        "subclass": null,
        "subclass_rules": null,
        "connectors": [
          {
            "connector_id": "c0452d56-cef5-4afe-b82e-31125851ec3a",
            "at": 0.0
          },
          {
            "connector_id": "6f21756b-2b17-48e8-a05d-389d9a092528",
            "at": 0.056305413
          },
          {
            "connector_id": "7ee07fc6-99b8-43ac-a088-bf1c33c1cb40",
            "at": 0.43018913
          },
          {
            "connector_id": "607b7b68-5c0d-494d-96a2-96c7bb965c51",
            "at": 0.577468773
          },
          {
            "connector_id": "9bfcea12-5b97-414c-b338-4de9a2024d09",
            "at": 0.797568029
          },
          {
            "connector_id": "09c93608-8cef-4431-ac1a-165bd91c031e",
            "at": 0.989592421
          },
          {
            "connector_id": "418603f7-ed9e-4aaa-b542-d15ed09a9d5f",
            "at": 1.0
          }
        ],
        "road_surface": [
          {
            "value": "paving_stones",
            "between": null
          }
        ],
        "road_flags": null,
        "rail_flags": null,
        "width_rules": [
          {
            "value": 5.5,
            "between": null
          }
        ],
        "level_rules": null,
        "access_restrictions": [
          {
            "access_type": "denied",
            "when": {
              "during": null,
              "heading": "backward",
              "using": null,
              "recognized": null,
              "mode": null,
              "vehicle": null
            },
            "between": null
          },
          {
            "access_type": "allowed",
            "when": {
              "during": null,
              "heading": null,
              "using": null,
              "recognized": null,
              "mode": [
                "foot",
                "bicycle",
                "motor_vehicle"
              ],
              "vehicle": null
            },
            "between": null
          }
        ],
        "speed_limits": [
          {
            "min_speed": null,
            "max_speed": {
              "value": 30,
              "unit": "km/h"
            },
            "is_max_speed_variable": null,
            "when": null,
            "between": null
          }
        ],
        "prohibited_transitions": null,
        "routes": null,
        "destinations": null,
        "sources": [
          {
            "property": "",
            "dataset": "OpenStreetMap",
            "license": "ODbL-1.0",
            "record_id": "w48166762@52",
            "update_time": "2026-08-18T13:20:50Z",
            "confidence": null,
            "between": null,
            "provider": "osm",
            "resource": "planet",
            "version": "2026-09-09"
          }
        ],
        "version": 3,
        "bbox": {
          "xmin": 77.602783203125,
          "xmax": 77.60415649414062,
          "ymin": 12.975186347961426,
          "ymax": 12.9755277633667
        }
      },
      "geometry": {
        "type": "LineString",
        "coordinates": [
          [
            77.6041502,
            12.9751867
          ],
          [
            77.6040731,
            12.9752046
          ],
          [
            77.6035633,
            12.9753321
          ],
          [
            77.6033625,
            12.9753824
          ],
          [
            77.6030624,
            12.9754575
          ],
          [
            77.6028006,
            12.9755231
          ],
          [
            77.6027863,
            12.9755262
          ]
        ]
      }
    },
    {
      "type": "Feature",
      "id": "946edce4-1c66-4994-939f-8ebe3e94e226",
      "properties": {
        "id": "946edce4-1c66-4994-939f-8ebe3e94e226",
        "names": null,
        "subtype": "road",
        "class": "service",
        "subclass": "driveway",
        "subclass_rules": [
          {
            "value": "driveway",
            "between": null
          }
        ],
        "connectors": [
          {
            "connector_id": "607b7b68-5c0d-494d-96a2-96c7bb965c51",
            "at": 0.0
          },
          {
            "connector_id": "da7979f4-db33-4534-a0a1-7bce0689998b",
            "at": 0.024104591
          },
          {
            "connector_id": "95ced92d-e993-47dd-96a3-44c353e10ea3",
            "at": 0.974811376
          },
          {
            "connector_id": "7ee07fc6-99b8-43ac-a088-bf1c33c1cb40",
            "at": 1.0
          }
        ],
        "road_surface": null,
        "road_flags": null,
        "rail_flags": null,
        "width_rules": null,
        "level_rules": null,
        "access_restrictions": [
          {
            "access_type": "allowed",
            "when": {
              "during": null,
              "heading": null,
              "using": null,
              "recognized": [
                "as_private"
              ],
              "mode": null,
              "vehicle": null
            },
            "between": null
          }
        ],
        "speed_limits": null,
        "prohibited_transitions": null,
        "routes": null,
        "destinations": null,
        "sources": [
          {
            "property": "",
            "dataset": "OpenStreetMap",
            "license": "ODbL-1.0",
            "record_id": "w1463856160@1",
            "update_time": "2026-01-03T04:44:12Z",
            "confidence": null,
            "between": null,
            "provider": "osm",
            "resource": "planet",
            "version": "2026-09-09"
          }
        ],
        "version": 1,
        "bbox": {
          "xmin": 77.60335540771484,
          "xmax": 77.60393524169922,
          "ymin": 12.975330352783203,
          "ymax": 12.975862503051758
        }
      },
      "geometry": {
        "type": "LineString",
        "coordinates": [
          [
            77.6033625,
            12.9753824
          ],
          [
            77.6033718,
            12.9754149
          ],
          [
            77.6033736,
            12.9754217
          ],
          [
            77.6033786,
            12.9754401
          ],
          [
            77.6034106,
            12.9755569
          ],
          [
            77.6034079,
            12.9756236
          ],
          [
            77.6034589,
            12.9758275
          ],
          [
            77.6034703,
            12.9758621
          ],
          [
            77.603928,
            12.9757595
          ],
          [
            77.603876,
            12.9755171
          ],
          [
            77.6036574,
            12.9755778
          ],
          [
            77.6036235,
            12.9755426
          ],
          [
            77.6035788,
            12.9753883
          ],
          [
            77.6035744,
            12.9753733
          ],
          [
            77.6035719,
            12.9753645
          ],
          [
            77.6035633,
            12.9753321
          ]
        ]
      }
    },
    {
      "type": "Feature",
      "id": "7ea42934-e513-497b-b37f-026dbf40f4ac",
      "properties": {
        "id": "7ea42934-e513-497b-b37f-026dbf40f4ac",
        "names": null,
        "subtype": "road",
        "class": "footway",
        "subclass": null,
        "subclass_rules": [
          {
            "value": "sidewalk",
            "between": [
              0.0,
              0.944611335
            ]
          },
          {
            "value": "crosswalk",
            "between": [
              0.944611335,
              1.0
            ]
          }
        ],
        "connectors": [
          {
            "connector_id": "2d620dfc-0e32-4d7e-abdd-8dd6eb1916ce",
            "at": 0.0
          },
          {
            "connector_id": "5b73427b-6eb8-487b-ad18-b2e5da995070",
            "at": 0.725835891
          },
          {
            "connector_id": "836770da-a1be-44ac-91ce-2a1b479ec664",
            "at": 0.930288089
          },
          {
            "connector_id": "d01c4331-ed6f-4b94-ba9b-ab08f59d2286",
            "at": 0.97987439
          },
          {
            "connector_id": "55652c9f-2881-4f56-ad00-a4930863aa03",
            "at": 1.0
          }
        ],
        "road_surface": [
          {
            "value": "paving_stones",
            "between": [
              0.0,
              0.944611335
            ]
          },
          {
            "value": "paved",
            "between": [
              0.944611335,
              1.0
            ]
          }
        ],
        "road_flags": null,
        "rail_flags": null,
        "width_rules": null,
        "level_rules": null,
        "access_restrictions": null,
        "speed_limits": null,
        "prohibited_transitions": null,
        "routes": null,
        "destinations": null,
        "sources": [
          {
            "property": "",
            "dataset": "OpenStreetMap",
            "license": "ODbL-1.0",
            "record_id": "w1217769146@5",
            "update_time": "2026-01-15T17:48:14Z",
            "confidence": null,
            "between": [
              0.0,
              0.944611335
            ],
            "provider": "osm",
            "resource": "planet",
            "version": "2026-09-09"
          },
          {
            "property": "",
            "dataset": "OpenStreetMap",
            "license": "ODbL-1.0",
            "record_id": "w1071937516@5",
            "update_time": "2026-01-15T17:48:14Z",
            "confidence": null,
            "between": [
              0.944611335,
              1.0
            ],
            "provider": "osm",
            "resource": "planet",
            "version": "2026-09-09"
          }
        ],
        "version": 3,
        "bbox": {
          "xmin": 77.60248565673828,
          "xmax": 77.604248046875,
          "ymin": 12.975908279418945,
          "ymax": 12.97629165649414
        }
      },
      "geometry": {
        "type": "LineString",
        "coordinates": [
          [
            77.6042475,
            12.9759087
          ],
          [
            77.6029723,
            12.9761971
          ],
          [
            77.6026731,
            12.9762633
          ],
          [
            77.6026127,
            12.9762766
          ],
          [
            77.6025873,
            12.9762814
          ],
          [
            77.6025241,
            12.9762878
          ],
          [
            77.602488,
            12.9762914
          ]
        ]
      }
    },
    {
      "type": "Feature",
      "id": "813462ff-f84d-4add-974f-c70c4d43cec1",
      "properties": {
        "id": "813462ff-f84d-4add-974f-c70c4d43cec1",
        "names": {
          "primary": "Mahatma Gandhi Road",
          "common": [
            [
              "kn",
              "ಮಹಾತ್ಮ ಗಾಂಧಿ ರಸ್ತೆ"
            ]
          ],
          "rules": [
            {
              "variant": "common",
              "language": null,
              "perspectives": null,
              "value": "Mahatma Gandhi Road",
              "between": null,
              "side": null
            },
            {
              "variant": "alternate",
              "language": null,
              "perspectives": null,
              "value": "M G Road",
              "between": null,
              "side": null
            },
            {
              "variant": "short",
              "language": null,
              "perspectives": null,
              "value": "MG Road",
              "between": null,
              "side": null
            }
          ]
        },
        "subtype": "road",
        "class": "secondary",
        "subclass": null,
        "subclass_rules": null,
        "connectors": [
          {
            "connector_id": "076f4a2f-314a-485a-9968-d91233375a16",
            "at": 0.0
          },
          {
            "connector_id": "2e860280-ba34-4cee-bc32-39fa64a3edd6",
            "at": 1.0
          }
        ],
        "road_surface": [
          {
            "value": "paved",
            "between": null
          }
        ],
        "road_flags": null,
        "rail_flags": null,
        "width_rules": null,
        "level_rules": null,
        "access_restrictions": [
          {
            "access_type": "denied",
            "when": {
              "during": null,
              "heading": "backward",
              "using": null,
              "recognized": null,
              "mode": null,
              "vehicle": null
            },
            "between": null
          },
          {
            "access_type": "denied",
            "when": {
              "during": null,
              "heading": null,
              "using": null,
              "recognized": null,
              "mode": null,
              "vehicle": [
                {
                  "dimension": "height",
                  "comparison": "greater_than",
                  "value": 5.5,
                  "unit": "m"
                }
              ]
            },
            "between": null
          }
        ],
        "speed_limits": [
          {
            "min_speed": null,
            "max_speed": {
              "value": 30,
              "unit": "km/h"
            },
            "is_max_speed_variable": null,
            "when": null,
            "between": null
          }
        ],
        "prohibited_transitions": null,
        "routes": null,
        "destinations": null,
        "sources": [
          {
            "property": "",
            "dataset": "OpenStreetMap",
            "license": "ODbL-1.0",
            "record_id": "w1308654713@2",
            "update_time": "2026-01-03T04:44:12Z",
            "confidence": null,
            "between": null,
            "provider": "osm",
            "resource": "planet",
            "version": "2026-09-09"
          }
        ],
        "version": 2,
        "bbox": {
          "xmin": 77.60253143310547,
          "xmax": 77.60430908203125,
          "ymin": 12.97596549987793,
          "ymax": 12.976381301879883
        }
      },
      "geometry": {
        "type": "LineString",
        "coordinates": [
          [
            77.6043027,
            12.9759656
          ],
          [
            77.6025429,
            12.9763809
          ]
        ]
      }
    },
    {
      "type": "Feature",
      "id": "72841a40-67d6-4d0a-862c-b9e18a45da28",
      "properties": {
        "id": "72841a40-67d6-4d0a-862c-b9e18a45da28",
        "names": {
          "primary": "Namma Metro - Reach 1",
          "common": [
            [
              "kn",
              "ನಮ್ಮ ಮೆಟ್ರೋ"
            ]
          ],
          "rules": [
            {
              "variant": "common",
              "language": null,
              "perspectives": null,
              "value": "Namma Metro - Reach 1",
              "between": null,
              "side": null
            }
          ]
        },
        "subtype": "rail",
        "class": "subway",
        "subclass": null,
        "subclass_rules": null,
        "connectors": [
          {
            "connector_id": "39233a15-ddc3-48c8-9cac-01790bd61e19",
            "at": 0.0
          },
          {
            "connector_id": "dad7a943-402d-48c9-9bbf-38ffa159b8d2",
            "at": 1.0
          }
        ],
        "road_surface": null,
        "road_flags": null,
        "rail_flags": [
          {
            "values": [
              "is_bridge"
            ],
            "between": null
          }
        ],
        "width_rules": null,
        "level_rules": [
          {
            "value": 2,
            "between": null
          }
        ],
        "access_restrictions": null,
        "speed_limits": null,
        "prohibited_transitions": null,
        "routes": null,
        "destinations": null,
        "sources": [
          {
            "property": "",
            "dataset": "OpenStreetMap",
            "license": "ODbL-1.0",
            "record_id": "w1490672058@1",
            "update_time": "2026-03-19T17:13:50Z",
            "confidence": null,
            "between": null,
            "provider": "osm",
            "resource": "planet",
            "version": "2026-09-09"
          }
        ],
        "version": 1,
        "bbox": {
          "xmin": 77.60301208496094,
          "xmax": 77.60343170166016,
          "ymin": 12.976351737976074,
          "ymax": 12.976402282714844
        }
      },
      "geometry": {
        "type": "LineString",
        "coordinates": [
          [
            77.6030191,
            12.9764004
          ],
          [
            77.6034255,
            12.9763519
          ]
        ]
      }
    },
    {
      "type": "Feature",
      "id": "0b7ee87a-7eb3-4456-a0a9-ad03a4ee22e4",
      "properties": {
        "id": "0b7ee87a-7eb3-4456-a0a9-ad03a4ee22e4",
        "names": null,
        "subtype": "road",
        "class": "footway",
        "subclass": null,
        "subclass_rules": null,
        "connectors": [
          {
            "connector_id": "5b73427b-6eb8-487b-ad18-b2e5da995070",
            "at": 0.0
          },
          {
            "connector_id": "f30c82d8-cb7f-428a-8dde-2a37597fd673",
            "at": 1.0
          }
        ],
        "road_surface": null,
        "road_flags": null,
        "rail_flags": null,
        "width_rules": null,
        "level_rules": null,
        "access_restrictions": null,
        "speed_limits": null,
        "prohibited_transitions": null,
        "routes": null,
        "destinations": null,
        "sources": [
          {
            "property": "",
            "dataset": "OpenStreetMap",
            "license": "ODbL-1.0",
            "record_id": "w1308735399@2",
            "update_time": "2026-01-03T04:44:12Z",
            "confidence": null,
            "between": null,
            "provider": "osm",
            "resource": "planet",
            "version": "2026-09-09"
          }
        ],
        "version": 2,
        "bbox": {
          "xmin": 77.60292053222656,
          "xmax": 77.60297393798828,
          "ymin": 12.976005554199219,
          "ymax": 12.976197242736816
        }
      },
      "geometry": {
        "type": "LineString",
        "coordinates": [
          [
            77.6029723,
            12.9761971
          ],
          [
            77.6029699,
            12.9761868
          ],
          [
            77.6029278,
            12.9760058
          ]
        ]
      }
    },
    {
      "type": "Feature",
      "id": "f252d752-45e7-42fa-92b6-83f0900232ea",
      "properties": {
        "id": "f252d752-45e7-42fa-92b6-83f0900232ea",
        "names": null,
        "subtype": "road",
        "class": "service",
        "subclass": "driveway",
        "subclass_rules": [
          {
            "value": "driveway",
            "between": null
          }
        ],
        "connectors": [
          {
            "connector_id": "9bfcea12-5b97-414c-b338-4de9a2024d09",
            "at": 0.0
          },
          {
            "connector_id": "58b157d1-41c5-4213-aa03-c12163a5c965",
            "at": 0.204120825
          },
          {
            "connector_id": "ca3c6a2e-46e5-4cde-9a63-4178b9004bf1",
            "at": 1.0
          }
        ],
        "road_surface": null,
        "road_flags": null,
        "rail_flags": null,
        "width_rules": null,
        "level_rules": null,
        "access_restrictions": [
          {
            "access_type": "allowed",
            "when": {
              "during": null,
              "heading": null,
              "using": null,
              "recognized": [
                "as_private"
              ],
              "mode": null,
              "vehicle": null
            },
            "between": null
          }
        ],
        "speed_limits": null,
        "prohibited_transitions": null,
        "routes": null,
        "destinations": null,
        "sources": [
          {
            "property": "",
            "dataset": "OpenStreetMap",
            "license": "ODbL-1.0",
            "record_id": "w1550571386@1",
            "update_time": "2026-08-18T13:20:50Z",
            "confidence": null,
            "between": null,
            "provider": "osm",
            "resource": "planet",
            "version": "2026-09-09"
          }
        ],
        "version": 1,
        "bbox": {
          "xmin": 77.6030502319336,
          "xmax": 77.60311889648438,
          "ymin": 12.975457191467285,
          "ymax": 12.975639343261719
        }
      },
      "geometry": {
        "type": "LineString",
        "coordinates": [
          [
            77.6030624,
            12.9754575
          ],
          [
            77.6030712,
            12.9754895
          ],
          [
            77.6030726,
            12.9754946
          ],
          [
            77.6030777,
            12.9755134
          ],
          [
            77.6031122,
            12.9756393
          ]
        ]
      }
    },
    {
      "type": "Feature",
      "id": "aac92106-5250-4b81-aa50-b6e5a129998d",
      "properties": {
        "id": "aac92106-5250-4b81-aa50-b6e5a129998d",
        "names": null,
        "subtype": "road",
        "class": "footway",
        "subclass": "sidewalk",
        "subclass_rules": [
          {
            "value": "sidewalk",
            "between": null
          }
        ],
        "connectors": [
          {
            "connector_id": "d17960e0-2353-4cfc-a314-99b10e3b34b6",
            "at": 0.0
          },
          {
            "connector_id": "e584d7f0-c86a-4827-aecd-ab3469d48282",
            "at": 1.0
          }
        ],
        "road_surface": [
          {
            "value": "paved",
            "between": null
          }
        ],
        "road_flags": null,
        "rail_flags": null,
        "width_rules": null,
        "level_rules": null,
        "access_restrictions": null,
        "speed_limits": null,
        "prohibited_transitions": null,
        "routes": null,
        "destinations": null,
        "sources": [
          {
            "property": "",
            "dataset": "OpenStreetMap",
            "license": "ODbL-1.0",
            "record_id": "w1217769141@3",
            "update_time": "2026-01-28T18:25:56Z",
            "confidence": null,
            "between": null,
            "provider": "osm",
            "resource": "planet",
            "version": "2026-09-09"
          }
        ],
        "version": 3,
        "bbox": {
          "xmin": 77.60279846191406,
          "xmax": 77.60281372070312,
          "ymin": 12.975539207458496,
          "ymax": 12.97555923461914
        }
      },
      "geometry": {
        "type": "LineString",
        "coordinates": [
          [
            77.6028116,
            12.9755578
          ],
          [
            77.602806,
            12.9755396
          ]
        ]
      }
    },
    {
      "type": "Feature",
      "id": "6ad131c9-786b-42af-af04-3b6fe3b4fcf4",
      "properties": {
        "id": "6ad131c9-786b-42af-af04-3b6fe3b4fcf4",
        "names": null,
        "subtype": "road",
        "class": "footway",
        "subclass": null,
        "subclass_rules": [
          {
            "value": "sidewalk",
            "between": [
              0.0,
              0.257188721
            ]
          },
          {
            "value": "crosswalk",
            "between": [
              0.257188721,
              1.0
            ]
          }
        ],
        "connectors": [
          {
            "connector_id": "9d145958-3c83-4ed5-8e2e-d1e738247ed0",
            "at": 0.0
          },
          {
            "connector_id": "09c93608-8cef-4431-ac1a-165bd91c031e",
            "at": 0.755910607
          },
          {
            "connector_id": "e584d7f0-c86a-4827-aecd-ab3469d48282",
            "at": 1.0
          }
        ],
        "road_surface": [
          {
            "value": "paving_stones",
            "between": null
          }
        ],
        "road_flags": null,
        "rail_flags": null,
        "width_rules": null,
        "level_rules": null,
        "access_restrictions": null,
        "speed_limits": null,
        "prohibited_transitions": null,
        "routes": null,
        "destinations": null,
        "sources": [
          {
            "property": "",
            "dataset": "OpenStreetMap",
            "license": "ODbL-1.0",
            "record_id": "w1217769142@1",
            "update_time": "2026-01-02T08:48:19Z",
            "confidence": null,
            "between": [
              0.0,
              0.257188721
            ],
            "provider": "osm",
            "resource": "planet",
            "version": "2026-09-09"
          },
          {
            "property": "",
            "dataset": "OpenStreetMap",
            "license": "ODbL-1.0",
            "record_id": "w1106057238@4",
            "update_time": "2026-01-03T04:44:12Z",
            "confidence": null,
            "between": [
              0.257188721,
              1.0
            ],
            "provider": "osm",
            "resource": "planet",
            "version": "2026-09-09"
          }
        ],
        "version": 2,
        "bbox": {
          "xmin": 77.602783203125,
          "xmax": 77.6028060913086,
          "ymin": 12.975470542907715,
          "ymax": 12.975541114807129
        }
      },
      "geometry": {
        "type": "LineString",
        "coordinates": [
          [
            77.6027833,
            12.9754722
          ],
          [
            77.6027897,
            12.9754893
          ],
          [
            77.6028006,
            12.9755231
          ],
          [
            77.602806,
            12.9755396
          ]
        ]
      }
    },
    {
      "type": "Feature",
      "id": "9bd4e496-d529-4eac-a4fd-0999e040bed4",
      "properties": {
        "id": "9bd4e496-d529-4eac-a4fd-0999e040bed4",
        "names": null,
        "subtype": "road",
        "class": "footway",
        "subclass": null,
        "subclass_rules": null,
        "connectors": [
          {
            "connector_id": "a0b0cc28-9380-45c4-8980-038d0089f6f5",
            "at": 0.0
          },
          {
            "connector_id": "e8afebce-675b-4fb5-a7e7-8a8a828e1f59",
            "at": 1.0
          }
        ],
        "road_surface": null,
        "road_flags": null,
        "rail_flags": null,
        "width_rules": null,
        "level_rules": null,
        "access_restrictions": null,
        "speed_limits": null,
        "prohibited_transitions": null,
        "routes": null,
        "destinations": null,
        "sources": [
          {
            "property": "",
            "dataset": "OpenStreetMap",
            "license": "ODbL-1.0",
            "record_id": "w1363825200@2",
            "update_time": "2026-08-18T13:20:50Z",
            "confidence": null,
            "between": null,
            "provider": "osm",
            "resource": "planet",
            "version": "2026-09-09"
          }
        ],
        "version": 3,
        "bbox": {
          "xmin": 77.60273742675781,
          "xmax": 77.60276794433594,
          "ymin": 12.975569725036621,
          "ymax": 12.97577953338623
        }
      },
      "geometry": {
        "type": "LineString",
        "coordinates": [
          [
            77.6027434,
            12.9757794
          ],
          [
            77.602762,
            12.9755915
          ],
          [
            77.6027611,
            12.9755857
          ],
          [
            77.6027587,
            12.9755702
          ]
        ]
      }
    },
    {
      "type": "Feature",
      "id": "edb63621-bd6a-4501-a462-e4730396aacf",
      "properties": {
        "id": "edb63621-bd6a-4501-a462-e4730396aacf",
        "names": null,
        "subtype": "road",
        "class": "footway",
        "subclass": "sidewalk",
        "subclass_rules": [
          {
            "value": "sidewalk",
            "between": null
          }
        ],
        "connectors": [
          {
            "connector_id": "59850cc5-62ee-46f1-9c8f-add5f7846f04",
            "at": 0.0
          },
          {
            "connector_id": "2650ee8a-8c92-4dbf-9128-d5605e50a66f",
            "at": 0.078321668
          },
          {
            "connector_id": "836770da-a1be-44ac-91ce-2a1b479ec664",
            "at": 1.0
          }
        ],
        "road_surface": [
          {
            "value": "paving_stones",
            "between": null
          }
        ],
        "road_flags": null,
        "rail_flags": null,
        "width_rules": null,
        "level_rules": null,
        "access_restrictions": null,
        "speed_limits": null,
        "prohibited_transitions": null,
        "routes": null,
        "destinations": null,
        "sources": [
          {
            "property": "",
            "dataset": "OpenStreetMap",
            "license": "ODbL-1.0",
            "record_id": "w1308654712@3",
            "update_time": "2026-01-15T17:48:14Z",
            "confidence": null,
            "between": null,
            "provider": "osm",
            "resource": "planet",
            "version": "2026-09-09"
          }
        ],
        "version": 3,
        "bbox": {
          "xmin": 77.60256958007812,
          "xmax": 77.6026382446289,
          "ymin": 12.975601196289062,
          "ymax": 12.976278305053711
        }
      },
      "geometry": {
        "type": "LineString",
        "coordinates": [
          [
            77.6026255,
            12.9756029
          ],
          [
            77.6026213,
            12.9756569
          ],
          [
            77.602586,
            12.9759338
          ],
          [
            77.6025771,
            12.9761682
          ],
          [
            77.6025698,
            12.9762171
          ],
          [
            77.602582,
            12.9762463
          ],
          [
            77.6026127,
            12.9762766
          ]
        ]
      }
    },
    {
      "type": "Feature",
      "id": "8c0b7a16-1b03-45b1-9b2a-4b3471ea79b1",
      "properties": {
        "id": "8c0b7a16-1b03-45b1-9b2a-4b3471ea79b1",
        "names": {
          "primary": "Museum Cross Road",
          "common": [
            [
              "kn",
              "ಸಂಗ್ರಹಾಲಯ ರಸ್ತೆ"
            ]
          ],
          "rules": [
            {
              "variant": "common",
              "language": null,
              "perspectives": null,
              "value": "Museum Cross Road",
              "between": null,
              "side": null
            }
          ]
        },
        "subtype": "road",
        "class": "unclassified",
        "subclass": null,
        "subclass_rules": null,
        "connectors": [
          {
            "connector_id": "298bfc87-9c3c-4f64-9df9-5dd13b5acb99",
            "at": 0.0
          },
          {
            "connector_id": "eb054b0e-ce04-4c27-84bb-4c5a2491d61a",
            "at": 0.101133668
          },
          {
            "connector_id": "d01c4331-ed6f-4b94-ba9b-ab08f59d2286",
            "at": 0.88202096
          },
          {
            "connector_id": "2e860280-ba34-4cee-bc32-39fa64a3edd6",
            "at": 1.0
          }
        ],
        "road_surface": [
          {
            "value": "paved",
            "between": null
          }
        ],
        "road_flags": null,
        "rail_flags": null,
        "width_rules": null,
        "level_rules": null,
        "access_restrictions": null,
        "speed_limits": null,
        "prohibited_transitions": null,
        "routes": null,
        "destinations": null,
        "sources": [
          {
            "property": "",
            "dataset": "OpenStreetMap",
            "license": "ODbL-1.0",
            "record_id": "w1049316088@10",
            "update_time": "2026-01-15T17:48:14Z",
            "confidence": null,
            "between": null,
            "provider": "osm",
            "resource": "planet",
            "version": "2026-09-09"
          }
        ],
        "version": 3,
        "bbox": {
          "xmin": 77.60252380371094,
          "xmax": 77.60256958007812,
          "ymin": 12.975577354431152,
          "ymax": 12.976381301879883
        }
      },
      "geometry": {
        "type": "LineString",
        "coordinates": [
          [
            77.6025567,
            12.975579
          ],
          [
            77.6025536,
            12.9756603
          ],
          [
            77.6025386,
            12.9759297
          ],
          [
            77.6025241,
            12.9762878
          ],
          [
            77.6025429,
            12.9763809
          ]
        ]
      }
    },
    {
      "type": "Feature",
      "id": "af5de45b-b3c3-4274-8870-32ce2d0587f5",
      "properties": {
        "id": "af5de45b-b3c3-4274-8870-32ce2d0587f5",
        "names": {
          "primary": "Church Street",
          "common": [
            [
              "kn",
              "ಚರ್ಚ್ ಬೀದಿ"
            ]
          ],
          "rules": [
            {
              "variant": "common",
              "language": null,
              "perspectives": null,
              "value": "Church Street",
              "between": null,
              "side": null
            }
          ]
        },
        "subtype": "road",
        "class": "unclassified",
        "subclass": null,
        "subclass_rules": null,
        "connectors": [
          {
            "connector_id": "418603f7-ed9e-4aaa-b542-d15ed09a9d5f",
            "at": 0.0
          },
          {
            "connector_id": "298bfc87-9c3c-4f64-9df9-5dd13b5acb99",
            "at": 1.0
          }
        ],
        "road_surface": [
          {
            "value": "paving_stones",
            "between": null
          }
        ],
        "road_flags": null,
        "rail_flags": null,
        "width_rules": [
          {
            "value": 5.5,
            "between": null
          }
        ],
        "level_rules": null,
        "access_restrictions": [
          {
            "access_type": "denied",
            "when": {
              "during": null,
              "heading": "backward",
              "using": null,
              "recognized": null,
              "mode": null,
              "vehicle": null
            },
            "between": null
          },
          {
            "access_type": "allowed",
            "when": {
              "during": null,
              "heading": null,
              "using": null,
              "recognized": null,
              "mode": [
                "foot",
                "bicycle",
                "motor_vehicle"
              ],
              "vehicle": null
            },
            "between": null
          }
        ],
        "speed_limits": [
          {
            "min_speed": null,
            "max_speed": {
              "value": 20,
              "unit": "km/h"
            },
            "is_max_speed_variable": null,
            "when": null,
            "between": null
          }
        ],
        "prohibited_transitions": null,
        "routes": null,
        "destinations": null,
        "sources": [
          {
            "property": "",
            "dataset": "OpenStreetMap",
            "license": "ODbL-1.0",
            "record_id": "w1093604004@2",
            "update_time": "2026-01-15T17:48:14Z",
            "confidence": null,
            "between": null,
            "provider": "osm",
            "resource": "planet",
            "version": "2026-09-09"
          }
        ],
        "version": 3,
        "bbox": {
          "xmin": 77.60255432128906,
          "xmax": 77.60279846191406,
          "ymin": 12.975525856018066,
          "ymax": 12.975579261779785
        }
      },
      "geometry": {
        "type": "LineString",
        "coordinates": [
          [
            77.6027863,
            12.9755262
          ],
          [
            77.602629,
            12.9755624
          ],
          [
            77.6025567,
            12.975579
          ]
        ]
      }
    },
    {
      "type": "Feature",
      "id": "1b1f2baa-b53a-47bc-be1a-51b1c79795ef",
      "properties": {
        "id": "1b1f2baa-b53a-47bc-be1a-51b1c79795ef",
        "names": null,
        "subtype": "road",
        "class": "footway",
        "subclass": null,
        "subclass_rules": [
          {
            "value": "sidewalk",
            "between": [
              0.0,
              0.226706308
            ]
          },
          {
            "value": "crosswalk",
            "between": [
              0.226706308,
              0.802343194
            ]
          },
          {
            "value": "sidewalk",
            "between": [
              0.802343194,
              1.0
            ]
          }
        ],
        "connectors": [
          {
            "connector_id": "7fa6b04f-b072-435f-a56e-2c7af01798a4",
            "at": 0.0
          },
          {
            "connector_id": "eb054b0e-ce04-4c27-84bb-4c5a2491d61a",
            "at": 0.516525154
          },
          {
            "connector_id": "2650ee8a-8c92-4dbf-9128-d5605e50a66f",
            "at": 1.0
          }
        ],
        "road_surface": null,
        "road_flags": null,
        "rail_flags": null,
        "width_rules": null,
        "level_rules": null,
        "access_restrictions": null,
        "speed_limits": null,
        "prohibited_transitions": null,
        "routes": null,
        "destinations": null,
        "sources": [
          {
            "property": "",
            "dataset": "OpenStreetMap",
            "license": "ODbL-1.0",
            "record_id": "w1217769129@2",
            "update_time": "2026-01-01T06:53:43Z",
            "confidence": null,
            "between": [
              0.0,
              0.226706308
            ],
            "provider": "osm",
            "resource": "planet",
            "version": "2026-09-09"
          },
          {
            "property": "",
            "dataset": "OpenStreetMap",
            "license": "ODbL-1.0",
            "record_id": "w1093604000@3",
            "update_time": "2026-01-02T08:48:19Z",
            "confidence": null,
            "between": [
              0.226706308,
              0.802343194
            ],
            "provider": "osm",
            "resource": "planet",
            "version": "2026-09-09"
          },
          {
            "property": "",
            "dataset": "OpenStreetMap",
            "license": "ODbL-1.0",
            "record_id": "w1217769128@1",
            "update_time": "2026-01-02T08:48:19Z",
            "confidence": null,
            "between": [
              0.802343194,
              1.0
            ],
            "provider": "osm",
            "resource": "planet",
            "version": "2026-09-09"
          }
        ],
        "version": 2,
        "bbox": {
          "xmin": 77.60247802734375,
          "xmax": 77.60262298583984,
          "ymin": 12.975656509399414,
          "ymax": 12.975669860839844
        }
      },
      "geometry": {
        "type": "LineString",
        "coordinates": [
          [
            77.6024817,
            12.9756682
          ],
          [
            77.602513,
            12.9756629
          ],
          [
            77.6025536,
            12.9756603
          ],
          [
            77.6025936,
            12.9756574
          ],
          [
            77.6026213,
            12.9756569
          ]
        ]
      }
    },
    {
      "type": "Feature",
      "id": "c65d9cc9-0f8e-401f-a677-054c1e446617",
      "properties": {
        "id": "c65d9cc9-0f8e-401f-a677-054c1e446617",
        "names": null,
        "subtype": "road",
        "class": "footway",
        "subclass": null,
        "subclass_rules": null,
        "connectors": [
          {
            "connector_id": "31fa35ab-2068-490b-8b60-e91a7e5c5179",
            "at": 0.0
          },
          {
            "connector_id": "6422ba91-92a9-4de6-837e-0744d8f07226",
            "at": 1.0
          }
        ],
        "road_surface": null,
        "road_flags": null,
        "rail_flags": null,
        "width_rules": null,
        "level_rules": null,
        "access_restrictions": null,
        "speed_limits": null,
        "prohibited_transitions": null,
        "routes": null,
        "destinations": null,
        "sources": [
          {
            "property": "",
            "dataset": "OpenStreetMap",
            "license": "ODbL-1.0",
            "record_id": "w1387676355@2",
            "update_time": "2026-01-02T08:48:19Z",
            "confidence": null,
            "between": null,
            "provider": "osm",
            "resource": "planet",
            "version": "2026-09-09"
          }
        ],
        "version": 2,
        "bbox": {
          "xmin": 77.60240173339844,
          "xmax": 77.60242462158203,
          "ymin": 12.975502967834473,
          "ymax": 12.975546836853027
        }
      },
      "geometry": {
        "type": "LineString",
        "coordinates": [
          [
            77.6024034,
            12.9755032
          ],
          [
            77.6024077,
            12.9755249
          ],
          [
            77.602412,
            12.9755467
          ]
        ]
      }
    },
    {
      "type": "Feature",
      "id": "48211450-ed19-4e94-99ff-0b7844e34637",
      "properties": {
        "id": "48211450-ed19-4e94-99ff-0b7844e34637",
        "names": null,
        "subtype": "road",
        "class": "footway",
        "subclass": null,
        "subclass_rules": [
          {
            "value": "sidewalk",
            "between": [
              0.0,
              0.499232215
            ]
          },
          {
            "value": "crosswalk",
            "between": [
              0.499232215,
              1.0
            ]
          }
        ],
        "connectors": [
          {
            "connector_id": "8579efe9-4940-4295-a5a5-4c5962182430",
            "at": 0.0
          },
          {
            "connector_id": "e6837ec8-9be6-4681-b94b-84326ed81387",
            "at": 0.750591399
          },
          {
            "connector_id": "2bb99b9a-b962-4b56-a745-10545e2c90a0",
            "at": 1.0
          }
        ],
        "road_surface": [
          {
            "value": "paving_stones",
            "between": [
              0.499232215,
              1.0
            ]
          }
        ],
        "road_flags": null,
        "rail_flags": null,
        "width_rules": null,
        "level_rules": null,
        "access_restrictions": null,
        "speed_limits": null,
        "prohibited_transitions": null,
        "routes": null,
        "destinations": null,
        "sources": [
          {
            "property": "",
            "dataset": "OpenStreetMap",
            "license": "ODbL-1.0",
            "record_id": "w1217769126@1",
            "update_time": "2026-01-02T08:48:19Z",
            "confidence": null,
            "between": [
              0.0,
              0.499232215
            ],
            "provider": "osm",
            "resource": "planet",
            "version": "2026-09-09"
          },
          {
            "property": "",
            "dataset": "OpenStreetMap",
            "license": "ODbL-1.0",
            "record_id": "w1093604001@4",
            "update_time": "2026-01-02T08:48:19Z",
            "confidence": null,
            "between": [
              0.499232215,
              1.0
            ],
            "provider": "osm",
            "resource": "planet",
            "version": "2026-09-09"
          }
        ],
        "version": 2,
        "bbox": {
          "xmin": 77.60234832763672,
          "xmax": 77.60237121582031,
          "ymin": 12.975546836853027,
          "ymax": 12.975647926330566
        }
      },
      "geometry": {
        "type": "LineString",
        "coordinates": [
          [
            77.6023498,
            12.9755483
          ],
          [
            77.6023597,
            12.9755972
          ],
          [
            77.6023651,
            12.9756218
          ],
          [
            77.6023703,
            12.9756462
          ]
        ]
      }
    },
    {
      "type": "Feature",
      "id": "b03d2e0d-1644-4d7e-98c6-9da072f512a6",
      "properties": {
        "id": "b03d2e0d-1644-4d7e-98c6-9da072f512a6",
        "names": null,
        "subtype": "road",
        "class": "footway",
        "subclass": "sidewalk",
        "subclass_rules": [
          {
            "value": "sidewalk",
            "between": null
          }
        ],
        "connectors": [
          {
            "connector_id": "fbe8a119-c3bd-4179-9bdd-c00245f65508",
            "at": 0.0
          },
          {
            "connector_id": "2bb99b9a-b962-4b56-a745-10545e2c90a0",
            "at": 1.0
          }
        ],
        "road_surface": [
          {
            "value": "paving_stones",
            "between": null
          }
        ],
        "road_flags": null,
        "rail_flags": null,
        "width_rules": null,
        "level_rules": null,
        "access_restrictions": null,
        "speed_limits": null,
        "prohibited_transitions": null,
        "routes": null,
        "destinations": null,
        "sources": [
          {
            "property": "",
            "dataset": "OpenStreetMap",
            "license": "ODbL-1.0",
            "record_id": "w1217769127@2",
            "update_time": "2026-03-01T11:27:31Z",
            "confidence": null,
            "between": null,
            "provider": "osm",
            "resource": "planet",
            "version": "2026-09-09"
          }
        ],
        "version": 3,
        "bbox": {
          "xmin": 77.60236358642578,
          "xmax": 77.60237884521484,
          "ymin": 12.975646018981934,
          "ymax": 12.975671768188477
        }
      },
      "geometry": {
        "type": "LineString",
        "coordinates": [
          [
            77.6023761,
            12.9756715
          ],
          [
            77.6023703,
            12.9756462
          ]
        ]
      }
    },
    {
      "type": "Feature",
      "id": "d2b35664-cc71-4c96-bd88-a580e8aefc42",
      "properties": {
        "id": "d2b35664-cc71-4c96-bd88-a580e8aefc42",
        "names": null,
        "subtype": "road",
        "class": "footway",
        "subclass": null,
        "subclass_rules": null,
        "connectors": [
          {
            "connector_id": "36d9dcd9-ee5d-4aa5-b488-19e476d0521c",
            "at": 0.0
          },
          {
            "connector_id": "0e72feb2-f0e2-4d55-925a-45989174d64b",
            "at": 1.0
          }
        ],
        "road_surface": null,
        "road_flags": null,
        "rail_flags": null,
        "width_rules": null,
        "level_rules": null,
        "access_restrictions": null,
        "speed_limits": null,
        "prohibited_transitions": null,
        "routes": null,
        "destinations": null,
        "sources": [
          {
            "property": "",
            "dataset": "OpenStreetMap",
            "license": "ODbL-1.0",
            "record_id": "w1384663852@2",
            "update_time": "2026-01-01T05:48:33Z",
            "confidence": null,
            "between": null,
            "provider": "osm",
            "resource": "planet",
            "version": "2026-09-09"
          }
        ],
        "version": 2,
        "bbox": {
          "xmin": 77.60226440429688,
          "xmax": 77.60232543945312,
          "ymin": 12.97569751739502,
          "ymax": 12.976029396057129
        }
      },
      "geometry": {
        "type": "LineString",
        "coordinates": [
          [
            77.6022698,
            12.9756992
          ],
          [
            77.6022725,
            12.9757108
          ],
          [
            77.602277,
            12.9757301
          ],
          [
            77.6022991,
            12.9758255
          ],
          [
            77.6022682,
            12.9758323
          ],
          [
            77.6023049,
            12.9759908
          ],
          [
            77.6023125,
            12.9759886
          ],
          [
            77.6023179,
            12.9759871
          ],
          [
            77.6023178,
            12.9760277
          ]
        ]
      }
    },
    {
      "type": "Feature",
      "id": "b93f0a2d-3bb9-4648-bcc3-b9381106f250",
      "properties": {
        "id": "b93f0a2d-3bb9-4648-bcc3-b9381106f250",
        "names": null,
        "subtype": "road",
        "class": "service",
        "subclass": "driveway",
        "subclass_rules": [
          {
            "value": "driveway",
            "between": null
          }
        ],
        "connectors": [
          {
            "connector_id": "296afb2f-aa8c-4aba-b391-3b56a5dfff42",
            "at": 0.0
          },
          {
            "connector_id": "10d664bb-fab9-4de3-b515-8b3d63e374c1",
            "at": 0.185053202
          },
          {
            "connector_id": "0e72feb2-f0e2-4d55-925a-45989174d64b",
            "at": 1.0
          }
        ],
        "road_surface": null,
        "road_flags": null,
        "rail_flags": null,
        "width_rules": null,
        "level_rules": null,
        "access_restrictions": null,
        "speed_limits": null,
        "prohibited_transitions": null,
        "routes": null,
        "destinations": null,
        "sources": [
          {
            "property": "",
            "dataset": "OpenStreetMap",
            "license": "ODbL-1.0",
            "record_id": "w1384663854@2",
            "update_time": "2026-01-01T06:53:43Z",
            "confidence": null,
            "between": null,
            "provider": "osm",
            "resource": "planet",
            "version": "2026-09-09"
          }
        ],
        "version": 2,
        "bbox": {
          "xmin": 77.60231018066406,
          "xmax": 77.60233306884766,
          "ymin": 12.976027488708496,
          "ymax": 12.976428985595703
        }
      },
      "geometry": {
        "type": "LineString",
        "coordinates": [
          [
            77.6023269,
            12.9764287
          ],
          [
            77.6023252,
            12.9763754
          ],
          [
            77.6023252,
            12.9763545
          ],
          [
            77.6023248,
            12.9763375
          ],
          [
            77.6023178,
            12.9760277
          ]
        ]
      }
    },
    {
      "type": "Feature",
      "id": "d2d97fcb-9f49-49b2-824f-040524a36e8a",
      "properties": {
        "id": "d2d97fcb-9f49-49b2-824f-040524a36e8a",
        "names": null,
        "subtype": "road",
        "class": "footway",
        "subclass": "sidewalk",
        "subclass_rules": [
          {
            "value": "sidewalk",
            "between": null
          }
        ],
        "connectors": [
          {
            "connector_id": "360a40dc-20ff-402d-91e4-5f437ee76b2a",
            "at": 0.0
          },
          {
            "connector_id": "55652c9f-2881-4f56-ad00-a4930863aa03",
            "at": 1.0
          }
        ],
        "road_surface": [
          {
            "value": "paving_stones",
            "between": null
          }
        ],
        "road_flags": null,
        "rail_flags": null,
        "width_rules": null,
        "level_rules": null,
        "access_restrictions": null,
        "speed_limits": null,
        "prohibited_transitions": null,
        "routes": null,
        "destinations": null,
        "sources": [
          {
            "property": "",
            "dataset": "OpenStreetMap",
            "license": "ODbL-1.0",
            "record_id": "w1463372677@1",
            "update_time": "2026-01-01T06:53:43Z",
            "confidence": null,
            "between": null,
            "provider": "osm",
            "resource": "planet",
            "version": "2026-09-09"
          }
        ],
        "version": 1,
        "bbox": {
          "xmin": 77.60245513916016,
          "xmax": 77.60250091552734,
          "ymin": 12.976289749145508,
          "ymax": 12.97629165649414
        }
      },
      "geometry": {
        "type": "LineString",
        "coordinates": [
          [
            77.602456,
            12.9762915
          ],
          [
            77.602488,
            12.9762914
          ]
        ]
      }
    },
    {
      "type": "Feature",
      "id": "6628a247-c7da-4bfb-85f1-363fdd095177",
      "properties": {
        "id": "6628a247-c7da-4bfb-85f1-363fdd095177",
        "names": null,
        "subtype": "road",
        "class": "footway",
        "subclass": "sidewalk",
        "subclass_rules": [
          {
            "value": "sidewalk",
            "between": null
          }
        ],
        "connectors": [
          {
            "connector_id": "142400a8-4d5e-4b0f-b0a5-07a41cb76b76",
            "at": 0.0
          },
          {
            "connector_id": "25da4fc2-31a1-472d-91b8-36167539fb92",
            "at": 0.076280916
          },
          {
            "connector_id": "5f901846-e062-4136-b484-2f47148c5a87",
            "at": 0.092356177
          },
          {
            "connector_id": "7e148c31-2bb9-4c4f-bacd-50f54c061242",
            "at": 0.83566085
          },
          {
            "connector_id": "996ecf16-9ebb-480f-8085-9e1f4a0ae285",
            "at": 0.934658184
          },
          {
            "connector_id": "5075c63a-5773-4df8-930b-c0e3160640ac",
            "at": 0.981308624
          },
          {
            "connector_id": "5a34eafa-c453-4ac3-af43-6ad6692a0c05",
            "at": 1.0
          }
        ],
        "road_surface": [
          {
            "value": "paving_stones",
            "between": null
          }
        ],
        "road_flags": null,
        "rail_flags": null,
        "width_rules": null,
        "level_rules": null,
        "access_restrictions": null,
        "speed_limits": null,
        "prohibited_transitions": null,
        "routes": null,
        "destinations": null,
        "sources": [
          {
            "property": "",
            "dataset": "OpenStreetMap",
            "license": "ODbL-1.0",
            "record_id": "w1466669629@1",
            "update_time": "2026-01-13T06:19:08Z",
            "confidence": null,
            "between": [
              0.0,
              0.045910405
            ],
            "provider": "osm",
            "resource": "planet",
            "version": "2026-09-09"
          },
          {
            "property": "",
            "dataset": "OpenStreetMap",
            "license": "ODbL-1.0",
            "record_id": "w1106324136@5",
            "update_time": "2026-01-13T06:19:08Z",
            "confidence": null,
            "between": [
              0.045910405,
              1.0
            ],
            "provider": "osm",
            "resource": "planet",
            "version": "2026-09-09"
          }
        ],
        "version": 4,
        "bbox": {
          "xmin": 77.6016616821289,
          "xmax": 77.60230255126953,
          "ymin": 12.976727485656738,
          "ymax": 12.979249000549316
        }
      },
      "geometry": {
        "type": "LineString",
        "coordinates": [
          [
            77.6020961,
            12.9792471
          ],
          [
            77.6022183,
            12.9792042
          ],
          [
            77.6022991,
            12.9791758
          ],
          [
            77.6022902,
            12.9791321
          ],
          [
            77.6018428,
            12.9771188
          ],
          [
            77.6018214,
            12.9770221
          ],
          [
            77.6017799,
            12.9768514
          ],
          [
            77.6017529,
            12.9767705
          ],
          [
            77.6017361,
            12.9767563
          ],
          [
            77.6017188,
            12.9767416
          ],
          [
            77.6016675,
            12.9767292
          ]
        ]
      }
    },
    {
      "type": "Feature",
      "id": "c2d76602-4cd1-4455-af44-2861a08493db",
      "properties": {
        "id": "c2d76602-4cd1-4455-af44-2861a08493db",
        "names": null,
        "subtype": "road",
        "class": "footway",
        "subclass": null,
        "subclass_rules": [
          {
            "value": "sidewalk",
            "between": [
              0.0,
              0.005524424
            ]
          },
          {
            "value": "crosswalk",
            "between": [
              0.005524424,
              0.084503228
            ]
          },
          {
            "value": "sidewalk",
            "between": [
              0.084503228,
              1.0
            ]
          }
        ],
        "connectors": [
          {
            "connector_id": "5f901846-e062-4136-b484-2f47148c5a87",
            "at": 0.0
          },
          {
            "connector_id": "f440bbd3-8a32-4e52-9de5-50a9dcb5d792",
            "at": 0.027779881
          },
          {
            "connector_id": "9aeb3c61-f9cb-4ab7-a4b1-5f021c571038",
            "at": 0.072771998
          },
          {
            "connector_id": "04ccf792-61c5-4466-8fa3-827b6227a248",
            "at": 0.08984815
          },
          {
            "connector_id": "ef54dd1d-b10c-4ffa-8c4d-ee27467f94bb",
            "at": 1.0
          }
        ],
        "road_surface": [
          {
            "value": "paved",
            "between": [
              0.005524424,
              0.084503228
            ]
          },
          {
            "value": "paving_stones",
            "between": [
              0.084503228,
              1.0
            ]
          }
        ],
        "road_flags": null,
        "rail_flags": null,
        "width_rules": null,
        "level_rules": null,
        "access_restrictions": null,
        "speed_limits": null,
        "prohibited_transitions": null,
        "routes": null,
        "destinations": null,
        "sources": [
          {
            "property": "",
            "dataset": "OpenStreetMap",
            "license": "ODbL-1.0",
            "record_id": "w1232642399@1",
            "update_time": "2025-10-29T03:56:20Z",
            "confidence": null,
            "between": [
              0.0,
              0.005524424
            ],
            "provider": "osm",
            "resource": "planet",
            "version": "2026-09-09"
          },
          {
            "property": "",
            "dataset": "OpenStreetMap",
            "license": "ODbL-1.0",
            "record_id": "w1106324137@4",
            "update_time": "2026-02-17T18:35:55Z",
            "confidence": null,
            "between": [
              0.005524424,
              0.084503228
            ],
            "provider": "osm",
            "resource": "planet",
            "version": "2026-09-09"
          },
          {
            "property": "",
            "dataset": "OpenStreetMap",
            "license": "ODbL-1.0",
            "record_id": "w1296032742@2",
            "update_time": "2025-10-29T04:16:42Z",
            "confidence": null,
            "between": [
              0.084503228,
              1.0
            ],
            "provider": "osm",
            "resource": "planet",
            "version": "2026-09-09"
          }
        ],
        "version": 2,
        "bbox": {
          "xmin": 77.60195922851562,
          "xmax": 77.60252380371094,
          "ymin": 12.976724624633789,
          "ymax": 12.979133605957031
        }
      },
      "geometry": {
        "type": "LineString",
        "coordinates": [
          [
            77.6022902,
            12.9791321
          ],
          [
            77.6023046,
            12.9791284
          ],
          [
            77.6023624,
            12.9791119
          ],
          [
            77.6024792,
            12.9790787
          ],
          [
            77.6025096,
            12.9790699
          ],
          [
            77.6025235,
            12.979066
          ],
          [
            77.6019649,
            12.9767984
          ],
          [
            77.601996,
            12.9767248
          ]
        ]
      }
    },
    {
      "type": "Feature",
      "id": "3ec7d370-2714-44ce-8387-93f45295fe1d",
      "properties": {
        "id": "3ec7d370-2714-44ce-8387-93f45295fe1d",
        "names": {
          "primary": "Central Street",
          "common": [
            [
              "kn",
              "ಕೇಂದ್ರ ಬೀದಿ"
            ]
          ],
          "rules": [
            {
              "variant": "common",
              "language": null,
              "perspectives": null,
              "value": "Central Street",
              "between": null,
              "side": null
            }
          ]
        },
        "subtype": "road",
        "class": "secondary",
        "subclass": null,
        "subclass_rules": null,
        "connectors": [
          {
            "connector_id": "8bb6747f-86ce-4ec9-8eaf-f8284f43afbd",
            "at": 0.0
          },
          {
            "connector_id": "06aa676a-86c8-4af6-97b9-1f5cc908d34f",
            "at": 0.073594101
          },
          {
            "connector_id": "354fff33-73dc-4453-8d6f-2aa988a738fb",
            "at": 0.379700259
          },
          {
            "connector_id": "66ad2fb9-36a2-48d6-8b20-f90449bf8aec",
            "at": 1.0
          }
        ],
        "road_surface": [
          {
            "value": "paved",
            "between": null
          }
        ],
        "road_flags": null,
        "rail_flags": null,
        "width_rules": null,
        "level_rules": null,
        "access_restrictions": [
          {
            "access_type": "denied",
            "when": {
              "during": null,
              "heading": "backward",
              "using": null,
              "recognized": null,
              "mode": null,
              "vehicle": null
            },
            "between": null
          }
        ],
        "speed_limits": null,
        "prohibited_transitions": null,
        "routes": null,
        "destinations": null,
        "sources": [
          {
            "property": "",
            "dataset": "OpenStreetMap",
            "license": "ODbL-1.0",
            "record_id": "w323813903@26",
            "update_time": "2025-10-29T04:16:42Z",
            "confidence": null,
            "between": null,
            "provider": "osm",
            "resource": "planet",
            "version": "2026-09-09"
          }
        ],
        "version": 2,
        "bbox": {
          "xmin": 77.6017837524414,
          "xmax": 77.60208129882812,
          "ymin": 12.97663688659668,
          "ymax": 12.977938652038574
        }
      },
      "geometry": {
        "type": "LineString",
        "coordinates": [
          [
            77.6017915,
            12.9766386
          ],
          [
            77.6017845,
            12.9767363
          ],
          [
            77.6018092,
            12.9768431
          ],
          [
            77.6018772,
            12.9771334
          ],
          [
            77.6020138,
            12.9777168
          ],
          [
            77.6020689,
            12.9779372
          ]
        ]
      }
    },
    {
      "type": "Feature",
      "id": "c56dda94-0715-457c-8ec8-2d28ed383db6",
      "properties": {
        "id": "c56dda94-0715-457c-8ec8-2d28ed383db6",
        "names": {
          "primary": "Central Street",
          "common": [
            [
              "kn",
              "ಕೇಂದ್ರ ಬೀದಿ"
            ]
          ],
          "rules": [
            {
              "variant": "common",
              "language": null,
              "perspectives": null,
              "value": "Central Street",
              "between": null,
              "side": null
            }
          ]
        },
        "subtype": "road",
        "class": "secondary",
        "subclass": null,
        "subclass_rules": null,
        "connectors": [
          {
            "connector_id": "a8e2074b-afd4-4239-aa70-7dc36722846e",
            "at": 0.0
          },
          {
            "connector_id": "bcc51140-3a58-4a3b-b61f-327ddad3e7fe",
            "at": 0.928618694
          },
          {
            "connector_id": "b4eeb903-ac4b-4542-9c11-75514c32b87f",
            "at": 1.0
          }
        ],
        "road_surface": [
          {
            "value": "paved",
            "between": null
          }
        ],
        "road_flags": null,
        "rail_flags": null,
        "width_rules": null,
        "level_rules": null,
        "access_restrictions": [
          {
            "access_type": "denied",
            "when": {
              "during": null,
              "heading": "backward",
              "using": null,
              "recognized": null,
              "mode": null,
              "vehicle": null
            },
            "between": null
          }
        ],
        "speed_limits": null,
        "prohibited_transitions": null,
        "routes": null,
        "destinations": null,
        "sources": [
          {
            "property": "",
            "dataset": "OpenStreetMap",
            "license": "ODbL-1.0",
            "record_id": "w1196514126@8",
            "update_time": "2025-10-29T04:16:42Z",
            "confidence": null,
            "between": null,
            "provider": "osm",
            "resource": "planet",
            "version": "2026-09-09"
          }
        ],
        "version": 2,
        "bbox": {
          "xmin": 77.60185241699219,
          "xmax": 77.60220336914062,
          "ymin": 12.976635932922363,
          "ymax": 12.977907180786133
        }
      },
      "geometry": {
        "type": "LineString",
        "coordinates": [
          [
            77.6022008,
            12.9779057
          ],
          [
            77.6019032,
            12.97673
          ],
          [
            77.6019024,
            12.9767233
          ],
          [
            77.6018644,
            12.9766374
          ]
        ]
      }
    },
    {
      "type": "Feature",
      "id": "264193c5-1bc2-47e7-b132-7df0494a6fc5",
      "properties": {
        "id": "264193c5-1bc2-47e7-b132-7df0494a6fc5",
        "names": null,
        "subtype": "road",
        "class": "footway",
        "subclass": "sidewalk",
        "subclass_rules": [
          {
            "value": "sidewalk",
            "between": null
          }
        ],
        "connectors": [
          {
            "connector_id": "ef54dd1d-b10c-4ffa-8c4d-ee27467f94bb",
            "at": 0.0
          },
          {
            "connector_id": "50ecdfab-3d63-4324-a7ab-7aff0909ce07",
            "at": 1.0
          }
        ],
        "road_surface": null,
        "road_flags": null,
        "rail_flags": null,
        "width_rules": null,
        "level_rules": null,
        "access_restrictions": null,
        "speed_limits": null,
        "prohibited_transitions": null,
        "routes": null,
        "destinations": null,
        "sources": [
          {
            "property": "",
            "dataset": "OpenStreetMap",
            "license": "ODbL-1.0",
            "record_id": "w1296032740@1",
            "update_time": "2026-01-01T06:53:43Z",
            "confidence": null,
            "between": null,
            "provider": "osm",
            "resource": "planet",
            "version": "2026-09-09"
          }
        ],
        "version": 2,
        "bbox": {
          "xmin": 77.60198974609375,
          "xmax": 77.60200500488281,
          "ymin": 12.976712226867676,
          "ymax": 12.976726531982422
        }
      },
      "geometry": {
        "type": "LineString",
        "coordinates": [
          [
            77.601996,
            12.9767248
          ],
          [
            77.6020026,
            12.9767137
          ]
        ]
      }
    },
    {
      "type": "Feature",
      "id": "59a4447b-d03b-4666-98f8-4576cfb5d9fd",
      "properties": {
        "id": "59a4447b-d03b-4666-98f8-4576cfb5d9fd",
        "names": null,
        "subtype": "road",
        "class": "footway",
        "subclass": null,
        "subclass_rules": [
          {
            "value": "crosswalk",
            "between": [
              0.0,
              0.91457449
            ]
          },
          {
            "value": "sidewalk",
            "between": [
              0.91457449,
              1.0
            ]
          }
        ],
        "connectors": [
          {
            "connector_id": "50ecdfab-3d63-4324-a7ab-7aff0909ce07",
            "at": 0.0
          },
          {
            "connector_id": "d6ddbf4f-f3ab-4563-87de-353831e738cf",
            "at": 0.29381553
          },
          {
            "connector_id": "b1057b61-68b7-4f11-b79a-9b774d74802e",
            "at": 0.725794451
          },
          {
            "connector_id": "7e46ba06-4684-4d47-b152-3931be4e9a5e",
            "at": 1.0
          }
        ],
        "road_surface": [
          {
            "value": "paved",
            "between": [
              0.0,
              0.91457449
            ]
          }
        ],
        "road_flags": null,
        "rail_flags": null,
        "width_rules": null,
        "level_rules": null,
        "access_restrictions": null,
        "speed_limits": null,
        "prohibited_transitions": null,
        "routes": null,
        "destinations": null,
        "sources": [
          {
            "property": "",
            "dataset": "OpenStreetMap",
            "license": "ODbL-1.0",
            "record_id": "w1272848376@1",
            "update_time": "2026-01-01T06:53:43Z",
            "confidence": null,
            "between": [
              0.0,
              0.063636477
            ],
            "provider": "osm",
            "resource": "planet",
            "version": "2026-09-09"
          },
          {
            "property": "",
            "dataset": "OpenStreetMap",
            "license": "ODbL-1.0",
            "record_id": "w460600470@7",
            "update_time": "2026-01-01T06:53:43Z",
            "confidence": null,
            "between": [
              0.063636477,
              0.91457449
            ],
            "provider": "osm",
            "resource": "planet",
            "version": "2026-09-09"
          },
          {
            "property": "",
            "dataset": "OpenStreetMap",
            "license": "ODbL-1.0",
            "record_id": "w1217769134@2",
            "update_time": "2026-01-01T06:53:43Z",
            "confidence": null,
            "between": [
              0.91457449,
              1.0
            ],
            "provider": "osm",
            "resource": "planet",
            "version": "2026-09-09"
          }
        ],
        "version": 3,
        "bbox": {
          "xmin": 77.60193634033203,
          "xmax": 77.60200500488281,
          "ymin": 12.97643756866455,
          "ymax": 12.976714134216309
        }
      },
      "geometry": {
        "type": "LineString",
        "coordinates": [
          [
            77.6020026,
            12.9767137
          ],
          [
            77.6019979,
            12.9766963
          ],
          [
            77.6019835,
            12.9766328
          ],
          [
            77.6019565,
            12.9765136
          ],
          [
            77.601945,
            12.9764614
          ],
          [
            77.60194,
            12.9764378
          ]
        ]
      }
    },
    {
      "type": "Feature",
      "id": "7598e1fe-eeac-483e-8659-3c201d4a1a34",
      "properties": {
        "id": "7598e1fe-eeac-483e-8659-3c201d4a1a34",
        "names": null,
        "subtype": "road",
        "class": "footway",
        "subclass": "crosswalk",
        "subclass_rules": [
          {
            "value": "crosswalk",
            "between": null
          }
        ],
        "connectors": [
          {
            "connector_id": "50ecdfab-3d63-4324-a7ab-7aff0909ce07",
            "at": 0.0
          },
          {
            "connector_id": "bcc51140-3a58-4a3b-b61f-327ddad3e7fe",
            "at": 0.391560377
          },
          {
            "connector_id": "06aa676a-86c8-4af6-97b9-1f5cc908d34f",
            "at": 0.853030084
          },
          {
            "connector_id": "00db89da-bcc3-4ca1-94c6-5c94f9e027cb",
            "at": 1.0
          }
        ],
        "road_surface": null,
        "road_flags": null,
        "rail_flags": null,
        "width_rules": null,
        "level_rules": null,
        "access_restrictions": null,
        "speed_limits": null,
        "prohibited_transitions": null,
        "routes": null,
        "destinations": null,
        "sources": [
          {
            "property": "",
            "dataset": "OpenStreetMap",
            "license": "ODbL-1.0",
            "record_id": "w460600473@6",
            "update_time": "2026-01-01T06:53:43Z",
            "confidence": null,
            "between": [
              0.0,
              0.581801203
            ],
            "provider": "osm",
            "resource": "planet",
            "version": "2026-09-09"
          },
          {
            "property": "",
            "dataset": "OpenStreetMap",
            "license": "ODbL-1.0",
            "record_id": "w1217769132@1",
            "update_time": "2023-10-23T12:27:17Z",
            "confidence": null,
            "between": [
              0.581801203,
              0.663891453
            ],
            "provider": "osm",
            "resource": "planet",
            "version": "2026-09-09"
          },
          {
            "property": "",
            "dataset": "OpenStreetMap",
            "license": "ODbL-1.0",
            "record_id": "w1217769131@2",
            "update_time": "2026-01-01T06:53:43Z",
            "confidence": null,
            "between": [
              0.663891453,
              1.0
            ],
            "provider": "osm",
            "resource": "planet",
            "version": "2026-09-09"
          }
        ],
        "version": 3,
        "bbox": {
          "xmin": 77.60174560546875,
          "xmax": 77.60200500488281,
          "ymin": 12.976712226867676,
          "ymax": 12.976741790771484
        }
      },
      "geometry": {
        "type": "LineString",
        "coordinates": [
          [
            77.6020026,
            12.9767137
          ],
          [
            77.6019381,
            12.9767197
          ],
          [
            77.6019024,
            12.9767233
          ],
          [
            77.6018539,
            12.9767292
          ],
          [
            77.6018328,
            12.976731
          ],
          [
            77.6017845,
            12.9767363
          ],
          [
            77.6017469,
            12.97674
          ]
        ]
      }
    },
    {
      "type": "Feature",
      "id": "e80e4f57-2a31-4c1e-81ce-6ee005b05618",
      "properties": {
        "id": "e80e4f57-2a31-4c1e-81ce-6ee005b05618",
        "names": {
          "primary": "ನಮ್ಮ ಮೆಟ್ರೋ",
          "common": [
            [
              "kn",
              "ನಮ್ಮ ಮೆಟ್ರೋ"
            ]
          ],
          "rules": [
            {
              "variant": "common",
              "language": null,
              "perspectives": null,
              "value": "Namma Metro - Reach 1",
              "between": [
                0.0,
                0.585426598
              ],
              "side": null
            },
            {
              "variant": "common",
              "language": null,
              "perspectives": null,
              "value": "Namma Metro - Underground UG1",
              "between": [
                0.585426598,
                1.0
              ],
              "side": null
            }
          ]
        },
        "subtype": "rail",
        "class": "subway",
        "subclass": null,
        "subclass_rules": null,
        "connectors": [
          {
            "connector_id": "997afb50-0ea6-4826-8fcf-a8572fa83669",
            "at": 0.0
          },
          {
            "connector_id": "089a8c2c-f45f-4043-8e6f-c49447d9fbce",
            "at": 0.023869831
          },
          {
            "connector_id": "f4b74d7b-0244-41e5-9df5-09c22f61f7d1",
            "at": 0.169540305
          },
          {
            "connector_id": "169d2f0a-cf87-4b65-8fc0-1b0816310e04",
            "at": 0.551549508
          },
          {
            "connector_id": "dad7a943-402d-48c9-9bbf-38ffa159b8d2",
            "at": 0.565194854
          },
          {
            "connector_id": "0e65d8be-fb8f-4d73-8649-6ad563869ba6",
            "at": 0.868375885
          },
          {
            "connector_id": "db9ccd72-6986-49a0-8e20-965192d404ed",
            "at": 0.872989254
          },
          {
            "connector_id": "7601748e-e676-41fd-8f42-1f35055f0de9",
            "at": 0.897845626
          },
          {
            "connector_id": "745d281d-8f1e-4347-918d-4458dc10b7e8",
            "at": 0.934367852
          },
          {
            "connector_id": "613b807c-e9e1-49b0-af75-79cb994e16fb",
            "at": 1.0
          }
        ],
        "road_surface": null,
        "road_flags": null,
        "rail_flags": [
          {
            "values": [
              "is_bridge"
            ],
            "between": [
              0.011893968,
              0.084383567
            ]
          },
          {
            "values": [
              "is_bridge",
              "is_covered"
            ],
            "between": [
              0.084383567,
              0.205767571
            ]
          },
          {
            "values": [
              "is_bridge"
            ],
            "between": [
              0.205767571,
              0.585426598
            ]
          },
          {
            "values": [
              "is_tunnel"
            ],
            "between": [
              0.601939379,
              1.0
            ]
          }
        ],
        "width_rules": null,
        "level_rules": [
          {
            "value": 2,
            "between": [
              0.011893968,
              0.585426598
            ]
          },
          {
            "value": -2,
            "between": [
              0.601939379,
              0.793190807
            ]
          },
          {
            "value": -1,
            "between": [
              0.793190807,
              0.98119978
            ]
          },
          {
            "value": -2,
            "between": [
              0.98119978,
              1.0
            ]
          }
        ],
        "access_restrictions": null,
        "speed_limits": null,
        "prohibited_transitions": null,
        "routes": null,
        "destinations": null,
        "sources": [
          {
            "property": "",
            "dataset": "OpenStreetMap",
            "license": "ODbL-1.0",
            "record_id": "w607901240@9",
            "update_time": "2025-11-23T17:02:02Z",
            "confidence": null,
            "between": [
              0.0,
              0.011893968
            ],
            "provider": "osm",
            "resource": "planet",
            "version": "2026-09-09"
          },
          {
            "property": "",
            "dataset": "OpenStreetMap",
            "license": "ODbL-1.0",
            "record_id": "w607901242@11",
            "update_time": "2025-11-23T17:02:02Z",
            "confidence": null,
            "between": [
              0.011893968,
              0.084383567
            ],
            "provider": "osm",
            "resource": "planet",
            "version": "2026-09-09"
          },
          {
            "property": "",
            "dataset": "OpenStreetMap",
            "license": "ODbL-1.0",
            "record_id": "w607901260@10",
            "update_time": "2025-11-23T17:02:02Z",
            "confidence": null,
            "between": [
              0.084383567,
              0.090626673
            ],
            "provider": "osm",
            "resource": "planet",
            "version": "2026-09-09"
          },
          {
            "property": "",
            "dataset": "OpenStreetMap",
            "license": "ODbL-1.0",
            "record_id": "w607901262@12",
            "update_time": "2026-03-19T17:13:50Z",
            "confidence": null,
            "between": [
              0.090626673,
              0.205767571
            ],
            "provider": "osm",
            "resource": "planet",
            "version": "2026-09-09"
          },
          {
            "property": "",
            "dataset": "OpenStreetMap",
            "license": "ODbL-1.0",
            "record_id": "w607901263@10",
            "update_time": "2025-11-23T17:02:02Z",
            "confidence": null,
            "between": [
              0.205767571,
              0.327676361
            ],
            "provider": "osm",
            "resource": "planet",
            "version": "2026-09-09"
          },
          {
            "property": "",
            "dataset": "OpenStreetMap",
            "license": "ODbL-1.0",
            "record_id": "w607901264@12",
            "update_time": "2025-11-23T17:02:02Z",
            "confidence": null,
            "between": [
              0.327676361,
              0.431972861
            ],
            "provider": "osm",
            "resource": "planet",
            "version": "2026-09-09"
          },
          {
            "property": "",
            "dataset": "OpenStreetMap",
            "license": "ODbL-1.0",
            "record_id": "w607901265@12",
            "update_time": "2025-11-23T17:02:02Z",
            "confidence": null,
            "between": [
              0.431972861,
              0.527619602
            ],
            "provider": "osm",
            "resource": "planet",
            "version": "2026-09-09"
          },
          {
            "property": "",
            "dataset": "OpenStreetMap",
            "license": "ODbL-1.0",
            "record_id": "w607901266@11",
            "update_time": "2026-03-19T17:13:50Z",
            "confidence": null,
            "between": [
              0.527619602,
              0.585426598
            ],
            "provider": "osm",
            "resource": "planet",
            "version": "2026-09-09"
          },
          {
            "property": "",
            "dataset": "OpenStreetMap",
            "license": "ODbL-1.0",
            "record_id": "w607901267@9",
            "update_time": "2025-11-23T17:02:02Z",
            "confidence": null,
            "between": [
              0.585426598,
              0.601939379
            ],
            "provider": "osm",
            "resource": "planet",
            "version": "2026-09-09"
          },
          {
            "property": "",
            "dataset": "OpenStreetMap",
            "license": "ODbL-1.0",
            "record_id": "w607901268@9",
            "update_time": "2025-11-23T17:02:02Z",
            "confidence": null,
            "between": [
              0.601939379,
              0.641996538
            ],
            "provider": "osm",
            "resource": "planet",
            "version": "2026-09-09"
          },
          {
            "property": "",
            "dataset": "OpenStreetMap",
            "license": "ODbL-1.0",
            "record_id": "w607901269@10",
            "update_time": "2025-11-23T17:02:02Z",
            "confidence": null,
            "between": [
              0.641996538,
              0.707806731
            ],
            "provider": "osm",
            "resource": "planet",
            "version": "2026-09-09"
          },
          {
            "property": "",
            "dataset": "OpenStreetMap",
            "license": "ODbL-1.0",
            "record_id": "w607901270@10",
            "update_time": "2025-11-23T17:02:02Z",
            "confidence": null,
            "between": [
              0.707806731,
              0.793190807
            ],
            "provider": "osm",
            "resource": "planet",
            "version": "2026-09-09"
          },
          {
            "property": "",
            "dataset": "OpenStreetMap",
            "license": "ODbL-1.0",
            "record_id": "w607901271@14",
            "update_time": "2025-11-23T17:02:02Z",
            "confidence": null,
            "between": [
              0.793190807,
              0.907732451
            ],
            "provider": "osm",
            "resource": "planet",
            "version": "2026-09-09"
          },
          {
            "property": "",
            "dataset": "OpenStreetMap",
            "license": "ODbL-1.0",
            "record_id": "w607901259@12",
            "update_time": "2025-11-23T17:02:02Z",
            "confidence": null,
            "between": [
              0.907732451,
              0.98119978
            ],
            "provider": "osm",
            "resource": "planet",
            "version": "2026-09-09"
          },
          {
            "property": "",
            "dataset": "OpenStreetMap",
            "license": "ODbL-1.0",
            "record_id": "w607901258@9",
            "update_time": "2025-11-23T17:02:02Z",
            "confidence": null,
            "between": [
              0.98119978,
              1.0
            ],
            "provider": "osm",
            "resource": "planet",
            "version": "2026-09-09"
          }
        ],
        "version": 4,
        "bbox": {
          "xmin": 77.56340789794922,
          "xmax": 77.65237426757812,
          "ymin": 12.972639083862305,
          "ymax": 12.990714073181152
        }
      },
      "geometry": {
        "type": "LineString",
        "coordinates": [
          [
            77.6523733,
            12.9907136
          ],
          [
            77.6511678,
            12.9903844
          ],
          [
            77.6499573,
            12.9900415
          ],
          [
            77.6496623,
            12.9899627
          ],
          [
            77.6495509,
            12.989928
          ],
          [
            77.6494595,
            12.9898962
          ],
          [
            77.6493752,
            12.9898628
          ],
          [
            77.6492924,
            12.9898206
          ],
          [
            77.6492052,
            12.9897668
          ],
          [
            77.649134,
            12.9897151
          ],
          [
            77.649068,
            12.989661
          ],
          [
            77.6489959,
            12.9895984
          ],
          [
            77.6489357,
            12.9895337
          ],
          [
            77.6488777,
            12.9894669
          ],
          [
            77.6488323,
            12.9894038
          ],
          [
            77.6487879,
            12.9893389
          ],
          [
            77.648751,
            12.9892809
          ],
          [
            77.6487082,
            12.9892044
          ],
          [
            77.6486653,
            12.9891106
          ],
          [
            77.6486197,
            12.9889987
          ],
          [
            77.6485762,
            12.9888741
          ],
          [
            77.6484881,
            12.9885788
          ],
          [
            77.6483646,
            12.9881495
          ],
          [
            77.6483194,
            12.9880122
          ],
          [
            77.6482841,
            12.9879134
          ],
          [
            77.6482495,
            12.9878265
          ],
          [
            77.6482138,
            12.9877534
          ],
          [
            77.648178,
            12.9876919
          ],
          [
            77.6481465,
            12.9876396
          ],
          [
            77.6481047,
            12.9875709
          ],
          [
            77.6480577,
            12.9874987
          ],
          [
            77.6480088,
            12.9874432
          ],
          [
            77.6478251,
            12.9872112
          ],
          [
            77.6475766,
            12.9870472
          ],
          [
            77.6473186,
            12.986909
          ],
          [
            77.6462365,
            12.9864979
          ],
          [
            77.6455011,
            12.9861908
          ],
          [
            77.6448902,
            12.9859543
          ],
          [
            77.643377,
            12.9853565
          ],
          [
            77.6426391,
            12.9850604
          ],
          [
            77.6412698,
            12.9845111
          ],
          [
            77.6410345,
            12.984385
          ],
          [
            77.6408729,
            12.9842202
          ],
          [
            77.6407286,
            12.9840808
          ],
          [
            77.6406301,
            12.9838587
          ],
          [
            77.6405845,
            12.9836867
          ],
          [
            77.6405581,
            12.9834999
          ],
          [
            77.6405717,
            12.9829247
          ],
          [
            77.6407097,
            12.9804932
          ],
          [
            77.6407663,
            12.9794966
          ],
          [
            77.6407582,
            12.9793037
          ],
          [
            77.6407205,
            12.9791133
          ],
          [
            77.6405997,
            12.9788544
          ],
          [
            77.6404717,
            12.9787005
          ],
          [
            77.6403493,
            12.9785927
          ],
          [
            77.6401643,
            12.9784734
          ],
          [
            77.6399692,
            12.9784061
          ],
          [
            77.6396923,
            12.9783744
          ],
          [
            77.638658,
            12.9783526
          ],
          [
            77.6377518,
            12.978324
          ],
          [
            77.6329398,
            12.9781719
          ],
          [
            77.6326516,
            12.9781784
          ],
          [
            77.6294414,
            12.9784732
          ],
          [
            77.6291722,
            12.978499
          ],
          [
            77.6289717,
            12.9784707
          ],
          [
            77.6287916,
            12.9784045
          ],
          [
            77.6285923,
            12.9782864
          ],
          [
            77.6283522,
            12.9781588
          ],
          [
            77.6280598,
            12.9779767
          ],
          [
            77.627733,
            12.9777887
          ],
          [
            77.6274552,
            12.9775754
          ],
          [
            77.627223,
            12.9773503
          ],
          [
            77.626667,
            12.9765165
          ],
          [
            77.6263726,
            12.9761082
          ],
          [
            77.6261745,
            12.9758559
          ],
          [
            77.6260168,
            12.9756332
          ],
          [
            77.625849,
            12.9754521
          ],
          [
            77.6252621,
            12.9750438
          ],
          [
            77.6249241,
            12.974819
          ],
          [
            77.6224822,
            12.973343
          ],
          [
            77.6220353,
            12.9731346
          ],
          [
            77.6216994,
            12.9730036
          ],
          [
            77.6213137,
            12.9728783
          ],
          [
            77.6208415,
            12.9727635
          ],
          [
            77.6205843,
            12.9727327
          ],
          [
            77.6202515,
            12.9727072
          ],
          [
            77.619989,
            12.9726881
          ],
          [
            77.6195888,
            12.9726672
          ],
          [
            77.6191254,
            12.9726407
          ],
          [
            77.6188313,
            12.9726605
          ],
          [
            77.618685,
            12.9726712
          ],
          [
            77.6186106,
            12.9726821
          ],
          [
            77.6184159,
            12.9727192
          ],
          [
            77.6170235,
            12.9730388
          ],
          [
            77.6127543,
            12.9740171
          ],
          [
            77.6123836,
            12.9741194
          ],
          [
            77.6119198,
            12.9742446
          ],
          [
            77.6115833,
            12.9743258
          ],
          [
            77.6113011,
            12.9743903
          ],
          [
            77.6092619,
            12.9748748
          ],
          [
            77.6088698,
            12.9749744
          ],
          [
            77.6085133,
            12.9750879
          ],
          [
            77.6082539,
            12.9751863
          ],
          [
            77.6079936,
            12.9752551
          ],
          [
            77.6072648,
            12.9754288
          ],
          [
            77.6056655,
            12.9758263
          ],
          [
            77.6050317,
            12.9759788
          ],
          [
            77.6048224,
            12.9760274
          ],
          [
            77.6034255,
            12.9763519
          ],
          [
            77.6026151,
            12.9765402
          ],
          [
            77.6023753,
            12.9766042
          ],
          [
            77.602176,
            12.9766914
          ],
          [
            77.6019305,
            12.9768328
          ],
          [
            77.6017655,
            12.9769717
          ],
          [
            77.6015865,
            12.9772398
          ],
          [
            77.6014357,
            12.9775886
          ],
          [
            77.600984,
            12.9788371
          ],
          [
            77.6008378,
            12.9791192
          ],
          [
            77.6007217,
            12.979298
          ],
          [
            77.6005932,
            12.9794622
          ],
          [
            77.600465,
            12.9796346
          ],
          [
            77.600361,
            12.9797674
          ],
          [
            77.6002568,
            12.9798779
          ],
          [
            77.6001007,
            12.980013
          ],
          [
            77.5999443,
            12.9801094
          ],
          [
            77.599765,
            12.9801791
          ],
          [
            77.5986437,
            12.9806139
          ],
          [
            77.5984238,
            12.9806892
          ],
          [
            77.5975758,
            12.9809794
          ],
          [
            77.596332,
            12.981389
          ],
          [
            77.5959891,
            12.9814875
          ],
          [
            77.5957175,
            12.981555
          ],
          [
            77.5955351,
            12.9815865
          ],
          [
            77.5954526,
            12.9815995
          ],
          [
            77.5951747,
            12.9816319
          ],
          [
            77.5948625,
            12.9816238
          ],
          [
            77.5946898,
            12.9815779
          ],
          [
            77.5945354,
            12.9815248
          ],
          [
            77.5940859,
            12.981267
          ],
          [
            77.5937326,
            12.9810182
          ],
          [
            77.5932144,
            12.9806118
          ],
          [
            77.591831,
            12.978996
          ],
          [
            77.5909988,
            12.9780828
          ],
          [
            77.5906011,
            12.9776646
          ],
          [
            77.5902888,
            12.9775063
          ],
          [
            77.5878688,
            12.9762299
          ],
          [
            77.5872113,
            12.9759516
          ],
          [
            77.585162,
            12.9750828
          ],
          [
            77.5849634,
            12.9749873
          ],
          [
            77.584209,
            12.9745398
          ],
          [
            77.5828632,
            12.9737686
          ],
          [
            77.5823401,
            12.9734651
          ],
          [
            77.5819595,
            12.973249
          ],
          [
            77.581733,
            12.9731517
          ],
          [
            77.5815382,
            12.9730561
          ],
          [
            77.5813626,
            12.9730231
          ],
          [
            77.5811561,
            12.9730253
          ],
          [
            77.5808943,
            12.9731044
          ],
          [
            77.5804072,
            12.9733469
          ],
          [
            77.5781242,
            12.9743593
          ],
          [
            77.5770843,
            12.9747861
          ],
          [
            77.5766366,
            12.9749699
          ],
          [
            77.5761364,
            12.9751752
          ],
          [
            77.5757227,
            12.9752869
          ],
          [
            77.5752676,
            12.9753889
          ],
          [
            77.574621,
            12.9755395
          ],
          [
            77.5741251,
            12.9756654
          ],
          [
            77.5730887,
            12.9757512
          ],
          [
            77.5712858,
            12.9758915
          ],
          [
            77.5702937,
            12.9759459
          ],
          [
            77.5691219,
            12.9760245
          ],
          [
            77.5669061,
            12.9760221
          ],
          [
            77.5667157,
            12.9760126
          ],
          [
            77.5659333,
            12.9759496
          ],
          [
            77.5653744,
            12.9759026
          ],
          [
            77.5651548,
            12.9758761
          ],
          [
            77.5634091,
            12.9756847
          ]
        ]
      }
    },
    {
      "type": "Feature",
      "id": "c3280a68-8a15-4000-bae0-5048591074f6",
      "properties": {
        "id": "c3280a68-8a15-4000-bae0-5048591074f6",
        "names": {
          "primary": "ನಮ್ಮ ಮೆಟ್ರೋ",
          "common": [
            [
              "kn",
              "ನಮ್ಮ ಮೆಟ್ರೋ"
            ]
          ],
          "rules": [
            {
              "variant": "common",
              "language": null,
              "perspectives": null,
              "value": "Namma Metro - Reach 1",
              "between": [
                0.0,
                0.585932047
              ],
              "side": null
            },
            {
              "variant": "common",
              "language": null,
              "perspectives": null,
              "value": "Namma Metro - Underground UG1",
              "between": [
                0.585932047,
                1.0
              ],
              "side": null
            }
          ]
        },
        "subtype": "rail",
        "class": "subway",
        "subclass": null,
        "subclass_rules": null,
        "connectors": [
          {
            "connector_id": "a5779432-e0d7-401e-93f2-e82857e10ec5",
            "at": 0.0
          },
          {
            "connector_id": "326145ff-bbc1-4f64-8af6-a0bf8d9a674d",
            "at": 0.017425588
          },
          {
            "connector_id": "9661bf9d-5198-46ed-93a8-8eb6468120f7",
            "at": 0.019681757
          },
          {
            "connector_id": "59136788-89de-4b13-9a44-756e271955ff",
            "at": 0.173771004
          },
          {
            "connector_id": "46425514-ca2b-4c6e-ab0a-d0a444a602c6",
            "at": 0.546931741
          },
          {
            "connector_id": "39233a15-ddc3-48c8-9cac-01790bd61e19",
            "at": 0.569200645
          },
          {
            "connector_id": "8349f7d7-fa5b-42d3-a6b8-fa7b865d5431",
            "at": 0.924910495
          },
          {
            "connector_id": "33183cd4-5196-4098-a9b9-0ea350671518",
            "at": 0.945605121
          },
          {
            "connector_id": "3671ec31-0bbc-4f27-a045-e35cc034bda5",
            "at": 1.0
          }
        ],
        "road_surface": null,
        "road_flags": null,
        "rail_flags": [
          {
            "values": [
              "is_bridge"
            ],
            "between": [
              0.011960156,
              0.084415616
            ]
          },
          {
            "values": [
              "is_bridge",
              "is_covered"
            ],
            "between": [
              0.084415616,
              0.205917701
            ]
          },
          {
            "values": [
              "is_bridge"
            ],
            "between": [
              0.205917701,
              0.585932047
            ]
          },
          {
            "values": [
              "is_tunnel"
            ],
            "between": [
              0.602475353,
              1.0
            ]
          }
        ],
        "width_rules": null,
        "level_rules": [
          {
            "value": 2,
            "between": [
              0.011960156,
              0.585932047
            ]
          },
          {
            "value": -2,
            "between": [
              0.602475353,
              0.79312231
            ]
          },
          {
            "value": -1,
            "between": [
              0.79312231,
              0.981200496
            ]
          },
          {
            "value": -2,
            "between": [
              0.981200496,
              1.0
            ]
          }
        ],
        "access_restrictions": null,
        "speed_limits": null,
        "prohibited_transitions": null,
        "routes": null,
        "destinations": null,
        "sources": [
          {
            "property": "",
            "dataset": "OpenStreetMap",
            "license": "ODbL-1.0",
            "record_id": "w133867980@17",
            "update_time": "2025-11-23T17:02:02Z",
            "confidence": null,
            "between": [
              0.0,
              0.011960156
            ],
            "provider": "osm",
            "resource": "planet",
            "version": "2026-09-09"
          },
          {
            "property": "",
            "dataset": "OpenStreetMap",
            "license": "ODbL-1.0",
            "record_id": "w141182197@12",
            "update_time": "2025-11-23T17:02:02Z",
            "confidence": null,
            "between": [
              0.011960156,
              0.084415616
            ],
            "provider": "osm",
            "resource": "planet",
            "version": "2026-09-09"
          },
          {
            "property": "",
            "dataset": "OpenStreetMap",
            "license": "ODbL-1.0",
            "record_id": "w575099769@10",
            "update_time": "2025-11-23T17:02:02Z",
            "confidence": null,
            "between": [
              0.084415616,
              0.090661067
            ],
            "provider": "osm",
            "resource": "planet",
            "version": "2026-09-09"
          },
          {
            "property": "",
            "dataset": "OpenStreetMap",
            "license": "ODbL-1.0",
            "record_id": "w133876199@29",
            "update_time": "2026-03-19T17:13:50Z",
            "confidence": null,
            "between": [
              0.090661067,
              0.205917701
            ],
            "provider": "osm",
            "resource": "planet",
            "version": "2026-09-09"
          },
          {
            "property": "",
            "dataset": "OpenStreetMap",
            "license": "ODbL-1.0",
            "record_id": "w549187829@10",
            "update_time": "2025-11-23T17:02:02Z",
            "confidence": null,
            "between": [
              0.205917701,
              0.327371616
            ],
            "provider": "osm",
            "resource": "planet",
            "version": "2026-09-09"
          },
          {
            "property": "",
            "dataset": "OpenStreetMap",
            "license": "ODbL-1.0",
            "record_id": "w549187830@10",
            "update_time": "2025-11-23T17:02:02Z",
            "confidence": null,
            "between": [
              0.327371616,
              0.432156107
            ],
            "provider": "osm",
            "resource": "planet",
            "version": "2026-09-09"
          },
          {
            "property": "",
            "dataset": "OpenStreetMap",
            "license": "ODbL-1.0",
            "record_id": "w549187831@13",
            "update_time": "2025-11-23T17:02:02Z",
            "confidence": null,
            "between": [
              0.432156107,
              0.537159553
            ],
            "provider": "osm",
            "resource": "planet",
            "version": "2026-09-09"
          },
          {
            "property": "",
            "dataset": "OpenStreetMap",
            "license": "ODbL-1.0",
            "record_id": "w549187832@12",
            "update_time": "2026-03-19T17:13:50Z",
            "confidence": null,
            "between": [
              0.537159553,
              0.585932047
            ],
            "provider": "osm",
            "resource": "planet",
            "version": "2026-09-09"
          },
          {
            "property": "",
            "dataset": "OpenStreetMap",
            "license": "ODbL-1.0",
            "record_id": "w508711042@9",
            "update_time": "2025-11-23T17:02:02Z",
            "confidence": null,
            "between": [
              0.585932047,
              0.602475353
            ],
            "provider": "osm",
            "resource": "planet",
            "version": "2026-09-09"
          },
          {
            "property": "",
            "dataset": "OpenStreetMap",
            "license": "ODbL-1.0",
            "record_id": "w549187834@12",
            "update_time": "2025-11-23T17:02:02Z",
            "confidence": null,
            "between": [
              0.602475353,
              0.642026371
            ],
            "provider": "osm",
            "resource": "planet",
            "version": "2026-09-09"
          },
          {
            "property": "",
            "dataset": "OpenStreetMap",
            "license": "ODbL-1.0",
            "record_id": "w44829220@54",
            "update_time": "2025-11-23T17:02:02Z",
            "confidence": null,
            "between": [
              0.642026371,
              0.719472236
            ],
            "provider": "osm",
            "resource": "planet",
            "version": "2026-09-09"
          },
          {
            "property": "",
            "dataset": "OpenStreetMap",
            "license": "ODbL-1.0",
            "record_id": "w549187836@12",
            "update_time": "2025-11-23T17:02:02Z",
            "confidence": null,
            "between": [
              0.719472236,
              0.79312231
            ],
            "provider": "osm",
            "resource": "planet",
            "version": "2026-09-09"
          },
          {
            "property": "",
            "dataset": "OpenStreetMap",
            "license": "ODbL-1.0",
            "record_id": "w549277222@15",
            "update_time": "2025-12-23T05:23:05Z",
            "confidence": null,
            "between": [
              0.79312231,
              0.910452879
            ],
            "provider": "osm",
            "resource": "planet",
            "version": "2026-09-09"
          },
          {
            "property": "",
            "dataset": "OpenStreetMap",
            "license": "ODbL-1.0",
            "record_id": "w133867981@27",
            "update_time": "2025-11-23T17:02:02Z",
            "confidence": null,
            "between": [
              0.910452879,
              0.981200496
            ],
            "provider": "osm",
            "resource": "planet",
            "version": "2026-09-09"
          },
          {
            "property": "",
            "dataset": "OpenStreetMap",
            "license": "ODbL-1.0",
            "record_id": "w549187839@9",
            "update_time": "2025-11-23T17:02:02Z",
            "confidence": null,
            "between": [
              0.981200496,
              1.0
            ],
            "provider": "osm",
            "resource": "planet",
            "version": "2026-09-09"
          }
        ],
        "version": 3,
        "bbox": {
          "xmin": 77.56340026855469,
          "xmax": 77.65240478515625,
          "ymin": 12.972594261169434,
          "ymax": 12.99067497253418
        }
      },
      "geometry": {
        "type": "LineString",
        "coordinates": [
          [
            77.652392,
            12.9906745
          ],
          [
            77.651179,
            12.9903448
          ],
          [
            77.6506271,
            12.9901858
          ],
          [
            77.650399,
            12.9901211
          ],
          [
            77.6499792,
            12.9900105
          ],
          [
            77.6497371,
            12.9899426
          ],
          [
            77.6495952,
            12.9899017
          ],
          [
            77.6494829,
            12.9898627
          ],
          [
            77.6493669,
            12.9898126
          ],
          [
            77.6492708,
            12.9897611
          ],
          [
            77.6491794,
            12.9896991
          ],
          [
            77.649107,
            12.9896466
          ],
          [
            77.6490383,
            12.9895861
          ],
          [
            77.6489727,
            12.9895235
          ],
          [
            77.6488982,
            12.9894379
          ],
          [
            77.6488414,
            12.989358
          ],
          [
            77.6487923,
            12.9892812
          ],
          [
            77.6487499,
            12.9892025
          ],
          [
            77.6487117,
            12.9891275
          ],
          [
            77.6486728,
            12.989039
          ],
          [
            77.6486432,
            12.9889625
          ],
          [
            77.6486167,
            12.9888934
          ],
          [
            77.6483727,
            12.9880503
          ],
          [
            77.6483341,
            12.9879367
          ],
          [
            77.6482996,
            12.9878535
          ],
          [
            77.6482633,
            12.9877736
          ],
          [
            77.648224,
            12.9876996
          ],
          [
            77.648176,
            12.9876159
          ],
          [
            77.6481296,
            12.9875455
          ],
          [
            77.6480803,
            12.9874735
          ],
          [
            77.6480295,
            12.9874063
          ],
          [
            77.6478547,
            12.9871768
          ],
          [
            77.6476006,
            12.987009
          ],
          [
            77.6473381,
            12.9868684
          ],
          [
            77.6462539,
            12.9864565
          ],
          [
            77.6455186,
            12.9861495
          ],
          [
            77.6449072,
            12.9859128
          ],
          [
            77.6433944,
            12.9853151
          ],
          [
            77.6426566,
            12.9850191
          ],
          [
            77.6412897,
            12.9844707
          ],
          [
            77.6410628,
            12.9843491
          ],
          [
            77.6409056,
            12.9841889
          ],
          [
            77.6407672,
            12.9840551
          ],
          [
            77.6406736,
            12.9838442
          ],
          [
            77.6406296,
            12.983678
          ],
          [
            77.6406041,
            12.9834974
          ],
          [
            77.6406176,
            12.9829264
          ],
          [
            77.6407834,
            12.9800045
          ],
          [
            77.6408122,
            12.9794969
          ],
          [
            77.6408039,
            12.9792985
          ],
          [
            77.6407645,
            12.9790996
          ],
          [
            77.640639,
            12.9788307
          ],
          [
            77.6405051,
            12.9786697
          ],
          [
            77.6403775,
            12.9785573
          ],
          [
            77.6401849,
            12.9784331
          ],
          [
            77.6399797,
            12.9783623
          ],
          [
            77.6396955,
            12.9783297
          ],
          [
            77.6386592,
            12.9783079
          ],
          [
            77.6377533,
            12.9782793
          ],
          [
            77.63294,
            12.9781272
          ],
          [
            77.6326489,
            12.9781337
          ],
          [
            77.629437,
            12.9784287
          ],
          [
            77.6291733,
            12.978454
          ],
          [
            77.6289832,
            12.9784271
          ],
          [
            77.6288118,
            12.9783641
          ],
          [
            77.6286152,
            12.9782476
          ],
          [
            77.6283756,
            12.9781203
          ],
          [
            77.6280838,
            12.9779386
          ],
          [
            77.627759,
            12.9777517
          ],
          [
            77.6274857,
            12.9775419
          ],
          [
            77.6272588,
            12.977322
          ],
          [
            77.626705,
            12.9764915
          ],
          [
            77.6264096,
            12.9760818
          ],
          [
            77.6262116,
            12.9758296
          ],
          [
            77.6260529,
            12.9756054
          ],
          [
            77.6258797,
            12.9754185
          ],
          [
            77.6252884,
            12.9750071
          ],
          [
            77.6249491,
            12.9747815
          ],
          [
            77.6225043,
            12.9733037
          ],
          [
            77.6220537,
            12.9730936
          ],
          [
            77.6217152,
            12.9729616
          ],
          [
            77.6213265,
            12.9728353
          ],
          [
            77.6208499,
            12.9727195
          ],
          [
            77.6205889,
            12.9726882
          ],
          [
            77.620255,
            12.9726626
          ],
          [
            77.6199919,
            12.9726435
          ],
          [
            77.6195914,
            12.9726226
          ],
          [
            77.6191252,
            12.9725959
          ],
          [
            77.618827,
            12.972616
          ],
          [
            77.6186065,
            12.9726416
          ],
          [
            77.6184067,
            12.9726754
          ],
          [
            77.617013,
            12.9729953
          ],
          [
            77.6127428,
            12.9739738
          ],
          [
            77.6123712,
            12.9740763
          ],
          [
            77.6119082,
            12.9742013
          ],
          [
            77.6115725,
            12.9742823
          ],
          [
            77.6112904,
            12.9743468
          ],
          [
            77.6092507,
            12.9748314
          ],
          [
            77.6088569,
            12.9749315
          ],
          [
            77.6084978,
            12.9750458
          ],
          [
            77.6082395,
            12.9751438
          ],
          [
            77.6079815,
            12.975212
          ],
          [
            77.6062979,
            12.9756285
          ],
          [
            77.6056543,
            12.9757829
          ],
          [
            77.605299,
            12.9758684
          ],
          [
            77.6050209,
            12.9759353
          ],
          [
            77.6030191,
            12.9764004
          ],
          [
            77.6026037,
            12.9764969
          ],
          [
            77.6023598,
            12.976562
          ],
          [
            77.6021549,
            12.9766516
          ],
          [
            77.6019036,
            12.9767963
          ],
          [
            77.6017306,
            12.976942
          ],
          [
            77.6015458,
            12.9772188
          ],
          [
            77.6013929,
            12.9775725
          ],
          [
            77.6009417,
            12.9788195
          ],
          [
            77.6007978,
            12.9790971
          ],
          [
            77.600684,
            12.9792724
          ],
          [
            77.6005564,
            12.9794355
          ],
          [
            77.6004282,
            12.9796079
          ],
          [
            77.6003258,
            12.9797387
          ],
          [
            77.6002246,
            12.979846
          ],
          [
            77.600073,
            12.9799772
          ],
          [
            77.5999234,
            12.9800694
          ],
          [
            77.599748,
            12.9801376
          ],
          [
            77.5986276,
            12.980572
          ],
          [
            77.5984083,
            12.980656
          ],
          [
            77.597562,
            12.9808954
          ],
          [
            77.5966655,
            12.9812185
          ],
          [
            77.5963182,
            12.9813464
          ],
          [
            77.5959769,
            12.9814444
          ],
          [
            77.5957078,
            12.9815113
          ],
          [
            77.5955274,
            12.9815424
          ],
          [
            77.5954462,
            12.9815552
          ],
          [
            77.5951726,
            12.9815871
          ],
          [
            77.5948692,
            12.9815792
          ],
          [
            77.5947035,
            12.9815352
          ],
          [
            77.5945549,
            12.9814841
          ],
          [
            77.594111,
            12.9812295
          ],
          [
            77.5937604,
            12.9809826
          ],
          [
            77.5932441,
            12.9805777
          ],
          [
            77.5919999,
            12.9789626
          ],
          [
            77.5911088,
            12.9779727
          ],
          [
            77.590833,
            12.9777625
          ],
          [
            77.5906246,
            12.9776261
          ],
          [
            77.5903103,
            12.9774668
          ],
          [
            77.5878889,
            12.9761897
          ],
          [
            77.5872296,
            12.9759106
          ],
          [
            77.5865498,
            12.9756398
          ],
          [
            77.586462,
            12.9756035
          ],
          [
            77.5851813,
            12.9750422
          ],
          [
            77.5849855,
            12.9749481
          ],
          [
            77.5842326,
            12.9745014
          ],
          [
            77.5828866,
            12.9737301
          ],
          [
            77.5823634,
            12.9734266
          ],
          [
            77.5819804,
            12.9732091
          ],
          [
            77.5817526,
            12.9731112
          ],
          [
            77.5815531,
            12.9730134
          ],
          [
            77.5813667,
            12.9729783
          ],
          [
            77.5811489,
            12.9729807
          ],
          [
            77.5808769,
            12.9730628
          ],
          [
            77.5803872,
            12.9733066
          ],
          [
            77.5781058,
            12.9743183
          ],
          [
            77.5761213,
            12.9751329
          ],
          [
            77.5757114,
            12.9752435
          ],
          [
            77.5746028,
            12.9754592
          ],
          [
            77.5741231,
            12.9755728
          ],
          [
            77.5728057,
            12.9756704
          ],
          [
            77.5712892,
            12.9757916
          ],
          [
            77.5702903,
            12.9759013
          ],
          [
            77.5691203,
            12.9759798
          ],
          [
            77.5669073,
            12.9759774
          ],
          [
            77.5667188,
            12.975968
          ],
          [
            77.5659372,
            12.975905
          ],
          [
            77.5653792,
            12.9758581
          ],
          [
            77.5651602,
            12.9758317
          ],
          [
            77.5634133,
            12.9756402
          ]
        ]
      }
    },
    {
      "type": "Feature",
      "id": "cbc6bd0c-f588-420f-8635-e10db896edc7",
      "properties": {
        "id": "cbc6bd0c-f588-420f-8635-e10db896edc7",
        "names": null,
        "subtype": "road",
        "class": "service",
        "subclass": null,
        "subclass_rules": null,
        "connectors": [
          {
            "connector_id": "1afb11f6-8eac-45bf-a1ab-6c3e9a022e3c",
            "at": 0.0
          },
          {
            "connector_id": "af7617db-e198-4425-9164-f1e422e5ecb1",
            "at": 0.050049051
          },
          {
            "connector_id": "482e8c85-eb94-4ae2-907e-98758a8e73d6",
            "at": 1.0
          }
        ],
        "road_surface": null,
        "road_flags": null,
        "rail_flags": null,
        "width_rules": null,
        "level_rules": null,
        "access_restrictions": [
          {
            "access_type": "allowed",
            "when": {
              "during": null,
              "heading": null,
              "using": null,
              "recognized": [
                "as_private"
              ],
              "mode": null,
              "vehicle": null
            },
            "between": null
          }
        ],
        "speed_limits": null,
        "prohibited_transitions": null,
        "routes": null,
        "destinations": null,
        "sources": [
          {
            "property": "",
            "dataset": "OpenStreetMap",
            "license": "ODbL-1.0",
            "record_id": "w327535550@4",
            "update_time": "2026-01-13T06:19:08Z",
            "confidence": null,
            "between": null,
            "provider": "osm",
            "resource": "planet",
            "version": "2026-09-09"
          }
        ],
        "version": 3,
        "bbox": {
          "xmin": 77.6051254272461,
          "xmax": 77.6054458618164,
          "ymin": 12.976837158203125,
          "ymax": 12.97822093963623
        }
      },
      "geometry": {
        "type": "LineString",
        "coordinates": [
          [
            77.605429,
            12.9782193
          ],
          [
            77.6054283,
            12.9781703
          ],
          [
            77.6054293,
            12.9781478
          ],
          [
            77.6054319,
            12.9780918
          ],
          [
            77.6054438,
            12.9778368
          ],
          [
            77.6051274,
            12.9768376
          ]
        ]
      }
    },
    {
      "type": "Feature",
      "id": "a04bd7d3-2b6f-4d66-a22a-45dfe4583428",
      "properties": {
        "id": "a04bd7d3-2b6f-4d66-a22a-45dfe4583428",
        "names": {
          "primary": "MG Road Boulevard",
          "common": null,
          "rules": [
            {
              "variant": "common",
              "language": null,
              "perspectives": null,
              "value": "MG Road Boulevard",
              "between": [
                0.0,
                0.08402772
              ],
              "side": null
            }
          ]
        },
        "subtype": "road",
        "class": "footway",
        "subclass": null,
        "subclass_rules": [
          {
            "value": "sidewalk",
            "between": [
              0.0,
              0.941440098
            ]
          },
          {
            "value": "crosswalk",
            "between": [
              0.941440098,
              0.995346282
            ]
          },
          {
            "value": "sidewalk",
            "between": [
              0.995346282,
              1.0
            ]
          }
        ],
        "connectors": [
          {
            "connector_id": "ef54dd1d-b10c-4ffa-8c4d-ee27467f94bb",
            "at": 0.0
          },
          {
            "connector_id": "66254a76-fcce-4992-b736-e2f08a878d80",
            "at": 0.078499722
          },
          {
            "connector_id": "60932b24-9181-4449-8699-3fc76ee8b6fb",
            "at": 0.423904932
          },
          {
            "connector_id": "7f756afb-386b-4a1d-bdc9-1c397fb5f28d",
            "at": 0.676070877
          },
          {
            "connector_id": "4108ed1f-a009-42db-8884-91f08a0996c7",
            "at": 0.683204575
          },
          {
            "connector_id": "a04169e4-7b8a-4dd1-b750-610d46378993",
            "at": 0.753666098
          },
          {
            "connector_id": "21dfbaea-d56c-437c-a589-a15c018b3456",
            "at": 0.938444954
          },
          {
            "connector_id": "6a2bdef7-05bb-4e19-be42-98e67f6e951d",
            "at": 0.96017175
          },
          {
            "connector_id": "0a4cbcd1-e293-4471-b4a4-77ffda36ccab",
            "at": 0.978748913
          },
          {
            "connector_id": "d0e66998-518c-46d3-9b06-47fae334d933",
            "at": 0.996997238
          },
          {
            "connector_id": "2b4403e6-2d5a-4989-8308-288feffdac62",
            "at": 1.0
          }
        ],
        "road_surface": [
          {
            "value": "paving_stones",
            "between": [
              0.0,
              0.941440098
            ]
          }
        ],
        "road_flags": null,
        "rail_flags": null,
        "width_rules": [
          {
            "value": 6.0,
            "between": [
              0.0,
              0.671767097
            ]
          }
        ],
        "level_rules": [
          {
            "value": 1,
            "between": [
              0.093689345,
              0.663199509
            ]
          }
        ],
        "access_restrictions": [
          {
            "access_type": "denied",
            "when": {
              "during": null,
              "heading": null,
              "using": null,
              "recognized": null,
              "mode": [
                "bicycle"
              ],
              "vehicle": null
            },
            "between": [
              0.093689345,
              0.663199509
            ]
          }
        ],
        "speed_limits": null,
        "prohibited_transitions": null,
        "routes": null,
        "destinations": null,
        "sources": [
          {
            "property": "",
            "dataset": "OpenStreetMap",
            "license": "ODbL-1.0",
            "record_id": "w1308720281@1",
            "update_time": "2024-08-19T03:12:00Z",
            "confidence": null,
            "between": [
              0.0,
              0.08402772
            ],
            "provider": "osm",
            "resource": "planet",
            "version": "2026-09-09"
          },
          {
            "property": "",
            "dataset": "OpenStreetMap",
            "license": "ODbL-1.0",
            "record_id": "w1308720282@1",
            "update_time": "2024-08-19T03:12:00Z",
            "confidence": null,
            "between": [
              0.08402772,
              0.093689345
            ],
            "provider": "osm",
            "resource": "planet",
            "version": "2026-09-09"
          },
          {
            "property": "",
            "dataset": "OpenStreetMap",
            "license": "ODbL-1.0",
            "record_id": "w1296032741@2",
            "update_time": "2024-08-19T03:12:00Z",
            "confidence": null,
            "between": [
              0.093689345,
              0.663199509
            ],
            "provider": "osm",
            "resource": "planet",
            "version": "2026-09-09"
          },
          {
            "property": "",
            "dataset": "OpenStreetMap",
            "license": "ODbL-1.0",
            "record_id": "w1308720279@1",
            "update_time": "2024-08-19T03:12:00Z",
            "confidence": null,
            "between": [
              0.663199509,
              0.671767097
            ],
            "provider": "osm",
            "resource": "planet",
            "version": "2026-09-09"
          },
          {
            "property": "",
            "dataset": "OpenStreetMap",
            "license": "ODbL-1.0",
            "record_id": "w1064418712@3",
            "update_time": "2026-01-12T05:30:39Z",
            "confidence": null,
            "between": [
              0.671767097,
              0.941440098
            ],
            "provider": "osm",
            "resource": "planet",
            "version": "2026-09-09"
          },
          {
            "property": "",
            "dataset": "OpenStreetMap",
            "license": "ODbL-1.0",
            "record_id": "w1304762572@2",
            "update_time": "2026-01-13T06:19:08Z",
            "confidence": null,
            "between": [
              0.941440098,
              0.995346282
            ],
            "provider": "osm",
            "resource": "planet",
            "version": "2026-09-09"
          },
          {
            "property": "",
            "dataset": "OpenStreetMap",
            "license": "ODbL-1.0",
            "record_id": "w1304762573@2",
            "update_time": "2026-01-13T06:19:08Z",
            "confidence": null,
            "between": [
              0.995346282,
              1.0
            ],
            "provider": "osm",
            "resource": "planet",
            "version": "2026-09-09"
          }
        ],
        "version": 1,
        "bbox": {
          "xmin": 77.60198974609375,
          "xmax": 77.60824584960938,
          "ymin": 12.975218772888184,
          "ymax": 12.976726531982422
        }
      },
      "geometry": {
        "type": "LineString",
        "coordinates": [
          [
            77.601996,
            12.9767248
          ],
          [
            77.6021931,
            12.9766772
          ],
          [
            77.6024864,
            12.9765908
          ],
          [
            77.6025208,
            12.9766007
          ],
          [
            77.602582,
            12.9765875
          ],
          [
            77.6046624,
            12.9760867
          ],
          [
            77.6061699,
            12.9757234
          ],
          [
            77.6062238,
            12.9757102
          ],
          [
            77.6062511,
            12.9757045
          ],
          [
            77.6062406,
            12.9756603
          ],
          [
            77.6066844,
            12.975553
          ],
          [
            77.6068413,
            12.9755151
          ],
          [
            77.6071766,
            12.9754734
          ],
          [
            77.6078554,
            12.9753094
          ],
          [
            77.6078744,
            12.9753055
          ],
          [
            77.6079927,
            12.9752782
          ],
          [
            77.60811,
            12.9752511
          ],
          [
            77.6082148,
            12.9752268
          ],
          [
            77.6082251,
            12.975224
          ],
          [
            77.6082439,
            12.975219
          ]
        ]
      }
    },
    {
      "type": "Feature",
      "id": "ac5c2f48-f43e-44fe-b11e-ece73a55a11d",
      "properties": {
        "id": "ac5c2f48-f43e-44fe-b11e-ece73a55a11d",
        "names": {
          "primary": "Namma Metro - Reach 1",
          "common": [
            [
              "kn",
              "ನಮ್ಮ ಮೆಟ್ರೋ"
            ]
          ],
          "rules": [
            {
              "variant": "common",
              "language": null,
              "perspectives": null,
              "value": "Namma Metro - Reach 1",
              "between": null,
              "side": null
            }
          ]
        },
        "subtype": "rail",
        "class": "subway",
        "subclass": null,
        "subclass_rules": null,
        "connectors": [
          {
            "connector_id": "169d2f0a-cf87-4b65-8fc0-1b0816310e04",
            "at": 0.0
          },
          {
            "connector_id": "46425514-ca2b-4c6e-ab0a-d0a444a602c6",
            "at": 1.0
          }
        ],
        "road_surface": null,
        "road_flags": null,
        "rail_flags": [
          {
            "values": [
              "is_bridge"
            ],
            "between": null
          }
        ],
        "width_rules": null,
        "level_rules": [
          {
            "value": 2,
            "between": null
          }
        ],
        "access_restrictions": null,
        "speed_limits": null,
        "prohibited_transitions": null,
        "routes": null,
        "destinations": null,
        "sources": [
          {
            "property": "",
            "dataset": "OpenStreetMap",
            "license": "ODbL-1.0",
            "record_id": "w1490672057@1",
            "update_time": "2026-03-19T17:13:50Z",
            "confidence": null,
            "between": null,
            "provider": "osm",
            "resource": "planet",
            "version": "2026-09-09"
          }
        ],
        "version": 1,
        "bbox": {
          "xmin": 77.60482025146484,
          "xmax": 77.60530090332031,
          "ymin": 12.975868225097656,
          "ymax": 12.976027488708496
        }
      },
      "geometry": {
        "type": "LineString",
        "coordinates": [
          [
            77.6048224,
            12.9760274
          ],
          [
            77.605299,
            12.9758684
          ]
        ]
      }
    },
    {
      "type": "Feature",
      "id": "f02a493b-f62b-4a38-b31b-ed99dd9e1d08",
      "properties": {
        "id": "f02a493b-f62b-4a38-b31b-ed99dd9e1d08",
        "names": null,
        "subtype": "road",
        "class": "footway",
        "subclass": null,
        "subclass_rules": null,
        "connectors": [
          {
            "connector_id": "c645c381-732d-4ef2-a1cb-cfcb119ea105",
            "at": 0.0
          },
          {
            "connector_id": "e92e7f4d-9f57-4652-a660-a4c4aa556c1d",
            "at": 1.0
          }
        ],
        "road_surface": null,
        "road_flags": null,
        "rail_flags": null,
        "width_rules": null,
        "level_rules": null,
        "access_restrictions": null,
        "speed_limits": null,
        "prohibited_transitions": null,
        "routes": null,
        "destinations": null,
        "sources": [
          {
            "property": "",
            "dataset": "OpenStreetMap",
            "license": "ODbL-1.0",
            "record_id": "w724753107@1",
            "update_time": "2026-01-12T05:30:39Z",
            "confidence": null,
            "between": null,
            "provider": "osm",
            "resource": "planet",
            "version": "2026-09-09"
          }
        ],
        "version": 3,
        "bbox": {
          "xmin": 77.60504913330078,
          "xmax": 77.60511016845703,
          "ymin": 12.975516319274902,
          "ymax": 12.975706100463867
        }
      },
      "geometry": {
        "type": "LineString",
        "coordinates": [
          [
            77.6051041,
            12.9757043
          ],
          [
            77.6051008,
            12.9756914
          ],
          [
            77.6050562,
            12.9755165
          ]
        ]
      }
    },
    {
      "type": "Feature",
      "id": "571b5438-3198-4fd0-8187-a399283cf60b",
      "properties": {
        "id": "571b5438-3198-4fd0-8187-a399283cf60b",
        "names": {
          "primary": "Mahatma Gandhi Road",
          "common": [
            [
              "kn",
              "ಮಹಾತ್ಮ ಗಾಂಧಿ ರಸ್ತೆ"
            ]
          ],
          "rules": [
            {
              "variant": "common",
              "language": null,
              "perspectives": null,
              "value": "Mahatma Gandhi Road",
              "between": null,
              "side": null
            },
            {
              "variant": "alternate",
              "language": null,
              "perspectives": null,
              "value": "M G Road",
              "between": null,
              "side": null
            },
            {
              "variant": "short",
              "language": null,
              "perspectives": null,
              "value": "MG Road",
              "between": null,
              "side": null
            }
          ]
        },
        "subtype": "road",
        "class": "secondary",
        "subclass": null,
        "subclass_rules": null,
        "connectors": [
          {
            "connector_id": "b4eeb903-ac4b-4542-9c11-75514c32b87f",
            "at": 0.0
          },
          {
            "connector_id": "d6ddbf4f-f3ab-4563-87de-353831e738cf",
            "at": 0.01897679
          },
          {
            "connector_id": "42172d1a-80db-4747-ac52-588efe0d9e81",
            "at": 0.978103845
          },
          {
            "connector_id": "2ed060f8-9b06-442d-a900-eeb61f6617d0",
            "at": 1.0
          }
        ],
        "road_surface": [
          {
            "value": "paved",
            "between": null
          }
        ],
        "road_flags": null,
        "rail_flags": null,
        "width_rules": null,
        "level_rules": null,
        "access_restrictions": [
          {
            "access_type": "denied",
            "when": {
              "during": null,
              "heading": "backward",
              "using": null,
              "recognized": null,
              "mode": null,
              "vehicle": null
            },
            "between": null
          },
          {
            "access_type": "denied",
            "when": {
              "during": null,
              "heading": null,
              "using": null,
              "recognized": null,
              "mode": null,
              "vehicle": [
                {
                  "dimension": "height",
                  "comparison": "greater_than",
                  "value": 5.5,
                  "unit": "m"
                }
              ]
            },
            "between": null
          }
        ],
        "speed_limits": [
          {
            "min_speed": null,
            "max_speed": {
              "value": 30,
              "unit": "km/h"
            },
            "is_max_speed_variable": null,
            "when": null,
            "between": null
          }
        ],
        "prohibited_transitions": null,
        "routes": null,
        "destinations": null,
        "sources": [
          {
            "property": "",
            "dataset": "OpenStreetMap",
            "license": "ODbL-1.0",
            "record_id": "w1196514128@10",
            "update_time": "2025-10-29T04:16:42Z",
            "confidence": null,
            "between": [
              0.0,
              0.914371967
            ],
            "provider": "osm",
            "resource": "planet",
            "version": "2026-09-09"
          },
          {
            "property": "",
            "dataset": "OpenStreetMap",
            "license": "ODbL-1.0",
            "record_id": "w1151679464@6",
            "update_time": "2026-01-12T05:30:39Z",
            "confidence": null,
            "between": [
              0.914371967,
              1.0
            ],
            "provider": "osm",
            "resource": "planet",
            "version": "2026-09-09"
          }
        ],
        "version": 3,
        "bbox": {
          "xmin": 77.60185241699219,
          "xmax": 77.60797119140625,
          "ymin": 12.975184440612793,
          "ymax": 12.976637840270996
        }
      },
      "geometry": {
        "type": "LineString",
        "coordinates": [
          [
            77.6018644,
            12.9766374
          ],
          [
            77.6019835,
            12.9766328
          ],
          [
            77.6022281,
            12.9765629
          ],
          [
            77.603634,
            12.9762352
          ],
          [
            77.6042861,
            12.9760796
          ],
          [
            77.6054449,
            12.9758014
          ],
          [
            77.6074434,
            12.9753116
          ],
          [
            77.6077865,
            12.9752275
          ],
          [
            77.6078317,
            12.9752163
          ],
          [
            77.6079654,
            12.9751847
          ]
        ]
      }
    },
    {
      "type": "Feature",
      "id": "e95dbb06-cfed-4f8b-a2ae-29ad05c54dfe",
      "properties": {
        "id": "e95dbb06-cfed-4f8b-a2ae-29ad05c54dfe",
        "names": null,
        "subtype": "road",
        "class": "footway",
        "subclass": "sidewalk",
        "subclass_rules": [
          {
            "value": "sidewalk",
            "between": null
          }
        ],
        "connectors": [
          {
            "connector_id": "60932b24-9181-4449-8699-3fc76ee8b6fb",
            "at": 0.0
          },
          {
            "connector_id": "b58bfe4d-7261-466a-9527-6ee562f5ddf1",
            "at": 1.0
          }
        ],
        "road_surface": null,
        "road_flags": null,
        "rail_flags": null,
        "width_rules": null,
        "level_rules": null,
        "access_restrictions": null,
        "speed_limits": null,
        "prohibited_transitions": null,
        "routes": null,
        "destinations": null,
        "sources": [
          {
            "property": "",
            "dataset": "OpenStreetMap",
            "license": "ODbL-1.0",
            "record_id": "w1308720283@1",
            "update_time": "2024-08-19T03:12:00Z",
            "confidence": null,
            "between": null,
            "provider": "osm",
            "resource": "planet",
            "version": "2026-09-09"
          }
        ],
        "version": 1,
        "bbox": {
          "xmin": 77.60464477539062,
          "xmax": 77.60466766357422,
          "ymin": 12.976086616516113,
          "ymax": 12.976104736328125
        }
      },
      "geometry": {
        "type": "LineString",
        "coordinates": [
          [
            77.6046624,
            12.9760867
          ],
          [
            77.6046652,
            12.9761004
          ],
          [
            77.6046505,
            12.9761033
          ]
        ]
      }
    },
    {
      "type": "Feature",
      "id": "49b7a3e6-4d3a-4f8d-9c24-84bdd557b223",
      "properties": {
        "id": "49b7a3e6-4d3a-4f8d-9c24-84bdd557b223",
        "names": null,
        "subtype": "road",
        "class": "footway",
        "subclass": null,
        "subclass_rules": null,
        "connectors": [
          {
            "connector_id": "c75ef728-b0a2-4e4d-8d58-d71c0bc94382",
            "at": 0.0
          },
          {
            "connector_id": "b0105904-d698-42d4-ab5c-171d2c7cc2f6",
            "at": 1.0
          }
        ],
        "road_surface": null,
        "road_flags": [
          {
            "values": [
              "is_tunnel"
            ],
            "between": null
          }
        ],
        "rail_flags": null,
        "width_rules": null,
        "level_rules": [
          {
            "value": -1,
            "between": null
          }
        ],
        "access_restrictions": null,
        "speed_limits": null,
        "prohibited_transitions": null,
        "routes": null,
        "destinations": null,
        "sources": [
          {
            "property": "",
            "dataset": "OpenStreetMap",
            "license": "ODbL-1.0",
            "record_id": "w1308720285@1",
            "update_time": "2024-08-19T03:12:00Z",
            "confidence": null,
            "between": null,
            "provider": "osm",
            "resource": "planet",
            "version": "2026-09-09"
          }
        ],
        "version": 1,
        "bbox": {
          "xmin": 77.60464477539062,
          "xmax": 77.60466766357422,
          "ymin": 12.976049423217773,
          "ymax": 12.97609806060791
        }
      },
      "geometry": {
        "type": "LineString",
        "coordinates": [
          [
            77.6046463,
            12.9760964
          ],
          [
            77.604655,
            12.9760943
          ],
          [
            77.6046459,
            12.9760496
          ]
        ]
      }
    },
    {
      "type": "Feature",
      "id": "481441ec-7c34-4001-9557-208f676d0792",
      "properties": {
        "id": "481441ec-7c34-4001-9557-208f676d0792",
        "names": null,
        "subtype": "road",
        "class": "steps",
        "subclass": null,
        "subclass_rules": null,
        "connectors": [
          {
            "connector_id": "b58bfe4d-7261-466a-9527-6ee562f5ddf1",
            "at": 0.0
          },
          {
            "connector_id": "c75ef728-b0a2-4e4d-8d58-d71c0bc94382",
            "at": 1.0
          }
        ],
        "road_surface": null,
        "road_flags": null,
        "rail_flags": null,
        "width_rules": null,
        "level_rules": null,
        "access_restrictions": [
          {
            "access_type": "allowed",
            "when": null,
            "between": null
          }
        ],
        "speed_limits": null,
        "prohibited_transitions": null,
        "routes": null,
        "destinations": null,
        "sources": [
          {
            "property": "",
            "dataset": "OpenStreetMap",
            "license": "ODbL-1.0",
            "record_id": "w1308720284@1",
            "update_time": "2024-08-19T03:12:00Z",
            "confidence": null,
            "between": null,
            "provider": "osm",
            "resource": "planet",
            "version": "2026-09-09"
          }
        ],
        "version": 1,
        "bbox": {
          "xmin": 77.60462188720703,
          "xmax": 77.60465240478516,
          "ymin": 12.976096153259277,
          "ymax": 12.976107597351074
        }
      },
      "geometry": {
        "type": "LineString",
        "coordinates": [
          [
            77.6046505,
            12.9761033
          ],
          [
            77.6046308,
            12.9761075
          ],
          [
            77.6046291,
            12.9761
          ],
          [
            77.6046463,
            12.9760964
          ]
        ]
      }
    },
    {
      "type": "Feature",
      "id": "8c7aaf55-40d0-45fd-b586-66383318eb34",
      "properties": {
        "id": "8c7aaf55-40d0-45fd-b586-66383318eb34",
        "names": null,
        "subtype": "road",
        "class": "footway",
        "subclass": null,
        "subclass_rules": null,
        "connectors": [
          {
            "connector_id": "4108ed1f-a009-42db-8884-91f08a0996c7",
            "at": 0.0
          },
          {
            "connector_id": "b0105904-d698-42d4-ab5c-171d2c7cc2f6",
            "at": 0.423640422
          },
          {
            "connector_id": "66254a76-fcce-4992-b736-e2f08a878d80",
            "at": 1.0
          }
        ],
        "road_surface": [
          {
            "value": "paving_stones",
            "between": null
          }
        ],
        "road_flags": null,
        "rail_flags": null,
        "width_rules": null,
        "level_rules": null,
        "access_restrictions": [
          {
            "access_type": "denied",
            "when": {
              "during": null,
              "heading": null,
              "using": null,
              "recognized": null,
              "mode": [
                "bicycle"
              ],
              "vehicle": null
            },
            "between": null
          }
        ],
        "speed_limits": null,
        "prohibited_transitions": null,
        "routes": null,
        "destinations": null,
        "sources": [
          {
            "property": "",
            "dataset": "OpenStreetMap",
            "license": "ODbL-1.0",
            "record_id": "w1308720280@1",
            "update_time": "2024-08-19T03:12:00Z",
            "confidence": null,
            "between": null,
            "provider": "osm",
            "resource": "planet",
            "version": "2026-09-09"
          }
        ],
        "version": 1,
        "bbox": {
          "xmin": 77.60248565673828,
          "xmax": 77.60624694824219,
          "ymin": 12.975658416748047,
          "ymax": 12.976591110229492
        }
      },
      "geometry": {
        "type": "LineString",
        "coordinates": [
          [
            77.6062406,
            12.9756603
          ],
          [
            77.6057222,
            12.9757887
          ],
          [
            77.6050507,
            12.975946
          ],
          [
            77.6046459,
            12.9760496
          ],
          [
            77.6043204,
            12.976133
          ],
          [
            77.6035842,
            12.9762938
          ],
          [
            77.6028212,
            12.976475
          ],
          [
            77.6025461,
            12.9765446
          ],
          [
            77.6024864,
            12.9765908
          ]
        ]
      }
    },
    {
      "type": "Feature",
      "id": "160e21f5-21cb-4f09-811f-2961035bff16",
      "properties": {
        "id": "160e21f5-21cb-4f09-811f-2961035bff16",
        "names": {
          "primary": "Rest House Crescent Road",
          "common": null,
          "rules": [
            {
              "variant": "common",
              "language": null,
              "perspectives": null,
              "value": "Rest House Crescent Road",
              "between": null,
              "side": null
            }
          ]
        },
        "subtype": "road",
        "class": "unclassified",
        "subclass": null,
        "subclass_rules": null,
        "connectors": [
          {
            "connector_id": "076f4a2f-314a-485a-9968-d91233375a16",
            "at": 0.0
          },
          {
            "connector_id": "6c89be86-c392-4543-9987-b5563ab8ba4e",
            "at": 0.08411016
          },
          {
            "connector_id": "2c1fbd2e-a6bf-4f83-86e6-f35757aa7e6f",
            "at": 0.93373913
          },
          {
            "connector_id": "c0452d56-cef5-4afe-b82e-31125851ec3a",
            "at": 1.0
          }
        ],
        "road_surface": [
          {
            "value": "paved",
            "between": null
          }
        ],
        "road_flags": null,
        "rail_flags": null,
        "width_rules": null,
        "level_rules": null,
        "access_restrictions": [
          {
            "access_type": "denied",
            "when": {
              "during": null,
              "heading": "backward",
              "using": null,
              "recognized": null,
              "mode": null,
              "vehicle": null
            },
            "between": null
          }
        ],
        "speed_limits": null,
        "prohibited_transitions": null,
        "routes": null,
        "destinations": null,
        "sources": [
          {
            "property": "",
            "dataset": "OpenStreetMap",
            "license": "ODbL-1.0",
            "record_id": "w36332258@12",
            "update_time": "2026-01-03T04:44:12Z",
            "confidence": null,
            "between": null,
            "provider": "osm",
            "resource": "planet",
            "version": "2026-09-09"
          }
        ],
        "version": 2,
        "bbox": {
          "xmin": 77.60413360595703,
          "xmax": 77.60430908203125,
          "ymin": 12.975186347961426,
          "ymax": 12.975967407226562
        }
      },
      "geometry": {
        "type": "LineString",
        "coordinates": [
          [
            77.6043027,
            12.9759656
          ],
          [
            77.6042878,
            12.9759
          ],
          [
            77.6041443,
            12.9752767
          ],
          [
            77.6041357,
            12.9752377
          ],
          [
            77.6041502,
            12.9751867
          ]
        ]
      }
    },
    {
      "type": "Feature",
      "id": "fd249742-6002-462b-9841-dbba22dbd5eb",
      "properties": {
        "id": "fd249742-6002-462b-9841-dbba22dbd5eb",
        "names": null,
        "subtype": "road",
        "class": "service",
        "subclass": null,
        "subclass_rules": null,
        "connectors": [
          {
            "connector_id": "a1c73184-f798-4b1f-9e56-079edd1c6e1b",
            "at": 0.0
          },
          {
            "connector_id": "6c9adb88-b5f1-44a8-b869-acedb6098833",
            "at": 0.049337723
          },
          {
            "connector_id": "b4dea2ff-737a-4597-90e0-09cd8fbe4a3d",
            "at": 0.59182259
          },
          {
            "connector_id": "46ab5644-5aba-42bf-90ee-0040ec30d89f",
            "at": 0.633289292
          },
          {
            "connector_id": "cf507928-8a9a-471b-b290-625c138add26",
            "at": 0.662397986
          },
          {
            "connector_id": "70629004-ffe7-4d16-8946-72100871bdfc",
            "at": 1.0
          }
        ],
        "road_surface": null,
        "road_flags": null,
        "rail_flags": null,
        "width_rules": null,
        "level_rules": null,
        "access_restrictions": [
          {
            "access_type": "allowed",
            "when": {
              "during": null,
              "heading": null,
              "using": null,
              "recognized": [
                "as_private"
              ],
              "mode": null,
              "vehicle": null
            },
            "between": null
          }
        ],
        "speed_limits": null,
        "prohibited_transitions": null,
        "routes": null,
        "destinations": null,
        "sources": [
          {
            "property": "",
            "dataset": "OpenStreetMap",
            "license": "ODbL-1.0",
            "record_id": "w1089718002@7",
            "update_time": "2026-01-12T05:30:39Z",
            "confidence": null,
            "between": [
              0.0,
              0.633270239
            ],
            "provider": "osm",
            "resource": "planet",
            "version": "2026-09-09"
          },
          {
            "property": "",
            "dataset": "OpenStreetMap",
            "license": "ODbL-1.0",
            "record_id": "w1210543118@3",
            "update_time": "2026-01-12T05:30:39Z",
            "confidence": null,
            "between": [
              0.633270239,
              1.0
            ],
            "provider": "osm",
            "resource": "planet",
            "version": "2026-09-09"
          }
        ],
        "version": 1,
        "bbox": {
          "xmin": 77.60453796386719,
          "xmax": 77.6048812866211,
          "ymin": 12.97460651397705,
          "ymax": 12.975828170776367
        }
      },
      "geometry": {
        "type": "LineString",
        "coordinates": [
          [
            77.6048758,
            12.9758267
          ],
          [
            77.604862,
            12.9757753
          ],
          [
            77.6048596,
            12.9757665
          ],
          [
            77.604855,
            12.9757493
          ],
          [
            77.6046845,
            12.9751158
          ],
          [
            77.6046814,
            12.9751046
          ],
          [
            77.6046759,
            12.9750839
          ],
          [
            77.6046678,
            12.975054
          ],
          [
            77.6046604,
            12.9750277
          ],
          [
            77.6046578,
            12.9750186
          ],
          [
            77.6046525,
            12.9750001
          ],
          [
            77.6046474,
            12.9749823
          ],
          [
            77.6045412,
            12.9746082
          ]
        ]
      }
    },
    {
      "type": "Feature",
      "id": "660e8762-0063-4e9d-9ce2-caf77e86a611",
      "properties": {
        "id": "660e8762-0063-4e9d-9ce2-caf77e86a611",
        "names": null,
        "subtype": "road",
        "class": "footway",
        "subclass": null,
        "subclass_rules": [
          {
            "value": "sidewalk",
            "between": [
              0.0,
              0.312847943
            ]
          },
          {
            "value": "crosswalk",
            "between": [
              0.312847943,
              0.894002765
            ]
          },
          {
            "value": "sidewalk",
            "between": [
              0.894002765,
              1.0
            ]
          }
        ],
        "connectors": [
          {
            "connector_id": "4ab91d63-22fe-4181-bdc2-4b3dc0b21678",
            "at": 0.0
          },
          {
            "connector_id": "6f21756b-2b17-48e8-a05d-389d9a092528",
            "at": 0.551170398
          },
          {
            "connector_id": "06ffcf75-08fb-45c0-9926-e7ed2f80706d",
            "at": 1.0
          }
        ],
        "road_surface": [
          {
            "value": "paving_stones",
            "between": null
          }
        ],
        "road_flags": null,
        "rail_flags": null,
        "width_rules": null,
        "level_rules": null,
        "access_restrictions": null,
        "speed_limits": null,
        "prohibited_transitions": null,
        "routes": null,
        "destinations": null,
        "sources": [
          {
            "property": "",
            "dataset": "OpenStreetMap",
            "license": "ODbL-1.0",
            "record_id": "w1463856162@1",
            "update_time": "2026-03-01T11:27:28Z",
            "confidence": null,
            "between": [
              0.0,
              0.312847943
            ],
            "provider": "osm",
            "resource": "planet",
            "version": "2026-09-09"
          },
          {
            "property": "",
            "dataset": "OpenStreetMap",
            "license": "ODbL-1.0",
            "record_id": "w1463856163@1",
            "update_time": "2026-03-01T11:27:28Z",
            "confidence": null,
            "between": [
              0.312847943,
              0.894002765
            ],
            "provider": "osm",
            "resource": "planet",
            "version": "2026-09-09"
          },
          {
            "property": "",
            "dataset": "OpenStreetMap",
            "license": "ODbL-1.0",
            "record_id": "w1463856161@1",
            "update_time": "2026-03-01T11:27:28Z",
            "confidence": null,
            "between": [
              0.894002765,
              1.0
            ],
            "provider": "osm",
            "resource": "planet",
            "version": "2026-09-09"
          }
        ],
        "version": 1,
        "bbox": {
          "xmin": 77.60405731201172,
          "xmax": 77.60408782958984,
          "ymin": 12.975167274475098,
          "ymax": 12.975252151489258
        }
      },
      "geometry": {
        "type": "LineString",
        "coordinates": [
          [
            77.6040842,
            12.9752503
          ],
          [
            77.6040805,
            12.975235
          ],
          [
            77.6040779,
            12.9752244
          ],
          [
            77.6040731,
            12.9752046
          ],
          [
            77.6040661,
            12.9751762
          ],
          [
            77.604064,
            12.9751674
          ]
        ]
      }
    },
    {
      "type": "Feature",
      "id": "ac5aecf0-bcc2-4bc5-a79c-f1db1ffabd9e",
      "properties": {
        "id": "ac5aecf0-bcc2-4bc5-a79c-f1db1ffabd9e",
        "names": null,
        "subtype": "road",
        "class": "footway",
        "subclass": null,
        "subclass_rules": [
          {
            "value": "sidewalk",
            "between": [
              0.0,
              0.220090722
            ]
          },
          {
            "value": "crosswalk",
            "between": [
              0.220090722,
              0.891675963
            ]
          },
          {
            "value": "sidewalk",
            "between": [
              0.891675963,
              1.0
            ]
          }
        ],
        "connectors": [
          {
            "connector_id": "4d1dc434-e9d3-4b73-9e97-066a3a539691",
            "at": 0.0
          },
          {
            "connector_id": "c8b4e272-c510-4854-a670-471b1d9bb31c",
            "at": 0.562844113
          },
          {
            "connector_id": "b54aeddb-0c72-4017-82ad-6e6c3badbf6f",
            "at": 1.0
          }
        ],
        "road_surface": [
          {
            "value": "paving_stones",
            "between": null
          }
        ],
        "road_flags": null,
        "rail_flags": null,
        "width_rules": null,
        "level_rules": null,
        "access_restrictions": null,
        "speed_limits": null,
        "prohibited_transitions": null,
        "routes": null,
        "destinations": null,
        "sources": [
          {
            "property": "",
            "dataset": "OpenStreetMap",
            "license": "ODbL-1.0",
            "record_id": "w1349426222@1",
            "update_time": "2026-01-03T04:44:12Z",
            "confidence": null,
            "between": [
              0.0,
              0.220090722
            ],
            "provider": "osm",
            "resource": "planet",
            "version": "2026-09-09"
          },
          {
            "property": "",
            "dataset": "OpenStreetMap",
            "license": "ODbL-1.0",
            "record_id": "w1349426223@1",
            "update_time": "2026-01-12T05:30:39Z",
            "confidence": null,
            "between": [
              0.220090722,
              0.891675963
            ],
            "provider": "osm",
            "resource": "planet",
            "version": "2026-09-09"
          },
          {
            "property": "",
            "dataset": "OpenStreetMap",
            "license": "ODbL-1.0",
            "record_id": "w1349426224@3",
            "update_time": "2026-03-01T11:27:27Z",
            "confidence": null,
            "between": [
              0.891675963,
              1.0
            ],
            "provider": "osm",
            "resource": "planet",
            "version": "2026-09-09"
          }
        ],
        "version": 4,
        "bbox": {
          "xmin": 77.6042709350586,
          "xmax": 77.60429382324219,
          "ymin": 12.975114822387695,
          "ymax": 12.975200653076172
        }
      },
      "geometry": {
        "type": "LineString",
        "coordinates": [
          [
            77.6042938,
            12.9752003
          ],
          [
            77.6042889,
            12.9751816
          ],
          [
            77.6042812,
            12.9751524
          ],
          [
            77.6042738,
            12.9751244
          ],
          [
            77.6042714,
            12.9751152
          ]
        ]
      }
    },
    {
      "type": "Feature",
      "id": "ff512461-01b8-4a72-884a-0e62c0964a5f",
      "properties": {
        "id": "ff512461-01b8-4a72-884a-0e62c0964a5f",
        "names": null,
        "subtype": "road",
        "class": "service",
        "subclass": null,
        "subclass_rules": null,
        "connectors": [
          {
            "connector_id": "1a58dcb1-e29a-42dd-a467-422317fe1150",
            "at": 0.0
          },
          {
            "connector_id": "60aae022-eb2f-42f6-a431-db1423325818",
            "at": 0.060705614
          },
          {
            "connector_id": "bc0b2ef1-f84f-4dd3-b59d-350b495a3125",
            "at": 1.0
          }
        ],
        "road_surface": null,
        "road_flags": null,
        "rail_flags": null,
        "width_rules": null,
        "level_rules": null,
        "access_restrictions": [
          {
            "access_type": "allowed",
            "when": {
              "during": null,
              "heading": null,
              "using": null,
              "recognized": [
                "as_private"
              ],
              "mode": null,
              "vehicle": null
            },
            "between": null
          }
        ],
        "speed_limits": null,
        "prohibited_transitions": null,
        "routes": null,
        "destinations": null,
        "sources": [
          {
            "property": "",
            "dataset": "OpenStreetMap",
            "license": "ODbL-1.0",
            "record_id": "w701072933@5",
            "update_time": "2026-01-12T05:30:39Z",
            "confidence": null,
            "between": null,
            "provider": "osm",
            "resource": "planet",
            "version": "2026-09-09"
          }
        ],
        "version": 2,
        "bbox": {
          "xmin": 77.60452270507812,
          "xmax": 77.60470581054688,
          "ymin": 12.974459648132324,
          "ymax": 12.975048065185547
        }
      },
      "geometry": {
        "type": "LineString",
        "coordinates": [
          [
            77.6046942,
            12.9750479
          ],
          [
            77.6046867,
            12.9750231
          ],
          [
            77.6046835,
            12.9750123
          ],
          [
            77.6046785,
            12.9749953
          ],
          [
            77.6046716,
            12.9749715
          ],
          [
            77.6045238,
            12.9744598
          ]
        ]
      }
    },
    {
      "type": "Feature",
      "id": "db80bdaf-21a9-4cfe-9204-a86bab1fbb03",
      "properties": {
        "id": "db80bdaf-21a9-4cfe-9204-a86bab1fbb03",
        "names": null,
        "subtype": "road",
        "class": "service",
        "subclass": null,
        "subclass_rules": null,
        "connectors": [
          {
            "connector_id": "1e3090c3-91e6-44ac-9958-d95062598906",
            "at": 0.0
          },
          {
            "connector_id": "f2f17e89-8791-413f-97f7-6ce5678e89bf",
            "at": 0.048419996
          },
          {
            "connector_id": "0d7db7da-a12d-44ed-b852-ca80ee6ef2d4",
            "at": 1.0
          }
        ],
        "road_surface": null,
        "road_flags": null,
        "rail_flags": null,
        "width_rules": null,
        "level_rules": null,
        "access_restrictions": [
          {
            "access_type": "allowed",
            "when": {
              "during": null,
              "heading": null,
              "using": null,
              "recognized": [
                "as_private"
              ],
              "mode": null,
              "vehicle": null
            },
            "between": null
          }
        ],
        "speed_limits": null,
        "prohibited_transitions": null,
        "routes": null,
        "destinations": null,
        "sources": [
          {
            "property": "",
            "dataset": "OpenStreetMap",
            "license": "ODbL-1.0",
            "record_id": "w1183595085@3",
            "update_time": "2026-01-12T05:30:39Z",
            "confidence": null,
            "between": null,
            "provider": "osm",
            "resource": "planet",
            "version": "2026-09-09"
          }
        ],
        "version": 2,
        "bbox": {
          "xmin": 77.60462951660156,
          "xmax": 77.60486602783203,
          "ymin": 12.974459648132324,
          "ymax": 12.97502613067627
        }
      },
      "geometry": {
        "type": "LineString",
        "coordinates": [
          [
            77.6047852,
            12.9750244
          ],
          [
            77.6047784,
            12.9750026
          ],
          [
            77.6047743,
            12.9749893
          ],
          [
            77.6047701,
            12.9749729
          ],
          [
            77.6046306,
            12.9745266
          ],
          [
            77.6048629,
            12.9744599
          ]
        ]
      }
    },
    {
      "type": "Feature",
      "id": "f6cd7aa8-a9a0-4cea-9c05-07173889570e",
      "properties": {
        "id": "f6cd7aa8-a9a0-4cea-9c05-07173889570e",
        "names": null,
        "subtype": "road",
        "class": "service",
        "subclass": "driveway",
        "subclass_rules": [
          {
            "value": "driveway",
            "between": null
          }
        ],
        "connectors": [
          {
            "connector_id": "e08336f8-a97a-434c-bd77-df74cfd6b7c2",
            "at": 0.0
          },
          {
            "connector_id": "2a2406a0-a883-4e9b-9596-d5bc62bea52b",
            "at": 0.173977861
          },
          {
            "connector_id": "c839e620-ce45-4b5f-bd19-e5333c243280",
            "at": 1.0
          }
        ],
        "road_surface": null,
        "road_flags": null,
        "rail_flags": null,
        "width_rules": null,
        "level_rules": null,
        "access_restrictions": [
          {
            "access_type": "allowed",
            "when": {
              "during": null,
              "heading": null,
              "using": null,
              "recognized": [
                "as_private"
              ],
              "mode": null,
              "vehicle": null
            },
            "between": null
          }
        ],
        "speed_limits": null,
        "prohibited_transitions": null,
        "routes": null,
        "destinations": null,
        "sources": [
          {
            "property": "",
            "dataset": "OpenStreetMap",
            "license": "ODbL-1.0",
            "record_id": "w1466372651@1",
            "update_time": "2026-01-12T05:30:39Z",
            "confidence": null,
            "between": null,
            "provider": "osm",
            "resource": "planet",
            "version": "2026-09-09"
          }
        ],
        "version": 1,
        "bbox": {
          "xmin": 77.6050796508789,
          "xmax": 77.60514831542969,
          "ymin": 12.974716186523438,
          "ymax": 12.974943161010742
        }
      },
      "geometry": {
        "type": "LineString",
        "coordinates": [
          [
            77.6051418,
            12.9749413
          ],
          [
            77.6051354,
            12.9749157
          ],
          [
            77.605132,
            12.9749022
          ],
          [
            77.6051277,
            12.9748851
          ],
          [
            77.6050853,
            12.9747166
          ]
        ]
      }
    },
    {
      "type": "Feature",
      "id": "0988d1e6-a069-4670-a97e-d05432b808f9",
      "properties": {
        "id": "0988d1e6-a069-4670-a97e-d05432b808f9",
        "names": null,
        "subtype": "road",
        "class": "footway",
        "subclass": null,
        "subclass_rules": [
          {
            "value": "sidewalk",
            "between": [
              0.0,
              0.293570251
            ]
          },
          {
            "value": "crosswalk",
            "between": [
              0.293570251,
              0.311477626
            ]
          },
          {
            "value": "sidewalk",
            "between": [
              0.311477626,
              1.0
            ]
          }
        ],
        "connectors": [
          {
            "connector_id": "e9e00943-f027-4724-b4ba-45e2cf17c1e9",
            "at": 0.0
          },
          {
            "connector_id": "9d145958-3c83-4ed5-8e2e-d1e738247ed0",
            "at": 0.027657463
          },
          {
            "connector_id": "06ffcf75-08fb-45c0-9926-e7ed2f80706d",
            "at": 0.282950127
          },
          {
            "connector_id": "5253ed64-0fcc-40bc-8f4d-a6b8c0f22828",
            "at": 0.290704816
          },
          {
            "connector_id": "fd232953-0112-478e-8e59-cf49ecbcfdb5",
            "at": 0.302615579
          },
          {
            "connector_id": "b54aeddb-0c72-4017-82ad-6e6c3badbf6f",
            "at": 0.324436934
          },
          {
            "connector_id": "cf507928-8a9a-471b-b290-625c138add26",
            "at": 0.401678594
          },
          {
            "connector_id": "60aae022-eb2f-42f6-a431-db1423325818",
            "at": 0.406810002
          },
          {
            "connector_id": "f2f17e89-8791-413f-97f7-6ce5678e89bf",
            "at": 0.424975725
          },
          {
            "connector_id": "2a2406a0-a883-4e9b-9596-d5bc62bea52b",
            "at": 0.496368214
          },
          {
            "connector_id": "9b02b5a7-b130-4ab7-9dd0-6b2ff57a43a4",
            "at": 0.536469225
          },
          {
            "connector_id": "1d15a344-8029-4ad5-a107-6e9a8e5d6a90",
            "at": 0.57157075
          },
          {
            "connector_id": "16087b91-7cf8-4daf-af4e-bb7e155298b9",
            "at": 0.609978607
          },
          {
            "connector_id": "ff821ee5-481c-4d23-993e-c0761dc27b5c",
            "at": 0.61998905
          },
          {
            "connector_id": "3f25a7a2-c8aa-452b-9ec0-2f052de2df9d",
            "at": 0.657648871
          },
          {
            "connector_id": "e3e4c8c5-052c-4fb0-a68b-6862171de3ff",
            "at": 0.775127185
          },
          {
            "connector_id": "35958e13-b4b0-46b2-9ab7-aeb660ef7bb8",
            "at": 0.850203843
          },
          {
            "connector_id": "f82779a0-92ef-4fda-8a99-510c4ee0a33b",
            "at": 0.856708962
          },
          {
            "connector_id": "fb087357-a378-4b2c-8ef5-ae598766e567",
            "at": 0.994543979
          },
          {
            "connector_id": "27de2528-e378-4483-9d23-c7dfd3d7cefe",
            "at": 1.0
          }
        ],
        "road_surface": [
          {
            "value": "paving_stones",
            "between": null
          }
        ],
        "road_flags": null,
        "rail_flags": null,
        "width_rules": [
          {
            "value": 2.5,
            "between": [
              0.0,
              0.293570251
            ]
          },
          {
            "value": 2.5,
            "between": [
              0.311477626,
              1.0
            ]
          }
        ],
        "level_rules": null,
        "access_restrictions": null,
        "speed_limits": null,
        "prohibited_transitions": null,
        "routes": null,
        "destinations": null,
        "sources": [
          {
            "property": "",
            "dataset": "OpenStreetMap",
            "license": "ODbL-1.0",
            "record_id": "w1217769149@5",
            "update_time": "2026-01-03T04:44:12Z",
            "confidence": null,
            "between": [
              0.0,
              0.293570251
            ],
            "provider": "osm",
            "resource": "planet",
            "version": "2026-09-09"
          },
          {
            "property": "",
            "dataset": "OpenStreetMap",
            "license": "ODbL-1.0",
            "record_id": "w1217769148@1",
            "update_time": "2026-01-03T04:44:12Z",
            "confidence": null,
            "between": [
              0.293570251,
              0.311477626
            ],
            "provider": "osm",
            "resource": "planet",
            "version": "2026-09-09"
          },
          {
            "property": "",
            "dataset": "OpenStreetMap",
            "license": "ODbL-1.0",
            "record_id": "w1071937515@13",
            "update_time": "2026-03-01T11:27:26Z",
            "confidence": null,
            "between": [
              0.311477626,
              1.0
            ],
            "provider": "osm",
            "resource": "planet",
            "version": "2026-09-09"
          }
        ],
        "version": 3,
        "bbox": {
          "xmin": 77.6026840209961,
          "xmax": 77.607666015625,
          "ymin": 12.9743013381958,
          "ymax": 12.975472450256348
        }
      },
      "geometry": {
        "type": "LineString",
        "coordinates": [
          [
            77.6026858,
            12.9753813
          ],
          [
            77.6026913,
            12.9754003
          ],
          [
            77.6026972,
            12.9754106
          ],
          [
            77.602709,
            12.97543
          ],
          [
            77.6027251,
            12.9754445
          ],
          [
            77.6027432,
            12.9754591
          ],
          [
            77.6027833,
            12.9754722
          ],
          [
            77.6028006,
            12.9754682
          ],
          [
            77.6030762,
            12.9754028
          ],
          [
            77.6034127,
            12.975317
          ],
          [
            77.604064,
            12.9751674
          ],
          [
            77.6041024,
            12.9751563
          ],
          [
            77.6041168,
            12.9751529
          ],
          [
            77.6041619,
            12.9751411
          ],
          [
            77.6042062,
            12.9751298
          ],
          [
            77.6042714,
            12.9751152
          ],
          [
            77.6046578,
            12.9750186
          ],
          [
            77.6046835,
            12.9750123
          ],
          [
            77.6047743,
            12.9749893
          ],
          [
            77.605132,
            12.9749022
          ],
          [
            77.6053329,
            12.9748532
          ],
          [
            77.6055091,
            12.9748117
          ],
          [
            77.6057015,
            12.9747647
          ],
          [
            77.6057521,
            12.9747544
          ],
          [
            77.605941,
            12.9747093
          ],
          [
            77.6065316,
            12.9745741
          ],
          [
            77.6069068,
            12.9744788
          ],
          [
            77.6069395,
            12.9744713
          ],
          [
            77.6076317,
            12.9743096
          ],
          [
            77.6076591,
            12.9743032
          ]
        ]
      }
    },
    {
      "type": "Feature",
      "id": "fb052c57-62b8-421f-96a9-88823569ca85",
      "properties": {
        "id": "fb052c57-62b8-421f-96a9-88823569ca85",
        "names": null,
        "subtype": "road",
        "class": "footway",
        "subclass": null,
        "subclass_rules": [
          {
            "value": "sidewalk",
            "between": [
              0.0,
              0.292154076
            ]
          },
          {
            "value": "crosswalk",
            "between": [
              0.292154076,
              0.305640561
            ]
          },
          {
            "value": "sidewalk",
            "between": [
              0.305640561,
              1.0
            ]
          }
        ],
        "connectors": [
          {
            "connector_id": "59850cc5-62ee-46f1-9c8f-add5f7846f04",
            "at": 0.0
          },
          {
            "connector_id": "e8afebce-675b-4fb5-a7e7-8a8a828e1f59",
            "at": 0.026366774
          },
          {
            "connector_id": "d17960e0-2353-4cfc-a314-99b10e3b34b6",
            "at": 0.036810961
          },
          {
            "connector_id": "58b157d1-41c5-4213-aa03-c12163a5c965",
            "at": 0.088434291
          },
          {
            "connector_id": "da7979f4-db33-4534-a0a1-7bce0689998b",
            "at": 0.147969922
          },
          {
            "connector_id": "95ced92d-e993-47dd-96a3-44c353e10ea3",
            "at": 0.187675844
          },
          {
            "connector_id": "4ab91d63-22fe-4181-bdc2-4b3dc0b21678",
            "at": 0.28848865
          },
          {
            "connector_id": "2c1fbd2e-a6bf-4f83-86e6-f35757aa7e6f",
            "at": 0.298681156
          },
          {
            "connector_id": "4d1dc434-e9d3-4b73-9e97-066a3a539691",
            "at": 0.3299114
          },
          {
            "connector_id": "b4dea2ff-737a-4597-90e0-09cd8fbe4a3d",
            "at": 0.406662486
          },
          {
            "connector_id": "5b0f0bf0-c123-4074-b1bc-71eaa8b2bdeb",
            "at": 0.498864388
          },
          {
            "connector_id": "bc2e03c8-ce65-4a94-8901-795238c21195",
            "at": 0.53066303
          },
          {
            "connector_id": "ccc62131-f1cc-4c5a-a49d-8ff9f995609a",
            "at": 0.587830151
          },
          {
            "connector_id": "7ede8fff-611f-4fbe-8124-a32d3e4b15c0",
            "at": 0.695579257
          },
          {
            "connector_id": "4b37126d-351d-4ea1-b72b-0694320648a6",
            "at": 0.721549788
          },
          {
            "connector_id": "06868acb-b490-4606-bc34-ee1e1ad8fdd7",
            "at": 0.733127501
          },
          {
            "connector_id": "bdba4a32-59f3-44bf-a2b7-93b0b08e3a65",
            "at": 0.77706712
          },
          {
            "connector_id": "129c634c-a519-4ba0-ab4f-50ac43d76fa7",
            "at": 0.830370014
          },
          {
            "connector_id": "6e490ed3-af55-4596-9c13-adb79a2e1683",
            "at": 0.994108669
          },
          {
            "connector_id": "86b2f05d-25f9-46e8-b81f-528c52d23898",
            "at": 1.0
          }
        ],
        "road_surface": [
          {
            "value": "paving_stones",
            "between": [
              0.0,
              0.292154076
            ]
          },
          {
            "value": "paving_stones",
            "between": [
              0.305640561,
              1.0
            ]
          }
        ],
        "road_flags": null,
        "rail_flags": null,
        "width_rules": [
          {
            "value": 2.5,
            "between": [
              0.0,
              0.292154076
            ]
          },
          {
            "value": 2.5,
            "between": [
              0.305640561,
              1.0
            ]
          }
        ],
        "level_rules": null,
        "access_restrictions": null,
        "speed_limits": null,
        "prohibited_transitions": null,
        "routes": null,
        "destinations": null,
        "sources": [
          {
            "property": "",
            "dataset": "OpenStreetMap",
            "license": "ODbL-1.0",
            "record_id": "w1217769144@6",
            "update_time": "2026-08-18T13:20:50Z",
            "confidence": null,
            "between": [
              0.0,
              0.292154076
            ],
            "provider": "osm",
            "resource": "planet",
            "version": "2026-09-09"
          },
          {
            "property": "",
            "dataset": "OpenStreetMap",
            "license": "ODbL-1.0",
            "record_id": "w1217769143@2",
            "update_time": "2026-01-03T04:44:12Z",
            "confidence": null,
            "between": [
              0.292154076,
              0.305640561
            ],
            "provider": "osm",
            "resource": "planet",
            "version": "2026-09-09"
          },
          {
            "property": "",
            "dataset": "OpenStreetMap",
            "license": "ODbL-1.0",
            "record_id": "w1071937520@13",
            "update_time": "2026-01-12T05:30:39Z",
            "confidence": null,
            "between": [
              0.305640561,
              1.0
            ],
            "provider": "osm",
            "resource": "planet",
            "version": "2026-09-09"
          }
        ],
        "version": 4,
        "bbox": {
          "xmin": 77.60262298583984,
          "xmax": 77.60768127441406,
          "ymin": 12.974369049072266,
          "ymax": 12.975603103637695
        }
      },
      "geometry": {
        "type": "LineString",
        "coordinates": [
          [
            77.6026255,
            12.9756029
          ],
          [
            77.6026606,
            12.9755943
          ],
          [
            77.6027587,
            12.9755702
          ],
          [
            77.6028116,
            12.9755578
          ],
          [
            77.6030726,
            12.9754946
          ],
          [
            77.6033736,
            12.9754217
          ],
          [
            77.6035744,
            12.9753733
          ],
          [
            77.6040842,
            12.9752503
          ],
          [
            77.6041028,
            12.9752459
          ],
          [
            77.6041357,
            12.9752377
          ],
          [
            77.6041708,
            12.975229
          ],
          [
            77.6042938,
            12.9752003
          ],
          [
            77.6046814,
            12.9751046
          ],
          [
            77.6051473,
            12.9749907
          ],
          [
            77.6053083,
            12.9749527
          ],
          [
            77.6055974,
            12.974883
          ],
          [
            77.6061403,
            12.9747439
          ],
          [
            77.6062715,
            12.9747117
          ],
          [
            77.6063299,
            12.974697
          ],
          [
            77.6065522,
            12.9746438
          ],
          [
            77.6068214,
            12.9745774
          ],
          [
            77.6076493,
            12.9743772
          ],
          [
            77.6076793,
            12.9743709
          ]
        ]
      }
    },
    {
      "type": "Feature",
      "id": "579e60bc-c0a6-4b2a-8747-9cbc8eb9ad39",
      "properties": {
        "id": "579e60bc-c0a6-4b2a-8747-9cbc8eb9ad39",
        "names": null,
        "subtype": "road",
        "class": "footway",
        "subclass": null,
        "subclass_rules": null,
        "connectors": [
          {
            "connector_id": "9b3aca87-4abb-4293-9317-d5eec6172e84",
            "at": 0.0
          },
          {
            "connector_id": "67023e24-38ff-40cb-addd-5f4aaaa2decc",
            "at": 1.0
          }
        ],
        "road_surface": null,
        "road_flags": null,
        "rail_flags": null,
        "width_rules": null,
        "level_rules": null,
        "access_restrictions": null,
        "speed_limits": null,
        "prohibited_transitions": null,
        "routes": null,
        "destinations": null,
        "sources": [
          {
            "property": "",
            "dataset": "OpenStreetMap",
            "license": "ODbL-1.0",
            "record_id": "w724753106@1",
            "update_time": "2026-01-12T05:30:39Z",
            "confidence": null,
            "between": null,
            "provider": "osm",
            "resource": "planet",
            "version": "2026-09-09"
          }
        ],
        "version": 2,
        "bbox": {
          "xmin": 77.60492706298828,
          "xmax": 77.60517120361328,
          "ymin": 12.97506046295166,
          "ymax": 12.975215911865234
        }
      },
      "geometry": {
        "type": "LineString",
        "coordinates": [
          [
            77.6049651,
            12.9752155
          ],
          [
            77.604939,
            12.9751173
          ],
          [
            77.6051646,
            12.9750606
          ]
        ]
      }
    },
    {
      "type": "Feature",
      "id": "962ca16f-6c1e-4507-81f7-343d8bb71fdf",
      "properties": {
        "id": "962ca16f-6c1e-4507-81f7-343d8bb71fdf",
        "names": null,
        "subtype": "road",
        "class": "footway",
        "subclass": null,
        "subclass_rules": null,
        "connectors": [
          {
            "connector_id": "58b2b0f8-bbac-473e-82fc-7205de20401e",
            "at": 0.0
          },
          {
            "connector_id": "bc2e03c8-ce65-4a94-8901-795238c21195",
            "at": 0.9327957
          },
          {
            "connector_id": "eca3896f-a9b9-4e92-add7-c715fcbdde3d",
            "at": 1.0
          }
        ],
        "road_surface": null,
        "road_flags": null,
        "rail_flags": null,
        "width_rules": null,
        "level_rules": null,
        "access_restrictions": null,
        "speed_limits": null,
        "prohibited_transitions": null,
        "routes": null,
        "destinations": null,
        "sources": [
          {
            "property": "",
            "dataset": "OpenStreetMap",
            "license": "ODbL-1.0",
            "record_id": "w327534074@3",
            "update_time": "2026-01-12T05:30:39Z",
            "confidence": null,
            "between": null,
            "provider": "osm",
            "resource": "planet",
            "version": "2026-09-09"
          }
        ],
        "version": 2,
        "bbox": {
          "xmin": 77.60530090332031,
          "xmax": 77.60545349121094,
          "ymin": 12.974932670593262,
          "ymax": 12.975163459777832
        }
      },
      "geometry": {
        "type": "LineString",
        "coordinates": [
          [
            77.6054471,
            12.9751616
          ],
          [
            77.6053711,
            12.9751359
          ],
          [
            77.6053102,
            12.9749581
          ],
          [
            77.6053083,
            12.9749527
          ],
          [
            77.6053014,
            12.9749343
          ]
        ]
      }
    },
    {
      "type": "Feature",
      "id": "14ea93ab-c501-4bb4-bc72-2ce69224e8fe",
      "properties": {
        "id": "14ea93ab-c501-4bb4-bc72-2ce69224e8fe",
        "names": null,
        "subtype": "road",
        "class": "service",
        "subclass": null,
        "subclass_rules": null,
        "connectors": [
          {
            "connector_id": "4a07d588-7f06-40fc-b97c-23e9c363a2fe",
            "at": 0.0
          },
          {
            "connector_id": "5b0f0bf0-c123-4074-b1bc-71eaa8b2bdeb",
            "at": 0.061403072
          },
          {
            "connector_id": "67023e24-38ff-40cb-addd-5f4aaaa2decc",
            "at": 0.151393033
          },
          {
            "connector_id": "ad1885fc-4f15-4f75-a0a5-b1a8505cf3df",
            "at": 0.917290918
          },
          {
            "connector_id": "d72fe4e4-5b92-4f7b-9f36-54f5c8f8652b",
            "at": 1.0
          }
        ],
        "road_surface": null,
        "road_flags": [
          {
            "values": [
              "is_tunnel"
            ],
            "between": [
              0.294360684,
              0.517477714
            ]
          }
        ],
        "rail_flags": null,
        "width_rules": null,
        "level_rules": null,
        "access_restrictions": [
          {
            "access_type": "allowed",
            "when": {
              "during": null,
              "heading": null,
              "using": null,
              "recognized": [
                "as_private"
              ],
              "mode": null,
              "vehicle": null
            },
            "between": null
          }
        ],
        "speed_limits": null,
        "prohibited_transitions": null,
        "routes": null,
        "destinations": null,
        "sources": [
          {
            "property": "",
            "dataset": "OpenStreetMap",
            "license": "ODbL-1.0",
            "record_id": "w724753108@5",
            "update_time": "2026-01-12T05:30:39Z",
            "confidence": null,
            "between": [
              0.0,
              0.294360684
            ],
            "provider": "osm",
            "resource": "planet",
            "version": "2026-09-09"
          },
          {
            "property": "",
            "dataset": "OpenStreetMap",
            "license": "ODbL-1.0",
            "record_id": "w1466372620@1",
            "update_time": "2026-01-12T05:30:39Z",
            "confidence": null,
            "between": [
              0.294360684,
              0.517477714
            ],
            "provider": "osm",
            "resource": "planet",
            "version": "2026-09-09"
          },
          {
            "property": "",
            "dataset": "OpenStreetMap",
            "license": "ODbL-1.0",
            "record_id": "w1466372619@1",
            "update_time": "2026-01-12T05:30:39Z",
            "confidence": null,
            "between": [
              0.517477714,
              1.0
            ],
            "provider": "osm",
            "resource": "planet",
            "version": "2026-09-09"
          }
        ],
        "version": 3,
        "bbox": {
          "xmin": 77.60513305664062,
          "xmax": 77.6053466796875,
          "ymin": 12.97494125366211,
          "ymax": 12.97571849822998
        }
      },
      "geometry": {
        "type": "LineString",
        "coordinates": [
          [
            77.6051351,
            12.9749431
          ],
          [
            77.6051407,
            12.9749649
          ],
          [
            77.6051473,
            12.9749907
          ],
          [
            77.6051487,
            12.9749959
          ],
          [
            77.6051646,
            12.9750606
          ],
          [
            77.6051933,
            12.9751714
          ],
          [
            77.605238,
            12.9753442
          ],
          [
            77.6053136,
            12.9756366
          ],
          [
            77.6053181,
            12.975654
          ],
          [
            77.605321,
            12.9756654
          ],
          [
            77.6053346,
            12.9757181
          ]
        ]
      }
    },
    {
      "type": "Feature",
      "id": "8425adac-7e41-47c2-9b59-19128fa94580",
      "properties": {
        "id": "8425adac-7e41-47c2-9b59-19128fa94580",
        "names": null,
        "subtype": "road",
        "class": "pedestrian",
        "subclass": null,
        "subclass_rules": null,
        "connectors": [
          {
            "connector_id": "5af2a062-e384-41b5-8129-13af951f3763",
            "at": 0.0
          },
          {
            "connector_id": "08c03d05-28bd-40a7-b26a-eefc6dbec2cd",
            "at": 1.0
          }
        ],
        "road_surface": null,
        "road_flags": null,
        "rail_flags": null,
        "width_rules": null,
        "level_rules": null,
        "access_restrictions": null,
        "speed_limits": null,
        "prohibited_transitions": null,
        "routes": null,
        "destinations": null,
        "sources": [
          {
            "property": "",
            "dataset": "OpenStreetMap",
            "license": "ODbL-1.0",
            "record_id": "w319385960@4",
            "update_time": "2026-01-12T05:30:39Z",
            "confidence": null,
            "between": null,
            "provider": "osm",
            "resource": "planet",
            "version": "2026-09-09"
          }
        ],
        "version": 2,
        "bbox": {
          "xmin": 77.60559844970703,
          "xmax": 77.60568237304688,
          "ymin": 12.975327491760254,
          "ymax": 12.975568771362305
        }
      },
      "geometry": {
        "type": "LineString",
        "coordinates": [
          [
            77.6056819,
            12.975567
          ],
          [
            77.6056774,
            12.975552
          ],
          [
            77.6056105,
            12.975329
          ]
        ]
      }
    },
    {
      "type": "Feature",
      "id": "43f9b260-2868-4950-944e-ebca070a8497",
      "properties": {
        "id": "43f9b260-2868-4950-944e-ebca070a8497",
        "names": null,
        "subtype": "road",
        "class": "pedestrian",
        "subclass": null,
        "subclass_rules": null,
        "connectors": [
          {
            "connector_id": "867cf148-d340-4a55-83ae-7958c62b4fb3",
            "at": 0.0
          },
          {
            "connector_id": "08c03d05-28bd-40a7-b26a-eefc6dbec2cd",
            "at": 0.101713153
          },
          {
            "connector_id": "58b2b0f8-bbac-473e-82fc-7205de20401e",
            "at": 0.494308432
          },
          {
            "connector_id": "bd09030a-5178-43a7-bbad-176812a35ab8",
            "at": 0.784628416
          },
          {
            "connector_id": "35dc6bf6-6d1e-4b1d-96bb-ca18ffa5f09c",
            "at": 1.0
          }
        ],
        "road_surface": null,
        "road_flags": null,
        "rail_flags": null,
        "width_rules": null,
        "level_rules": null,
        "access_restrictions": null,
        "speed_limits": null,
        "prohibited_transitions": null,
        "routes": null,
        "destinations": null,
        "sources": [
          {
            "property": "",
            "dataset": "OpenStreetMap",
            "license": "ODbL-1.0",
            "record_id": "w319385959@2",
            "update_time": "2026-01-12T05:30:39Z",
            "confidence": null,
            "between": null,
            "provider": "osm",
            "resource": "planet",
            "version": "2026-09-09"
          }
        ],
        "version": 2,
        "bbox": {
          "xmin": 77.60543060302734,
          "xmax": 77.60569763183594,
          "ymin": 12.975085258483887,
          "ymax": 12.975337982177734
        }
      },
      "geometry": {
        "type": "LineString",
        "coordinates": [
          [
            77.6056723,
            12.9752846
          ],
          [
            77.6056404,
            12.9753155
          ],
          [
            77.6056105,
            12.975329
          ],
          [
            77.6055996,
            12.9753339
          ],
          [
            77.6055547,
            12.9753376
          ],
          [
            77.6055153,
            12.9753279
          ],
          [
            77.6054809,
            12.9753069
          ],
          [
            77.6054548,
            12.9752764
          ],
          [
            77.6054397,
            12.9752396
          ],
          [
            77.6054371,
            12.9752
          ],
          [
            77.6054471,
            12.9751616
          ],
          [
            77.6054689,
            12.975128
          ],
          [
            77.6055003,
            12.9751028
          ],
          [
            77.6055381,
            12.9750882
          ],
          [
            77.6055788,
            12.9750857
          ],
          [
            77.6056221,
            12.9750975
          ],
          [
            77.6056339,
            12.9751056
          ],
          [
            77.6056587,
            12.9751229
          ],
          [
            77.6056843,
            12.975159
          ],
          [
            77.6056957,
            12.9752014
          ],
          [
            77.6056915,
            12.975245
          ]
        ]
      }
    },
    {
      "type": "Feature",
      "id": "29d5ea49-1e83-4b0d-863c-e95693e40a07",
      "properties": {
        "id": "29d5ea49-1e83-4b0d-863c-e95693e40a07",
        "names": null,
        "subtype": "road",
        "class": "footway",
        "subclass": null,
        "subclass_rules": null,
        "connectors": [
          {
            "connector_id": "bd09030a-5178-43a7-bbad-176812a35ab8",
            "at": 0.0
          },
          {
            "connector_id": "ccc62131-f1cc-4c5a-a49d-8ff9f995609a",
            "at": 0.814583037
          },
          {
            "connector_id": "7bbbd2c4-b71f-49a1-ba20-d2462843b053",
            "at": 1.0
          }
        ],
        "road_surface": null,
        "road_flags": null,
        "rail_flags": null,
        "width_rules": null,
        "level_rules": null,
        "access_restrictions": null,
        "speed_limits": null,
        "prohibited_transitions": null,
        "routes": null,
        "destinations": null,
        "sources": [
          {
            "property": "",
            "dataset": "OpenStreetMap",
            "license": "ODbL-1.0",
            "record_id": "w327534072@3",
            "update_time": "2026-01-12T05:30:39Z",
            "confidence": null,
            "between": null,
            "provider": "osm",
            "resource": "planet",
            "version": "2026-09-09"
          }
        ],
        "version": 2,
        "bbox": {
          "xmin": 77.60558319091797,
          "xmax": 77.60564422607422,
          "ymin": 12.974830627441406,
          "ymax": 12.975107192993164
        }
      },
      "geometry": {
        "type": "LineString",
        "coordinates": [
          [
            77.6056339,
            12.9751056
          ],
          [
            77.6056438,
            12.9750637
          ],
          [
            77.6055998,
            12.9748924
          ],
          [
            77.6055974,
            12.974883
          ],
          [
            77.6055942,
            12.9748706
          ],
          [
            77.6055843,
            12.9748324
          ]
        ]
      }
    },
    {
      "type": "Feature",
      "id": "4a2ad0e5-15b4-453d-9635-deaf70aa5c26",
      "properties": {
        "id": "4a2ad0e5-15b4-453d-9635-deaf70aa5c26",
        "names": null,
        "subtype": "road",
        "class": "footway",
        "subclass": null,
        "subclass_rules": null,
        "connectors": [
          {
            "connector_id": "75206728-57da-4a4e-9b65-54e7e6e6417e",
            "at": 0.0
          },
          {
            "connector_id": "1d15a344-8029-4ad5-a107-6e9a8e5d6a90",
            "at": 0.404232666
          },
          {
            "connector_id": "335580fa-b3a8-4f6d-a822-4af6ba8a652a",
            "at": 1.0
          }
        ],
        "road_surface": null,
        "road_flags": null,
        "rail_flags": null,
        "width_rules": null,
        "level_rules": null,
        "access_restrictions": null,
        "speed_limits": null,
        "prohibited_transitions": null,
        "routes": null,
        "destinations": null,
        "sources": [
          {
            "property": "",
            "dataset": "OpenStreetMap",
            "license": "ODbL-1.0",
            "record_id": "w1035562478@3",
            "update_time": "2026-01-12T05:30:39Z",
            "confidence": null,
            "between": null,
            "provider": "osm",
            "resource": "planet",
            "version": "2026-09-09"
          }
        ],
        "version": 2,
        "bbox": {
          "xmin": 77.60548400878906,
          "xmax": 77.60552215576172,
          "ymin": 12.974760055541992,
          "ymax": 12.974846839904785
        }
      },
      "geometry": {
        "type": "LineString",
        "coordinates": [
          [
            77.6055212,
            12.9748465
          ],
          [
            77.6055143,
            12.9748266
          ],
          [
            77.6055091,
            12.9748117
          ],
          [
            77.6055039,
            12.9747969
          ],
          [
            77.6054913,
            12.9747604
          ]
        ]
      }
    },
    {
      "type": "Feature",
      "id": "e4a2d796-2714-4998-8686-777300cd412d",
      "properties": {
        "id": "e4a2d796-2714-4998-8686-777300cd412d",
        "names": null,
        "subtype": "road",
        "class": "service",
        "subclass": null,
        "subclass_rules": null,
        "connectors": [
          {
            "connector_id": "4402c872-a6d2-4dff-bd9e-c7934d75d278",
            "at": 0.0
          },
          {
            "connector_id": "9b02b5a7-b130-4ab7-9dd0-6b2ff57a43a4",
            "at": 0.075991232
          },
          {
            "connector_id": "740eba70-a4bb-4007-b69d-5f2f8a18b757",
            "at": 1.0
          }
        ],
        "road_surface": null,
        "road_flags": null,
        "rail_flags": null,
        "width_rules": null,
        "level_rules": null,
        "access_restrictions": null,
        "speed_limits": null,
        "prohibited_transitions": null,
        "routes": null,
        "destinations": null,
        "sources": [
          {
            "property": "",
            "dataset": "OpenStreetMap",
            "license": "ODbL-1.0",
            "record_id": "w1183600683@2",
            "update_time": "2026-01-12T05:30:39Z",
            "confidence": null,
            "between": null,
            "provider": "osm",
            "resource": "planet",
            "version": "2026-09-09"
          }
        ],
        "version": 2,
        "bbox": {
          "xmin": 77.60519409179688,
          "xmax": 77.6053466796875,
          "ymin": 12.974422454833984,
          "ymax": 12.974888801574707
        }
      },
      "geometry": {
        "type": "LineString",
        "coordinates": [
          [
            77.6053438,
            12.9748887
          ],
          [
            77.605337,
            12.9748667
          ],
          [
            77.6053329,
            12.9748532
          ],
          [
            77.6053277,
            12.974836
          ],
          [
            77.6051965,
            12.9744227
          ]
        ]
      }
    },
    {
      "type": "Feature",
      "id": "cdf7f7ad-769d-48d7-9533-6b2e812e0ff9",
      "properties": {
        "id": "cdf7f7ad-769d-48d7-9533-6b2e812e0ff9",
        "names": null,
        "subtype": "road",
        "class": "steps",
        "subclass": null,
        "subclass_rules": null,
        "connectors": [
          {
            "connector_id": "335580fa-b3a8-4f6d-a822-4af6ba8a652a",
            "at": 0.0
          },
          {
            "connector_id": "3a7ae015-db4d-40d3-915d-6bccb5d5c1e3",
            "at": 1.0
          }
        ],
        "road_surface": null,
        "road_flags": null,
        "rail_flags": null,
        "width_rules": null,
        "level_rules": null,
        "access_restrictions": null,
        "speed_limits": null,
        "prohibited_transitions": null,
        "routes": null,
        "destinations": null,
        "sources": [
          {
            "property": "",
            "dataset": "OpenStreetMap",
            "license": "ODbL-1.0",
            "record_id": "w1035562477@1",
            "update_time": "2026-01-12T05:30:39Z",
            "confidence": null,
            "between": null,
            "provider": "osm",
            "resource": "planet",
            "version": "2026-09-09"
          }
        ],
        "version": 2,
        "bbox": {
          "xmin": 77.60546875,
          "xmax": 77.6054916381836,
          "ymin": 12.974710464477539,
          "ymax": 12.974761962890625
        }
      },
      "geometry": {
        "type": "LineString",
        "coordinates": [
          [
            77.6054913,
            12.9747604
          ],
          [
            77.6054743,
            12.9747121
          ]
        ]
      }
    },
    {
      "type": "Feature",
      "id": "3b731e91-2f83-4f56-a781-15ebbe68e3df",
      "properties": {
        "id": "3b731e91-2f83-4f56-a781-15ebbe68e3df",
        "names": null,
        "subtype": "road",
        "class": "footway",
        "subclass": null,
        "subclass_rules": null,
        "connectors": [
          {
            "connector_id": "5d417f59-d3a2-4308-ab61-46f1072559a2",
            "at": 0.0
          },
          {
            "connector_id": "ff821ee5-481c-4d23-993e-c0761dc27b5c",
            "at": 0.082842962
          },
          {
            "connector_id": "8d103cf1-95c0-4e7d-8184-456f39747285",
            "at": 1.0
          }
        ],
        "road_surface": null,
        "road_flags": null,
        "rail_flags": null,
        "width_rules": null,
        "level_rules": null,
        "access_restrictions": null,
        "speed_limits": null,
        "prohibited_transitions": null,
        "routes": null,
        "destinations": null,
        "sources": [
          {
            "property": "",
            "dataset": "OpenStreetMap",
            "license": "ODbL-1.0",
            "record_id": "w1035562480@4",
            "update_time": "2026-01-12T05:30:39Z",
            "confidence": null,
            "between": null,
            "provider": "osm",
            "resource": "planet",
            "version": "2026-09-09"
          }
        ],
        "version": 2,
        "bbox": {
          "xmin": 77.60562133789062,
          "xmax": 77.60576629638672,
          "ymin": 12.974336624145508,
          "ymax": 12.974793434143066
        }
      },
      "geometry": {
        "type": "LineString",
        "coordinates": [
          [
            77.6057645,
            12.9747918
          ],
          [
            77.6057565,
            12.9747676
          ],
          [
            77.6057521,
            12.9747544
          ],
          [
            77.605749,
            12.9747445
          ],
          [
            77.6056214,
            12.9743383
          ]
        ]
      }
    },
    {
      "type": "Feature",
      "id": "f217be57-cdff-4d81-adc6-baaf0a40c424",
      "properties": {
        "id": "f217be57-cdff-4d81-adc6-baaf0a40c424",
        "names": {
          "primary": "Church Street",
          "common": [
            [
              "kn",
              "ಚರ್ಚ್ ಬೀದಿ"
            ]
          ],
          "rules": [
            {
              "variant": "common",
              "language": null,
              "perspectives": null,
              "value": "Church Street",
              "between": null,
              "side": null
            }
          ]
        },
        "subtype": "road",
        "class": "unclassified",
        "subclass": null,
        "subclass_rules": null,
        "connectors": [
          {
            "connector_id": "59d259b8-286c-4009-ae73-0d2915b406d6",
            "at": 0.0
          },
          {
            "connector_id": "04000544-6dd5-4160-b1e6-3bc8ab6c8e89",
            "at": 0.025525781
          },
          {
            "connector_id": "e2a46d9b-9fbc-472f-9546-a4fb870b889c",
            "at": 0.218039724
          },
          {
            "connector_id": "ce6a3f28-65bb-4f0a-b48e-b6fa0f8ab71a",
            "at": 0.226934035
          },
          {
            "connector_id": "165a3477-5145-46d9-956e-50540e2395c6",
            "at": 0.256473977
          },
          {
            "connector_id": "06d1a11b-c028-4a59-965a-8f3f71071253",
            "at": 0.33201246
          },
          {
            "connector_id": "eb18eb5b-7810-48b8-80a9-eb947f907a0e",
            "at": 0.39403035
          },
          {
            "connector_id": "c0383df7-7606-45e4-81a5-89b4d6ce0bb0",
            "at": 0.410232287
          },
          {
            "connector_id": "8b56458d-00da-4e68-99f6-291240b0e611",
            "at": 0.446535612
          },
          {
            "connector_id": "8ebc1420-19c7-48f4-9d10-e7df3f7ec38c",
            "at": 0.496780279
          },
          {
            "connector_id": "5d417f59-d3a2-4308-ab61-46f1072559a2",
            "at": 0.548855058
          },
          {
            "connector_id": "b0ed22de-5d3c-4957-82c8-f07a0fd6419e",
            "at": 0.563420029
          },
          {
            "connector_id": "7bbbd2c4-b71f-49a1-ba20-d2462843b053",
            "at": 0.598986626
          },
          {
            "connector_id": "75206728-57da-4a4e-9b65-54e7e6e6417e",
            "at": 0.616533767
          },
          {
            "connector_id": "4402c872-a6d2-4dff-bd9e-c7934d75d278",
            "at": 0.666027965
          },
          {
            "connector_id": "e08336f8-a97a-434c-bd77-df74cfd6b7c2",
            "at": 0.722695081
          },
          {
            "connector_id": "4a07d588-7f06-40fc-b97c-23e9c363a2fe",
            "at": 0.724578619
          },
          {
            "connector_id": "1e3090c3-91e6-44ac-9958-d95062598906",
            "at": 0.822075203
          },
          {
            "connector_id": "1a58dcb1-e29a-42dd-a467-422317fe1150",
            "at": 0.847589592
          },
          {
            "connector_id": "46ab5644-5aba-42bf-90ee-0040ec30d89f",
            "at": 0.854943552
          },
          {
            "connector_id": "c8b4e272-c510-4854-a670-471b1d9bb31c",
            "at": 0.963237187
          },
          {
            "connector_id": "c0452d56-cef5-4afe-b82e-31125851ec3a",
            "at": 1.0
          }
        ],
        "road_surface": [
          {
            "value": "paving_stones",
            "between": null
          }
        ],
        "road_flags": null,
        "rail_flags": null,
        "width_rules": [
          {
            "value": 5.5,
            "between": null
          }
        ],
        "level_rules": null,
        "access_restrictions": [
          {
            "access_type": "denied",
            "when": {
              "during": null,
              "heading": "backward",
              "using": null,
              "recognized": null,
              "mode": null,
              "vehicle": null
            },
            "between": null
          },
          {
            "access_type": "allowed",
            "when": {
              "during": null,
              "heading": null,
              "using": null,
              "recognized": null,
              "mode": [
                "foot",
                "bicycle",
                "motor_vehicle"
              ],
              "vehicle": null
            },
            "between": null
          }
        ],
        "speed_limits": [
          {
            "min_speed": null,
            "max_speed": {
              "value": 30,
              "unit": "km/h"
            },
            "is_max_speed_variable": null,
            "when": null,
            "between": null
          }
        ],
        "prohibited_transitions": null,
        "routes": null,
        "destinations": null,
        "sources": [
          {
            "property": "",
            "dataset": "OpenStreetMap",
            "license": "ODbL-1.0",
            "record_id": "w48166762@52",
            "update_time": "2026-08-18T13:20:50Z",
            "confidence": null,
            "between": null,
            "provider": "osm",
            "resource": "planet",
            "version": "2026-09-09"
          }
        ],
        "version": 1,
        "bbox": {
          "xmin": 77.6041488647461,
          "xmax": 77.60773468017578,
          "ymin": 12.974327087402344,
          "ymax": 12.975188255310059
        }
      },
      "geometry": {
        "type": "LineString",
        "coordinates": [
          [
            77.6077326,
            12.9743274
          ],
          [
            77.6076409,
            12.9743483
          ],
          [
            77.6069506,
            12.9745113
          ],
          [
            77.6069187,
            12.9745188
          ],
          [
            77.6068128,
            12.9745439
          ],
          [
            77.606542,
            12.9746081
          ],
          [
            77.6063194,
            12.9746597
          ],
          [
            77.6062613,
            12.9746734
          ],
          [
            77.6061309,
            12.9747032
          ],
          [
            77.605951,
            12.9747468
          ],
          [
            77.6057645,
            12.9747918
          ],
          [
            77.6057121,
            12.9748034
          ],
          [
            77.6055843,
            12.9748324
          ],
          [
            77.6055212,
            12.9748465
          ],
          [
            77.6053438,
            12.9748887
          ],
          [
            77.6051418,
            12.9749413
          ],
          [
            77.6051351,
            12.9749431
          ],
          [
            77.6047852,
            12.9750244
          ],
          [
            77.6046942,
            12.9750479
          ],
          [
            77.6046678,
            12.975054
          ],
          [
            77.6042812,
            12.9751524
          ],
          [
            77.6041502,
            12.9751867
          ]
        ]
      }
    },
    {
      "type": "Feature",
      "id": "b5c874fa-40c7-4879-afd5-bf6665317861",
      "properties": {
        "id": "b5c874fa-40c7-4879-afd5-bf6665317861",
        "names": null,
        "subtype": "road",
        "class": "service",
        "subclass": null,
        "subclass_rules": null,
        "connectors": [
          {
            "connector_id": "8ebc1420-19c7-48f4-9d10-e7df3f7ec38c",
            "at": 0.0
          },
          {
            "connector_id": "3f25a7a2-c8aa-452b-9ec0-2f052de2df9d",
            "at": 0.136194555
          },
          {
            "connector_id": "945343a1-2fbf-461e-b288-323b76789d5a",
            "at": 1.0
          }
        ],
        "road_surface": null,
        "road_flags": null,
        "rail_flags": null,
        "width_rules": null,
        "level_rules": null,
        "access_restrictions": null,
        "speed_limits": null,
        "prohibited_transitions": null,
        "routes": null,
        "destinations": null,
        "sources": [
          {
            "property": "",
            "dataset": "OpenStreetMap",
            "license": "ODbL-1.0",
            "record_id": "w1089717998@4",
            "update_time": "2026-03-01T11:27:26Z",
            "confidence": null,
            "between": null,
            "provider": "osm",
            "resource": "planet",
            "version": "2026-09-09"
          }
        ],
        "version": 2,
        "bbox": {
          "xmin": 77.60586547851562,
          "xmax": 77.60595703125,
          "ymin": 12.974471092224121,
          "ymax": 12.974748611450195
        }
      },
      "geometry": {
        "type": "LineString",
        "coordinates": [
          [
            77.605951,
            12.9747468
          ],
          [
            77.6059445,
            12.9747222
          ],
          [
            77.605941,
            12.9747093
          ],
          [
            77.6059379,
            12.9746975
          ],
          [
            77.6058778,
            12.9744714
          ]
        ]
      }
    },
    {
      "type": "Feature",
      "id": "1c31d244-028b-4401-8ba9-b4c584653b7c",
      "properties": {
        "id": "1c31d244-028b-4401-8ba9-b4c584653b7c",
        "names": null,
        "subtype": "road",
        "class": "service",
        "subclass": "driveway",
        "subclass_rules": [
          {
            "value": "driveway",
            "between": null
          }
        ],
        "connectors": [
          {
            "connector_id": "19bf3f62-ffd6-46aa-b358-99e8753abf34",
            "at": 0.0
          },
          {
            "connector_id": "4b37126d-351d-4ea1-b72b-0694320648a6",
            "at": 0.595041682
          },
          {
            "connector_id": "c0383df7-7606-45e4-81a5-89b4d6ce0bb0",
            "at": 1.0
          }
        ],
        "road_surface": null,
        "road_flags": null,
        "rail_flags": null,
        "width_rules": null,
        "level_rules": null,
        "access_restrictions": null,
        "speed_limits": null,
        "prohibited_transitions": null,
        "routes": null,
        "destinations": null,
        "sources": [
          {
            "property": "",
            "dataset": "OpenStreetMap",
            "license": "ODbL-1.0",
            "record_id": "w1290059671@2",
            "update_time": "2026-01-12T05:30:39Z",
            "confidence": null,
            "between": null,
            "provider": "osm",
            "resource": "planet",
            "version": "2026-09-09"
          }
        ],
        "version": 2,
        "bbox": {
          "xmin": 77.60625457763672,
          "xmax": 77.60629272460938,
          "ymin": 12.9746732711792,
          "ymax": 12.974769592285156
        }
      },
      "geometry": {
        "type": "LineString",
        "coordinates": [
          [
            77.6062864,
            12.974768
          ],
          [
            77.6062734,
            12.974719
          ],
          [
            77.6062715,
            12.9747117
          ],
          [
            77.6062688,
            12.9747015
          ],
          [
            77.6062613,
            12.9746734
          ]
        ]
      }
    },
    {
      "type": "Feature",
      "id": "48ca754f-37bd-45a1-a785-b8eb0851c61a",
      "properties": {
        "id": "48ca754f-37bd-45a1-a785-b8eb0851c61a",
        "names": null,
        "subtype": "road",
        "class": "steps",
        "subclass": null,
        "subclass_rules": null,
        "connectors": [
          {
            "connector_id": "d48e10f7-9af3-4bfd-9f8b-baf33b508f4a",
            "at": 0.0
          },
          {
            "connector_id": "06868acb-b490-4606-bc34-ee1e1ad8fdd7",
            "at": 0.824945766
          },
          {
            "connector_id": "eb18eb5b-7810-48b8-80a9-eb947f907a0e",
            "at": 1.0
          }
        ],
        "road_surface": null,
        "road_flags": null,
        "rail_flags": null,
        "width_rules": null,
        "level_rules": null,
        "access_restrictions": null,
        "speed_limits": null,
        "prohibited_transitions": null,
        "routes": null,
        "destinations": null,
        "sources": [
          {
            "property": "",
            "dataset": "OpenStreetMap",
            "license": "ODbL-1.0",
            "record_id": "w1290059672@2",
            "update_time": "2026-01-12T05:30:39Z",
            "confidence": null,
            "between": null,
            "provider": "osm",
            "resource": "planet",
            "version": "2026-09-09"
          }
        ],
        "version": 2,
        "bbox": {
          "xmin": 77.60631561279297,
          "xmax": 77.60639190673828,
          "ymin": 12.974658012390137,
          "ymax": 12.974874496459961
        }
      },
      "geometry": {
        "type": "LineString",
        "coordinates": [
          [
            77.6063793,
            12.9748728
          ],
          [
            77.6063317,
            12.9747036
          ],
          [
            77.6063299,
            12.974697
          ],
          [
            77.6063273,
            12.974688
          ],
          [
            77.6063194,
            12.9746597
          ]
        ]
      }
    },
    {
      "type": "Feature",
      "id": "6c332e71-ceab-4c65-9abd-f61fe92528be",
      "properties": {
        "id": "6c332e71-ceab-4c65-9abd-f61fe92528be",
        "names": null,
        "subtype": "road",
        "class": "service",
        "subclass": null,
        "subclass_rules": null,
        "connectors": [
          {
            "connector_id": "8b56458d-00da-4e68-99f6-291240b0e611",
            "at": 0.0
          },
          {
            "connector_id": "7ede8fff-611f-4fbe-8124-a32d3e4b15c0",
            "at": 0.218310612
          },
          {
            "connector_id": "5052dc2e-44b0-4fdc-add4-91aa0694fd88",
            "at": 1.0
          }
        ],
        "road_surface": null,
        "road_flags": null,
        "rail_flags": null,
        "width_rules": null,
        "level_rules": null,
        "access_restrictions": [
          {
            "access_type": "allowed",
            "when": {
              "during": null,
              "heading": null,
              "using": null,
              "recognized": [
                "as_private"
              ],
              "mode": null,
              "vehicle": null
            },
            "between": null
          }
        ],
        "speed_limits": null,
        "prohibited_transitions": null,
        "routes": null,
        "destinations": null,
        "sources": [
          {
            "property": "",
            "dataset": "OpenStreetMap",
            "license": "ODbL-1.0",
            "record_id": "w1124636161@3",
            "update_time": "2026-01-12T05:30:39Z",
            "confidence": null,
            "between": null,
            "provider": "osm",
            "resource": "planet",
            "version": "2026-09-09"
          }
        ],
        "version": 2,
        "bbox": {
          "xmin": 77.60612487792969,
          "xmax": 77.60618591308594,
          "ymin": 12.974702835083008,
          "ymax": 12.974889755249023
        }
      },
      "geometry": {
        "type": "LineString",
        "coordinates": [
          [
            77.6061309,
            12.9747032
          ],
          [
            77.606138,
            12.9747339
          ],
          [
            77.6061403,
            12.9747439
          ],
          [
            77.6061421,
            12.9747517
          ],
          [
            77.6061741,
            12.9748896
          ]
        ]
      }
    },
    {
      "type": "Feature",
      "id": "621636dd-66b4-465e-b8b9-e2b783b50068",
      "properties": {
        "id": "621636dd-66b4-465e-b8b9-e2b783b50068",
        "names": null,
        "subtype": "road",
        "class": "footway",
        "subclass": null,
        "subclass_rules": [
          {
            "value": "crosswalk",
            "between": [
              0.0,
              0.013889664
            ]
          },
          {
            "value": "sidewalk",
            "between": [
              0.013889664,
              1.0
            ]
          }
        ],
        "connectors": [
          {
            "connector_id": "2d620dfc-0e32-4d7e-abdd-8dd6eb1916ce",
            "at": 0.0
          },
          {
            "connector_id": "6c89be86-c392-4543-9987-b5563ab8ba4e",
            "at": 0.009351063
          },
          {
            "connector_id": "6c9adb88-b5f1-44a8-b869-acedb6098833",
            "at": 0.142548883
          },
          {
            "connector_id": "c645c381-732d-4ef2-a1cb-cfcb119ea105",
            "at": 0.199789066
          },
          {
            "connector_id": "ad1885fc-4f15-4f75-a0a5-b1a8505cf3df",
            "at": 0.249657215
          },
          {
            "connector_id": "5af2a062-e384-41b5-8129-13af951f3763",
            "at": 0.334513996
          },
          {
            "connector_id": "d1d2d8be-3832-44c2-a17e-5ffa0788ae7d",
            "at": 0.572269683
          },
          {
            "connector_id": "7df15ff9-289f-43a0-b2e6-8ed708c41ccc",
            "at": 0.727667406
          },
          {
            "connector_id": "719d621d-f74d-4fdb-8f81-2fcc7e3df54d",
            "at": 0.82716069
          },
          {
            "connector_id": "958e84f6-1c8d-4237-885d-89e637927023",
            "at": 0.854079645
          },
          {
            "connector_id": "86b2f05d-25f9-46e8-b81f-528c52d23898",
            "at": 1.0
          }
        ],
        "road_surface": [
          {
            "value": "paved",
            "between": [
              0.0,
              0.013889664
            ]
          },
          {
            "value": "paving_stones",
            "between": [
              0.013889664,
              1.0
            ]
          }
        ],
        "road_flags": null,
        "rail_flags": null,
        "width_rules": null,
        "level_rules": null,
        "access_restrictions": null,
        "speed_limits": null,
        "prohibited_transitions": null,
        "routes": null,
        "destinations": null,
        "sources": [
          {
            "property": "",
            "dataset": "OpenStreetMap",
            "license": "ODbL-1.0",
            "record_id": "w1217769145@3",
            "update_time": "2026-01-12T05:30:39Z",
            "confidence": null,
            "between": [
              0.0,
              0.013889664
            ],
            "provider": "osm",
            "resource": "planet",
            "version": "2026-09-09"
          },
          {
            "property": "",
            "dataset": "OpenStreetMap",
            "license": "ODbL-1.0",
            "record_id": "w327534070@28",
            "update_time": "2026-01-12T05:30:39Z",
            "confidence": null,
            "between": [
              0.013889664,
              1.0
            ],
            "provider": "osm",
            "resource": "planet",
            "version": "2026-09-09"
          }
        ],
        "version": 3,
        "bbox": {
          "xmin": 77.60424041748047,
          "xmax": 77.60787200927734,
          "ymin": 12.974369049072266,
          "ymax": 12.975910186767578
        }
      },
      "geometry": {
        "type": "LineString",
        "coordinates": [
          [
            77.6042475,
            12.9759087
          ],
          [
            77.6042878,
            12.9759
          ],
          [
            77.6043073,
            12.9758957
          ],
          [
            77.6048596,
            12.9757665
          ],
          [
            77.6051041,
            12.9757043
          ],
          [
            77.6053181,
            12.975654
          ],
          [
            77.6056819,
            12.975567
          ],
          [
            77.6067004,
            12.97532
          ],
          [
            77.6073658,
            12.9751574
          ],
          [
            77.6077906,
            12.9750486
          ],
          [
            77.6078192,
            12.9750333
          ],
          [
            77.6078557,
            12.9750121
          ],
          [
            77.6078713,
            12.9749826
          ],
          [
            77.6078713,
            12.9749819
          ],
          [
            77.6078718,
            12.9749729
          ],
          [
            77.6076854,
            12.9743788
          ],
          [
            77.6076793,
            12.9743709
          ]
        ]
      }
    },
    {
      "type": "Feature",
      "id": "fb210c6a-4f14-45d4-bd88-7bb9ff2b3f8b",
      "properties": {
        "id": "fb210c6a-4f14-45d4-bd88-7bb9ff2b3f8b",
        "names": null,
        "subtype": "road",
        "class": "pedestrian",
        "subclass": null,
        "subclass_rules": null,
        "connectors": [
          {
            "connector_id": "35dc6bf6-6d1e-4b1d-96bb-ca18ffa5f09c",
            "at": 0.0
          },
          {
            "connector_id": "867cf148-d340-4a55-83ae-7958c62b4fb3",
            "at": 1.0
          }
        ],
        "road_surface": null,
        "road_flags": null,
        "rail_flags": null,
        "width_rules": null,
        "level_rules": null,
        "access_restrictions": null,
        "speed_limits": null,
        "prohibited_transitions": null,
        "routes": null,
        "destinations": null,
        "sources": [
          {
            "property": "",
            "dataset": "OpenStreetMap",
            "license": "ODbL-1.0",
            "record_id": "w319385959@2",
            "update_time": "2026-01-12T05:30:39Z",
            "confidence": null,
            "between": null,
            "provider": "osm",
            "resource": "planet",
            "version": "2026-09-09"
          }
        ],
        "version": 2,
        "bbox": {
          "xmin": 77.60565948486328,
          "xmax": 77.60569763183594,
          "ymin": 12.97524356842041,
          "ymax": 12.975286483764648
        }
      },
      "geometry": {
        "type": "LineString",
        "coordinates": [
          [
            77.6056915,
            12.975245
          ],
          [
            77.6056723,
            12.9752846
          ]
        ]
      }
    },
    {
      "type": "Feature",
      "id": "fa37ca55-9268-4950-8330-82910532874f",
      "properties": {
        "id": "fa37ca55-9268-4950-8330-82910532874f",
        "names": null,
        "subtype": "road",
        "class": "steps",
        "subclass": null,
        "subclass_rules": null,
        "connectors": [
          {
            "connector_id": "fb211934-c0ae-40f3-a67c-21ffdb2db4d8",
            "at": 0.0
          },
          {
            "connector_id": "25abcfb3-7464-4770-aa6f-be0c37fbb87f",
            "at": 1.0
          }
        ],
        "road_surface": null,
        "road_flags": null,
        "rail_flags": null,
        "width_rules": null,
        "level_rules": null,
        "access_restrictions": null,
        "speed_limits": null,
        "prohibited_transitions": null,
        "routes": null,
        "destinations": null,
        "sources": [
          {
            "property": "",
            "dataset": "OpenStreetMap",
            "license": "ODbL-1.0",
            "record_id": "w1362481693@1",
            "update_time": "2025-02-24T05:39:33Z",
            "confidence": null,
            "between": null,
            "provider": "osm",
            "resource": "planet",
            "version": "2026-09-09"
          }
        ],
        "version": 1,
        "bbox": {
          "xmin": 77.60636901855469,
          "xmax": 77.60658264160156,
          "ymin": 12.975729942321777,
          "ymax": 12.975780487060547
        }
      },
      "geometry": {
        "type": "LineString",
        "coordinates": [
          [
            77.6063765,
            12.9757788
          ],
          [
            77.6065771,
            12.97573
          ]
        ]
      }
    },
    {
      "type": "Feature",
      "id": "2696dc70-0037-46a9-ae5f-25598b01ad94",
      "properties": {
        "id": "2696dc70-0037-46a9-ae5f-25598b01ad94",
        "names": {
          "primary": "Mahatma Gandhi Road",
          "common": [
            [
              "kn",
              "ಮಹಾತ್ಮ ಗಾಂಧಿ ರಸ್ತೆ"
            ]
          ],
          "rules": [
            {
              "variant": "common",
              "language": null,
              "perspectives": null,
              "value": "Mahatma Gandhi Road",
              "between": null,
              "side": null
            },
            {
              "variant": "alternate",
              "language": null,
              "perspectives": null,
              "value": "M G Road",
              "between": null,
              "side": null
            },
            {
              "variant": "short",
              "language": null,
              "perspectives": null,
              "value": "MG Road",
              "between": null,
              "side": null
            }
          ]
        },
        "subtype": "road",
        "class": "secondary",
        "subclass": null,
        "subclass_rules": null,
        "connectors": [
          {
            "connector_id": "510b3535-d37d-462c-a886-edfee1985bcb",
            "at": 0.0
          },
          {
            "connector_id": "1b658257-57e9-467b-b6ce-623cffdc6b27",
            "at": 0.035371128
          },
          {
            "connector_id": "d72fe4e4-5b92-4f7b-9f36-54f5c8f8652b",
            "at": 0.715995904
          },
          {
            "connector_id": "a1c73184-f798-4b1f-9e56-079edd1c6e1b",
            "at": 0.842175173
          },
          {
            "connector_id": "076f4a2f-314a-485a-9968-d91233375a16",
            "at": 1.0
          }
        ],
        "road_surface": [
          {
            "value": "paved",
            "between": null
          }
        ],
        "road_flags": null,
        "rail_flags": null,
        "width_rules": null,
        "level_rules": null,
        "access_restrictions": [
          {
            "access_type": "denied",
            "when": {
              "during": null,
              "heading": "backward",
              "using": null,
              "recognized": null,
              "mode": null,
              "vehicle": null
            },
            "between": null
          },
          {
            "access_type": "denied",
            "when": {
              "during": null,
              "heading": null,
              "using": null,
              "recognized": null,
              "mode": null,
              "vehicle": [
                {
                  "dimension": "height",
                  "comparison": "greater_than",
                  "value": 5.5,
                  "unit": "m"
                }
              ]
            },
            "between": null
          }
        ],
        "speed_limits": [
          {
            "min_speed": null,
            "max_speed": {
              "value": 30,
              "unit": "km/h"
            },
            "is_max_speed_variable": null,
            "when": null,
            "between": null
          }
        ],
        "prohibited_transitions": null,
        "routes": null,
        "destinations": null,
        "sources": [
          {
            "property": "",
            "dataset": "OpenStreetMap",
            "license": "ODbL-1.0",
            "record_id": "w1227562844@5",
            "update_time": "2026-01-12T05:30:39Z",
            "confidence": null,
            "between": [
              0.0,
              0.143533869
            ],
            "provider": "osm",
            "resource": "planet",
            "version": "2026-09-09"
          },
          {
            "property": "",
            "dataset": "OpenStreetMap",
            "license": "ODbL-1.0",
            "record_id": "w435249314@30",
            "update_time": "2026-01-12T05:30:39Z",
            "confidence": null,
            "between": [
              0.143533869,
              1.0
            ],
            "provider": "osm",
            "resource": "planet",
            "version": "2026-09-09"
          }
        ],
        "version": 3,
        "bbox": {
          "xmin": 77.60430145263672,
          "xmax": 77.60794067382812,
          "ymin": 12.975083351135254,
          "ymax": 12.975967407226562
        }
      },
      "geometry": {
        "type": "LineString",
        "coordinates": [
          [
            77.6079337,
            12.9750849
          ],
          [
            77.6078044,
            12.9751124
          ],
          [
            77.6074118,
            12.9752081
          ],
          [
            77.6073644,
            12.9752196
          ],
          [
            77.6065055,
            12.9754287
          ],
          [
            77.6056816,
            12.9756358
          ],
          [
            77.6053346,
            12.9757181
          ],
          [
            77.6048758,
            12.9758267
          ],
          [
            77.6045392,
            12.9759093
          ],
          [
            77.6043027,
            12.9759656
          ]
        ]
      }
    },
    {
      "type": "Feature",
      "id": "b9da2c87-f822-438b-9ba2-9c55f0602684",
      "properties": {
        "id": "b9da2c87-f822-438b-9ba2-9c55f0602684",
        "names": null,
        "subtype": "road",
        "class": "footway",
        "subclass": null,
        "subclass_rules": null,
        "connectors": [
          {
            "connector_id": "7f756afb-386b-4a1d-bdc9-1c397fb5f28d",
            "at": 0.0
          },
          {
            "connector_id": "bf60668c-dcd7-4308-b1e1-65f657031a9a",
            "at": 1.0
          }
        ],
        "road_surface": null,
        "road_flags": null,
        "rail_flags": null,
        "width_rules": null,
        "level_rules": null,
        "access_restrictions": null,
        "speed_limits": null,
        "prohibited_transitions": null,
        "routes": null,
        "destinations": null,
        "sources": [
          {
            "property": "",
            "dataset": "OpenStreetMap",
            "license": "ODbL-1.0",
            "record_id": "w1308720275@1",
            "update_time": "2024-08-19T03:12:00Z",
            "confidence": null,
            "between": null,
            "provider": "osm",
            "resource": "planet",
            "version": "2026-09-09"
          }
        ],
        "version": 1,
        "bbox": {
          "xmin": 77.60623931884766,
          "xmax": 77.60638427734375,
          "ymin": 12.97567367553711,
          "ymax": 12.975706100463867
        }
      },
      "geometry": {
        "type": "LineString",
        "coordinates": [
          [
            77.6062511,
            12.9757045
          ],
          [
            77.6063777,
            12.9756738
          ]
        ]
      }
    },
    {
      "type": "Feature",
      "id": "e2aab77a-657a-4735-9998-aa0889d5bddb",
      "properties": {
        "id": "e2aab77a-657a-4735-9998-aa0889d5bddb",
        "names": null,
        "subtype": "road",
        "class": "steps",
        "subclass": null,
        "subclass_rules": null,
        "connectors": [
          {
            "connector_id": "bf60668c-dcd7-4308-b1e1-65f657031a9a",
            "at": 0.0
          },
          {
            "connector_id": "a7ea5a11-3eab-4b9a-a416-10854ef7241d",
            "at": 1.0
          }
        ],
        "road_surface": null,
        "road_flags": null,
        "rail_flags": null,
        "width_rules": null,
        "level_rules": null,
        "access_restrictions": [
          {
            "access_type": "allowed",
            "when": null,
            "between": null
          }
        ],
        "speed_limits": null,
        "prohibited_transitions": null,
        "routes": null,
        "destinations": null,
        "sources": [
          {
            "property": "",
            "dataset": "OpenStreetMap",
            "license": "ODbL-1.0",
            "record_id": "w1308720276@1",
            "update_time": "2024-08-19T03:12:00Z",
            "confidence": null,
            "between": null,
            "provider": "osm",
            "resource": "planet",
            "version": "2026-09-09"
          }
        ],
        "version": 1,
        "bbox": {
          "xmin": 77.60637664794922,
          "xmax": 77.60643005371094,
          "ymin": 12.975663185119629,
          "ymax": 12.975675582885742
        }
      },
      "geometry": {
        "type": "LineString",
        "coordinates": [
          [
            77.6063777,
            12.9756738
          ],
          [
            77.6064234,
            12.9756634
          ]
        ]
      }
    },
    {
      "type": "Feature",
      "id": "4fec1b21-d02b-42e1-bba8-c66ee20987ff",
      "properties": {
        "id": "4fec1b21-d02b-42e1-bba8-c66ee20987ff",
        "names": null,
        "subtype": "road",
        "class": "steps",
        "subclass": null,
        "subclass_rules": null,
        "connectors": [
          {
            "connector_id": "8929f112-ab3c-42eb-84d9-22f915f623c7",
            "at": 0.0
          },
          {
            "connector_id": "b329ea95-50b6-42d2-b5c9-09892153ce99",
            "at": 1.0
          }
        ],
        "road_surface": null,
        "road_flags": [
          {
            "values": [
              "is_indoor"
            ],
            "between": null
          }
        ],
        "rail_flags": null,
        "width_rules": null,
        "level_rules": null,
        "access_restrictions": null,
        "speed_limits": null,
        "prohibited_transitions": null,
        "routes": null,
        "destinations": null,
        "sources": [
          {
            "property": "",
            "dataset": "OpenStreetMap",
            "license": "ODbL-1.0",
            "record_id": "w1362481690@1",
            "update_time": "2025-02-24T05:39:33Z",
            "confidence": null,
            "between": null,
            "provider": "osm",
            "resource": "planet",
            "version": "2026-09-09"
          }
        ],
        "version": 1,
        "bbox": {
          "xmin": 77.60635375976562,
          "xmax": 77.6065673828125,
          "ymin": 12.975686073303223,
          "ymax": 12.975735664367676
        }
      },
      "geometry": {
        "type": "LineString",
        "coordinates": [
          [
            77.6065659,
            12.9756864
          ],
          [
            77.6063653,
            12.9757352
          ]
        ]
      }
    },
    {
      "type": "Feature",
      "id": "7bdf1dd0-d229-46d4-b220-f8d391bd355f",
      "properties": {
        "id": "7bdf1dd0-d229-46d4-b220-f8d391bd355f",
        "names": null,
        "subtype": "road",
        "class": "footway",
        "subclass": null,
        "subclass_rules": null,
        "connectors": [
          {
            "connector_id": "c13d30d4-efb3-4998-866c-7e57c1ce7d41",
            "at": 0.0
          },
          {
            "connector_id": "8e56b3dc-cb62-4bda-8bea-85c612624d93",
            "at": 0.196727791
          },
          {
            "connector_id": "b0728b7c-e9fb-4060-811b-120050dd87fe",
            "at": 0.41113711
          },
          {
            "connector_id": "a04169e4-7b8a-4dd1-b750-610d46378993",
            "at": 1.0
          }
        ],
        "road_surface": null,
        "road_flags": null,
        "rail_flags": null,
        "width_rules": null,
        "level_rules": null,
        "access_restrictions": null,
        "speed_limits": null,
        "prohibited_transitions": null,
        "routes": null,
        "destinations": null,
        "sources": [
          {
            "property": "",
            "dataset": "OpenStreetMap",
            "license": "ODbL-1.0",
            "record_id": "w1308720287@1",
            "update_time": "2024-08-19T03:12:00Z",
            "confidence": null,
            "between": [
              0.0,
              0.230482326
            ],
            "provider": "osm",
            "resource": "planet",
            "version": "2026-09-09"
          },
          {
            "property": "",
            "dataset": "OpenStreetMap",
            "license": "ODbL-1.0",
            "record_id": "w1308720288@1",
            "update_time": "2024-08-19T03:12:00Z",
            "confidence": null,
            "between": [
              0.230482326,
              0.350268211
            ],
            "provider": "osm",
            "resource": "planet",
            "version": "2026-09-09"
          },
          {
            "property": "",
            "dataset": "OpenStreetMap",
            "license": "ODbL-1.0",
            "record_id": "w1308720291@1",
            "update_time": "2024-08-19T03:12:00Z",
            "confidence": null,
            "between": [
              0.350268211,
              1.0
            ],
            "provider": "osm",
            "resource": "planet",
            "version": "2026-09-09"
          }
        ],
        "version": 1,
        "bbox": {
          "xmin": 77.6064682006836,
          "xmax": 77.60669708251953,
          "ymin": 12.975552558898926,
          "ymax": 12.975655555725098
        }
      },
      "geometry": {
        "type": "LineString",
        "coordinates": [
          [
            77.6064688,
            12.975654
          ],
          [
            77.6065233,
            12.975642
          ],
          [
            77.6065326,
            12.9756399
          ],
          [
            77.6065658,
            12.9756324
          ],
          [
            77.6065826,
            12.9756285
          ],
          [
            77.6066955,
            12.9756019
          ],
          [
            77.6066844,
            12.975553
          ]
        ]
      }
    },
    {
      "type": "Feature",
      "id": "bbbf65b0-10f9-4d1f-9861-50d805547dd4",
      "properties": {
        "id": "bbbf65b0-10f9-4d1f-9861-50d805547dd4",
        "names": null,
        "subtype": "road",
        "class": "footway",
        "subclass": null,
        "subclass_rules": null,
        "connectors": [
          {
            "connector_id": "8e56b3dc-cb62-4bda-8bea-85c612624d93",
            "at": 0.0
          },
          {
            "connector_id": "fa696b63-a7c6-4136-b830-0918ac068b6b",
            "at": 1.0
          }
        ],
        "road_surface": null,
        "road_flags": null,
        "rail_flags": null,
        "width_rules": null,
        "level_rules": null,
        "access_restrictions": null,
        "speed_limits": null,
        "prohibited_transitions": null,
        "routes": null,
        "destinations": null,
        "sources": [
          {
            "property": "",
            "dataset": "OpenStreetMap",
            "license": "ODbL-1.0",
            "record_id": "w1308720289@1",
            "update_time": "2024-08-19T03:12:00Z",
            "confidence": null,
            "between": null,
            "provider": "osm",
            "resource": "planet",
            "version": "2026-09-09"
          }
        ],
        "version": 1,
        "bbox": {
          "xmin": 77.60651397705078,
          "xmax": 77.60653686523438,
          "ymin": 12.975626945495605,
          "ymax": 12.975642204284668
        }
      },
      "geometry": {
        "type": "LineString",
        "coordinates": [
          [
            77.6065233,
            12.975642
          ],
          [
            77.6065205,
            12.9756296
          ],
          [
            77.6065311,
            12.9756273
          ]
        ]
      }
    },
    {
      "type": "Feature",
      "id": "7b715c6f-78be-4080-bb8b-7bacc6741c6c",
      "properties": {
        "id": "7b715c6f-78be-4080-bb8b-7bacc6741c6c",
        "names": null,
        "subtype": "road",
        "class": "footway",
        "subclass": null,
        "subclass_rules": null,
        "connectors": [
          {
            "connector_id": "a7ea5a11-3eab-4b9a-a416-10854ef7241d",
            "at": 0.0
          },
          {
            "connector_id": "c13d30d4-efb3-4998-866c-7e57c1ce7d41",
            "at": 0.157300076
          },
          {
            "connector_id": "8ed24f1f-f9e2-45e1-9f81-f908baa65f6b",
            "at": 1.0
          }
        ],
        "road_surface": null,
        "road_flags": [
          {
            "values": [
              "is_indoor"
            ],
            "between": [
              0.18060117,
              1.0
            ]
          }
        ],
        "rail_flags": null,
        "width_rules": null,
        "level_rules": null,
        "access_restrictions": [
          {
            "access_type": "allowed",
            "when": null,
            "between": [
              0.18060117,
              1.0
            ]
          }
        ],
        "speed_limits": null,
        "prohibited_transitions": null,
        "routes": null,
        "destinations": null,
        "sources": [
          {
            "property": "",
            "dataset": "OpenStreetMap",
            "license": "ODbL-1.0",
            "record_id": "w1308720277@2",
            "update_time": "2025-02-24T05:39:33Z",
            "confidence": null,
            "between": [
              0.0,
              0.18060117
            ],
            "provider": "osm",
            "resource": "planet",
            "version": "2026-09-09"
          },
          {
            "property": "",
            "dataset": "OpenStreetMap",
            "license": "ODbL-1.0",
            "record_id": "w1309513829@3",
            "update_time": "2025-02-24T05:39:33Z",
            "confidence": null,
            "between": [
              0.18060117,
              1.0
            ],
            "provider": "osm",
            "resource": "planet",
            "version": "2026-09-09"
          }
        ],
        "version": 1,
        "bbox": {
          "xmin": 77.6064224243164,
          "xmax": 77.60664367675781,
          "ymin": 12.975653648376465,
          "ymax": 12.975724220275879
        }
      },
      "geometry": {
        "type": "LineString",
        "coordinates": [
          [
            77.6064234,
            12.9756634
          ],
          [
            77.6064688,
            12.975654
          ],
          [
            77.60647,
            12.9756606
          ],
          [
            77.6064753,
            12.9756823
          ],
          [
            77.6065869,
            12.9756565
          ],
          [
            77.6066032,
            12.9757238
          ],
          [
            77.6066361,
            12.9757162
          ]
        ]
      }
    },
    {
      "type": "Feature",
      "id": "7b12232a-5c16-49ff-b95b-e8102097a738",
      "properties": {
        "id": "7b12232a-5c16-49ff-b95b-e8102097a738",
        "names": null,
        "subtype": "road",
        "class": "steps",
        "subclass": null,
        "subclass_rules": null,
        "connectors": [
          {
            "connector_id": "fa696b63-a7c6-4136-b830-0918ac068b6b",
            "at": 0.0
          },
          {
            "connector_id": "c43217f7-1e0a-4b6e-8f97-f6af3f6c4935",
            "at": 1.0
          }
        ],
        "road_surface": null,
        "road_flags": null,
        "rail_flags": null,
        "width_rules": null,
        "level_rules": null,
        "access_restrictions": null,
        "speed_limits": null,
        "prohibited_transitions": null,
        "routes": null,
        "destinations": null,
        "sources": [
          {
            "property": "",
            "dataset": "OpenStreetMap",
            "license": "ODbL-1.0",
            "record_id": "w1308720290@1",
            "update_time": "2024-08-19T03:12:00Z",
            "confidence": null,
            "between": null,
            "provider": "osm",
            "resource": "planet",
            "version": "2026-09-09"
          }
        ],
        "version": 1,
        "bbox": {
          "xmin": 77.60652923583984,
          "xmax": 77.60657501220703,
          "ymin": 12.975618362426758,
          "ymax": 12.975628852844238
        }
      },
      "geometry": {
        "type": "LineString",
        "coordinates": [
          [
            77.6065311,
            12.9756273
          ],
          [
            77.606562,
            12.9756202
          ]
        ]
      }
    },
    {
      "type": "Feature",
      "id": "ef05130f-b2b8-45d7-916a-1027ef952de2",
      "properties": {
        "id": "ef05130f-b2b8-45d7-916a-1027ef952de2",
        "names": null,
        "subtype": "road",
        "class": "footway",
        "subclass": null,
        "subclass_rules": null,
        "connectors": [
          {
            "connector_id": "b0728b7c-e9fb-4060-811b-120050dd87fe",
            "at": 0.0
          },
          {
            "connector_id": "c43217f7-1e0a-4b6e-8f97-f6af3f6c4935",
            "at": 1.0
          }
        ],
        "road_surface": null,
        "road_flags": null,
        "rail_flags": null,
        "width_rules": null,
        "level_rules": null,
        "access_restrictions": null,
        "speed_limits": null,
        "prohibited_transitions": null,
        "routes": null,
        "destinations": null,
        "sources": [
          {
            "property": "",
            "dataset": "OpenStreetMap",
            "license": "ODbL-1.0",
            "record_id": "w1308720292@1",
            "update_time": "2024-08-19T03:12:00Z",
            "confidence": null,
            "between": null,
            "provider": "osm",
            "resource": "planet",
            "version": "2026-09-09"
          }
        ],
        "version": 1,
        "bbox": {
          "xmin": 77.60655975341797,
          "xmax": 77.60658264160156,
          "ymin": 12.975614547729492,
          "ymax": 12.975628852844238
        }
      },
      "geometry": {
        "type": "LineString",
        "coordinates": [
          [
            77.6065826,
            12.9756285
          ],
          [
            77.6065796,
            12.9756161
          ],
          [
            77.606562,
            12.9756202
          ]
        ]
      }
    },
    {
      "type": "Feature",
      "id": "7c84a627-b562-4c96-88e5-68f31b9fca52",
      "properties": {
        "id": "7c84a627-b562-4c96-88e5-68f31b9fca52",
        "names": null,
        "subtype": "road",
        "class": "steps",
        "subclass": null,
        "subclass_rules": null,
        "connectors": [
          {
            "connector_id": "f81875c5-6ddb-497b-a64c-11c5f5c48a2a",
            "at": 0.0
          },
          {
            "connector_id": "04e71ee8-65ca-4538-aecc-8098129182d4",
            "at": 1.0
          }
        ],
        "road_surface": null,
        "road_flags": [
          {
            "values": [
              "is_indoor"
            ],
            "between": null
          }
        ],
        "rail_flags": null,
        "width_rules": null,
        "level_rules": null,
        "access_restrictions": null,
        "speed_limits": null,
        "prohibited_transitions": null,
        "routes": null,
        "destinations": null,
        "sources": [
          {
            "property": "",
            "dataset": "OpenStreetMap",
            "license": "ODbL-1.0",
            "record_id": "w1362481686@1",
            "update_time": "2025-02-24T05:39:33Z",
            "confidence": null,
            "between": null,
            "provider": "osm",
            "resource": "planet",
            "version": "2026-09-09"
          }
        ],
        "version": 1,
        "bbox": {
          "xmin": 77.60651397705078,
          "xmax": 77.60672760009766,
          "ymin": 12.97558879852295,
          "ymax": 12.975641250610352
        }
      },
      "geometry": {
        "type": "LineString",
        "coordinates": [
          [
            77.6067246,
            12.9755907
          ],
          [
            77.6065258,
            12.9756398
          ]
        ]
      }
    },
    {
      "type": "Feature",
      "id": "6ca9ec7e-aaaa-45c9-a299-972b0ede4a3d",
      "properties": {
        "id": "6ca9ec7e-aaaa-45c9-a299-972b0ede4a3d",
        "names": null,
        "subtype": "road",
        "class": "steps",
        "subclass": null,
        "subclass_rules": null,
        "connectors": [
          {
            "connector_id": "97ba6823-8bc6-4f97-ad29-fd46312ae5e9",
            "at": 0.0
          },
          {
            "connector_id": "9e5e46fc-0dc3-4c57-84d7-f65d77531da1",
            "at": 1.0
          }
        ],
        "road_surface": null,
        "road_flags": [
          {
            "values": [
              "is_indoor"
            ],
            "between": null
          }
        ],
        "rail_flags": null,
        "width_rules": null,
        "level_rules": null,
        "access_restrictions": null,
        "speed_limits": null,
        "prohibited_transitions": null,
        "routes": null,
        "destinations": null,
        "sources": [
          {
            "property": "",
            "dataset": "OpenStreetMap",
            "license": "ODbL-1.0",
            "record_id": "w1362481687@1",
            "update_time": "2025-02-24T05:39:33Z",
            "confidence": null,
            "between": null,
            "provider": "osm",
            "resource": "planet",
            "version": "2026-09-09"
          }
        ],
        "version": 1,
        "bbox": {
          "xmin": 77.60651397705078,
          "xmax": 77.60671997070312,
          "ymin": 12.975546836853027,
          "ymax": 12.975597381591797
        }
      },
      "geometry": {
        "type": "LineString",
        "coordinates": [
          [
            77.6065145,
            12.9755957
          ],
          [
            77.6067135,
            12.9755473
          ]
        ]
      }
    },
    {
      "type": "Feature",
      "id": "266141dd-0806-4fe7-9de0-e6b728b8aa54",
      "properties": {
        "id": "266141dd-0806-4fe7-9de0-e6b728b8aa54",
        "names": null,
        "subtype": "road",
        "class": "steps",
        "subclass": null,
        "subclass_rules": null,
        "connectors": [
          {
            "connector_id": "74a410b1-341c-4c71-a5ae-e01dc0bd94c4",
            "at": 0.0
          },
          {
            "connector_id": "864f133a-7d7b-48ec-bed5-e432d6124a8f",
            "at": 1.0
          }
        ],
        "road_surface": null,
        "road_flags": [
          {
            "values": [
              "is_indoor"
            ],
            "between": null
          }
        ],
        "rail_flags": null,
        "width_rules": null,
        "level_rules": null,
        "access_restrictions": null,
        "speed_limits": null,
        "prohibited_transitions": null,
        "routes": null,
        "destinations": null,
        "sources": [
          {
            "property": "",
            "dataset": "OpenStreetMap",
            "license": "ODbL-1.0",
            "record_id": "w1309513833@2",
            "update_time": "2025-02-24T05:39:33Z",
            "confidence": null,
            "between": null,
            "provider": "osm",
            "resource": "planet",
            "version": "2026-09-09"
          }
        ],
        "version": 1,
        "bbox": {
          "xmin": 77.60661315917969,
          "xmax": 77.60682678222656,
          "ymin": 12.97562313079834,
          "ymax": 12.97567367553711
        }
      },
      "geometry": {
        "type": "LineString",
        "coordinates": [
          [
            77.6066248,
            12.9756721
          ],
          [
            77.6068238,
            12.9756236
          ]
        ]
      }
    },
    {
      "type": "Feature",
      "id": "b3a6fda9-70ae-48cd-85aa-c2572ea77593",
      "properties": {
        "id": "b3a6fda9-70ae-48cd-85aa-c2572ea77593",
        "names": null,
        "subtype": "road",
        "class": "steps",
        "subclass": null,
        "subclass_rules": null,
        "connectors": [
          {
            "connector_id": "8ed24f1f-f9e2-45e1-9f81-f908baa65f6b",
            "at": 0.0
          },
          {
            "connector_id": "69275a64-ab00-4bff-955f-6bff91b6f71f",
            "at": 1.0
          }
        ],
        "road_surface": null,
        "road_flags": null,
        "rail_flags": null,
        "width_rules": null,
        "level_rules": null,
        "access_restrictions": null,
        "speed_limits": null,
        "prohibited_transitions": null,
        "routes": null,
        "destinations": null,
        "sources": [
          {
            "property": "",
            "dataset": "OpenStreetMap",
            "license": "ODbL-1.0",
            "record_id": "w1362481692@1",
            "update_time": "2025-02-24T05:39:33Z",
            "confidence": null,
            "between": null,
            "provider": "osm",
            "resource": "planet",
            "version": "2026-09-09"
          }
        ],
        "version": 1,
        "bbox": {
          "xmin": 77.60663604736328,
          "xmax": 77.60684204101562,
          "ymin": 12.975666999816895,
          "ymax": 12.975716590881348
        }
      },
      "geometry": {
        "type": "LineString",
        "coordinates": [
          [
            77.6066361,
            12.9757162
          ],
          [
            77.6068349,
            12.9756671
          ]
        ]
      }
    },
    {
      "type": "Feature",
      "id": "197b0bf6-7c16-4b45-a07f-e2300f2617f4",
      "properties": {
        "id": "197b0bf6-7c16-4b45-a07f-e2300f2617f4",
        "names": null,
        "subtype": "road",
        "class": "steps",
        "subclass": null,
        "subclass_rules": null,
        "connectors": [
          {
            "connector_id": "9c945b4d-7099-4237-a71d-f03326abfca1",
            "at": 0.0
          },
          {
            "connector_id": "8b12b4cb-a1f2-402a-a905-06eabd57e8b3",
            "at": 1.0
          }
        ],
        "road_surface": null,
        "road_flags": [
          {
            "values": [
              "is_indoor"
            ],
            "between": null
          }
        ],
        "rail_flags": null,
        "width_rules": null,
        "level_rules": null,
        "access_restrictions": null,
        "speed_limits": null,
        "prohibited_transitions": null,
        "routes": null,
        "destinations": null,
        "sources": [
          {
            "property": "",
            "dataset": "OpenStreetMap",
            "license": "ODbL-1.0",
            "record_id": "w1362481684@1",
            "update_time": "2025-02-24T05:39:33Z",
            "confidence": null,
            "between": null,
            "provider": "osm",
            "resource": "planet",
            "version": "2026-09-09"
          }
        ],
        "version": 1,
        "bbox": {
          "xmin": 77.60686492919922,
          "xmax": 77.60707092285156,
          "ymin": 12.975506782531738,
          "ymax": 12.97555923461914
        }
      },
      "geometry": {
        "type": "LineString",
        "coordinates": [
          [
            77.6068712,
            12.9755575
          ],
          [
            77.6070699,
            12.9755083
          ]
        ]
      }
    },
    {
      "type": "Feature",
      "id": "d45c9301-d553-48d0-b870-2fd46c0021f4",
      "properties": {
        "id": "d45c9301-d553-48d0-b870-2fd46c0021f4",
        "names": null,
        "subtype": "road",
        "class": "steps",
        "subclass": null,
        "subclass_rules": null,
        "connectors": [
          {
            "connector_id": "9d2b3fae-3e89-4b7a-a2cc-29d8a7d54ff9",
            "at": 0.0
          },
          {
            "connector_id": "83b52ae5-30b3-4632-baa3-a230d9d012e8",
            "at": 1.0
          }
        ],
        "road_surface": null,
        "road_flags": [
          {
            "values": [
              "is_indoor"
            ],
            "between": null
          }
        ],
        "rail_flags": null,
        "width_rules": null,
        "level_rules": null,
        "access_restrictions": null,
        "speed_limits": null,
        "prohibited_transitions": null,
        "routes": null,
        "destinations": null,
        "sources": [
          {
            "property": "",
            "dataset": "OpenStreetMap",
            "license": "ODbL-1.0",
            "record_id": "w1362481685@1",
            "update_time": "2025-02-24T05:39:33Z",
            "confidence": null,
            "between": null,
            "provider": "osm",
            "resource": "planet",
            "version": "2026-09-09"
          }
        ],
        "version": 1,
        "bbox": {
          "xmin": 77.60685729980469,
          "xmax": 77.60707092285156,
          "ymin": 12.975464820861816,
          "ymax": 12.975513458251953
        }
      },
      "geometry": {
        "type": "LineString",
        "coordinates": [
          [
            77.6068598,
            12.9755133
          ],
          [
            77.6070588,
            12.9754649
          ]
        ]
      }
    },
    {
      "type": "Feature",
      "id": "fbfb5ef7-fa55-4467-90d4-2965f243220c",
      "properties": {
        "id": "fbfb5ef7-fa55-4467-90d4-2965f243220c",
        "names": null,
        "subtype": "road",
        "class": "steps",
        "subclass": null,
        "subclass_rules": null,
        "connectors": [
          {
            "connector_id": "6b2a27f5-4c24-43d0-a8ef-abc879378ec6",
            "at": 0.0
          },
          {
            "connector_id": "3e86b2a8-2b50-4e42-bafd-015eae3da2ba",
            "at": 1.0
          }
        ],
        "road_surface": null,
        "road_flags": [
          {
            "values": [
              "is_indoor"
            ],
            "between": null
          }
        ],
        "rail_flags": null,
        "width_rules": null,
        "level_rules": null,
        "access_restrictions": null,
        "speed_limits": null,
        "prohibited_transitions": null,
        "routes": null,
        "destinations": null,
        "sources": [
          {
            "property": "",
            "dataset": "OpenStreetMap",
            "license": "ODbL-1.0",
            "record_id": "w1362481689@1",
            "update_time": "2025-02-24T05:39:33Z",
            "confidence": null,
            "between": null,
            "provider": "osm",
            "resource": "planet",
            "version": "2026-09-09"
          }
        ],
        "version": 1,
        "bbox": {
          "xmin": 77.6069564819336,
          "xmax": 77.60717010498047,
          "ymin": 12.97553825378418,
          "ymax": 12.97558879852295
        }
      },
      "geometry": {
        "type": "LineString",
        "coordinates": [
          [
            77.6071671,
            12.9755401
          ],
          [
            77.6069685,
            12.9755884
          ]
        ]
      }
    },
    {
      "type": "Feature",
      "id": "b52404c5-97c9-4dd2-a522-6b0dd6505271",
      "properties": {
        "id": "b52404c5-97c9-4dd2-a522-6b0dd6505271",
        "names": null,
        "subtype": "road",
        "class": "steps",
        "subclass": null,
        "subclass_rules": null,
        "connectors": [
          {
            "connector_id": "0a619bf3-7053-4116-8cf9-066c8af7c67e",
            "at": 0.0
          },
          {
            "connector_id": "515c6b44-f4b2-4e79-9fbe-dad65764f0d6",
            "at": 1.0
          }
        ],
        "road_surface": null,
        "road_flags": null,
        "rail_flags": null,
        "width_rules": null,
        "level_rules": null,
        "access_restrictions": null,
        "speed_limits": null,
        "prohibited_transitions": null,
        "routes": null,
        "destinations": null,
        "sources": [
          {
            "property": "",
            "dataset": "OpenStreetMap",
            "license": "ODbL-1.0",
            "record_id": "w1362481694@1",
            "update_time": "2025-02-24T05:39:33Z",
            "confidence": null,
            "between": null,
            "provider": "osm",
            "resource": "planet",
            "version": "2026-09-09"
          }
        ],
        "version": 1,
        "bbox": {
          "xmin": 77.60697937011719,
          "xmax": 77.60718536376953,
          "ymin": 12.975582122802734,
          "ymax": 12.97563362121582
        }
      },
      "geometry": {
        "type": "LineString",
        "coordinates": [
          [
            77.6069796,
            12.975632
          ],
          [
            77.6071783,
            12.9755837
          ]
        ]
      }
    },
    {
      "type": "Feature",
      "id": "69db86ce-4540-4f3e-af8d-3069a6c4bd03",
      "properties": {
        "id": "69db86ce-4540-4f3e-af8d-3069a6c4bd03",
        "names": null,
        "subtype": "road",
        "class": "steps",
        "subclass": null,
        "subclass_rules": null,
        "connectors": [
          {
            "connector_id": "159bc32b-a160-4b3e-861f-c76beeef38b0",
            "at": 0.0
          },
          {
            "connector_id": "cf6afcf2-952a-4641-a2c8-fc7ea1ce8a7e",
            "at": 1.0
          }
        ],
        "road_surface": null,
        "road_flags": [
          {
            "values": [
              "is_indoor"
            ],
            "between": null
          }
        ],
        "rail_flags": null,
        "width_rules": null,
        "level_rules": null,
        "access_restrictions": null,
        "speed_limits": null,
        "prohibited_transitions": null,
        "routes": null,
        "destinations": null,
        "sources": [
          {
            "property": "",
            "dataset": "OpenStreetMap",
            "license": "ODbL-1.0",
            "record_id": "w1362481688@1",
            "update_time": "2025-02-24T05:39:33Z",
            "confidence": null,
            "between": null,
            "provider": "osm",
            "resource": "planet",
            "version": "2026-09-09"
          }
        ],
        "version": 1,
        "bbox": {
          "xmin": 77.60722351074219,
          "xmax": 77.60742950439453,
          "ymin": 12.975475311279297,
          "ymax": 12.975525856018066
        }
      },
      "geometry": {
        "type": "LineString",
        "coordinates": [
          [
            77.6074275,
            12.9754768
          ],
          [
            77.6072268,
            12.9755256
          ]
        ]
      }
    },
    {
      "type": "Feature",
      "id": "6f10f2cd-5261-42c1-9988-2aa1c7e188bf",
      "properties": {
        "id": "6f10f2cd-5261-42c1-9988-2aa1c7e188bf",
        "names": null,
        "subtype": "road",
        "class": "footway",
        "subclass": null,
        "subclass_rules": null,
        "connectors": [
          {
            "connector_id": "69275a64-ab00-4bff-955f-6bff91b6f71f",
            "at": 0.0
          },
          {
            "connector_id": "607af2ee-0fff-4eed-9795-be731b79f9d9",
            "at": 1.0
          }
        ],
        "road_surface": null,
        "road_flags": [
          {
            "values": [
              "is_indoor"
            ],
            "between": [
              0.0,
              0.271007644
            ]
          },
          {
            "values": [
              "is_indoor",
              "is_tunnel"
            ],
            "between": [
              0.271007644,
              1.0
            ]
          }
        ],
        "rail_flags": null,
        "width_rules": null,
        "level_rules": [
          {
            "value": 1,
            "between": [
              0.271007644,
              1.0
            ]
          }
        ],
        "access_restrictions": [
          {
            "access_type": "allowed",
            "when": null,
            "between": [
              0.0,
              0.271007644
            ]
          }
        ],
        "speed_limits": null,
        "prohibited_transitions": null,
        "routes": null,
        "destinations": null,
        "sources": [
          {
            "property": "",
            "dataset": "OpenStreetMap",
            "license": "ODbL-1.0",
            "record_id": "w1309513836@3",
            "update_time": "2025-02-24T05:39:33Z",
            "confidence": null,
            "between": [
              0.0,
              0.271007644
            ],
            "provider": "osm",
            "resource": "planet",
            "version": "2026-09-09"
          },
          {
            "property": "",
            "dataset": "OpenStreetMap",
            "license": "ODbL-1.0",
            "record_id": "w327534071@4",
            "update_time": "2025-02-24T05:39:33Z",
            "confidence": null,
            "between": [
              0.271007644,
              1.0
            ],
            "provider": "osm",
            "resource": "planet",
            "version": "2026-09-09"
          }
        ],
        "version": 1,
        "bbox": {
          "xmin": 77.60670471191406,
          "xmax": 77.60684967041016,
          "ymin": 12.975235939025879,
          "ymax": 12.975668907165527
        }
      },
      "geometry": {
        "type": "LineString",
        "coordinates": [
          [
            77.6068349,
            12.9756671
          ],
          [
            77.6068472,
            12.9756642
          ],
          [
            77.6068263,
            12.9755792
          ],
          [
            77.6067926,
            12.9755871
          ],
          [
            77.6067119,
            12.9752361
          ]
        ]
      }
    },
    {
      "type": "Feature",
      "id": "b057f317-f69e-4022-98a7-3f9fd7d82e53",
      "properties": {
        "id": "b057f317-f69e-4022-98a7-3f9fd7d82e53",
        "names": null,
        "subtype": "road",
        "class": "footway",
        "subclass": null,
        "subclass_rules": null,
        "connectors": [
          {
            "connector_id": "d1d2d8be-3832-44c2-a17e-5ffa0788ae7d",
            "at": 0.0
          },
          {
            "connector_id": "7c05c0ec-9f47-449c-92e2-ba728d161ec1",
            "at": 0.73336342
          },
          {
            "connector_id": "c37cec2a-1acf-4804-9eca-073838b47953",
            "at": 0.877938233
          },
          {
            "connector_id": "b6c693c4-1537-4291-81f2-d2598f1e31bd",
            "at": 1.0
          }
        ],
        "road_surface": null,
        "road_flags": null,
        "rail_flags": null,
        "width_rules": null,
        "level_rules": null,
        "access_restrictions": null,
        "speed_limits": null,
        "prohibited_transitions": null,
        "routes": null,
        "destinations": null,
        "sources": [
          {
            "property": "",
            "dataset": "OpenStreetMap",
            "license": "ODbL-1.0",
            "record_id": "w701072932@1",
            "update_time": "2025-01-27T05:56:44Z",
            "confidence": null,
            "between": [
              0.0,
              0.262733575
            ],
            "provider": "osm",
            "resource": "planet",
            "version": "2026-09-09"
          },
          {
            "property": "",
            "dataset": "OpenStreetMap",
            "license": "ODbL-1.0",
            "record_id": "w701072935@3",
            "update_time": "2025-02-24T05:39:33Z",
            "confidence": null,
            "between": [
              0.262733575,
              0.877991323
            ],
            "provider": "osm",
            "resource": "planet",
            "version": "2026-09-09"
          },
          {
            "property": "",
            "dataset": "OpenStreetMap",
            "license": "ODbL-1.0",
            "record_id": "w1362481703@1",
            "update_time": "2025-02-24T05:39:33Z",
            "confidence": null,
            "between": [
              0.877991323,
              1.0
            ],
            "provider": "osm",
            "resource": "planet",
            "version": "2026-09-09"
          }
        ],
        "version": 1,
        "bbox": {
          "xmin": 77.60663604736328,
          "xmax": 77.6067123413086,
          "ymin": 12.975092887878418,
          "ymax": 12.975321769714355
        }
      },
      "geometry": {
        "type": "LineString",
        "coordinates": [
          [
            77.6067004,
            12.97532
          ],
          [
            77.6066829,
            12.9752542
          ],
          [
            77.6066516,
            12.9751364
          ],
          [
            77.606642,
            12.9751002
          ],
          [
            77.6066734,
            12.9750932
          ]
        ]
      }
    },
    {
      "type": "Feature",
      "id": "2e8b4dbb-1634-44de-af71-122462587f0d",
      "properties": {
        "id": "2e8b4dbb-1634-44de-af71-122462587f0d",
        "names": null,
        "subtype": "road",
        "class": "steps",
        "subclass": null,
        "subclass_rules": null,
        "connectors": [
          {
            "connector_id": "607af2ee-0fff-4eed-9795-be731b79f9d9",
            "at": 0.0
          },
          {
            "connector_id": "b6c693c4-1537-4291-81f2-d2598f1e31bd",
            "at": 1.0
          }
        ],
        "road_surface": null,
        "road_flags": null,
        "rail_flags": null,
        "width_rules": null,
        "level_rules": null,
        "access_restrictions": null,
        "speed_limits": null,
        "prohibited_transitions": null,
        "routes": null,
        "destinations": null,
        "sources": [
          {
            "property": "",
            "dataset": "OpenStreetMap",
            "license": "ODbL-1.0",
            "record_id": "w724753103@2",
            "update_time": "2025-02-24T05:39:33Z",
            "confidence": null,
            "between": null,
            "provider": "osm",
            "resource": "planet",
            "version": "2026-09-09"
          }
        ],
        "version": 1,
        "bbox": {
          "xmin": 77.6066665649414,
          "xmax": 77.6067123413086,
          "ymin": 12.975092887878418,
          "ymax": 12.975237846374512
        }
      },
      "geometry": {
        "type": "LineString",
        "coordinates": [
          [
            77.6067119,
            12.9752361
          ],
          [
            77.6066734,
            12.9750932
          ]
        ]
      }
    },
    {
      "type": "Feature",
      "id": "ef667c40-bca0-468c-8b25-e26051a3670f",
      "properties": {
        "id": "ef667c40-bca0-468c-8b25-e26051a3670f",
        "names": null,
        "subtype": "road",
        "class": "footway",
        "subclass": null,
        "subclass_rules": null,
        "connectors": [
          {
            "connector_id": "7c05c0ec-9f47-449c-92e2-ba728d161ec1",
            "at": 0.0
          },
          {
            "connector_id": "5fe03ef1-da12-44f8-86ae-13cd2a6cf408",
            "at": 1.0
          }
        ],
        "road_surface": null,
        "road_flags": null,
        "rail_flags": null,
        "width_rules": null,
        "level_rules": null,
        "access_restrictions": null,
        "speed_limits": null,
        "prohibited_transitions": null,
        "routes": null,
        "destinations": null,
        "sources": [
          {
            "property": "",
            "dataset": "OpenStreetMap",
            "license": "ODbL-1.0",
            "record_id": "w1362481695@1",
            "update_time": "2025-02-24T05:39:33Z",
            "confidence": null,
            "between": null,
            "provider": "osm",
            "resource": "planet",
            "version": "2026-09-09"
          }
        ],
        "version": 1,
        "bbox": {
          "xmin": 77.60659790039062,
          "xmax": 77.60665893554688,
          "ymin": 12.97513484954834,
          "ymax": 12.975175857543945
        }
      },
      "geometry": {
        "type": "LineString",
        "coordinates": [
          [
            77.6066516,
            12.9751364
          ],
          [
            77.6065983,
            12.9751498
          ],
          [
            77.6066048,
            12.9751741
          ]
        ]
      }
    },
    {
      "type": "Feature",
      "id": "d6c0041f-37ff-49c4-8ade-a745bf6938b9",
      "properties": {
        "id": "d6c0041f-37ff-49c4-8ade-a745bf6938b9",
        "names": null,
        "subtype": "road",
        "class": "steps",
        "subclass": null,
        "subclass_rules": null,
        "connectors": [
          {
            "connector_id": "bd55004f-331e-4d9e-bb96-224efdd401ab",
            "at": 0.0
          },
          {
            "connector_id": "8417955a-cec9-492a-9732-a53556732a6a",
            "at": 1.0
          }
        ],
        "road_surface": null,
        "road_flags": null,
        "rail_flags": null,
        "width_rules": null,
        "level_rules": null,
        "access_restrictions": null,
        "speed_limits": null,
        "prohibited_transitions": null,
        "routes": null,
        "destinations": null,
        "sources": [
          {
            "property": "",
            "dataset": "OpenStreetMap",
            "license": "ODbL-1.0",
            "record_id": "w1362481702@1",
            "update_time": "2025-02-24T05:39:33Z",
            "confidence": null,
            "between": null,
            "provider": "osm",
            "resource": "planet",
            "version": "2026-09-09"
          }
        ],
        "version": 1,
        "bbox": {
          "xmin": 77.60655212402344,
          "xmax": 77.60660552978516,
          "ymin": 12.974908828735352,
          "ymax": 12.97510051727295
        }
      },
      "geometry": {
        "type": "LineString",
        "coordinates": [
          [
            77.6065529,
            12.9749091
          ],
          [
            77.6066019,
            12.975099
          ]
        ]
      }
    },
    {
      "type": "Feature",
      "id": "629de75b-30d6-44e9-a043-eaf81672365e",
      "properties": {
        "id": "629de75b-30d6-44e9-a043-eaf81672365e",
        "names": null,
        "subtype": "road",
        "class": "steps",
        "subclass": null,
        "subclass_rules": null,
        "connectors": [
          {
            "connector_id": "8c57c332-9969-4446-b304-523a6d22d82a",
            "at": 0.0
          },
          {
            "connector_id": "186f3476-5bf4-48ae-ac96-9e5d52f136f5",
            "at": 1.0
          }
        ],
        "road_surface": null,
        "road_flags": [
          {
            "values": [
              "is_indoor"
            ],
            "between": null
          }
        ],
        "rail_flags": null,
        "width_rules": null,
        "level_rules": null,
        "access_restrictions": null,
        "speed_limits": null,
        "prohibited_transitions": null,
        "routes": null,
        "destinations": null,
        "sources": [
          {
            "property": "",
            "dataset": "OpenStreetMap",
            "license": "ODbL-1.0",
            "record_id": "w1362481701@1",
            "update_time": "2025-02-24T05:39:33Z",
            "confidence": null,
            "between": null,
            "provider": "osm",
            "resource": "planet",
            "version": "2026-09-09"
          }
        ],
        "version": 1,
        "bbox": {
          "xmin": 77.6065902709961,
          "xmax": 77.60665130615234,
          "ymin": 12.974898338317871,
          "ymax": 12.975091934204102
        }
      },
      "geometry": {
        "type": "LineString",
        "coordinates": [
          [
            77.6066394,
            12.9750902
          ],
          [
            77.6065904,
            12.9748999
          ]
        ]
      }
    },
    {
      "type": "Feature",
      "id": "2cd5d143-4bf2-488a-89ea-af7f9818364c",
      "properties": {
        "id": "2cd5d143-4bf2-488a-89ea-af7f9818364c",
        "names": null,
        "subtype": "road",
        "class": "footway",
        "subclass": null,
        "subclass_rules": null,
        "connectors": [
          {
            "connector_id": "8417955a-cec9-492a-9732-a53556732a6a",
            "at": 0.0
          },
          {
            "connector_id": "c37cec2a-1acf-4804-9eca-073838b47953",
            "at": 0.824688109
          },
          {
            "connector_id": "8c57c332-9969-4446-b304-523a6d22d82a",
            "at": 1.0
          }
        ],
        "road_surface": null,
        "road_flags": null,
        "rail_flags": null,
        "width_rules": null,
        "level_rules": null,
        "access_restrictions": null,
        "speed_limits": null,
        "prohibited_transitions": null,
        "routes": null,
        "destinations": null,
        "sources": [
          {
            "property": "",
            "dataset": "OpenStreetMap",
            "license": "ODbL-1.0",
            "record_id": "w1362481700@1",
            "update_time": "2025-02-24T05:39:33Z",
            "confidence": null,
            "between": [
              0.0,
              0.182728465
            ],
            "provider": "osm",
            "resource": "planet",
            "version": "2026-09-09"
          },
          {
            "property": "",
            "dataset": "OpenStreetMap",
            "license": "ODbL-1.0",
            "record_id": "w1362481704@1",
            "update_time": "2025-02-24T05:39:33Z",
            "confidence": null,
            "between": [
              0.182728465,
              1.0
            ],
            "provider": "osm",
            "resource": "planet",
            "version": "2026-09-09"
          }
        ],
        "version": 1,
        "bbox": {
          "xmin": 77.6065902709961,
          "xmax": 77.60664367675781,
          "ymin": 12.975090026855469,
          "ymax": 12.97511100769043
        }
      },
      "geometry": {
        "type": "LineString",
        "coordinates": [
          [
            77.6066019,
            12.975099
          ],
          [
            77.6066046,
            12.9751094
          ],
          [
            77.606642,
            12.9751002
          ],
          [
            77.6066394,
            12.9750902
          ]
        ]
      }
    },
    {
      "type": "Feature",
      "id": "9fd01d29-dfb6-48e8-bbf6-b0b57bdd89ca",
      "properties": {
        "id": "9fd01d29-dfb6-48e8-bbf6-b0b57bdd89ca",
        "names": null,
        "subtype": "road",
        "class": "steps",
        "subclass": null,
        "subclass_rules": null,
        "connectors": [
          {
            "connector_id": "846febd9-76af-4503-8b68-59fad1cd5317",
            "at": 0.0
          },
          {
            "connector_id": "cd44502e-661f-4932-bd71-37b42fec9dbc",
            "at": 1.0
          }
        ],
        "road_surface": null,
        "road_flags": [
          {
            "values": [
              "is_indoor"
            ],
            "between": null
          }
        ],
        "rail_flags": null,
        "width_rules": null,
        "level_rules": null,
        "access_restrictions": null,
        "speed_limits": null,
        "prohibited_transitions": null,
        "routes": null,
        "destinations": null,
        "sources": [
          {
            "property": "",
            "dataset": "OpenStreetMap",
            "license": "ODbL-1.0",
            "record_id": "w1362481697@1",
            "update_time": "2025-02-24T05:39:33Z",
            "confidence": null,
            "between": null,
            "provider": "osm",
            "resource": "planet",
            "version": "2026-09-09"
          }
        ],
        "version": 1,
        "bbox": {
          "xmin": 77.6066665649414,
          "xmax": 77.60672760009766,
          "ymin": 12.97496509552002,
          "ymax": 12.97515869140625
        }
      },
      "geometry": {
        "type": "LineString",
        "coordinates": [
          [
            77.6067209,
            12.9751585
          ],
          [
            77.6066703,
            12.9749654
          ]
        ]
      }
    },
    {
      "type": "Feature",
      "id": "90170f62-f7ea-492d-b0b8-2327f3d2ad09",
      "properties": {
        "id": "90170f62-f7ea-492d-b0b8-2327f3d2ad09",
        "names": null,
        "subtype": "road",
        "class": "steps",
        "subclass": null,
        "subclass_rules": null,
        "connectors": [
          {
            "connector_id": "0cc8791e-97b1-48bd-8495-9c7fa546b150",
            "at": 0.0
          },
          {
            "connector_id": "d106e9cc-aae0-4ffa-a035-5b3075789a58",
            "at": 1.0
          }
        ],
        "road_surface": null,
        "road_flags": null,
        "rail_flags": null,
        "width_rules": null,
        "level_rules": null,
        "access_restrictions": null,
        "speed_limits": null,
        "prohibited_transitions": null,
        "routes": null,
        "destinations": null,
        "sources": [
          {
            "property": "",
            "dataset": "OpenStreetMap",
            "license": "ODbL-1.0",
            "record_id": "w1362481696@3",
            "update_time": "2025-11-04T19:22:59Z",
            "confidence": null,
            "between": null,
            "provider": "osm",
            "resource": "planet",
            "version": "2026-09-09"
          }
        ],
        "version": 1,
        "bbox": {
          "xmin": 77.60670471191406,
          "xmax": 77.60677337646484,
          "ymin": 12.974953651428223,
          "ymax": 12.975150108337402
        }
      },
      "geometry": {
        "type": "LineString",
        "coordinates": [
          [
            77.6067614,
            12.9751484
          ],
          [
            77.6067108,
            12.9749551
          ]
        ]
      }
    },
    {
      "type": "Feature",
      "id": "af6b9b08-8157-4f56-a19e-7d2a50efaaa5",
      "properties": {
        "id": "af6b9b08-8157-4f56-a19e-7d2a50efaaa5",
        "names": null,
        "subtype": "road",
        "class": "footway",
        "subclass": null,
        "subclass_rules": null,
        "connectors": [
          {
            "connector_id": "c84d0daf-a4d3-4ee9-beee-5edd490ef7c2",
            "at": 0.0
          },
          {
            "connector_id": "781bbd60-58bb-4bfd-9fec-78f975f1b38e",
            "at": 1.0
          }
        ],
        "road_surface": null,
        "road_flags": null,
        "rail_flags": null,
        "width_rules": null,
        "level_rules": null,
        "access_restrictions": null,
        "speed_limits": null,
        "prohibited_transitions": null,
        "routes": null,
        "destinations": null,
        "sources": [
          {
            "property": "",
            "dataset": "OpenStreetMap",
            "license": "ODbL-1.0",
            "record_id": "w1362481698@1",
            "update_time": "2025-02-24T05:39:33Z",
            "confidence": null,
            "between": null,
            "provider": "osm",
            "resource": "planet",
            "version": "2026-09-09"
          }
        ],
        "version": 1,
        "bbox": {
          "xmin": 77.60663604736328,
          "xmax": 77.60667419433594,
          "ymin": 12.97495174407959,
          "ymax": 12.97496223449707
        }
      },
      "geometry": {
        "type": "LineString",
        "coordinates": [
          [
            77.6066378,
            12.9749608
          ],
          [
            77.6066672,
            12.9749535
          ]
        ]
      }
    },
    {
      "type": "Feature",
      "id": "71de26da-74fb-4bdc-a3d5-28f506ef67e5",
      "properties": {
        "id": "71de26da-74fb-4bdc-a3d5-28f506ef67e5",
        "names": null,
        "subtype": "road",
        "class": "footway",
        "subclass": null,
        "subclass_rules": null,
        "connectors": [
          {
            "connector_id": "d106e9cc-aae0-4ffa-a035-5b3075789a58",
            "at": 0.0
          },
          {
            "connector_id": "781bbd60-58bb-4bfd-9fec-78f975f1b38e",
            "at": 0.812064501
          },
          {
            "connector_id": "cd44502e-661f-4932-bd71-37b42fec9dbc",
            "at": 1.0
          }
        ],
        "road_surface": null,
        "road_flags": null,
        "rail_flags": null,
        "width_rules": null,
        "level_rules": null,
        "access_restrictions": null,
        "speed_limits": null,
        "prohibited_transitions": null,
        "routes": null,
        "destinations": null,
        "sources": [
          {
            "property": "",
            "dataset": "OpenStreetMap",
            "license": "ODbL-1.0",
            "record_id": "w1362481699@1",
            "update_time": "2025-02-24T05:39:33Z",
            "confidence": null,
            "between": null,
            "provider": "osm",
            "resource": "planet",
            "version": "2026-09-09"
          }
        ],
        "version": 1,
        "bbox": {
          "xmin": 77.6066665649414,
          "xmax": 77.6067123413086,
          "ymin": 12.974943161010742,
          "ymax": 12.974967002868652
        }
      },
      "geometry": {
        "type": "LineString",
        "coordinates": [
          [
            77.6067108,
            12.9749551
          ],
          [
            77.6067077,
            12.9749434
          ],
          [
            77.6066672,
            12.9749535
          ],
          [
            77.6066703,
            12.9749654
          ]
        ]
      }
    },
    {
      "type": "Feature",
      "id": "0f7e003a-ba6f-4dd7-8a93-2dea9694ccf8",
      "properties": {
        "id": "0f7e003a-ba6f-4dd7-8a93-2dea9694ccf8",
        "names": null,
        "subtype": "road",
        "class": "footway",
        "subclass": null,
        "subclass_rules": null,
        "connectors": [
          {
            "connector_id": "b6c693c4-1537-4291-81f2-d2598f1e31bd",
            "at": 0.0
          },
          {
            "connector_id": "c84d0daf-a4d3-4ee9-beee-5edd490ef7c2",
            "at": 0.487997888
          },
          {
            "connector_id": "cdde0090-e3a3-43f0-b787-ddcd095da29b",
            "at": 1.0
          }
        ],
        "road_surface": null,
        "road_flags": [
          {
            "values": [
              "is_indoor"
            ],
            "between": null
          }
        ],
        "rail_flags": null,
        "width_rules": null,
        "level_rules": null,
        "access_restrictions": null,
        "speed_limits": null,
        "prohibited_transitions": null,
        "routes": null,
        "destinations": null,
        "sources": [
          {
            "property": "",
            "dataset": "OpenStreetMap",
            "license": "ODbL-1.0",
            "record_id": "w327534075@5",
            "update_time": "2026-04-18T14:22:44Z",
            "confidence": null,
            "between": null,
            "provider": "osm",
            "resource": "planet",
            "version": "2026-09-09"
          }
        ],
        "version": 3,
        "bbox": {
          "xmin": 77.60659790039062,
          "xmax": 77.60667419433594,
          "ymin": 12.974820137023926,
          "ymax": 12.97509479522705
        }
      },
      "geometry": {
        "type": "LineString",
        "coordinates": [
          [
            77.6066734,
            12.9750932
          ],
          [
            77.6066378,
            12.9749608
          ],
          [
            77.6066004,
            12.9748219
          ]
        ]
      }
    },
    {
      "type": "Feature",
      "id": "9eab63ce-95f7-430e-96c2-a0004c2fb428",
      "properties": {
        "id": "9eab63ce-95f7-430e-96c2-a0004c2fb428",
        "names": null,
        "subtype": "road",
        "class": "steps",
        "subclass": null,
        "subclass_rules": null,
        "connectors": [
          {
            "connector_id": "cdde0090-e3a3-43f0-b787-ddcd095da29b",
            "at": 0.0
          },
          {
            "connector_id": "3d9edb23-1ca8-443c-8fd5-a7fbc5d32f4c",
            "at": 1.0
          }
        ],
        "road_surface": [
          {
            "value": "paving_stones",
            "between": null
          }
        ],
        "road_flags": null,
        "rail_flags": null,
        "width_rules": null,
        "level_rules": null,
        "access_restrictions": null,
        "speed_limits": null,
        "prohibited_transitions": null,
        "routes": null,
        "destinations": null,
        "sources": [
          {
            "property": "",
            "dataset": "OpenStreetMap",
            "license": "ODbL-1.0",
            "record_id": "w701072931@7",
            "update_time": "2025-11-04T19:22:58Z",
            "confidence": null,
            "between": null,
            "provider": "osm",
            "resource": "planet",
            "version": "2026-09-09"
          }
        ],
        "version": 3,
        "bbox": {
          "xmin": 77.60655212402344,
          "xmax": 77.60661315917969,
          "ymin": 12.974666595458984,
          "ymax": 12.974822044372559
        }
      },
      "geometry": {
        "type": "LineString",
        "coordinates": [
          [
            77.6066004,
            12.9748219
          ],
          [
            77.6065588,
            12.9746681
          ]
        ]
      }
    },
    {
      "type": "Feature",
      "id": "742c5fbe-2912-4098-88a2-7d857e11970b",
      "properties": {
        "id": "742c5fbe-2912-4098-88a2-7d857e11970b",
        "names": null,
        "subtype": "road",
        "class": "footway",
        "subclass": null,
        "subclass_rules": [
          {
            "value": "sidewalk",
            "between": [
              0.290628101,
              0.449532674
            ]
          },
          {
            "value": "crosswalk",
            "between": [
              0.449532674,
              1.0
            ]
          }
        ],
        "connectors": [
          {
            "connector_id": "3d9edb23-1ca8-443c-8fd5-a7fbc5d32f4c",
            "at": 0.0
          },
          {
            "connector_id": "bdba4a32-59f3-44bf-a2b7-93b0b08e3a65",
            "at": 0.290843077
          },
          {
            "connector_id": "06d1a11b-c028-4a59-965a-8f3f71071253",
            "at": 0.719701973
          },
          {
            "connector_id": "2473b785-4a56-4348-b31f-a430e3f736af",
            "at": 1.0
          }
        ],
        "road_surface": [
          {
            "value": "paved",
            "between": [
              0.0,
              0.449532674
            ]
          },
          {
            "value": "paving_stones",
            "between": [
              0.449532674,
              1.0
            ]
          }
        ],
        "road_flags": null,
        "rail_flags": null,
        "width_rules": null,
        "level_rules": null,
        "access_restrictions": null,
        "speed_limits": null,
        "prohibited_transitions": null,
        "routes": null,
        "destinations": null,
        "sources": [
          {
            "property": "",
            "dataset": "OpenStreetMap",
            "license": "ODbL-1.0",
            "record_id": "w724753104@6",
            "update_time": "2026-04-18T14:22:43Z",
            "confidence": null,
            "between": [
              0.0,
              0.290628101
            ],
            "provider": "osm",
            "resource": "planet",
            "version": "2026-09-09"
          },
          {
            "property": "",
            "dataset": "OpenStreetMap",
            "license": "ODbL-1.0",
            "record_id": "w1217769154@2",
            "update_time": "2026-04-18T14:22:43Z",
            "confidence": null,
            "between": [
              0.290628101,
              0.449532674
            ],
            "provider": "osm",
            "resource": "planet",
            "version": "2026-09-09"
          },
          {
            "property": "",
            "dataset": "OpenStreetMap",
            "license": "ODbL-1.0",
            "record_id": "w1093603996@3",
            "update_time": "2026-04-18T14:22:43Z",
            "confidence": null,
            "between": [
              0.449532674,
              1.0
            ],
            "provider": "osm",
            "resource": "planet",
            "version": "2026-09-09"
          }
        ],
        "version": 3,
        "bbox": {
          "xmin": 77.60652923583984,
          "xmax": 77.60655975341797,
          "ymin": 12.974584579467773,
          "ymax": 12.974668502807617
        }
      },
      "geometry": {
        "type": "LineString",
        "coordinates": [
          [
            77.6065588,
            12.9746681
          ],
          [
            77.6065547,
            12.9746529
          ],
          [
            77.6065522,
            12.9746438
          ],
          [
            77.6065503,
            12.9746363
          ],
          [
            77.6065485,
            12.9746306
          ],
          [
            77.606542,
            12.9746081
          ],
          [
            77.6065352,
            12.9745848
          ]
        ]
      }
    },
    {
      "type": "Feature",
      "id": "28af313a-7e52-457c-97a2-e878cd974fcc",
      "properties": {
        "id": "28af313a-7e52-457c-97a2-e878cd974fcc",
        "names": null,
        "subtype": "road",
        "class": "footway",
        "subclass": "sidewalk",
        "subclass_rules": [
          {
            "value": "sidewalk",
            "between": null
          }
        ],
        "connectors": [
          {
            "connector_id": "e3e4c8c5-052c-4fb0-a68b-6862171de3ff",
            "at": 0.0
          },
          {
            "connector_id": "2473b785-4a56-4348-b31f-a430e3f736af",
            "at": 1.0
          }
        ],
        "road_surface": [
          {
            "value": "paving_stones",
            "between": null
          }
        ],
        "road_flags": null,
        "rail_flags": null,
        "width_rules": null,
        "level_rules": null,
        "access_restrictions": null,
        "speed_limits": null,
        "prohibited_transitions": null,
        "routes": null,
        "destinations": null,
        "sources": [
          {
            "property": "",
            "dataset": "OpenStreetMap",
            "license": "ODbL-1.0",
            "record_id": "w1217769152@3",
            "update_time": "2026-04-18T14:22:43Z",
            "confidence": null,
            "between": null,
            "provider": "osm",
            "resource": "planet",
            "version": "2026-09-09"
          }
        ],
        "version": 3,
        "bbox": {
          "xmin": 77.60652923583984,
          "xmax": 77.60653686523438,
          "ymin": 12.974574089050293,
          "ymax": 12.974586486816406
        }
      },
      "geometry": {
        "type": "LineString",
        "coordinates": [
          [
            77.6065316,
            12.9745741
          ],
          [
            77.6065352,
            12.9745848
          ]
        ]
      }
    },
    {
      "type": "Feature",
      "id": "cfb97f57-cc2f-4c1d-8c7f-13f49301dae3",
      "properties": {
        "id": "cfb97f57-cc2f-4c1d-8c7f-13f49301dae3",
        "names": null,
        "subtype": "road",
        "class": "service",
        "subclass": "driveway",
        "subclass_rules": [
          {
            "value": "driveway",
            "between": null
          }
        ],
        "connectors": [
          {
            "connector_id": "165a3477-5145-46d9-956e-50540e2395c6",
            "at": 0.0
          },
          {
            "connector_id": "129c634c-a519-4ba0-ab4f-50ac43d76fa7",
            "at": 0.031383118
          },
          {
            "connector_id": "7df15ff9-289f-43a0-b2e6-8ed708c41ccc",
            "at": 1.0
          }
        ],
        "road_surface": null,
        "road_flags": null,
        "rail_flags": null,
        "width_rules": null,
        "level_rules": null,
        "access_restrictions": [
          {
            "access_type": "denied",
            "when": null,
            "between": [
              0.0,
              0.041140444
            ]
          },
          {
            "access_type": "allowed",
            "when": {
              "during": null,
              "heading": null,
              "using": null,
              "recognized": [
                "as_private"
              ],
              "mode": null,
              "vehicle": null
            },
            "between": [
              0.041140444,
              1.0
            ]
          }
        ],
        "speed_limits": null,
        "prohibited_transitions": null,
        "routes": null,
        "destinations": null,
        "sources": [
          {
            "property": "",
            "dataset": "OpenStreetMap",
            "license": "ODbL-1.0",
            "record_id": "w1481653766@1",
            "update_time": "2026-02-22T04:11:09Z",
            "confidence": null,
            "between": [
              0.0,
              0.041140444
            ],
            "provider": "osm",
            "resource": "planet",
            "version": "2026-09-09"
          },
          {
            "property": "",
            "dataset": "OpenStreetMap",
            "license": "ODbL-1.0",
            "record_id": "w1343003782@4",
            "update_time": "2026-02-22T04:11:09Z",
            "confidence": null,
            "between": [
              0.041140444,
              1.0
            ],
            "provider": "osm",
            "resource": "planet",
            "version": "2026-09-09"
          }
        ],
        "version": 3,
        "bbox": {
          "xmin": 77.6068115234375,
          "xmax": 77.60736846923828,
          "ymin": 12.974543571472168,
          "ymax": 12.975157737731934
        }
      },
      "geometry": {
        "type": "LineString",
        "coordinates": [
          [
            77.6068128,
            12.9745439
          ],
          [
            77.6068193,
            12.9745691
          ],
          [
            77.6068214,
            12.9745774
          ],
          [
            77.6068241,
            12.9745878
          ],
          [
            77.6069149,
            12.9749454
          ],
          [
            77.6072811,
            12.9748525
          ],
          [
            77.6073598,
            12.9751359
          ],
          [
            77.6073658,
            12.9751574
          ]
        ]
      }
    },
    {
      "type": "Feature",
      "id": "2df9a863-8675-4049-9f72-b1b6a6b34b99",
      "properties": {
        "id": "2df9a863-8675-4049-9f72-b1b6a6b34b99",
        "names": null,
        "subtype": "road",
        "class": "steps",
        "subclass": null,
        "subclass_rules": null,
        "connectors": [
          {
            "connector_id": "ff4816e2-2c90-4fa9-b903-70ecac3e4f46",
            "at": 0.0
          },
          {
            "connector_id": "7f477a85-3dbc-4035-8f3d-07e40abea694",
            "at": 1.0
          }
        ],
        "road_surface": null,
        "road_flags": null,
        "rail_flags": null,
        "width_rules": null,
        "level_rules": null,
        "access_restrictions": null,
        "speed_limits": null,
        "prohibited_transitions": null,
        "routes": null,
        "destinations": null,
        "sources": [
          {
            "property": "",
            "dataset": "OpenStreetMap",
            "license": "ODbL-1.0",
            "record_id": "w1362481691@1",
            "update_time": "2025-02-24T05:39:33Z",
            "confidence": null,
            "between": null,
            "provider": "osm",
            "resource": "planet",
            "version": "2026-09-09"
          }
        ],
        "version": 1,
        "bbox": {
          "xmin": 77.60723114013672,
          "xmax": 77.6074447631836,
          "ymin": 12.975520133972168,
          "ymax": 12.975570678710938
        }
      },
      "geometry": {
        "type": "LineString",
        "coordinates": [
          [
            77.6072379,
            12.9755692
          ],
          [
            77.6074386,
            12.9755203
          ]
        ]
      }
    },
    {
      "type": "Feature",
      "id": "91acd5ad-8665-4d36-ba18-c57372296bb9",
      "properties": {
        "id": "91acd5ad-8665-4d36-ba18-c57372296bb9",
        "names": null,
        "subtype": "road",
        "class": "footway",
        "subclass": null,
        "subclass_rules": [
          {
            "value": "sidewalk",
            "between": [
              0.0,
              0.289961358
            ]
          },
          {
            "value": "crosswalk",
            "between": [
              0.289961358,
              0.305913387
            ]
          },
          {
            "value": "sidewalk",
            "between": [
              0.305913387,
              0.542431294
            ]
          },
          {
            "value": "crosswalk",
            "between": [
              0.542431294,
              0.558341781
            ]
          },
          {
            "value": "sidewalk",
            "between": [
              0.558341781,
              1.0
            ]
          }
        ],
        "connectors": [
          {
            "connector_id": "6688a957-678b-46f1-9003-2213a6f34f6a",
            "at": 0.0
          },
          {
            "connector_id": "5b37b1cf-39bf-4bd2-b0a9-1e1f608ea4f1",
            "at": 0.020329519
          },
          {
            "connector_id": "5072ddd9-9b66-4724-bebd-c46965850a05",
            "at": 0.052703103
          },
          {
            "connector_id": "099a56f9-a4d9-4793-ac48-f8a4951196e4",
            "at": 0.098617733
          },
          {
            "connector_id": "d14c82ba-326c-444a-8996-2578ffa80aa5",
            "at": 0.204203217
          },
          {
            "connector_id": "19379440-7992-426b-89eb-3547adcdb9ad",
            "at": 0.225455549
          },
          {
            "connector_id": "674f21e4-a04e-4ef0-b06d-40eb1d020729",
            "at": 0.272242252
          },
          {
            "connector_id": "4bee014f-d58e-418f-991c-8ac1ad58d45a",
            "at": 0.296984563
          },
          {
            "connector_id": "17e44ed8-8f63-4913-8f0f-0292007cdfea",
            "at": 0.398064693
          },
          {
            "connector_id": "8224ca35-1a8d-49b9-84a4-d155832f8d92",
            "at": 0.452312701
          },
          {
            "connector_id": "0345fbed-4251-4bd6-ade9-25a906cb4ac5",
            "at": 0.511158256
          },
          {
            "connector_id": "d2434a5c-f6d6-4dc6-8858-4024169ef5b3",
            "at": 0.548976083
          },
          {
            "connector_id": "7a9d24eb-8ece-411f-9e95-47dc81e58b2e",
            "at": 0.577167782
          },
          {
            "connector_id": "cc9f5347-7af2-4c00-a934-3843b879b052",
            "at": 0.695096726
          },
          {
            "connector_id": "38375500-783a-494a-b7d8-98d9127cc75f",
            "at": 0.712453162
          },
          {
            "connector_id": "398a4a39-d773-461e-960a-ddd13d4a7c27",
            "at": 0.733575161
          },
          {
            "connector_id": "88e4405d-8532-4ebc-bfea-74e12c7a85b9",
            "at": 1.0
          }
        ],
        "road_surface": [
          {
            "value": "paving_stones",
            "between": [
              0.0,
              0.289961358
            ]
          },
          {
            "value": "paved",
            "between": [
              0.289961358,
              0.305913387
            ]
          },
          {
            "value": "paving_stones",
            "between": [
              0.305913387,
              0.542431294
            ]
          },
          {
            "value": "paved",
            "between": [
              0.542431294,
              0.558341781
            ]
          },
          {
            "value": "paving_stones",
            "between": [
              0.558341781,
              1.0
            ]
          }
        ],
        "road_flags": null,
        "rail_flags": null,
        "width_rules": null,
        "level_rules": null,
        "access_restrictions": null,
        "speed_limits": null,
        "prohibited_transitions": null,
        "routes": null,
        "destinations": null,
        "sources": [
          {
            "property": "",
            "dataset": "OpenStreetMap",
            "license": "ODbL-1.0",
            "record_id": "w1087940506@9",
            "update_time": "2026-01-14T05:35:05Z",
            "confidence": null,
            "between": [
              0.0,
              0.289961358
            ],
            "provider": "osm",
            "resource": "planet",
            "version": "2026-09-09"
          },
          {
            "property": "",
            "dataset": "OpenStreetMap",
            "license": "ODbL-1.0",
            "record_id": "w1466955053@1",
            "update_time": "2026-01-14T05:35:05Z",
            "confidence": null,
            "between": [
              0.289961358,
              0.305913387
            ],
            "provider": "osm",
            "resource": "planet",
            "version": "2026-09-09"
          },
          {
            "property": "",
            "dataset": "OpenStreetMap",
            "license": "ODbL-1.0",
            "record_id": "w1466955052@1",
            "update_time": "2026-01-14T05:35:05Z",
            "confidence": null,
            "between": [
              0.305913387,
              0.542431294
            ],
            "provider": "osm",
            "resource": "planet",
            "version": "2026-09-09"
          },
          {
            "property": "",
            "dataset": "OpenStreetMap",
            "license": "ODbL-1.0",
            "record_id": "w1217769098@2",
            "update_time": "2026-01-14T05:35:05Z",
            "confidence": null,
            "between": [
              0.542431294,
              0.558341781
            ],
            "provider": "osm",
            "resource": "planet",
            "version": "2026-09-09"
          },
          {
            "property": "",
            "dataset": "OpenStreetMap",
            "license": "ODbL-1.0",
            "record_id": "w1217769099@5",
            "update_time": "2026-01-14T05:35:05Z",
            "confidence": null,
            "between": [
              0.558341781,
              1.0
            ],
            "provider": "osm",
            "resource": "planet",
            "version": "2026-09-09"
          }
        ],
        "version": 3,
        "bbox": {
          "xmin": 77.6073226928711,
          "xmax": 77.6110610961914,
          "ymin": 12.972142219543457,
          "ymax": 12.97421646118164
        }
      },
      "geometry": {
        "type": "LineString",
        "coordinates": [
          [
            77.6073237,
            12.9721439
          ],
          [
            77.6073598,
            12.9721493
          ],
          [
            77.6074081,
            12.9721723
          ],
          [
            77.6075282,
            12.9722496
          ],
          [
            77.6077011,
            12.9723553
          ],
          [
            77.6081051,
            12.972588
          ],
          [
            77.6081865,
            12.9726347
          ],
          [
            77.608367,
            12.9727353
          ],
          [
            77.6084367,
            12.972771
          ],
          [
            77.6084645,
            12.9727848
          ],
          [
            77.6085003,
            12.9728014
          ],
          [
            77.6088669,
            12.9729791
          ],
          [
            77.6090859,
            12.9730771
          ],
          [
            77.6093247,
            12.9731807
          ],
          [
            77.6094523,
            12.9732343
          ],
          [
            77.6094783,
            12.9732469
          ],
          [
            77.6095154,
            12.9732653
          ],
          [
            77.6095922,
            12.9732975
          ],
          [
            77.6100786,
            12.9734868
          ],
          [
            77.610154,
            12.9735022
          ],
          [
            77.6102414,
            12.9735354
          ],
          [
            77.6106888,
            12.9737064
          ],
          [
            77.6108704,
            12.9738043
          ],
          [
            77.6109636,
            12.9738757
          ],
          [
            77.6110337,
            12.9739785
          ],
          [
            77.6110533,
            12.9740331
          ],
          [
            77.6110594,
            12.9740715
          ],
          [
            77.6110583,
            12.9741383
          ],
          [
            77.6110285,
            12.974215
          ]
        ]
      }
    },
    {
      "type": "Feature",
      "id": "49e123d8-7fce-4ea0-aeb3-3d4d27c2a893",
      "properties": {
        "id": "49e123d8-7fce-4ea0-aeb3-3d4d27c2a893",
        "names": null,
        "subtype": "road",
        "class": "footway",
        "subclass": "sidewalk",
        "subclass_rules": [
          {
            "value": "sidewalk",
            "between": null
          }
        ],
        "connectors": [
          {
            "connector_id": "6688a957-678b-46f1-9003-2213a6f34f6a",
            "at": 0.0
          },
          {
            "connector_id": "9f4b57fc-b5c6-45a8-920c-b3045d0ce30d",
            "at": 0.020454109
          },
          {
            "connector_id": "9c4e46ce-2c79-46d4-af06-5fb0b2339037",
            "at": 0.106776814
          },
          {
            "connector_id": "fb0f8452-ae01-4309-8ce8-e51fef74a68e",
            "at": 0.527810676
          },
          {
            "connector_id": "8e7e843c-3e89-45af-8ed8-14e55398a686",
            "at": 0.770426338
          },
          {
            "connector_id": "a31c7887-5ca7-4200-a376-774d45267de7",
            "at": 1.0
          }
        ],
        "road_surface": [
          {
            "value": "paving_stones",
            "between": null
          }
        ],
        "road_flags": null,
        "rail_flags": null,
        "width_rules": null,
        "level_rules": null,
        "access_restrictions": null,
        "speed_limits": null,
        "prohibited_transitions": null,
        "routes": null,
        "destinations": null,
        "sources": [
          {
            "property": "",
            "dataset": "OpenStreetMap",
            "license": "ODbL-1.0",
            "record_id": "w1087940509@8",
            "update_time": "2026-01-19T03:46:46Z",
            "confidence": null,
            "between": null,
            "provider": "osm",
            "resource": "planet",
            "version": "2026-09-09"
          }
        ],
        "version": 2,
        "bbox": {
          "xmin": 77.60716247558594,
          "xmax": 77.60799407958984,
          "ymin": 12.972142219543457,
          "ymax": 12.97493839263916
        }
      },
      "geometry": {
        "type": "LineString",
        "coordinates": [
          [
            77.6073237,
            12.9721439
          ],
          [
            77.6072878,
            12.9721458
          ],
          [
            77.6072641,
            12.9721573
          ],
          [
            77.6072333,
            12.9721806
          ],
          [
            77.6072054,
            12.9722148
          ],
          [
            77.6071902,
            12.972243
          ],
          [
            77.6071753,
            12.972305
          ],
          [
            77.6071751,
            12.9723453
          ],
          [
            77.6071809,
            12.9723853
          ],
          [
            77.6072729,
            12.9727038
          ],
          [
            77.6074453,
            12.9732166
          ],
          [
            77.6075669,
            12.9735607
          ],
          [
            77.607574,
            12.9735841
          ],
          [
            77.6077937,
            12.9742772
          ],
          [
            77.6078039,
            12.9743156
          ],
          [
            77.6079097,
            12.9747035
          ],
          [
            77.6079822,
            12.9749197
          ],
          [
            77.6079879,
            12.9749368
          ]
        ]
      }
    },
    {
      "type": "Feature",
      "id": "edf491bc-b965-4489-bbbe-af3bdd85128b",
      "properties": {
        "id": "edf491bc-b965-4489-bbbe-af3bdd85128b",
        "names": null,
        "subtype": "road",
        "class": "service",
        "subclass": "driveway",
        "subclass_rules": [
          {
            "value": "driveway",
            "between": null
          }
        ],
        "connectors": [
          {
            "connector_id": "e2a46d9b-9fbc-472f-9546-a4fb870b889c",
            "at": 0.0
          },
          {
            "connector_id": "f82779a0-92ef-4fda-8a99-510c4ee0a33b",
            "at": 0.125829724
          },
          {
            "connector_id": "19d8fb3a-b731-4fff-a967-9869b4a8bd8f",
            "at": 1.0
          }
        ],
        "road_surface": null,
        "road_flags": null,
        "rail_flags": null,
        "width_rules": null,
        "level_rules": null,
        "access_restrictions": [
          {
            "access_type": "allowed",
            "when": {
              "during": null,
              "heading": null,
              "using": null,
              "recognized": [
                "as_private"
              ],
              "mode": null,
              "vehicle": null
            },
            "between": null
          }
        ],
        "speed_limits": null,
        "prohibited_transitions": null,
        "routes": null,
        "destinations": null,
        "sources": [
          {
            "property": "",
            "dataset": "OpenStreetMap",
            "license": "ODbL-1.0",
            "record_id": "w1124636163@5",
            "update_time": "2026-01-12T05:30:39Z",
            "confidence": null,
            "between": null,
            "provider": "osm",
            "resource": "planet",
            "version": "2026-09-09"
          }
        ],
        "version": 2,
        "bbox": {
          "xmin": 77.60685729980469,
          "xmax": 77.6069564819336,
          "ymin": 12.974191665649414,
          "ymax": 12.974513053894043
        }
      },
      "geometry": {
        "type": "LineString",
        "coordinates": [
          [
            77.6069506,
            12.9745113
          ],
          [
            77.6069436,
            12.9744861
          ],
          [
            77.6069395,
            12.9744713
          ],
          [
            77.6069364,
            12.9744598
          ],
          [
            77.6069314,
            12.9744417
          ],
          [
            77.6068628,
            12.9741933
          ]
        ]
      }
    },
    {
      "type": "Feature",
      "id": "182f0f28-b5a9-4ebc-9097-9f188ccfd3b6",
      "properties": {
        "id": "182f0f28-b5a9-4ebc-9097-9f188ccfd3b6",
        "names": null,
        "subtype": "road",
        "class": "service",
        "subclass": "driveway",
        "subclass_rules": [
          {
            "value": "driveway",
            "between": null
          }
        ],
        "connectors": [
          {
            "connector_id": "ce6a3f28-65bb-4f0a-b48e-b6fa0f8ab71a",
            "at": 0.0
          },
          {
            "connector_id": "35958e13-b4b0-46b2-9ab7-aeb660ef7bb8",
            "at": 0.103364979
          },
          {
            "connector_id": "824e687e-7c07-4e13-b023-45ade93d3175",
            "at": 1.0
          }
        ],
        "road_surface": null,
        "road_flags": null,
        "rail_flags": null,
        "width_rules": null,
        "level_rules": null,
        "access_restrictions": [
          {
            "access_type": "allowed",
            "when": {
              "during": null,
              "heading": null,
              "using": null,
              "recognized": [
                "as_private"
              ],
              "mode": null,
              "vehicle": null
            },
            "between": null
          }
        ],
        "speed_limits": null,
        "prohibited_transitions": null,
        "routes": null,
        "destinations": null,
        "sources": [
          {
            "property": "",
            "dataset": "OpenStreetMap",
            "license": "ODbL-1.0",
            "record_id": "w1385089161@2",
            "update_time": "2026-01-12T05:30:39Z",
            "confidence": null,
            "between": null,
            "provider": "osm",
            "resource": "planet",
            "version": "2026-09-09"
          }
        ],
        "version": 2,
        "bbox": {
          "xmin": 77.60680389404297,
          "xmax": 77.60692596435547,
          "ymin": 12.97413158416748,
          "ymax": 12.974520683288574
        }
      },
      "geometry": {
        "type": "LineString",
        "coordinates": [
          [
            77.6069187,
            12.9745188
          ],
          [
            77.6069114,
            12.9744942
          ],
          [
            77.6069068,
            12.9744788
          ],
          [
            77.6069035,
            12.9744676
          ],
          [
            77.606804,
            12.9741317
          ]
        ]
      }
    },
    {
      "type": "Feature",
      "id": "09000469-64a3-4f1b-8b4e-898826cbd621",
      "properties": {
        "id": "09000469-64a3-4f1b-8b4e-898826cbd621",
        "names": null,
        "subtype": "road",
        "class": "service",
        "subclass": null,
        "subclass_rules": null,
        "connectors": [
          {
            "connector_id": "f6c6052e-f2c2-4add-ba20-b2d2b0a6efd6",
            "at": 0.0
          },
          {
            "connector_id": "3384e7be-0c5a-4ecb-98a2-9bbbdd3b0e03",
            "at": 1.0
          }
        ],
        "road_surface": null,
        "road_flags": null,
        "rail_flags": null,
        "width_rules": null,
        "level_rules": null,
        "access_restrictions": null,
        "speed_limits": null,
        "prohibited_transitions": null,
        "routes": null,
        "destinations": null,
        "sources": [
          {
            "property": "",
            "dataset": "OpenStreetMap",
            "license": "ODbL-1.0",
            "record_id": "w1089717994@1",
            "update_time": "2022-08-27T18:09:29Z",
            "confidence": null,
            "between": null,
            "provider": "osm",
            "resource": "planet",
            "version": "2026-09-09"
          }
        ],
        "version": 1,
        "bbox": {
          "xmin": 77.60645294189453,
          "xmax": 77.60655975341797,
          "ymin": 12.973797798156738,
          "ymax": 12.974183082580566
        }
      },
      "geometry": {
        "type": "LineString",
        "coordinates": [
          [
            77.6064619,
            12.9737982
          ],
          [
            77.6064592,
            12.9738474
          ],
          [
            77.6065475,
            12.9741815
          ]
        ]
      }
    },
    {
      "type": "Feature",
      "id": "5dc6c6a7-398f-481e-b44f-732ab4038dad",
      "properties": {
        "id": "5dc6c6a7-398f-481e-b44f-732ab4038dad",
        "names": null,
        "subtype": "road",
        "class": "footway",
        "subclass": null,
        "subclass_rules": null,
        "connectors": [
          {
            "connector_id": "245b06ea-d29b-46b3-ab22-7bc5ef7ee615",
            "at": 0.0
          },
          {
            "connector_id": "19d8fb3a-b731-4fff-a967-9869b4a8bd8f",
            "at": 1.0
          }
        ],
        "road_surface": null,
        "road_flags": null,
        "rail_flags": null,
        "width_rules": null,
        "level_rules": null,
        "access_restrictions": null,
        "speed_limits": null,
        "prohibited_transitions": null,
        "routes": null,
        "destinations": null,
        "sources": [
          {
            "property": "",
            "dataset": "OpenStreetMap",
            "license": "ODbL-1.0",
            "record_id": "w1124636162@2",
            "update_time": "2025-05-09T13:52:56Z",
            "confidence": null,
            "between": null,
            "provider": "osm",
            "resource": "planet",
            "version": "2026-09-09"
          }
        ],
        "version": 1,
        "bbox": {
          "xmin": 77.60685729980469,
          "xmax": 77.60692596435547,
          "ymin": 12.974176406860352,
          "ymax": 12.974193572998047
        }
      },
      "geometry": {
        "type": "LineString",
        "coordinates": [
          [
            77.6069258,
            12.9741768
          ],
          [
            77.6068886,
            12.9741865
          ],
          [
            77.6068628,
            12.9741933
          ]
        ]
      }
    },
    {
      "type": "Feature",
      "id": "55eb0152-bc38-4e06-8093-99633a0992e8",
      "properties": {
        "id": "55eb0152-bc38-4e06-8093-99633a0992e8",
        "names": null,
        "subtype": "road",
        "class": "service",
        "subclass": null,
        "subclass_rules": null,
        "connectors": [
          {
            "connector_id": "19d8fb3a-b731-4fff-a967-9869b4a8bd8f",
            "at": 0.0
          },
          {
            "connector_id": "c223ec19-6b36-4743-9097-eb5e43bfee83",
            "at": 1.0
          }
        ],
        "road_surface": null,
        "road_flags": null,
        "rail_flags": null,
        "width_rules": null,
        "level_rules": null,
        "access_restrictions": [
          {
            "access_type": "allowed",
            "when": {
              "during": null,
              "heading": null,
              "using": null,
              "recognized": [
                "as_private"
              ],
              "mode": null,
              "vehicle": null
            },
            "between": null
          }
        ],
        "speed_limits": null,
        "prohibited_transitions": null,
        "routes": null,
        "destinations": null,
        "sources": [
          {
            "property": "",
            "dataset": "OpenStreetMap",
            "license": "ODbL-1.0",
            "record_id": "w1217769150@1",
            "update_time": "2025-05-09T13:52:56Z",
            "confidence": null,
            "between": null,
            "provider": "osm",
            "resource": "planet",
            "version": "2026-09-09"
          }
        ],
        "version": 1,
        "bbox": {
          "xmin": 77.60684204101562,
          "xmax": 77.60688781738281,
          "ymin": 12.974136352539062,
          "ymax": 12.974193572998047
        }
      },
      "geometry": {
        "type": "LineString",
        "coordinates": [
          [
            77.6068628,
            12.9741933
          ],
          [
            77.6068492,
            12.9741429
          ],
          [
            77.6068752,
            12.9741367
          ]
        ]
      }
    },
    {
      "type": "Feature",
      "id": "6076cac4-87ed-485a-8fdc-81131a6f8e3a",
      "properties": {
        "id": "6076cac4-87ed-485a-8fdc-81131a6f8e3a",
        "names": {
          "primary": "Rest House Road",
          "common": null,
          "rules": [
            {
              "variant": "common",
              "language": null,
              "perspectives": null,
              "value": "Rest House Road",
              "between": null,
              "side": null
            }
          ]
        },
        "subtype": "road",
        "class": "residential",
        "subclass": null,
        "subclass_rules": null,
        "connectors": [
          {
            "connector_id": "b99d0128-d818-43ff-a264-b0fd78456aad",
            "at": 0.0
          },
          {
            "connector_id": "f6c6052e-f2c2-4add-ba20-b2d2b0a6efd6",
            "at": 0.269806174
          },
          {
            "connector_id": "532cc4e0-ec2d-4a60-8db3-4a5d9289b47e",
            "at": 0.957785356
          },
          {
            "connector_id": "507b70ae-d98d-4467-94e4-e86698cafe25",
            "at": 1.0
          }
        ],
        "road_surface": [
          {
            "value": "paved",
            "between": null
          }
        ],
        "road_flags": null,
        "rail_flags": null,
        "width_rules": null,
        "level_rules": null,
        "access_restrictions": [
          {
            "access_type": "denied",
            "when": {
              "during": null,
              "heading": "backward",
              "using": null,
              "recognized": null,
              "mode": null,
              "vehicle": null
            },
            "between": null
          }
        ],
        "speed_limits": null,
        "prohibited_transitions": null,
        "routes": null,
        "destinations": null,
        "sources": [
          {
            "property": "",
            "dataset": "OpenStreetMap",
            "license": "ODbL-1.0",
            "record_id": "w172903807@17",
            "update_time": "2026-01-12T05:30:39Z",
            "confidence": null,
            "between": null,
            "provider": "osm",
            "resource": "planet",
            "version": "2026-09-09"
          }
        ],
        "version": 2,
        "bbox": {
          "xmin": 77.6062240600586,
          "xmax": 77.6075210571289,
          "ymin": 12.973477363586426,
          "ymax": 12.973835945129395
        }
      },
      "geometry": {
        "type": "LineString",
        "coordinates": [
          [
            77.6062303,
            12.9734778
          ],
          [
            77.6064137,
            12.9737664
          ],
          [
            77.6064619,
            12.9737982
          ],
          [
            77.6065363,
            12.9738359
          ],
          [
            77.607458,
            12.9736161
          ],
          [
            77.6075185,
            12.9735977
          ]
        ]
      }
    },
    {
      "type": "Feature",
      "id": "a98209b7-0366-4468-89b7-425276028c6d",
      "properties": {
        "id": "a98209b7-0366-4468-89b7-425276028c6d",
        "names": null,
        "subtype": "road",
        "class": "footway",
        "subclass": "sidewalk",
        "subclass_rules": [
          {
            "value": "sidewalk",
            "between": null
          }
        ],
        "connectors": [
          {
            "connector_id": "27de2528-e378-4483-9d23-c7dfd3d7cefe",
            "at": 0.0
          },
          {
            "connector_id": "532cc4e0-ec2d-4a60-8db3-4a5d9289b47e",
            "at": 0.28342481
          },
          {
            "connector_id": "7307a47a-215a-48ad-860d-0f44913f63d4",
            "at": 0.502604361
          },
          {
            "connector_id": "994424c0-6b1f-4e5f-87e2-c83d41e03c6e",
            "at": 0.563310723
          },
          {
            "connector_id": "7d1193e0-2639-460d-a5d5-c0ec7a51cbeb",
            "at": 0.72019098
          },
          {
            "connector_id": "eae5df41-8132-4ed8-8437-73abd9dae59b",
            "at": 0.828655771
          },
          {
            "connector_id": "556970b6-5ce4-4937-b3c5-0b1564c6469c",
            "at": 0.922371908
          },
          {
            "connector_id": "0fe66239-db8a-4ded-9534-f5962a11cc65",
            "at": 0.967540174
          },
          {
            "connector_id": "14b15bdc-61ff-4122-bf83-be8afbcdef62",
            "at": 1.0
          }
        ],
        "road_surface": [
          {
            "value": "paving_stones",
            "between": null
          }
        ],
        "road_flags": null,
        "rail_flags": null,
        "width_rules": null,
        "level_rules": null,
        "access_restrictions": null,
        "speed_limits": null,
        "prohibited_transitions": null,
        "routes": null,
        "destinations": null,
        "sources": [
          {
            "property": "",
            "dataset": "OpenStreetMap",
            "license": "ODbL-1.0",
            "record_id": "w1301131710@6",
            "update_time": "2026-01-19T03:46:46Z",
            "confidence": null,
            "between": null,
            "provider": "osm",
            "resource": "planet",
            "version": "2026-09-09"
          }
        ],
        "version": 4,
        "bbox": {
          "xmin": 77.60686492919922,
          "xmax": 77.607666015625,
          "ymin": 12.97188949584961,
          "ymax": 12.974303245544434
        }
      },
      "geometry": {
        "type": "LineString",
        "coordinates": [
          [
            77.6076591,
            12.9743032
          ],
          [
            77.6076561,
            12.9742576
          ],
          [
            77.6074866,
            12.9736462
          ],
          [
            77.6074751,
            12.9736309
          ],
          [
            77.607458,
            12.9736161
          ],
          [
            77.6074443,
            12.9735811
          ],
          [
            77.6074427,
            12.973577
          ],
          [
            77.6072778,
            12.9730876
          ],
          [
            77.607223,
            12.9729429
          ],
          [
            77.6070949,
            12.9725643
          ],
          [
            77.6070096,
            12.9723015
          ],
          [
            77.6069213,
            12.9720795
          ],
          [
            77.6068863,
            12.9719699
          ],
          [
            77.6068656,
            12.9718899
          ]
        ]
      }
    },
    {
      "type": "Feature",
      "id": "bc816811-542f-41e2-b1e7-01a96f292fee",
      "properties": {
        "id": "bc816811-542f-41e2-b1e7-01a96f292fee",
        "names": {
          "primary": "Brigade Road",
          "common": [
            [
              "kn",
              "ಬ್ರಿಗೇಡ್ ರಸ್ತೆ"
            ]
          ],
          "rules": [
            {
              "variant": "common",
              "language": null,
              "perspectives": null,
              "value": "Brigade Road",
              "between": null,
              "side": null
            }
          ]
        },
        "subtype": "road",
        "class": "secondary",
        "subclass": null,
        "subclass_rules": null,
        "connectors": [
          {
            "connector_id": "507b70ae-d98d-4467-94e4-e86698cafe25",
            "at": 0.0
          },
          {
            "connector_id": "cb536522-ed0f-4a63-a5ce-743509e7583a",
            "at": 0.418698028
          },
          {
            "connector_id": "b3476c0f-ed34-48b1-8fe3-2cc6061395ed",
            "at": 0.536542808
          },
          {
            "connector_id": "8e730f0a-2071-4f75-bb7c-26e0c5213d5a",
            "at": 1.0
          }
        ],
        "road_surface": [
          {
            "value": "paved",
            "between": null
          }
        ],
        "road_flags": null,
        "rail_flags": null,
        "width_rules": null,
        "level_rules": null,
        "access_restrictions": [
          {
            "access_type": "denied",
            "when": {
              "during": null,
              "heading": "backward",
              "using": null,
              "recognized": null,
              "mode": null,
              "vehicle": null
            },
            "between": null
          },
          {
            "access_type": "denied",
            "when": {
              "during": null,
              "heading": null,
              "using": null,
              "recognized": null,
              "mode": [
                "hgv"
              ],
              "vehicle": null
            },
            "between": null
          }
        ],
        "speed_limits": [
          {
            "min_speed": null,
            "max_speed": {
              "value": 30,
              "unit": "km/h"
            },
            "is_max_speed_variable": null,
            "when": null,
            "between": null
          }
        ],
        "prohibited_transitions": null,
        "routes": null,
        "destinations": null,
        "sources": [
          {
            "property": "",
            "dataset": "OpenStreetMap",
            "license": "ODbL-1.0",
            "record_id": "w1125542419@6",
            "update_time": "2026-01-14T05:35:05Z",
            "confidence": null,
            "between": null,
            "provider": "osm",
            "resource": "planet",
            "version": "2026-09-09"
          }
        ],
        "version": 2,
        "bbox": {
          "xmin": 77.60707092285156,
          "xmax": 77.6075210571289,
          "ymin": 12.972331047058105,
          "ymax": 12.973599433898926
        }
      },
      "geometry": {
        "type": "LineString",
        "coordinates": [
          [
            77.6075185,
            12.9735977
          ],
          [
            77.60733,
            12.9730694
          ],
          [
            77.6072761,
            12.972921
          ],
          [
            77.6071457,
            12.9725335
          ],
          [
            77.6070825,
            12.9723313
          ]
        ]
      }
    },
    {
      "type": "Feature",
      "id": "79e27927-20ae-4800-809d-7217f36ed791",
      "properties": {
        "id": "79e27927-20ae-4800-809d-7217f36ed791",
        "names": null,
        "subtype": "road",
        "class": "living_street",
        "subclass": null,
        "subclass_rules": null,
        "connectors": [
          {
            "connector_id": "b99d0128-d818-43ff-a264-b0fd78456aad",
            "at": 0.0
          },
          {
            "connector_id": "0384e487-91d7-4300-b5c4-e923c43f6686",
            "at": 1.0
          }
        ],
        "road_surface": null,
        "road_flags": null,
        "rail_flags": null,
        "width_rules": null,
        "level_rules": null,
        "access_restrictions": null,
        "speed_limits": null,
        "prohibited_transitions": null,
        "routes": null,
        "destinations": null,
        "sources": [
          {
            "property": "",
            "dataset": "OpenStreetMap",
            "license": "ODbL-1.0",
            "record_id": "w1089717992@2",
            "update_time": "2025-05-09T13:52:56Z",
            "confidence": null,
            "between": null,
            "provider": "osm",
            "resource": "planet",
            "version": "2026-09-09"
          }
        ],
        "version": 1,
        "bbox": {
          "xmin": 77.6057357788086,
          "xmax": 77.60623168945312,
          "ymin": 12.973477363586426,
          "ymax": 12.973891258239746
        }
      },
      "geometry": {
        "type": "LineString",
        "coordinates": [
          [
            77.6062303,
            12.9734778
          ],
          [
            77.6059377,
            12.9735803
          ],
          [
            77.605922,
            12.9736441
          ],
          [
            77.6059203,
            12.9737445
          ],
          [
            77.6057488,
            12.9738896
          ]
        ]
      }
    },
    {
      "type": "Feature",
      "id": "085301bd-490b-4af5-8f4f-3713b3a5cb27",
      "properties": {
        "id": "085301bd-490b-4af5-8f4f-3713b3a5cb27",
        "names": null,
        "subtype": "road",
        "class": "service",
        "subclass": "driveway",
        "subclass_rules": [
          {
            "value": "driveway",
            "between": null
          }
        ],
        "connectors": [
          {
            "connector_id": "b0ed22de-5d3c-4957-82c8-f07a0fd6419e",
            "at": 0.0
          },
          {
            "connector_id": "16087b91-7cf8-4daf-af4e-bb7e155298b9",
            "at": 0.04422023
          },
          {
            "connector_id": "7e5fa315-0336-4a30-99d6-f051380cba44",
            "at": 1.0
          }
        ],
        "road_surface": null,
        "road_flags": null,
        "rail_flags": null,
        "width_rules": null,
        "level_rules": null,
        "access_restrictions": null,
        "speed_limits": null,
        "prohibited_transitions": null,
        "routes": null,
        "destinations": null,
        "sources": [
          {
            "property": "",
            "dataset": "OpenStreetMap",
            "license": "ODbL-1.0",
            "record_id": "w172920292@4",
            "update_time": "2026-01-12T05:30:39Z",
            "confidence": null,
            "between": null,
            "provider": "osm",
            "resource": "planet",
            "version": "2026-09-09"
          }
        ],
        "version": 2,
        "bbox": {
          "xmin": 77.60542297363281,
          "xmax": 77.605712890625,
          "ymin": 12.973938941955566,
          "ymax": 12.974804878234863
        }
      },
      "geometry": {
        "type": "LineString",
        "coordinates": [
          [
            77.6057121,
            12.9748034
          ],
          [
            77.6057058,
            12.9747809
          ],
          [
            77.6057015,
            12.9747647
          ],
          [
            77.6054348,
            12.973939
          ]
        ]
      }
    },
    {
      "type": "Feature",
      "id": "8bbfb5da-c653-4494-84bd-698fa8e98eb7",
      "properties": {
        "id": "8bbfb5da-c653-4494-84bd-698fa8e98eb7",
        "names": null,
        "subtype": "road",
        "class": "footway",
        "subclass": "sidewalk",
        "subclass_rules": [
          {
            "value": "sidewalk",
            "between": null
          }
        ],
        "connectors": [
          {
            "connector_id": "2a6936f3-3d04-4334-bde5-a834f0727da7",
            "at": 0.0
          },
          {
            "connector_id": "40e057fc-02dd-4ec4-9b97-25b9e6e9ee4f",
            "at": 0.143906873
          },
          {
            "connector_id": "9109773e-c734-4d64-b190-d46e3e8b5bd1",
            "at": 0.270924436
          },
          {
            "connector_id": "744ed682-4c48-4aea-9c74-b8e61204c319",
            "at": 0.683757388
          },
          {
            "connector_id": "ade4d01b-0acd-457d-83d9-2055f3cf01fe",
            "at": 0.848857516
          },
          {
            "connector_id": "5253ed64-0fcc-40bc-8f4d-a6b8c0f22828",
            "at": 1.0
          }
        ],
        "road_surface": [
          {
            "value": "paving_stones",
            "between": null
          }
        ],
        "road_flags": null,
        "rail_flags": null,
        "width_rules": null,
        "level_rules": null,
        "access_restrictions": null,
        "speed_limits": null,
        "prohibited_transitions": null,
        "routes": null,
        "destinations": null,
        "sources": [
          {
            "property": "",
            "dataset": "OpenStreetMap",
            "license": "ODbL-1.0",
            "record_id": "w208699650@14",
            "update_time": "2026-01-03T04:44:12Z",
            "confidence": null,
            "between": null,
            "provider": "osm",
            "resource": "planet",
            "version": "2026-09-09"
          }
        ],
        "version": 2,
        "bbox": {
          "xmin": 77.60398864746094,
          "xmax": 77.60575866699219,
          "ymin": 12.971858978271484,
          "ymax": 12.975157737731934
        }
      },
      "geometry": {
        "type": "LineString",
        "coordinates": [
          [
            77.6044677,
            12.9718606
          ],
          [
            77.6051291,
            12.9721201
          ],
          [
            77.6051595,
            12.9721347
          ],
          [
            77.6054396,
            12.9722695
          ],
          [
            77.6055916,
            12.9725035
          ],
          [
            77.6057396,
            12.9727302
          ],
          [
            77.6057556,
            12.9727812
          ],
          [
            77.605496,
            12.973006
          ],
          [
            77.6053655,
            12.9731296
          ],
          [
            77.6051745,
            12.9732854
          ],
          [
            77.6050105,
            12.9733899
          ],
          [
            77.6048397,
            12.9735098
          ],
          [
            77.6044255,
            12.9737596
          ],
          [
            77.6043866,
            12.9737849
          ],
          [
            77.6041226,
            12.9739782
          ],
          [
            77.6040352,
            12.9741142
          ],
          [
            77.6040151,
            12.9742492
          ],
          [
            77.6040012,
            12.9743525
          ],
          [
            77.6040032,
            12.9744295
          ],
          [
            77.6040048,
            12.9744844
          ],
          [
            77.6040391,
            12.9747692
          ],
          [
            77.6040987,
            12.9751358
          ],
          [
            77.6041002,
            12.9751453
          ],
          [
            77.6041024,
            12.9751563
          ]
        ]
      }
    },
    {
      "type": "Feature",
      "id": "fdac31dd-8eec-4694-9712-995ff4ae0e9c",
      "properties": {
        "id": "fdac31dd-8eec-4694-9712-995ff4ae0e9c",
        "names": {
          "primary": "Rest House Crescent Road",
          "common": null,
          "rules": [
            {
              "variant": "common",
              "language": null,
              "perspectives": null,
              "value": "Rest House Crescent Road",
              "between": null,
              "side": null
            }
          ]
        },
        "subtype": "road",
        "class": "residential",
        "subclass": null,
        "subclass_rules": null,
        "connectors": [
          {
            "connector_id": "e08bd9f3-d294-4e50-abaa-52fd044a5939",
            "at": 0.0
          },
          {
            "connector_id": "02eb17d9-bf03-4339-b66c-cada93d77e08",
            "at": 0.208850035
          },
          {
            "connector_id": "532ed17d-fd11-45d3-938b-61ec520059f2",
            "at": 0.600981778
          },
          {
            "connector_id": "fd232953-0112-478e-8e59-cf49ecbcfdb5",
            "at": 0.975469114
          },
          {
            "connector_id": "c0452d56-cef5-4afe-b82e-31125851ec3a",
            "at": 1.0
          }
        ],
        "road_surface": [
          {
            "value": "paved",
            "between": null
          }
        ],
        "road_flags": null,
        "rail_flags": null,
        "width_rules": null,
        "level_rules": null,
        "access_restrictions": null,
        "speed_limits": null,
        "prohibited_transitions": null,
        "routes": null,
        "destinations": null,
        "sources": [
          {
            "property": "",
            "dataset": "OpenStreetMap",
            "license": "ODbL-1.0",
            "record_id": "w36332257@15",
            "update_time": "2026-01-03T04:44:12Z",
            "confidence": null,
            "between": null,
            "provider": "osm",
            "resource": "planet",
            "version": "2026-09-09"
          }
        ],
        "version": 2,
        "bbox": {
          "xmin": 77.60403442382812,
          "xmax": 77.604736328125,
          "ymin": 12.973614692687988,
          "ymax": 12.975188255310059
        }
      },
      "geometry": {
        "type": "LineString",
        "coordinates": [
          [
            77.6047294,
            12.9736166
          ],
          [
            77.6043865,
            12.9738338
          ],
          [
            77.6042707,
            12.9739051
          ],
          [
            77.6041307,
            12.9740061
          ],
          [
            77.6040667,
            12.9741138
          ],
          [
            77.6040445,
            12.9742418
          ],
          [
            77.6040379,
            12.9743395
          ],
          [
            77.6040385,
            12.9744342
          ],
          [
            77.6040394,
            12.9744854
          ],
          [
            77.6041498,
            12.9750719
          ],
          [
            77.6041619,
            12.9751411
          ],
          [
            77.6041502,
            12.9751867
          ]
        ]
      }
    },
    {
      "type": "Feature",
      "id": "8c1e2947-7668-4aeb-8fd1-537fd90ce6fd",
      "properties": {
        "id": "8c1e2947-7668-4aeb-8fd1-537fd90ce6fd",
        "names": null,
        "subtype": "road",
        "class": "service",
        "subclass": null,
        "subclass_rules": null,
        "connectors": [
          {
            "connector_id": "4fe502a5-f0d8-4bfe-ba37-4064a468c84c",
            "at": 0.0
          },
          {
            "connector_id": "744ed682-4c48-4aea-9c74-b8e61204c319",
            "at": 0.920437267
          },
          {
            "connector_id": "02eb17d9-bf03-4339-b66c-cada93d77e08",
            "at": 1.0
          }
        ],
        "road_surface": null,
        "road_flags": null,
        "rail_flags": null,
        "width_rules": null,
        "level_rules": null,
        "access_restrictions": null,
        "speed_limits": null,
        "prohibited_transitions": null,
        "routes": null,
        "destinations": null,
        "sources": [
          {
            "property": "",
            "dataset": "OpenStreetMap",
            "license": "ODbL-1.0",
            "record_id": "w323814316@4",
            "update_time": "2023-10-23T12:27:17Z",
            "confidence": null,
            "between": null,
            "provider": "osm",
            "resource": "planet",
            "version": "2026-09-09"
          }
        ],
        "version": 1,
        "bbox": {
          "xmin": 77.60438537597656,
          "xmax": 77.6043930053711,
          "ymin": 12.97321891784668,
          "ymax": 12.973834037780762
        }
      },
      "geometry": {
        "type": "LineString",
        "coordinates": [
          [
            77.6043899,
            12.9732192
          ],
          [
            77.6043868,
            12.9737762
          ],
          [
            77.6043866,
            12.9737849
          ],
          [
            77.6043865,
            12.9738338
          ]
        ]
      }
    },
    {
      "type": "Feature",
      "id": "625fa9b2-96fd-4f93-823d-f28b784faabe",
      "properties": {
        "id": "625fa9b2-96fd-4f93-823d-f28b784faabe",
        "names": null,
        "subtype": "road",
        "class": "living_street",
        "subclass": null,
        "subclass_rules": null,
        "connectors": [
          {
            "connector_id": "e08bd9f3-d294-4e50-abaa-52fd044a5939",
            "at": 0.0
          },
          {
            "connector_id": "cc19c080-3e24-48f4-b36d-9a0515abe09f",
            "at": 1.0
          }
        ],
        "road_surface": null,
        "road_flags": null,
        "rail_flags": null,
        "width_rules": null,
        "level_rules": null,
        "access_restrictions": null,
        "speed_limits": null,
        "prohibited_transitions": null,
        "routes": null,
        "destinations": null,
        "sources": [
          {
            "property": "",
            "dataset": "OpenStreetMap",
            "license": "ODbL-1.0",
            "record_id": "w1224538501@1",
            "update_time": "2023-11-16T17:06:35Z",
            "confidence": null,
            "between": null,
            "provider": "osm",
            "resource": "planet",
            "version": "2026-09-09"
          }
        ],
        "version": 1,
        "bbox": {
          "xmin": 77.60472869873047,
          "xmax": 77.60477447509766,
          "ymin": 12.973614692687988,
          "ymax": 12.973835945129395
        }
      },
      "geometry": {
        "type": "LineString",
        "coordinates": [
          [
            77.6047294,
            12.9736166
          ],
          [
            77.6047732,
            12.9738345
          ]
        ]
      }
    },
    {
      "type": "Feature",
      "id": "4acae0d9-fb77-4d96-9450-14579c354a71",
      "properties": {
        "id": "4acae0d9-fb77-4d96-9450-14579c354a71",
        "names": {
          "primary": "Rest House Crescent Road",
          "common": null,
          "rules": [
            {
              "variant": "common",
              "language": null,
              "perspectives": null,
              "value": "Rest House Crescent Road",
              "between": null,
              "side": null
            }
          ]
        },
        "subtype": "road",
        "class": "residential",
        "subclass": null,
        "subclass_rules": null,
        "connectors": [
          {
            "connector_id": "7c9fa176-08cc-4d45-8112-2aec93150521",
            "at": 0.0
          },
          {
            "connector_id": "e08bd9f3-d294-4e50-abaa-52fd044a5939",
            "at": 1.0
          }
        ],
        "road_surface": [
          {
            "value": "paved",
            "between": null
          }
        ],
        "road_flags": null,
        "rail_flags": null,
        "width_rules": null,
        "level_rules": null,
        "access_restrictions": null,
        "speed_limits": null,
        "prohibited_transitions": null,
        "routes": null,
        "destinations": null,
        "sources": [
          {
            "property": "",
            "dataset": "OpenStreetMap",
            "license": "ODbL-1.0",
            "record_id": "w36332257@15",
            "update_time": "2026-01-03T04:44:12Z",
            "confidence": null,
            "between": null,
            "provider": "osm",
            "resource": "planet",
            "version": "2026-09-09"
          }
        ],
        "version": 1,
        "bbox": {
          "xmin": 77.60472869873047,
          "xmax": 77.6058120727539,
          "ymin": 12.972774505615234,
          "ymax": 12.973616600036621
        }
      },
      "geometry": {
        "type": "LineString",
        "coordinates": [
          [
            77.6058097,
            12.9727764
          ],
          [
            77.6052257,
            12.9732885
          ],
          [
            77.6048378,
            12.973548
          ],
          [
            77.6047294,
            12.9736166
          ]
        ]
      }
    },
    {
      "type": "Feature",
      "id": "d9573aa7-2e57-4233-8589-2c6fe01744e1",
      "properties": {
        "id": "d9573aa7-2e57-4233-8589-2c6fe01744e1",
        "names": {
          "primary": "Pink Line (Nagawara - Kalena Agrahara)",
          "common": null,
          "rules": [
            {
              "variant": "common",
              "language": null,
              "perspectives": null,
              "value": "Pink Line (Nagawara - Kalena Agrahara)",
              "between": null,
              "side": null
            }
          ]
        },
        "subtype": "rail",
        "class": "subway",
        "subclass": null,
        "subclass_rules": null,
        "connectors": [
          {
            "connector_id": "ea818df6-d95a-4ab4-be10-7c829093aad0",
            "at": 0.0
          },
          {
            "connector_id": "dfbec47c-63b6-4b01-b892-639c1c7873dc",
            "at": 1.0
          }
        ],
        "road_surface": null,
        "road_flags": null,
        "rail_flags": [
          {
            "values": [
              "is_tunnel"
            ],
            "between": null
          }
        ],
        "width_rules": null,
        "level_rules": [
          {
            "value": -2,
            "between": null
          }
        ],
        "access_restrictions": null,
        "speed_limits": null,
        "prohibited_transitions": null,
        "routes": null,
        "destinations": null,
        "sources": [
          {
            "property": "",
            "dataset": "OpenStreetMap",
            "license": "ODbL-1.0",
            "record_id": "w408869080@41",
            "update_time": "2026-05-06T09:11:07Z",
            "confidence": null,
            "between": null,
            "provider": "osm",
            "resource": "planet",
            "version": "2026-09-09"
          }
        ],
        "version": 1,
        "bbox": {
          "xmin": 77.60218048095703,
          "xmax": 77.60884094238281,
          "ymin": 12.957026481628418,
          "ymax": 12.983317375183105
        }
      },
      "geometry": {
        "type": "LineString",
        "coordinates": [
          [
            77.6021827,
            12.9833171
          ],
          [
            77.6022637,
            12.9830037
          ],
          [
            77.602316,
            12.9828861
          ],
          [
            77.602441,
            12.9825871
          ],
          [
            77.6026145,
            12.9822515
          ],
          [
            77.6027505,
            12.9820056
          ],
          [
            77.6029471,
            12.9817152
          ],
          [
            77.6031279,
            12.9814476
          ],
          [
            77.6033194,
            12.9812411
          ],
          [
            77.6035335,
            12.9811206
          ],
          [
            77.6038369,
            12.981027
          ],
          [
            77.604462,
            12.9808699
          ],
          [
            77.605272,
            12.9806138
          ],
          [
            77.6070101,
            12.9800388
          ],
          [
            77.6071315,
            12.9799949
          ],
          [
            77.6073532,
            12.9798982
          ],
          [
            77.6075897,
            12.9797523
          ],
          [
            77.6078218,
            12.9795561
          ],
          [
            77.6081016,
            12.9792929
          ],
          [
            77.6083764,
            12.9789529
          ],
          [
            77.6085809,
            12.9786399
          ],
          [
            77.6086962,
            12.9784407
          ],
          [
            77.608769,
            12.9782667
          ],
          [
            77.608817,
            12.9781182
          ],
          [
            77.6088408,
            12.9779561
          ],
          [
            77.6088362,
            12.9777483
          ],
          [
            77.6087015,
            12.9770302
          ],
          [
            77.607744,
            12.97444
          ],
          [
            77.6074806,
            12.9735359
          ],
          [
            77.6073153,
            12.9729656
          ],
          [
            77.6069296,
            12.9711312
          ],
          [
            77.6065018,
            12.9696435
          ],
          [
            77.6063527,
            12.9691915
          ],
          [
            77.6063527,
            12.9690192
          ],
          [
            77.606367,
            12.9688725
          ],
          [
            77.6064958,
            12.9683354
          ],
          [
            77.6066866,
            12.9678606
          ],
          [
            77.6068061,
            12.9673411
          ],
          [
            77.6069229,
            12.9666011
          ],
          [
            77.6069398,
            12.9661649
          ],
          [
            77.6069758,
            12.9650185
          ],
          [
            77.6069853,
            12.9644107
          ],
          [
            77.6069898,
            12.9634825
          ],
          [
            77.6069793,
            12.9630273
          ],
          [
            77.6069609,
            12.9625724
          ],
          [
            77.6069347,
            12.9621179
          ],
          [
            77.6069006,
            12.9616639
          ],
          [
            77.6068586,
            12.9612105
          ],
          [
            77.6068067,
            12.9607404
          ],
          [
            77.6067464,
            12.9602713
          ],
          [
            77.6066776,
            12.9598034
          ],
          [
            77.6066004,
            12.9593366
          ],
          [
            77.6065149,
            12.9588713
          ],
          [
            77.606421,
            12.9584075
          ],
          [
            77.6063187,
            12.9579454
          ],
          [
            77.6062082,
            12.957485
          ],
          [
            77.6060894,
            12.9570267
          ]
        ]
      }
    },
    {
      "type": "Feature",
      "id": "a0a0590a-7915-4162-87f1-cf03a5b7283a",
      "properties": {
        "id": "a0a0590a-7915-4162-87f1-cf03a5b7283a",
        "names": {
          "primary": "Pink Line (Kalena Agrahara - Nagawara)",
          "common": null,
          "rules": [
            {
              "variant": "common",
              "language": null,
              "perspectives": null,
              "value": "Pink Line (Kalena Agrahara - Nagawara)",
              "between": [
                0.0,
                0.296131505
              ],
              "side": null
            },
            {
              "variant": "common",
              "language": null,
              "perspectives": null,
              "value": "Pink Line (Nagawara - Kalena Agrahara)",
              "between": [
                0.296131505,
                0.35432311
              ],
              "side": null
            },
            {
              "variant": "common",
              "language": null,
              "perspectives": null,
              "value": "Pink Line (Kalena Agrahara - Nagawara)",
              "between": [
                0.35432311,
                1.0
              ],
              "side": null
            }
          ]
        },
        "subtype": "rail",
        "class": "subway",
        "subclass": null,
        "subclass_rules": null,
        "connectors": [
          {
            "connector_id": "2222b17b-b6cc-4bb3-a4d0-97c51825bc9c",
            "at": 0.0
          },
          {
            "connector_id": "66f86e19-34ee-4e53-9655-57474acc64d3",
            "at": 0.013782266
          },
          {
            "connector_id": "f5bd1d03-ba8d-4208-a4ec-bfa2c0131ef7",
            "at": 0.019311635
          },
          {
            "connector_id": "cf3a439d-c1c9-4d83-a2f1-ee42477fe3c7",
            "at": 0.037796626
          },
          {
            "connector_id": "521b4c23-8273-464e-a7c3-40dd08dc2dce",
            "at": 0.040100192
          },
          {
            "connector_id": "b646b3e7-028f-4a56-87ed-1f46c2530189",
            "at": 0.323779929
          },
          {
            "connector_id": "8cd34eee-1e2b-4fd3-a358-4c26e9de5707",
            "at": 0.379167313
          },
          {
            "connector_id": "c915449b-29af-4336-a9ea-88bd4dc05e9d",
            "at": 0.379546595
          },
          {
            "connector_id": "4bc6e189-0942-4bf5-aa1b-d59a5302b410",
            "at": 0.897791905
          },
          {
            "connector_id": "bc1e9e3c-da74-44e5-a802-c6578c940d74",
            "at": 0.907018703
          },
          {
            "connector_id": "b8616b1d-c9bc-4dcf-8555-31e6d12049d5",
            "at": 0.965591144
          },
          {
            "connector_id": "3eb5ec5d-074c-4904-bfa2-5b069a958449",
            "at": 1.0
          }
        ],
        "road_surface": null,
        "road_flags": null,
        "rail_flags": [
          {
            "values": [
              "is_bridge"
            ],
            "between": [
              0.0,
              0.359593561
            ]
          },
          {
            "values": [
              "is_tunnel"
            ],
            "between": [
              0.359593561,
              1.0
            ]
          }
        ],
        "width_rules": null,
        "level_rules": [
          {
            "value": 2,
            "between": [
              0.0,
              0.262863617
            ]
          },
          {
            "value": 3,
            "between": [
              0.262863617,
              0.296131505
            ]
          },
          {
            "value": 2,
            "between": [
              0.296131505,
              0.359593561
            ]
          },
          {
            "value": -2,
            "between": [
              0.359593561,
              1.0
            ]
          }
        ],
        "access_restrictions": null,
        "speed_limits": null,
        "prohibited_transitions": null,
        "routes": null,
        "destinations": null,
        "sources": [
          {
            "property": "",
            "dataset": "OpenStreetMap",
            "license": "ODbL-1.0",
            "record_id": "w1458248172@1",
            "update_time": "2026-03-19T17:37:27Z",
            "confidence": null,
            "between": [
              0.0,
              0.013782073
            ],
            "provider": "osm",
            "resource": "planet",
            "version": "2026-09-09"
          },
          {
            "property": "",
            "dataset": "OpenStreetMap",
            "license": "ODbL-1.0",
            "record_id": "w1531451466@1",
            "update_time": "2026-06-22T15:53:42Z",
            "confidence": null,
            "between": [
              0.013782073,
              0.181471054
            ],
            "provider": "osm",
            "resource": "planet",
            "version": "2026-09-09"
          },
          {
            "property": "",
            "dataset": "OpenStreetMap",
            "license": "ODbL-1.0",
            "record_id": "w1189299286@16",
            "update_time": "2026-06-22T15:53:42Z",
            "confidence": null,
            "between": [
              0.181471054,
              0.257493358
            ],
            "provider": "osm",
            "resource": "planet",
            "version": "2026-09-09"
          },
          {
            "property": "",
            "dataset": "OpenStreetMap",
            "license": "ODbL-1.0",
            "record_id": "w1531451458@1",
            "update_time": "2026-06-22T15:53:42Z",
            "confidence": null,
            "between": [
              0.257493358,
              0.262863617
            ],
            "provider": "osm",
            "resource": "planet",
            "version": "2026-09-09"
          },
          {
            "property": "",
            "dataset": "OpenStreetMap",
            "license": "ODbL-1.0",
            "record_id": "w1458248174@3",
            "update_time": "2026-06-22T15:53:42Z",
            "confidence": null,
            "between": [
              0.262863617,
              0.279290376
            ],
            "provider": "osm",
            "resource": "planet",
            "version": "2026-09-09"
          },
          {
            "property": "",
            "dataset": "OpenStreetMap",
            "license": "ODbL-1.0",
            "record_id": "w1531451456@1",
            "update_time": "2026-06-22T15:53:42Z",
            "confidence": null,
            "between": [
              0.279290376,
              0.296131505
            ],
            "provider": "osm",
            "resource": "planet",
            "version": "2026-09-09"
          },
          {
            "property": "",
            "dataset": "OpenStreetMap",
            "license": "ODbL-1.0",
            "record_id": "w1531451467@1",
            "update_time": "2026-06-22T15:53:42Z",
            "confidence": null,
            "between": [
              0.296131505,
              0.35432311
            ],
            "provider": "osm",
            "resource": "planet",
            "version": "2026-09-09"
          },
          {
            "property": "",
            "dataset": "OpenStreetMap",
            "license": "ODbL-1.0",
            "record_id": "w1531451472@1",
            "update_time": "2026-06-22T15:53:42Z",
            "confidence": null,
            "between": [
              0.35432311,
              0.359593561
            ],
            "provider": "osm",
            "resource": "planet",
            "version": "2026-09-09"
          },
          {
            "property": "",
            "dataset": "OpenStreetMap",
            "license": "ODbL-1.0",
            "record_id": "w1509722640@1",
            "update_time": "2026-06-22T15:53:42Z",
            "confidence": null,
            "between": [
              0.359593561,
              0.487675639
            ],
            "provider": "osm",
            "resource": "planet",
            "version": "2026-09-09"
          },
          {
            "property": "",
            "dataset": "OpenStreetMap",
            "license": "ODbL-1.0",
            "record_id": "w1080802067@22",
            "update_time": "2026-05-06T09:11:07Z",
            "confidence": null,
            "between": [
              0.487675639,
              0.647175129
            ],
            "provider": "osm",
            "resource": "planet",
            "version": "2026-09-09"
          },
          {
            "property": "",
            "dataset": "OpenStreetMap",
            "license": "ODbL-1.0",
            "record_id": "w1458248170@3",
            "update_time": "2026-03-08T04:35:12Z",
            "confidence": null,
            "between": [
              0.647175129,
              0.655064249
            ],
            "provider": "osm",
            "resource": "planet",
            "version": "2026-09-09"
          },
          {
            "property": "",
            "dataset": "OpenStreetMap",
            "license": "ODbL-1.0",
            "record_id": "w1080802068@7",
            "update_time": "2026-03-08T04:35:12Z",
            "confidence": null,
            "between": [
              0.655064249,
              0.701307701
            ],
            "provider": "osm",
            "resource": "planet",
            "version": "2026-09-09"
          },
          {
            "property": "",
            "dataset": "OpenStreetMap",
            "license": "ODbL-1.0",
            "record_id": "w1072928584@8",
            "update_time": "2026-03-08T04:35:12Z",
            "confidence": null,
            "between": [
              0.701307701,
              1.0
            ],
            "provider": "osm",
            "resource": "planet",
            "version": "2026-09-09"
          }
        ],
        "version": 3,
        "bbox": {
          "xmin": 77.59201049804688,
          "xmax": 77.62629699707031,
          "ymin": 12.866625785827637,
          "ymax": 13.043949127197266
        }
      },
      "geometry": {
        "type": "LineString",
        "coordinates": [
          [
            77.5920141,
            12.8666258
          ],
          [
            77.592492,
            12.8680181
          ],
          [
            77.5928649,
            12.8691237
          ],
          [
            77.5932076,
            12.8701254
          ],
          [
            77.593923,
            12.872217
          ],
          [
            77.5943482,
            12.8734758
          ],
          [
            77.594436,
            12.8737356
          ],
          [
            77.5944907,
            12.8738932
          ],
          [
            77.5947525,
            12.8746469
          ],
          [
            77.5948799,
            12.8750404
          ],
          [
            77.5949416,
            12.8753542
          ],
          [
            77.5950341,
            12.8759909
          ],
          [
            77.5951226,
            12.8766799
          ],
          [
            77.595242,
            12.8774094
          ],
          [
            77.5953613,
            12.8780042
          ],
          [
            77.5954686,
            12.8785612
          ],
          [
            77.595592,
            12.8792724
          ],
          [
            77.5956926,
            12.8798921
          ],
          [
            77.5957433,
            12.8802357
          ],
          [
            77.5959872,
            12.8817371
          ],
          [
            77.5968909,
            12.8871799
          ],
          [
            77.596956,
            12.8874842
          ],
          [
            77.5969853,
            12.8876173
          ],
          [
            77.5970608,
            12.8879013
          ],
          [
            77.5976979,
            12.8896381
          ],
          [
            77.5981675,
            12.8907509
          ],
          [
            77.5983052,
            12.8911199
          ],
          [
            77.598374,
            12.8913069
          ],
          [
            77.5984467,
            12.8914938
          ],
          [
            77.5986778,
            12.8921235
          ],
          [
            77.5988157,
            12.8924443
          ],
          [
            77.5988806,
            12.8926771
          ],
          [
            77.5989335,
            12.8928786
          ],
          [
            77.5990208,
            12.8932814
          ],
          [
            77.5990814,
            12.8936187
          ],
          [
            77.5991875,
            12.8943428
          ],
          [
            77.5998916,
            12.8969248
          ],
          [
            77.6001354,
            12.8977547
          ],
          [
            77.600709,
            12.8993956
          ],
          [
            77.6008237,
            12.8997948
          ],
          [
            77.6008831,
            12.9000732
          ],
          [
            77.6009202,
            12.9002488
          ],
          [
            77.6009524,
            12.9004253
          ],
          [
            77.600974,
            12.9005637
          ],
          [
            77.6009926,
            12.9007024
          ],
          [
            77.6010919,
            12.9017116
          ],
          [
            77.6011101,
            12.9018492
          ],
          [
            77.6011321,
            12.9019862
          ],
          [
            77.6011547,
            12.9021067
          ],
          [
            77.6011804,
            12.9022267
          ],
          [
            77.6013279,
            12.9028934
          ],
          [
            77.6015559,
            12.9037614
          ],
          [
            77.6017423,
            12.90453
          ],
          [
            77.6017607,
            12.904655
          ],
          [
            77.6017741,
            12.9047806
          ],
          [
            77.6017825,
            12.9049065
          ],
          [
            77.6017859,
            12.9050347
          ],
          [
            77.6017841,
            12.9051628
          ],
          [
            77.6017772,
            12.9052908
          ],
          [
            77.6017611,
            12.9054106
          ],
          [
            77.6017378,
            12.9055293
          ],
          [
            77.6017074,
            12.9056464
          ],
          [
            77.6016717,
            12.9057567
          ],
          [
            77.6016296,
            12.9058649
          ],
          [
            77.6015814,
            12.9059706
          ],
          [
            77.6015418,
            12.90607
          ],
          [
            77.6014971,
            12.9061672
          ],
          [
            77.6014473,
            12.9062621
          ],
          [
            77.6013833,
            12.9063687
          ],
          [
            77.6013129,
            12.9064713
          ],
          [
            77.6012364,
            12.9065696
          ],
          [
            77.600648,
            12.9073523
          ],
          [
            77.6005711,
            12.9074761
          ],
          [
            77.6005026,
            12.9076043
          ],
          [
            77.6004428,
            12.9077367
          ],
          [
            77.6003929,
            12.9078691
          ],
          [
            77.6003517,
            12.9080044
          ],
          [
            77.6003194,
            12.9081419
          ],
          [
            77.6002778,
            12.9084341
          ],
          [
            77.6002376,
            12.908738
          ],
          [
            77.6000123,
            12.9112178
          ],
          [
            77.5999761,
            12.911491
          ],
          [
            77.599945,
            12.9117649
          ],
          [
            77.5999191,
            12.9120393
          ],
          [
            77.5998982,
            12.9123157
          ],
          [
            77.5998825,
            12.9125924
          ],
          [
            77.5998721,
            12.9128694
          ],
          [
            77.5999223,
            12.914108
          ],
          [
            77.5999358,
            12.9151341
          ],
          [
            77.59993,
            12.9167319
          ],
          [
            77.5999951,
            12.9182718
          ],
          [
            77.600015,
            12.918751
          ],
          [
            77.6001249,
            12.9207457
          ],
          [
            77.6001765,
            12.921485
          ],
          [
            77.6002175,
            12.9224934
          ],
          [
            77.6002805,
            12.9237561
          ],
          [
            77.6003985,
            12.9258096
          ],
          [
            77.6004495,
            12.9267615
          ],
          [
            77.6004937,
            12.9277245
          ],
          [
            77.600479,
            12.9282434
          ],
          [
            77.6004978,
            12.9290904
          ],
          [
            77.6005782,
            12.9308053
          ],
          [
            77.6006131,
            12.931302
          ],
          [
            77.6006936,
            12.9322588
          ],
          [
            77.6007471,
            12.9325863
          ],
          [
            77.6008693,
            12.9331398
          ],
          [
            77.6009739,
            12.9335685
          ],
          [
            77.6012863,
            12.9349697
          ],
          [
            77.6014343,
            12.9362193
          ],
          [
            77.6015005,
            12.9368317
          ],
          [
            77.6016078,
            12.9372509
          ],
          [
            77.6016277,
            12.9373207
          ],
          [
            77.6017706,
            12.9378871
          ],
          [
            77.602192,
            12.9400229
          ],
          [
            77.602298,
            12.940553
          ],
          [
            77.602554,
            12.9420766
          ],
          [
            77.6025899,
            12.9423993
          ],
          [
            77.6026566,
            12.9428495
          ],
          [
            77.6026924,
            12.9433857
          ],
          [
            77.6026666,
            12.9438099
          ],
          [
            77.6025949,
            12.9443149
          ],
          [
            77.6025189,
            12.9447989
          ],
          [
            77.6024858,
            12.9450102
          ],
          [
            77.6024782,
            12.9451603
          ],
          [
            77.6024766,
            12.9453104
          ],
          [
            77.602333,
            12.9470391
          ],
          [
            77.6023301,
            12.9474629
          ],
          [
            77.6024388,
            12.947907
          ],
          [
            77.6026647,
            12.9485762
          ],
          [
            77.603154,
            12.949855
          ],
          [
            77.603528,
            12.9509864
          ],
          [
            77.6036572,
            12.9511939
          ],
          [
            77.6038818,
            12.9515448
          ],
          [
            77.6042216,
            12.9521374
          ],
          [
            77.6047003,
            12.9527805
          ],
          [
            77.6053063,
            12.953554
          ],
          [
            77.6054421,
            12.953736
          ],
          [
            77.6055151,
            12.9539387
          ],
          [
            77.6055668,
            12.9542799
          ],
          [
            77.6056643,
            12.9551145
          ],
          [
            77.6060377,
            12.9570339
          ],
          [
            77.6061589,
            12.9574967
          ],
          [
            77.6062693,
            12.9579562
          ],
          [
            77.6063713,
            12.9584175
          ],
          [
            77.6064651,
            12.9588804
          ],
          [
            77.6065505,
            12.9593449
          ],
          [
            77.6066275,
            12.9598108
          ],
          [
            77.6066961,
            12.9602779
          ],
          [
            77.6067564,
            12.9607461
          ],
          [
            77.6068082,
            12.9612153
          ],
          [
            77.60685,
            12.9616679
          ],
          [
            77.6068841,
            12.9621211
          ],
          [
            77.6069103,
            12.9625748
          ],
          [
            77.6069286,
            12.9630289
          ],
          [
            77.6069376,
            12.9634852
          ],
          [
            77.6069332,
            12.9644158
          ],
          [
            77.6069236,
            12.9650194
          ],
          [
            77.6068876,
            12.966163
          ],
          [
            77.6068708,
            12.9665963
          ],
          [
            77.6067547,
            12.9673317
          ],
          [
            77.6066365,
            12.9678457
          ],
          [
            77.6064458,
            12.9683202
          ],
          [
            77.6063153,
            12.9688643
          ],
          [
            77.6063005,
            12.9690168
          ],
          [
            77.6063005,
            12.9691995
          ],
          [
            77.6064518,
            12.9696582
          ],
          [
            77.6068788,
            12.9711432
          ],
          [
            77.6072645,
            12.9729776
          ],
          [
            77.6074303,
            12.9735498
          ],
          [
            77.6076941,
            12.9744552
          ],
          [
            77.6079905,
            12.9752711
          ],
          [
            77.6086516,
            12.9770453
          ],
          [
            77.6087841,
            12.9777532
          ],
          [
            77.6087885,
            12.977953
          ],
          [
            77.6087659,
            12.9781069
          ],
          [
            77.6087198,
            12.9782494
          ],
          [
            77.6086491,
            12.9784185
          ],
          [
            77.6085361,
            12.9786137
          ],
          [
            77.6083337,
            12.9789234
          ],
          [
            77.6080628,
            12.9792587
          ],
          [
            77.6077865,
            12.9795185
          ],
          [
            77.6075584,
            12.9797113
          ],
          [
            77.6073284,
            12.9798532
          ],
          [
            77.6071117,
            12.9799478
          ],
          [
            77.6069926,
            12.9799908
          ],
          [
            77.6052555,
            12.9805655
          ],
          [
            77.6044474,
            12.980821
          ],
          [
            77.6038225,
            12.9809781
          ],
          [
            77.6035123,
            12.9810737
          ],
          [
            77.6032862,
            12.981201
          ],
          [
            77.6030865,
            12.9814164
          ],
          [
            77.6029035,
            12.9816872
          ],
          [
            77.6027056,
            12.9819795
          ],
          [
            77.6025682,
            12.982228
          ],
          [
            77.6023934,
            12.982566
          ],
          [
            77.6022678,
            12.9828664
          ],
          [
            77.6022141,
            12.9829873
          ],
          [
            77.6021316,
            12.9833063
          ],
          [
            77.6018058,
            12.9847796
          ],
          [
            77.6018011,
            12.9850734
          ],
          [
            77.6019061,
            12.9857557
          ],
          [
            77.6021309,
            12.9862737
          ],
          [
            77.6025137,
            12.9868012
          ],
          [
            77.6030142,
            12.9872042
          ],
          [
            77.6035545,
            12.9875684
          ],
          [
            77.603731,
            12.9876874
          ],
          [
            77.604655,
            12.9882234
          ],
          [
            77.6051944,
            12.988749
          ],
          [
            77.6054497,
            12.9890994
          ],
          [
            77.6055971,
            12.9895763
          ],
          [
            77.6059956,
            12.9911332
          ],
          [
            77.6062277,
            12.9919228
          ],
          [
            77.6070728,
            12.9944079
          ],
          [
            77.6071004,
            12.9946574
          ],
          [
            77.6070707,
            12.9950323
          ],
          [
            77.6070381,
            12.9958752
          ],
          [
            77.6069265,
            12.9967557
          ],
          [
            77.6069453,
            12.9970975
          ],
          [
            77.6070715,
            12.997483
          ],
          [
            77.6072266,
            12.9977484
          ],
          [
            77.6083157,
            12.9993152
          ],
          [
            77.6093208,
            13.0005818
          ],
          [
            77.6105137,
            13.0017386
          ],
          [
            77.610997,
            13.0021682
          ],
          [
            77.6113039,
            13.0024425
          ],
          [
            77.6115617,
            13.0027143
          ],
          [
            77.6119156,
            13.0032722
          ],
          [
            77.6120965,
            13.003546
          ],
          [
            77.6122216,
            13.0038251
          ],
          [
            77.6121613,
            13.005174
          ],
          [
            77.6121148,
            13.0060587
          ],
          [
            77.6121471,
            13.0065663
          ],
          [
            77.6121901,
            13.0067842
          ],
          [
            77.6123259,
            13.0071394
          ],
          [
            77.6126922,
            13.0079422
          ],
          [
            77.6130546,
            13.0086208
          ],
          [
            77.6139091,
            13.0096212
          ],
          [
            77.6142228,
            13.0100174
          ],
          [
            77.6154522,
            13.0112826
          ],
          [
            77.6157991,
            13.0117304
          ],
          [
            77.6162303,
            13.0125239
          ],
          [
            77.6179698,
            13.0173215
          ],
          [
            77.6184532,
            13.0187978
          ],
          [
            77.6192015,
            13.022155
          ],
          [
            77.6193089,
            13.0227818
          ],
          [
            77.6193603,
            13.023082
          ],
          [
            77.6194736,
            13.0244657
          ],
          [
            77.6194383,
            13.0250435
          ],
          [
            77.6194562,
            13.0254833
          ],
          [
            77.6194868,
            13.025712
          ],
          [
            77.6195129,
            13.0259074
          ],
          [
            77.6195265,
            13.0260092
          ],
          [
            77.6200028,
            13.0273961
          ],
          [
            77.6203841,
            13.0285063
          ],
          [
            77.6205036,
            13.029354
          ],
          [
            77.6206787,
            13.029973
          ],
          [
            77.6209559,
            13.0306697
          ],
          [
            77.6216827,
            13.0321069
          ],
          [
            77.622052,
            13.0329171
          ],
          [
            77.6227874,
            13.0347664
          ],
          [
            77.6234466,
            13.0360163
          ],
          [
            77.6238629,
            13.0372587
          ],
          [
            77.6239013,
            13.037432
          ],
          [
            77.6239892,
            13.0378293
          ],
          [
            77.6241992,
            13.0385751
          ],
          [
            77.624466,
            13.0395454
          ],
          [
            77.6249709,
            13.0412295
          ],
          [
            77.6254069,
            13.0425454
          ],
          [
            77.6256386,
            13.0430183
          ],
          [
            77.6258881,
            13.0434256
          ],
          [
            77.6262945,
            13.0439491
          ]
        ]
      }
    },
    {
      "type": "Feature",
      "id": "b7ba9f4c-571f-467f-8cbd-181dff50a1fc",
      "properties": {
        "id": "b7ba9f4c-571f-467f-8cbd-181dff50a1fc",
        "names": {
          "primary": "Parijaata Line",
          "common": null,
          "rules": [
            {
              "variant": "common",
              "language": null,
              "perspectives": null,
              "value": "Parijaata Line",
              "between": null,
              "side": null
            }
          ]
        },
        "subtype": "rail",
        "class": "unknown",
        "subclass": null,
        "subclass_rules": null,
        "connectors": [
          {
            "connector_id": "081c63d5-42d5-43ca-bf09-ba7386c8bc10",
            "at": 0.0
          },
          {
            "connector_id": "c4f3699a-f03d-4085-bbbf-ef41a84c038b",
            "at": 1.0
          }
        ],
        "road_surface": null,
        "road_flags": null,
        "rail_flags": null,
        "width_rules": null,
        "level_rules": null,
        "access_restrictions": null,
        "speed_limits": null,
        "prohibited_transitions": null,
        "routes": null,
        "destinations": null,
        "sources": [
          {
            "property": "",
            "dataset": "OpenStreetMap",
            "license": "ODbL-1.0",
            "record_id": "w1348982380@1",
            "update_time": "2025-01-06T12:19:00Z",
            "confidence": null,
            "between": null,
            "provider": "osm",
            "resource": "planet",
            "version": "2026-09-09"
          }
        ],
        "version": 1,
        "bbox": {
          "xmin": 77.48384857177734,
          "xmax": 77.76136779785156,
          "ymin": 12.917265892028809,
          "ymax": 13.002197265625
        }
      },
      "geometry": {
        "type": "LineString",
        "coordinates": [
          [
            77.4838552,
            12.9172675
          ],
          [
            77.484,
            12.9175884
          ],
          [
            77.4841611,
            12.9179048
          ],
          [
            77.4843012,
            12.9181528
          ],
          [
            77.484411,
            12.9183258
          ],
          [
            77.4845534,
            12.9185466
          ],
          [
            77.4846398,
            12.9186649
          ],
          [
            77.4847659,
            12.9188288
          ],
          [
            77.4848756,
            12.918954
          ],
          [
            77.484997,
            12.9190951
          ],
          [
            77.4851208,
            12.9192225
          ],
          [
            77.4852165,
            12.9193135
          ],
          [
            77.4853309,
            12.9194273
          ],
          [
            77.4854757,
            12.9195457
          ],
          [
            77.4856532,
            12.9196822
          ],
          [
            77.4858049,
            12.9198051
          ],
          [
            77.4859894,
            12.9199212
          ],
          [
            77.4862136,
            12.9200532
          ],
          [
            77.4865125,
            12.9202034
          ],
          [
            77.4868067,
            12.9203445
          ],
          [
            77.4871534,
            12.920495
          ],
          [
            77.4878689,
            12.9208068
          ],
          [
            77.4885294,
            12.9211136
          ],
          [
            77.4886674,
            12.9211731
          ],
          [
            77.4890733,
            12.9213565
          ],
          [
            77.489898,
            12.921727
          ],
          [
            77.4905856,
            12.9220403
          ],
          [
            77.4912302,
            12.9223323
          ],
          [
            77.4917344,
            12.9225712
          ],
          [
            77.4921197,
            12.922742
          ],
          [
            77.4932651,
            12.9232718
          ],
          [
            77.4939078,
            12.9235645
          ],
          [
            77.4950212,
            12.9240689
          ],
          [
            77.4956351,
            12.9243496
          ],
          [
            77.4972803,
            12.9250894
          ],
          [
            77.4980601,
            12.9254529
          ],
          [
            77.4983033,
            12.9255808
          ],
          [
            77.4985378,
            12.9257141
          ],
          [
            77.4987692,
            12.9258473
          ],
          [
            77.499683,
            12.9264094
          ],
          [
            77.500914,
            12.9271516
          ],
          [
            77.5013111,
            12.9273972
          ],
          [
            77.5015849,
            12.92757
          ],
          [
            77.5018216,
            12.9277248
          ],
          [
            77.5020594,
            12.9279152
          ],
          [
            77.5022177,
            12.9280687
          ],
          [
            77.5023683,
            12.9282296
          ],
          [
            77.5025878,
            12.9285281
          ],
          [
            77.5029143,
            12.9289651
          ],
          [
            77.5031052,
            12.9292106
          ],
          [
            77.5033332,
            12.9294531
          ],
          [
            77.5034948,
            12.9295958
          ],
          [
            77.5037923,
            12.9297896
          ],
          [
            77.5041812,
            12.9300435
          ],
          [
            77.5046565,
            12.930355
          ],
          [
            77.5052411,
            12.9307366
          ],
          [
            77.5059306,
            12.9311848
          ],
          [
            77.5064037,
            12.9314846
          ],
          [
            77.5065445,
            12.9315724
          ],
          [
            77.5070155,
            12.9318644
          ],
          [
            77.5076379,
            12.9322591
          ],
          [
            77.5078863,
            12.9324226
          ],
          [
            77.5081946,
            12.9326283
          ],
          [
            77.5083826,
            12.9327762
          ],
          [
            77.5085706,
            12.9329541
          ],
          [
            77.5086876,
            12.9330809
          ],
          [
            77.5089094,
            12.9333518
          ],
          [
            77.509001,
            12.9334917
          ],
          [
            77.5092931,
            12.9338583
          ],
          [
            77.5094775,
            12.9340397
          ],
          [
            77.5096576,
            12.934179
          ],
          [
            77.5099824,
            12.9344238
          ],
          [
            77.5102919,
            12.9346604
          ],
          [
            77.5108052,
            12.9350449
          ],
          [
            77.5118016,
            12.9358065
          ],
          [
            77.5124388,
            12.9362853
          ],
          [
            77.5126205,
            12.9364193
          ],
          [
            77.5131388,
            12.9368171
          ],
          [
            77.513362,
            12.936988
          ],
          [
            77.5148055,
            12.9380723
          ],
          [
            77.5148779,
            12.9381246
          ],
          [
            77.5154078,
            12.9384856
          ],
          [
            77.5162325,
            12.9390474
          ],
          [
            77.5163022,
            12.939097
          ],
          [
            77.5174663,
            12.9399153
          ],
          [
            77.5178901,
            12.9401923
          ],
          [
            77.5182012,
            12.9403596
          ],
          [
            77.5185606,
            12.9405269
          ],
          [
            77.5187725,
            12.9406211
          ],
          [
            77.5191239,
            12.940757
          ],
          [
            77.5197783,
            12.9410053
          ],
          [
            77.5204033,
            12.941238
          ],
          [
            77.5207788,
            12.941387
          ],
          [
            77.5211034,
            12.9415308
          ],
          [
            77.5215915,
            12.9417739
          ],
          [
            77.5220529,
            12.9420196
          ],
          [
            77.5224096,
            12.9422156
          ],
          [
            77.5228817,
            12.9424875
          ],
          [
            77.5232464,
            12.9427228
          ],
          [
            77.5238821,
            12.9431828
          ],
          [
            77.5240598,
            12.943308
          ],
          [
            77.5241543,
            12.9433736
          ],
          [
            77.5242461,
            12.9434374
          ],
          [
            77.5246926,
            12.9437533
          ],
          [
            77.5250475,
            12.9440486
          ],
          [
            77.5254291,
            12.9444086
          ],
          [
            77.5257073,
            12.9447165
          ],
          [
            77.5259386,
            12.9450131
          ],
          [
            77.5261457,
            12.9453253
          ],
          [
            77.5262767,
            12.9455452
          ],
          [
            77.5264131,
            12.9457965
          ],
          [
            77.5266225,
            12.9462183
          ],
          [
            77.5268553,
            12.9467088
          ],
          [
            77.5270585,
            12.9470711
          ],
          [
            77.5272207,
            12.9473467
          ],
          [
            77.5274097,
            12.9476171
          ],
          [
            77.5287449,
            12.9495465
          ],
          [
            77.5296461,
            12.9508765
          ],
          [
            77.5297997,
            12.9510537
          ],
          [
            77.5299878,
            12.9512249
          ],
          [
            77.5301811,
            12.9513709
          ],
          [
            77.5310371,
            12.9518605
          ],
          [
            77.5314678,
            12.9520918
          ],
          [
            77.5318646,
            12.952237
          ],
          [
            77.5325465,
            12.952419
          ],
          [
            77.5335926,
            12.952684
          ],
          [
            77.5341561,
            12.9528986
          ],
          [
            77.5346258,
            12.9531298
          ],
          [
            77.5351358,
            12.9534294
          ],
          [
            77.5353393,
            12.953582
          ],
          [
            77.5355776,
            12.9537713
          ],
          [
            77.5357318,
            12.953909
          ],
          [
            77.5359902,
            12.9541677
          ],
          [
            77.5367484,
            12.9550512
          ],
          [
            77.5383115,
            12.9568821
          ],
          [
            77.5395312,
            12.95829
          ],
          [
            77.5402694,
            12.9591216
          ],
          [
            77.5404697,
            12.9593668
          ],
          [
            77.5408346,
            12.9598435
          ],
          [
            77.5433961,
            12.9634881
          ],
          [
            77.5435642,
            12.9637128
          ],
          [
            77.5437277,
            12.9638969
          ],
          [
            77.54387,
            12.9640164
          ],
          [
            77.5440157,
            12.9641216
          ],
          [
            77.5441984,
            12.9642159
          ],
          [
            77.544374,
            12.964293
          ],
          [
            77.5445531,
            12.96434
          ],
          [
            77.5447526,
            12.9643755
          ],
          [
            77.5449663,
            12.9643856
          ],
          [
            77.5452071,
            12.9643682
          ],
          [
            77.5455944,
            12.9643311
          ],
          [
            77.5459675,
            12.9643147
          ],
          [
            77.5462552,
            12.9643492
          ],
          [
            77.5466653,
            12.9644453
          ],
          [
            77.5473382,
            12.9646785
          ],
          [
            77.5479836,
            12.9648955
          ],
          [
            77.5482343,
            12.9650128
          ],
          [
            77.5484532,
            12.9651439
          ],
          [
            77.5487607,
            12.9653415
          ],
          [
            77.5494765,
            12.9658555
          ],
          [
            77.5497587,
            12.9660801
          ],
          [
            77.5499985,
            12.9662875
          ],
          [
            77.5502083,
            12.9665068
          ],
          [
            77.5505054,
            12.966871
          ],
          [
            77.55101,
            12.9674523
          ],
          [
            77.5511912,
            12.9676609
          ],
          [
            77.5513936,
            12.9678419
          ],
          [
            77.5515931,
            12.9679975
          ],
          [
            77.5518527,
            12.9681462
          ],
          [
            77.5521222,
            12.968254
          ],
          [
            77.5529225,
            12.9684796
          ],
          [
            77.5543031,
            12.9688387
          ],
          [
            77.5558157,
            12.9692576
          ],
          [
            77.5562864,
            12.9693698
          ],
          [
            77.5565167,
            12.9694089
          ],
          [
            77.5567895,
            12.9694272
          ],
          [
            77.557071,
            12.9694181
          ],
          [
            77.5574374,
            12.9693746
          ],
          [
            77.5578313,
            12.9692979
          ],
          [
            77.5586526,
            12.9691273
          ],
          [
            77.5594308,
            12.9689663
          ],
          [
            77.55959,
            12.9689066
          ],
          [
            77.5598035,
            12.9688217
          ],
          [
            77.5599982,
            12.9687159
          ],
          [
            77.5601753,
            12.9685963
          ],
          [
            77.5603835,
            12.9684526
          ],
          [
            77.5606413,
            12.9682468
          ],
          [
            77.5609031,
            12.9679772
          ],
          [
            77.5610977,
            12.9677812
          ],
          [
            77.5612856,
            12.967617
          ],
          [
            77.5614488,
            12.9675044
          ],
          [
            77.5616227,
            12.9673966
          ],
          [
            77.5618582,
            12.9672957
          ],
          [
            77.5620936,
            12.9672304
          ],
          [
            77.5623008,
            12.9672041
          ],
          [
            77.5625423,
            12.9671962
          ],
          [
            77.5627768,
            12.9672297
          ],
          [
            77.5630042,
            12.9672923
          ],
          [
            77.5631874,
            12.9673692
          ],
          [
            77.5634178,
            12.9674895
          ],
          [
            77.5636044,
            12.9676316
          ],
          [
            77.5637909,
            12.9678217
          ],
          [
            77.5658616,
            12.9704694
          ],
          [
            77.5662445,
            12.9709533
          ],
          [
            77.5663566,
            12.9710955
          ],
          [
            77.5665659,
            12.9713737
          ],
          [
            77.5667836,
            12.9717397
          ],
          [
            77.5668886,
            12.971921
          ],
          [
            77.5669706,
            12.9720876
          ],
          [
            77.567116,
            12.9723276
          ],
          [
            77.5672346,
            12.972527
          ],
          [
            77.5673998,
            12.9728634
          ],
          [
            77.5674583,
            12.9730138
          ],
          [
            77.5674998,
            12.9731364
          ],
          [
            77.5675878,
            12.9734793
          ],
          [
            77.5676292,
            12.973711
          ],
          [
            77.5676888,
            12.9740258
          ],
          [
            77.567712,
            12.9741521
          ],
          [
            77.567743,
            12.9743127
          ],
          [
            77.5677837,
            12.9745422
          ],
          [
            77.5677895,
            12.9745704
          ],
          [
            77.5679121,
            12.975214
          ],
          [
            77.5680603,
            12.9759161
          ],
          [
            77.5682495,
            12.9767
          ],
          [
            77.5684608,
            12.977598
          ],
          [
            77.5686285,
            12.9782696
          ],
          [
            77.5687254,
            12.9786581
          ],
          [
            77.5687787,
            12.9788546
          ],
          [
            77.5688402,
            12.9790459
          ],
          [
            77.5689074,
            12.979234
          ],
          [
            77.5689795,
            12.9794217
          ],
          [
            77.5690637,
            12.9796081
          ],
          [
            77.5692065,
            12.9799116
          ],
          [
            77.5692811,
            12.9800499
          ],
          [
            77.569334,
            12.9801406
          ],
          [
            77.5694054,
            12.9802469
          ],
          [
            77.5694796,
            12.9803545
          ],
          [
            77.5695416,
            12.9804418
          ],
          [
            77.5696286,
            12.9805531
          ],
          [
            77.5697491,
            12.9806917
          ],
          [
            77.5698396,
            12.9807908
          ],
          [
            77.5699789,
            12.9809299
          ],
          [
            77.5702092,
            12.9811692
          ],
          [
            77.5703493,
            12.9813144
          ],
          [
            77.5705909,
            12.9815344
          ],
          [
            77.5708865,
            12.9818157
          ],
          [
            77.5711111,
            12.9820172
          ],
          [
            77.5714324,
            12.9823522
          ],
          [
            77.5716602,
            12.982576
          ],
          [
            77.5720874,
            12.9829622
          ],
          [
            77.5722508,
            12.9831099
          ],
          [
            77.5724089,
            12.9832433
          ],
          [
            77.5725766,
            12.9833714
          ],
          [
            77.5728607,
            12.9835705
          ],
          [
            77.5730337,
            12.9836799
          ],
          [
            77.5731608,
            12.9837474
          ],
          [
            77.5733032,
            12.9838149
          ],
          [
            77.5734777,
            12.9838823
          ],
          [
            77.5747234,
            12.9842865
          ],
          [
            77.5749037,
            12.984356
          ],
          [
            77.5750921,
            12.9844392
          ],
          [
            77.5752542,
            12.9845264
          ],
          [
            77.575427,
            12.9846292
          ],
          [
            77.5756312,
            12.9847819
          ],
          [
            77.5758292,
            12.984968
          ],
          [
            77.5760296,
            12.9851988
          ],
          [
            77.5762667,
            12.9855152
          ],
          [
            77.5767845,
            12.9862417
          ],
          [
            77.5777784,
            12.9877026
          ],
          [
            77.5780244,
            12.9880772
          ],
          [
            77.578973,
            12.9894819
          ],
          [
            77.5790959,
            12.989653
          ],
          [
            77.5794785,
            12.9902208
          ],
          [
            77.5796538,
            12.9905093
          ],
          [
            77.5798036,
            12.9907917
          ],
          [
            77.5799279,
            12.9910743
          ],
          [
            77.5800753,
            12.9914294
          ],
          [
            77.580226,
            12.9918186
          ],
          [
            77.5803603,
            12.9920846
          ],
          [
            77.5805488,
            12.9923756
          ],
          [
            77.5807639,
            12.9926629
          ],
          [
            77.5814715,
            12.993653
          ],
          [
            77.5823514,
            12.9948762
          ],
          [
            77.5825439,
            12.9951069
          ],
          [
            77.5827237,
            12.9952816
          ],
          [
            77.5829196,
            12.9954331
          ],
          [
            77.5831188,
            12.9955566
          ],
          [
            77.5833209,
            12.9956724
          ],
          [
            77.5835293,
            12.9957572
          ],
          [
            77.5837349,
            12.9958296
          ],
          [
            77.5839661,
            12.9958834
          ],
          [
            77.5842289,
            12.995926
          ],
          [
            77.5845132,
            12.9959472
          ],
          [
            77.5847528,
            12.9959408
          ],
          [
            77.5849696,
            12.9959145
          ],
          [
            77.5852562,
            12.9958619
          ],
          [
            77.5855005,
            12.9957979
          ],
          [
            77.5857271,
            12.9957155
          ],
          [
            77.5863924,
            12.9954358
          ],
          [
            77.5865957,
            12.9953752
          ],
          [
            77.5868054,
            12.9953209
          ],
          [
            77.5870864,
            12.9952795
          ],
          [
            77.5874091,
            12.9952642
          ],
          [
            77.5895792,
            12.9953525
          ],
          [
            77.5898287,
            12.9953634
          ],
          [
            77.5936171,
            12.9954952
          ],
          [
            77.5938956,
            12.9954991
          ],
          [
            77.5940173,
            12.9954918
          ],
          [
            77.594155,
            12.9954813
          ],
          [
            77.594326,
            12.9954563
          ],
          [
            77.5945034,
            12.9954188
          ],
          [
            77.5946843,
            12.9953694
          ],
          [
            77.5948971,
            12.9952951
          ],
          [
            77.5950763,
            12.9952213
          ],
          [
            77.5953082,
            12.995104
          ],
          [
            77.5959696,
            12.9947482
          ],
          [
            77.5963675,
            12.9945519
          ],
          [
            77.596654,
            12.9944391
          ],
          [
            77.5969675,
            12.9943597
          ],
          [
            77.5972038,
            12.9942798
          ],
          [
            77.5981221,
            12.9939344
          ],
          [
            77.5989515,
            12.9936317
          ],
          [
            77.5993685,
            12.9934759
          ],
          [
            77.5997403,
            12.9933267
          ],
          [
            77.6001339,
            12.99317
          ],
          [
            77.6005209,
            12.9930093
          ],
          [
            77.6008855,
            12.9928718
          ],
          [
            77.6011302,
            12.9927861
          ],
          [
            77.6013953,
            12.9926937
          ],
          [
            77.6015731,
            12.9926401
          ],
          [
            77.6017306,
            12.9926062
          ],
          [
            77.6019036,
            12.9925789
          ],
          [
            77.6020992,
            12.9925472
          ],
          [
            77.6022621,
            12.992531
          ],
          [
            77.602454,
            12.9925203
          ],
          [
            77.6026311,
            12.9925216
          ],
          [
            77.6028398,
            12.992536
          ],
          [
            77.6030799,
            12.9925633
          ],
          [
            77.6033915,
            12.9926198
          ],
          [
            77.6035629,
            12.9926608
          ],
          [
            77.6037798,
            12.9927414
          ],
          [
            77.603947,
            12.9928243
          ],
          [
            77.6041105,
            12.9929053
          ],
          [
            77.6042211,
            12.9929686
          ],
          [
            77.6044073,
            12.9930723
          ],
          [
            77.6046106,
            12.9932014
          ],
          [
            77.6047569,
            12.9933065
          ],
          [
            77.6049121,
            12.9934383
          ],
          [
            77.6050541,
            12.9935812
          ],
          [
            77.6051781,
            12.9937138
          ],
          [
            77.6052714,
            12.9938152
          ],
          [
            77.6053703,
            12.9939333
          ],
          [
            77.6055099,
            12.9941254
          ],
          [
            77.6056543,
            12.9943323
          ],
          [
            77.6057831,
            12.9945241
          ],
          [
            77.6064874,
            12.9955837
          ],
          [
            77.6070046,
            12.9963573
          ],
          [
            77.6075971,
            12.9972434
          ],
          [
            77.6085648,
            12.9986911
          ],
          [
            77.6088653,
            12.9991301
          ],
          [
            77.6090745,
            12.9993941
          ],
          [
            77.6092394,
            12.9995914
          ],
          [
            77.6094151,
            12.9997835
          ],
          [
            77.6096994,
            13.0000671
          ],
          [
            77.6099944,
            13.0003402
          ],
          [
            77.6102318,
            13.0005401
          ],
          [
            77.6104907,
            13.0007374
          ],
          [
            77.6109145,
            13.0010222
          ],
          [
            77.610928,
            13.0010297
          ],
          [
            77.611038,
            13.0010982
          ],
          [
            77.6110834,
            13.0011268
          ],
          [
            77.6113678,
            13.0012758
          ],
          [
            77.6118586,
            13.0015109
          ],
          [
            77.6120731,
            13.0016025
          ],
          [
            77.612136,
            13.0016274
          ],
          [
            77.6122044,
            13.0016544
          ],
          [
            77.6122448,
            13.0016704
          ],
          [
            77.6125412,
            13.0017724
          ],
          [
            77.6128161,
            13.0018599
          ],
          [
            77.6131098,
            13.0019318
          ],
          [
            77.6134451,
            13.0020154
          ],
          [
            77.6137026,
            13.0020657
          ],
          [
            77.6139869,
            13.002116
          ],
          [
            77.6143785,
            13.0021696
          ],
          [
            77.6146936,
            13.0021905
          ],
          [
            77.6149981,
            13.0021957
          ],
          [
            77.6152006,
            13.0021938
          ],
          [
            77.6154246,
            13.0021866
          ],
          [
            77.6157465,
            13.0021513
          ],
          [
            77.6160455,
            13.0021056
          ],
          [
            77.6163553,
            13.0020572
          ],
          [
            77.6168274,
            13.0019527
          ],
          [
            77.6171332,
            13.0018664
          ],
          [
            77.6174389,
            13.0017619
          ],
          [
            77.6176937,
            13.0016626
          ],
          [
            77.6180988,
            13.0014796
          ],
          [
            77.6185118,
            13.0012627
          ],
          [
            77.6187801,
            13.0011138
          ],
          [
            77.6189973,
            13.0009805
          ],
          [
            77.6192468,
            13.0008106
          ],
          [
            77.6194935,
            13.0006172
          ],
          [
            77.6198797,
            13.0002879
          ],
          [
            77.6201801,
            13.0000344
          ],
          [
            77.6219316,
            12.9984689
          ],
          [
            77.6237449,
            12.9968355
          ],
          [
            77.6241632,
            12.996467
          ],
          [
            77.6245683,
            12.9961482
          ],
          [
            77.6248217,
            12.9959613
          ],
          [
            77.6250644,
            12.9958058
          ],
          [
            77.6252857,
            12.9956738
          ],
          [
            77.6254963,
            12.9955574
          ],
          [
            77.6259657,
            12.9953144
          ],
          [
            77.6263667,
            12.9951602
          ],
          [
            77.6267248,
            12.9950374
          ],
          [
            77.6270748,
            12.9949342
          ],
          [
            77.6274462,
            12.9948466
          ],
          [
            77.6281543,
            12.9947068
          ],
          [
            77.6290931,
            12.9945303
          ],
          [
            77.6299756,
            12.99435
          ],
          [
            77.6319098,
            12.9939693
          ],
          [
            77.6373026,
            12.9929316
          ],
          [
            77.6384805,
            12.9927032
          ],
          [
            77.6415868,
            12.9921008
          ],
          [
            77.6435485,
            12.9917183
          ],
          [
            77.6436484,
            12.9916988
          ],
          [
            77.6446587,
            12.9915018
          ],
          [
            77.64605,
            12.9912308
          ],
          [
            77.6468655,
            12.9910373
          ],
          [
            77.647426,
            12.990945
          ],
          [
            77.6477185,
            12.990901
          ],
          [
            77.6480148,
            12.9908612
          ],
          [
            77.6483763,
            12.9908273
          ],
          [
            77.6485449,
            12.9908123
          ],
          [
            77.6489821,
            12.9908002
          ],
          [
            77.6493249,
            12.9907957
          ],
          [
            77.6496933,
            12.9908039
          ],
          [
            77.6500088,
            12.9908195
          ],
          [
            77.6503003,
            12.9908377
          ],
          [
            77.650625,
            12.9908713
          ],
          [
            77.6508995,
            12.9909061
          ],
          [
            77.6510815,
            12.990938
          ],
          [
            77.6515063,
            12.9910125
          ],
          [
            77.6519021,
            12.9910945
          ],
          [
            77.6523292,
            12.9912085
          ],
          [
            77.6527576,
            12.9913238
          ],
          [
            77.653193,
            12.9914732
          ],
          [
            77.6536511,
            12.9916451
          ],
          [
            77.6540354,
            12.9918111
          ],
          [
            77.6544654,
            12.992018
          ],
          [
            77.6560976,
            12.9929374
          ],
          [
            77.6567426,
            12.9933275
          ],
          [
            77.6569848,
            12.993467
          ],
          [
            77.6578757,
            12.9939847
          ],
          [
            77.6591943,
            12.9947236
          ],
          [
            77.6606488,
            12.9955482
          ],
          [
            77.6627561,
            12.9967616
          ],
          [
            77.6628706,
            12.9968238
          ],
          [
            77.6638147,
            12.9973783
          ],
          [
            77.66469,
            12.997881
          ],
          [
            77.6654066,
            12.9982791
          ],
          [
            77.66617,
            12.9986677
          ],
          [
            77.6668056,
            12.9989576
          ],
          [
            77.6678293,
            12.9993554
          ],
          [
            77.6685654,
            12.9996118
          ],
          [
            77.6686095,
            12.9996266
          ],
          [
            77.6687171,
            12.9996625
          ],
          [
            77.6695231,
            12.9999088
          ],
          [
            77.6696559,
            12.9999424
          ],
          [
            77.6700706,
            13.0000482
          ],
          [
            77.6705217,
            13.0001424
          ],
          [
            77.6708641,
            13.000214
          ],
          [
            77.671734,
            13.0003919
          ],
          [
            77.6723567,
            13.0005021
          ],
          [
            77.6727275,
            13.0005622
          ],
          [
            77.6732962,
            13.0006414
          ],
          [
            77.6738633,
            13.0006911
          ],
          [
            77.6747967,
            13.0007489
          ],
          [
            77.6753512,
            13.0007847
          ],
          [
            77.6757733,
            13.0007848
          ],
          [
            77.6762633,
            13.0007799
          ],
          [
            77.6767298,
            13.0007665
          ],
          [
            77.6771234,
            13.0007514
          ],
          [
            77.6781107,
            13.0007013
          ],
          [
            77.6793583,
            13.0006584
          ],
          [
            77.6794418,
            13.0006555
          ],
          [
            77.6798351,
            13.0006631
          ],
          [
            77.6802139,
            13.0006735
          ],
          [
            77.6805875,
            13.0006826
          ],
          [
            77.6809902,
            13.0006825
          ],
          [
            77.6811434,
            13.000679
          ],
          [
            77.6815734,
            13.0006505
          ],
          [
            77.682091,
            13.0006215
          ],
          [
            77.6834855,
            13.0005517
          ],
          [
            77.685742,
            13.0004296
          ],
          [
            77.6888514,
            13.0002984
          ],
          [
            77.6901626,
            13.0002288
          ],
          [
            77.6914557,
            13.0001811
          ],
          [
            77.6960647,
            12.9999571
          ],
          [
            77.6960834,
            12.9999562
          ],
          [
            77.6974635,
            12.9998905
          ],
          [
            77.6994169,
            12.9998103
          ],
          [
            77.7018033,
            12.9997123
          ],
          [
            77.7035316,
            12.9996149
          ],
          [
            77.7046151,
            12.9995324
          ],
          [
            77.705271,
            12.9994424
          ],
          [
            77.7059799,
            12.9993376
          ],
          [
            77.7070109,
            12.9991206
          ],
          [
            77.7122622,
            12.9978404
          ],
          [
            77.7142275,
            12.9973361
          ],
          [
            77.7168182,
            12.9966921
          ],
          [
            77.7183865,
            12.9963007
          ],
          [
            77.720726,
            12.9957265
          ],
          [
            77.7211637,
            12.9956446
          ],
          [
            77.7216108,
            12.9955768
          ],
          [
            77.7221205,
            12.9955241
          ],
          [
            77.7227765,
            12.9954575
          ],
          [
            77.7234255,
            12.9954432
          ],
          [
            77.7242113,
            12.995437
          ],
          [
            77.724861,
            12.9954699
          ],
          [
            77.7254789,
            12.9955402
          ],
          [
            77.7260167,
            12.9956039
          ],
          [
            77.7269353,
            12.9957748
          ],
          [
            77.7313877,
            12.9966208
          ],
          [
            77.7314371,
            12.99663
          ],
          [
            77.7336704,
            12.9970473
          ],
          [
            77.7365588,
            12.997587
          ],
          [
            77.7386962,
            12.9979864
          ],
          [
            77.7411293,
            12.9984615
          ],
          [
            77.7415467,
            12.9985281
          ],
          [
            77.7419376,
            12.99858
          ],
          [
            77.7420221,
            12.998589
          ],
          [
            77.7423119,
            12.9986198
          ],
          [
            77.7425005,
            12.9986358
          ],
          [
            77.7426938,
            12.9986522
          ],
          [
            77.7432176,
            12.9986801
          ],
          [
            77.743711,
            12.9986968
          ],
          [
            77.7444473,
            12.998671
          ],
          [
            77.7450223,
            12.9986273
          ],
          [
            77.7455972,
            12.9985651
          ],
          [
            77.7460992,
            12.9984975
          ],
          [
            77.7462302,
            12.9984747
          ],
          [
            77.7466163,
            12.9984076
          ],
          [
            77.7482668,
            12.9981383
          ],
          [
            77.7529432,
            12.9973754
          ],
          [
            77.7545743,
            12.9971052
          ],
          [
            77.7554847,
            12.9969433
          ],
          [
            77.7564095,
            12.9968083
          ],
          [
            77.7568294,
            12.9967469
          ],
          [
            77.7577033,
            12.9965849
          ],
          [
            77.7582439,
            12.9964884
          ],
          [
            77.7584326,
            12.9964578
          ],
          [
            77.759025,
            12.9963653
          ],
          [
            77.759611,
            12.9962717
          ],
          [
            77.7613612,
            12.9959924
          ]
        ]
      }
    },
    {
      "type": "Feature",
      "id": "b26f411d-d779-496e-9c4b-e5bb51c64ccd",
      "properties": {
        "id": "b26f411d-d779-496e-9c4b-e5bb51c64ccd",
        "names": {
          "primary": "Kanaka Line",
          "common": null,
          "rules": [
            {
              "variant": "common",
              "language": null,
              "perspectives": null,
              "value": "Kanaka Line",
              "between": null,
              "side": null
            }
          ]
        },
        "subtype": "rail",
        "class": "unknown",
        "subclass": null,
        "subclass_rules": null,
        "connectors": [
          {
            "connector_id": "ebeb93a6-d562-4df5-a205-125356b9bbb8",
            "at": 0.0
          },
          {
            "connector_id": "a501af09-3d6b-43ce-b727-44580a3feb38",
            "at": 0.497323082
          },
          {
            "connector_id": "7907f7ee-a6f4-436e-b945-f713ac833554",
            "at": 1.0
          }
        ],
        "road_surface": null,
        "road_flags": null,
        "rail_flags": null,
        "width_rules": null,
        "level_rules": null,
        "access_restrictions": null,
        "speed_limits": null,
        "prohibited_transitions": null,
        "routes": null,
        "destinations": null,
        "sources": [
          {
            "property": "",
            "dataset": "OpenStreetMap",
            "license": "ODbL-1.0",
            "record_id": "w1348981604@1",
            "update_time": "2025-01-06T12:13:39Z",
            "confidence": null,
            "between": null,
            "provider": "osm",
            "resource": "planet",
            "version": "2026-09-09"
          }
        ],
        "version": 1,
        "bbox": {
          "xmin": 77.56529998779297,
          "xmax": 77.71306610107422,
          "ymin": 12.807709693908691,
          "ymax": 13.172957420349121
        }
      },
      "geometry": {
        "type": "LineString",
        "coordinates": [
          [
            77.5653705,
            13.1729571
          ],
          [
            77.5653487,
            13.1726895
          ],
          [
            77.5653281,
            13.1723707
          ],
          [
            77.5653128,
            13.1720016
          ],
          [
            77.5653201,
            13.1717236
          ],
          [
            77.5653353,
            13.1713923
          ],
          [
            77.5653573,
            13.1709908
          ],
          [
            77.5654144,
            13.1705606
          ],
          [
            77.565479,
            13.1701438
          ],
          [
            77.5657867,
            13.168717
          ],
          [
            77.5659018,
            13.1681945
          ],
          [
            77.567903,
            13.1587258
          ],
          [
            77.5703287,
            13.1473932
          ],
          [
            77.5723557,
            13.1377872
          ],
          [
            77.5724591,
            13.1373635
          ],
          [
            77.5725779,
            13.1369442
          ],
          [
            77.5727367,
            13.1365101
          ],
          [
            77.5729341,
            13.136057
          ],
          [
            77.5730987,
            13.1357265
          ],
          [
            77.573333,
            13.1352997
          ],
          [
            77.5758135,
            13.1312931
          ],
          [
            77.5782069,
            13.1274881
          ],
          [
            77.5834457,
            13.1192546
          ],
          [
            77.5862283,
            13.1148416
          ],
          [
            77.5863217,
            13.1146914
          ],
          [
            77.5876487,
            13.1125771
          ],
          [
            77.5879139,
            13.1121648
          ],
          [
            77.5881352,
            13.1118836
          ],
          [
            77.5882358,
            13.1117386
          ],
          [
            77.5885939,
            13.1111888
          ],
          [
            77.5887789,
            13.1108805
          ],
          [
            77.5890069,
            13.1104938
          ],
          [
            77.5891973,
            13.1101516
          ],
          [
            77.589361,
            13.1098172
          ],
          [
            77.5894978,
            13.1095064
          ],
          [
            77.5897351,
            13.1089917
          ],
          [
            77.5908308,
            13.1065701
          ],
          [
            77.5932877,
            13.1012135
          ],
          [
            77.5938191,
            13.1000271
          ],
          [
            77.5940092,
            13.0996324
          ],
          [
            77.594176,
            13.09925
          ],
          [
            77.5944146,
            13.0987432
          ],
          [
            77.5953681,
            13.0965755
          ],
          [
            77.5955,
            13.096287
          ],
          [
            77.5967144,
            13.0936314
          ],
          [
            77.5969517,
            13.093118
          ],
          [
            77.5973337,
            13.0923108
          ],
          [
            77.5976263,
            13.0916617
          ],
          [
            77.5978316,
            13.0912368
          ],
          [
            77.5980517,
            13.0908325
          ],
          [
            77.5982616,
            13.0904699
          ],
          [
            77.5984617,
            13.0901611
          ],
          [
            77.5986832,
            13.0898564
          ],
          [
            77.5989881,
            13.0894825
          ],
          [
            77.5993047,
            13.0891526
          ],
          [
            77.599729,
            13.0887466
          ],
          [
            77.6099154,
            13.0795046
          ],
          [
            77.610167,
            13.0792747
          ],
          [
            77.6104574,
            13.0790148
          ],
          [
            77.6126156,
            13.0770667
          ],
          [
            77.6126771,
            13.0770121
          ],
          [
            77.6192156,
            13.0714546
          ],
          [
            77.6203132,
            13.0705233
          ],
          [
            77.6230285,
            13.0681286
          ],
          [
            77.6258381,
            13.065668
          ],
          [
            77.6271533,
            13.0645262
          ],
          [
            77.6286723,
            13.0631806
          ],
          [
            77.6313723,
            13.0608133
          ],
          [
            77.6327737,
            13.0595982
          ],
          [
            77.6330228,
            13.0593965
          ],
          [
            77.6354066,
            13.0573204
          ],
          [
            77.6358347,
            13.0569013
          ],
          [
            77.6362203,
            13.0564608
          ],
          [
            77.6365202,
            13.0560757
          ],
          [
            77.6368131,
            13.0556413
          ],
          [
            77.6416813,
            13.0477692
          ],
          [
            77.6434936,
            13.0448487
          ],
          [
            77.6436698,
            13.0446049
          ],
          [
            77.6448517,
            13.0430924
          ],
          [
            77.6487903,
            13.0382374
          ],
          [
            77.6506893,
            13.0358465
          ],
          [
            77.6537517,
            13.032146
          ],
          [
            77.6547233,
            13.0309213
          ],
          [
            77.6584226,
            13.0263974
          ],
          [
            77.6608967,
            13.0233771
          ],
          [
            77.6612978,
            13.0228579
          ],
          [
            77.6616869,
            13.0222779
          ],
          [
            77.6620077,
            13.0216941
          ],
          [
            77.662317,
            13.021026
          ],
          [
            77.6625092,
            13.0204747
          ],
          [
            77.6626455,
            13.0199887
          ],
          [
            77.6627264,
            13.0195811
          ],
          [
            77.6628133,
            13.0190448
          ],
          [
            77.6628456,
            13.0187226
          ],
          [
            77.6630712,
            13.0155507
          ],
          [
            77.6630802,
            13.0154252
          ],
          [
            77.663116,
            13.0149217
          ],
          [
            77.6633802,
            13.0112082
          ],
          [
            77.6634777,
            13.0099106
          ],
          [
            77.6635386,
            13.009087
          ],
          [
            77.663766,
            13.0059996
          ],
          [
            77.6637719,
            13.0059189
          ],
          [
            77.6637975,
            13.005572
          ],
          [
            77.6639107,
            13.0034858
          ],
          [
            77.663919,
            13.0033376
          ],
          [
            77.6640159,
            13.0016099
          ],
          [
            77.6640737,
            13.000816
          ],
          [
            77.6641645,
            12.9998823
          ],
          [
            77.6642337,
            12.9991212
          ],
          [
            77.6642378,
            12.9989519
          ],
          [
            77.6642292,
            12.9988044
          ],
          [
            77.6642161,
            12.9986427
          ],
          [
            77.6641838,
            12.9984794
          ],
          [
            77.6641525,
            12.9983562
          ],
          [
            77.66411,
            12.9982205
          ],
          [
            77.6640653,
            12.998105
          ],
          [
            77.6640047,
            12.9979708
          ],
          [
            77.6638188,
            12.9976722
          ],
          [
            77.6636962,
            12.9975083
          ],
          [
            77.6635576,
            12.9973548
          ],
          [
            77.6633358,
            12.9971631
          ],
          [
            77.6629532,
            12.9969021
          ],
          [
            77.66293,
            12.9968748
          ],
          [
            77.6629123,
            12.9968438
          ],
          [
            77.6629007,
            12.9968102
          ],
          [
            77.6628956,
            12.9967755
          ],
          [
            77.6628971,
            12.9967406
          ],
          [
            77.662905,
            12.9967065
          ],
          [
            77.662919,
            12.9966744
          ],
          [
            77.663881,
            12.9950556
          ],
          [
            77.6641616,
            12.9945779
          ],
          [
            77.6642356,
            12.9944673
          ],
          [
            77.6651749,
            12.9929445
          ],
          [
            77.6653582,
            12.9926756
          ],
          [
            77.6655357,
            12.9924732
          ],
          [
            77.6657131,
            12.9922708
          ],
          [
            77.6659794,
            12.9919603
          ],
          [
            77.6662887,
            12.9916498
          ],
          [
            77.6666299,
            12.9913544
          ],
          [
            77.6669657,
            12.99108
          ],
          [
            77.6673068,
            12.990841
          ],
          [
            77.6677766,
            12.9905601
          ],
          [
            77.6690769,
            12.9898047
          ],
          [
            77.6706516,
            12.9889104
          ],
          [
            77.6716794,
            12.9883267
          ],
          [
            77.6724036,
            12.9879154
          ],
          [
            77.6729668,
            12.987588
          ],
          [
            77.6747665,
            12.9865415
          ],
          [
            77.6790393,
            12.9841417
          ],
          [
            77.679851,
            12.9836991
          ],
          [
            77.6803661,
            12.9833769
          ],
          [
            77.682093,
            12.9824189
          ],
          [
            77.6838334,
            12.9814358
          ],
          [
            77.6861304,
            12.9801308
          ],
          [
            77.6885347,
            12.9787736
          ],
          [
            77.690886,
            12.9774211
          ],
          [
            77.6932052,
            12.9761208
          ],
          [
            77.6933588,
            12.9760308
          ],
          [
            77.6940696,
            12.9756143
          ],
          [
            77.6962522,
            12.9743777
          ],
          [
            77.6978777,
            12.9734631
          ],
          [
            77.6985151,
            12.9731045
          ],
          [
            77.6990229,
            12.9728244
          ],
          [
            77.7000727,
            12.9721798
          ],
          [
            77.7007368,
            12.9716756
          ],
          [
            77.701376,
            12.9710364
          ],
          [
            77.7016576,
            12.9706955
          ],
          [
            77.7018258,
            12.9704919
          ],
          [
            77.7023954,
            12.9695415
          ],
          [
            77.7027579,
            12.9688465
          ],
          [
            77.7030143,
            12.9681649
          ],
          [
            77.7031893,
            12.9674983
          ],
          [
            77.7034024,
            12.96614
          ],
          [
            77.7037262,
            12.9638528
          ],
          [
            77.7045957,
            12.9575424
          ],
          [
            77.7050231,
            12.9542164
          ],
          [
            77.7053141,
            12.9522144
          ],
          [
            77.7058396,
            12.9482853
          ],
          [
            77.7060398,
            12.9470312
          ],
          [
            77.7066553,
            12.9424148
          ],
          [
            77.706688,
            12.9421875
          ],
          [
            77.7067519,
            12.9417426
          ],
          [
            77.7073886,
            12.9373132
          ],
          [
            77.7077411,
            12.934674
          ],
          [
            77.7078959,
            12.9334642
          ],
          [
            77.708029,
            12.9323721
          ],
          [
            77.7080767,
            12.9317459
          ],
          [
            77.7080499,
            12.9311753
          ],
          [
            77.7079735,
            12.9305782
          ],
          [
            77.7077906,
            12.9296509
          ],
          [
            77.7069801,
            12.9261669
          ],
          [
            77.7062743,
            12.9231317
          ],
          [
            77.705803,
            12.9211321
          ],
          [
            77.7053459,
            12.919194
          ],
          [
            77.7052112,
            12.9186227
          ],
          [
            77.7051402,
            12.9180071
          ],
          [
            77.7050691,
            12.9173679
          ],
          [
            77.7050928,
            12.9165394
          ],
          [
            77.7051638,
            12.9158055
          ],
          [
            77.7055389,
            12.9115558
          ],
          [
            77.7057921,
            12.9087686
          ],
          [
            77.7059809,
            12.9068136
          ],
          [
            77.7063129,
            12.9033632
          ],
          [
            77.706417,
            12.9022813
          ],
          [
            77.706432,
            12.9021249
          ],
          [
            77.7064522,
            12.9019151
          ],
          [
            77.7073022,
            12.8930624
          ],
          [
            77.7073866,
            12.8922036
          ],
          [
            77.708159,
            12.884138
          ],
          [
            77.708837,
            12.877093
          ],
          [
            77.7093745,
            12.871508
          ],
          [
            77.7094405,
            12.8708222
          ],
          [
            77.7094531,
            12.8706864
          ],
          [
            77.7095142,
            12.8700261
          ],
          [
            77.7096411,
            12.8686557
          ],
          [
            77.7098088,
            12.8668436
          ],
          [
            77.7098095,
            12.8668359
          ],
          [
            77.7101499,
            12.8632998
          ],
          [
            77.7104547,
            12.8601238
          ],
          [
            77.7107066,
            12.8569952
          ],
          [
            77.711159,
            12.8527159
          ],
          [
            77.7116615,
            12.8473982
          ],
          [
            77.7118232,
            12.8456187
          ],
          [
            77.7122017,
            12.8414544
          ],
          [
            77.7123973,
            12.8393174
          ],
          [
            77.712684,
            12.8361816
          ],
          [
            77.7128797,
            12.8340483
          ],
          [
            77.7129827,
            12.832793
          ],
          [
            77.7130514,
            12.8319477
          ],
          [
            77.71306,
            12.8310021
          ],
          [
            77.7130171,
            12.829956
          ],
          [
            77.7128626,
            12.8286421
          ],
          [
            77.7127202,
            12.8272063
          ],
          [
            77.7123439,
            12.823537
          ],
          [
            77.7119751,
            12.8200304
          ],
          [
            77.7117208,
            12.8176528
          ],
          [
            77.7114658,
            12.8153064
          ],
          [
            77.7112551,
            12.8131833
          ],
          [
            77.7110582,
            12.8112928
          ],
          [
            77.7109178,
            12.8098791
          ],
          [
            77.7108941,
            12.8097493
          ],
          [
            77.7106653,
            12.807761
          ],
          [
            77.7106593,
            12.8077116
          ]
        ]
      }
    },
    {
      "type": "Feature",
      "id": "94963f60-ecba-47d8-a913-b6c6d27e10e9",
      "properties": {
        "id": "94963f60-ecba-47d8-a913-b6c6d27e10e9",
        "names": {
          "primary": "Red Line (Sarjapur ⇔ Hebbal)",
          "common": null,
          "rules": [
            {
              "variant": "common",
              "language": null,
              "perspectives": null,
              "value": "Red Line (Sarjapur ⇔ Hebbal)",
              "between": null,
              "side": null
            }
          ]
        },
        "subtype": "rail",
        "class": "unknown",
        "subclass": null,
        "subclass_rules": null,
        "connectors": [
          {
            "connector_id": "0b8a1b20-3b88-4734-ad6e-e462ce40f2a8",
            "at": 0.0
          },
          {
            "connector_id": "048152f3-cae1-4a2e-a84d-0791e62e6111",
            "at": 0.005089943
          },
          {
            "connector_id": "789321a3-4837-4e01-bfa7-cc52c6330f49",
            "at": 0.529017528
          },
          {
            "connector_id": "f7c37906-511f-4f03-9d50-2a4c53f09f59",
            "at": 1.0
          }
        ],
        "road_surface": null,
        "road_flags": null,
        "rail_flags": null,
        "width_rules": null,
        "level_rules": [
          {
            "value": 2,
            "between": [
              0.0,
              0.56167217
            ]
          },
          {
            "value": -1,
            "between": [
              0.571334529,
              0.934486364
            ]
          },
          {
            "value": 2,
            "between": [
              0.941769613,
              1.0
            ]
          }
        ],
        "access_restrictions": null,
        "speed_limits": null,
        "prohibited_transitions": null,
        "routes": null,
        "destinations": null,
        "sources": [
          {
            "property": "",
            "dataset": "OpenStreetMap",
            "license": "ODbL-1.0",
            "record_id": "w1545396753@1",
            "update_time": "2026-07-28T13:04:17Z",
            "confidence": null,
            "between": [
              0.0,
              0.56167217
            ],
            "provider": "osm",
            "resource": "planet",
            "version": "2026-09-09"
          },
          {
            "property": "",
            "dataset": "OpenStreetMap",
            "license": "ODbL-1.0",
            "record_id": "w1545396724@1",
            "update_time": "2026-07-28T13:04:17Z",
            "confidence": null,
            "between": [
              0.56167217,
              0.571334529
            ],
            "provider": "osm",
            "resource": "planet",
            "version": "2026-09-09"
          },
          {
            "property": "",
            "dataset": "OpenStreetMap",
            "license": "ODbL-1.0",
            "record_id": "w1545396726@1",
            "update_time": "2026-07-28T13:04:17Z",
            "confidence": null,
            "between": [
              0.571334529,
              0.934486364
            ],
            "provider": "osm",
            "resource": "planet",
            "version": "2026-09-09"
          },
          {
            "property": "",
            "dataset": "OpenStreetMap",
            "license": "ODbL-1.0",
            "record_id": "w1545396723@1",
            "update_time": "2026-07-28T13:04:17Z",
            "confidence": null,
            "between": [
              0.934486364,
              0.941769613
            ],
            "provider": "osm",
            "resource": "planet",
            "version": "2026-09-09"
          },
          {
            "property": "",
            "dataset": "OpenStreetMap",
            "license": "ODbL-1.0",
            "record_id": "w1545396725@1",
            "update_time": "2026-07-28T13:04:17Z",
            "confidence": null,
            "between": [
              0.941769613,
              1.0
            ],
            "provider": "osm",
            "resource": "planet",
            "version": "2026-09-09"
          }
        ],
        "version": 1,
        "bbox": {
          "xmin": 77.5838394165039,
          "xmax": 77.78340148925781,
          "ymin": 12.8485107421875,
          "ymax": 13.042125701904297
        }
      },
      "geometry": {
        "type": "LineString",
        "coordinates": [
          [
            77.782362,
            12.8485124
          ],
          [
            77.7824156,
            12.8499615
          ],
          [
            77.7824246,
            12.8502518
          ],
          [
            77.7824748,
            12.8518616
          ],
          [
            77.7825304,
            12.8536606
          ],
          [
            77.7825394,
            12.8542395
          ],
          [
            77.7825642,
            12.8548438
          ],
          [
            77.7825971,
            12.8552806
          ],
          [
            77.7826615,
            12.8557411
          ],
          [
            77.7827231,
            12.8561635
          ],
          [
            77.7830747,
            12.8579693
          ],
          [
            77.7831911,
            12.8585787
          ],
          [
            77.7833632,
            12.8593884
          ],
          [
            77.7833849,
            12.8595723
          ],
          [
            77.7833945,
            12.8597432
          ],
          [
            77.7833858,
            12.8599064
          ],
          [
            77.7833536,
            12.8600537
          ],
          [
            77.7833005,
            12.8601983
          ],
          [
            77.7831849,
            12.8603923
          ],
          [
            77.7831011,
            12.8605041
          ],
          [
            77.7830093,
            12.8605972
          ],
          [
            77.7828511,
            12.8607039
          ],
          [
            77.7827515,
            12.8607507
          ],
          [
            77.7826074,
            12.8607863
          ],
          [
            77.7823973,
            12.8608082
          ],
          [
            77.7822962,
            12.8608135
          ],
          [
            77.7821712,
            12.8608138
          ],
          [
            77.7820143,
            12.8608138
          ],
          [
            77.7817718,
            12.8608027
          ],
          [
            77.7812634,
            12.8607749
          ],
          [
            77.7800608,
            12.8607066
          ],
          [
            77.7797896,
            12.860697
          ],
          [
            77.7795039,
            12.8606976
          ],
          [
            77.7792843,
            12.8607102
          ],
          [
            77.7789774,
            12.860737
          ],
          [
            77.7783854,
            12.8608111
          ],
          [
            77.7771492,
            12.8609596
          ],
          [
            77.7761257,
            12.861082
          ],
          [
            77.7754407,
            12.8611939
          ],
          [
            77.7745769,
            12.8613503
          ],
          [
            77.7741813,
            12.8614231
          ],
          [
            77.773843,
            12.861489
          ],
          [
            77.7731485,
            12.8616167
          ],
          [
            77.772743,
            12.8617046
          ],
          [
            77.7726624,
            12.8617313
          ],
          [
            77.7725205,
            12.8617855
          ],
          [
            77.7723921,
            12.8618458
          ],
          [
            77.772229,
            12.8619444
          ],
          [
            77.7721231,
            12.8620143
          ],
          [
            77.7719798,
            12.8621174
          ],
          [
            77.7718638,
            12.8622161
          ],
          [
            77.7717943,
            12.862276
          ],
          [
            77.771655,
            12.8624166
          ],
          [
            77.7715252,
            12.8625509
          ],
          [
            77.7713889,
            12.862693
          ],
          [
            77.7711648,
            12.8629442
          ],
          [
            77.7707438,
            12.8634288
          ],
          [
            77.7703779,
            12.8638628
          ],
          [
            77.7701754,
            12.8641047
          ],
          [
            77.7692091,
            12.8652058
          ],
          [
            77.7680549,
            12.8665607
          ],
          [
            77.7672425,
            12.8674686
          ],
          [
            77.7670154,
            12.867753
          ],
          [
            77.7668879,
            12.8679524
          ],
          [
            77.7668069,
            12.8681093
          ],
          [
            77.7667526,
            12.8682789
          ],
          [
            77.7667178,
            12.8684314
          ],
          [
            77.7666975,
            12.8686236
          ],
          [
            77.7666905,
            12.8688755
          ],
          [
            77.7667043,
            12.8692077
          ],
          [
            77.7667155,
            12.8698151
          ],
          [
            77.7666724,
            12.8709022
          ],
          [
            77.7666317,
            12.8714595
          ],
          [
            77.7665909,
            12.8717292
          ],
          [
            77.7665191,
            12.8720912
          ],
          [
            77.7664056,
            12.8725668
          ],
          [
            77.7659908,
            12.8742265
          ],
          [
            77.7655563,
            12.8760402
          ],
          [
            77.7655042,
            12.8762527
          ],
          [
            77.7653754,
            12.8767021
          ],
          [
            77.7653153,
            12.876892
          ],
          [
            77.7652493,
            12.8770803
          ],
          [
            77.7651499,
            12.877271
          ],
          [
            77.7650546,
            12.8774155
          ],
          [
            77.7649664,
            12.8775164
          ],
          [
            77.7648666,
            12.8776059
          ],
          [
            77.7647756,
            12.8776649
          ],
          [
            77.7646072,
            12.8777625
          ],
          [
            77.764429,
            12.877854
          ],
          [
            77.7641051,
            12.878025
          ],
          [
            77.7632782,
            12.8784648
          ],
          [
            77.7627718,
            12.8787287
          ],
          [
            77.7619009,
            12.8792037
          ],
          [
            77.7615384,
            12.8793976
          ],
          [
            77.7598393,
            12.8803246
          ],
          [
            77.7576277,
            12.8814997
          ],
          [
            77.7571905,
            12.881696
          ],
          [
            77.7567463,
            12.8818271
          ],
          [
            77.7556386,
            12.8821829
          ],
          [
            77.7553658,
            12.8822533
          ],
          [
            77.7550327,
            12.8823307
          ],
          [
            77.7543897,
            12.8824842
          ],
          [
            77.7542713,
            12.8825137
          ],
          [
            77.7541253,
            12.8825575
          ],
          [
            77.7527009,
            12.88303
          ],
          [
            77.7509764,
            12.8835792
          ],
          [
            77.7508409,
            12.8836434
          ],
          [
            77.7503093,
            12.8839515
          ],
          [
            77.7501778,
            12.8840098
          ],
          [
            77.7497604,
            12.8841431
          ],
          [
            77.7488384,
            12.8844426
          ],
          [
            77.7476374,
            12.8848224
          ],
          [
            77.7469267,
            12.8850506
          ],
          [
            77.7461395,
            12.8852931
          ],
          [
            77.7454276,
            12.8855208
          ],
          [
            77.7447719,
            12.8857497
          ],
          [
            77.7442687,
            12.8859435
          ],
          [
            77.7434272,
            12.886279
          ],
          [
            77.7422825,
            12.8867259
          ],
          [
            77.741825,
            12.8869022
          ],
          [
            77.7413926,
            12.8870413
          ],
          [
            77.7411187,
            12.887101
          ],
          [
            77.7406867,
            12.8871573
          ],
          [
            77.7397691,
            12.8872504
          ],
          [
            77.7386755,
            12.8873866
          ],
          [
            77.737912,
            12.8874819
          ],
          [
            77.7364485,
            12.8876626
          ],
          [
            77.7358532,
            12.8877318
          ],
          [
            77.7355521,
            12.8877707
          ],
          [
            77.7353867,
            12.8878018
          ],
          [
            77.7350866,
            12.8878997
          ],
          [
            77.7349523,
            12.887955
          ],
          [
            77.7344643,
            12.8881965
          ],
          [
            77.7339201,
            12.8884853
          ],
          [
            77.7332957,
            12.8888297
          ],
          [
            77.7328701,
            12.8890671
          ],
          [
            77.7325041,
            12.8892696
          ],
          [
            77.7323283,
            12.88938
          ],
          [
            77.7321603,
            12.8894962
          ],
          [
            77.7318328,
            12.8897426
          ],
          [
            77.7295553,
            12.89156
          ],
          [
            77.7292486,
            12.8918034
          ],
          [
            77.7285062,
            12.8924052
          ],
          [
            77.7281146,
            12.8927058
          ],
          [
            77.7277543,
            12.8929716
          ],
          [
            77.7275143,
            12.8931355
          ],
          [
            77.7272998,
            12.8932693
          ],
          [
            77.7268703,
            12.893497
          ],
          [
            77.7266979,
            12.8935818
          ],
          [
            77.7260587,
            12.8938687
          ],
          [
            77.7246975,
            12.8944961
          ],
          [
            77.7239618,
            12.8948273
          ],
          [
            77.7232581,
            12.8951636
          ],
          [
            77.7229946,
            12.8952923
          ],
          [
            77.7225644,
            12.8955091
          ],
          [
            77.7219349,
            12.8958158
          ],
          [
            77.7213299,
            12.8961119
          ],
          [
            77.7207163,
            12.8964139
          ],
          [
            77.7202479,
            12.896632
          ],
          [
            77.7199773,
            12.896754
          ],
          [
            77.7195548,
            12.8969394
          ],
          [
            77.7186732,
            12.8973044
          ],
          [
            77.7182574,
            12.897476
          ],
          [
            77.7179795,
            12.8975795
          ],
          [
            77.7176502,
            12.8976915
          ],
          [
            77.7174393,
            12.8977565
          ],
          [
            77.7168481,
            12.8979373
          ],
          [
            77.7161401,
            12.8981573
          ],
          [
            77.7158066,
            12.8982519
          ],
          [
            77.7151664,
            12.8984543
          ],
          [
            77.7126049,
            12.8993051
          ],
          [
            77.7123062,
            12.8994196
          ],
          [
            77.7120846,
            12.8995292
          ],
          [
            77.7118047,
            12.8997121
          ],
          [
            77.7114562,
            12.8999644
          ],
          [
            77.7113522,
            12.9000469
          ],
          [
            77.7111152,
            12.9002003
          ],
          [
            77.7109563,
            12.9003005
          ],
          [
            77.7107621,
            12.9003839
          ],
          [
            77.7106525,
            12.90042
          ],
          [
            77.7098479,
            12.9006546
          ],
          [
            77.709635,
            12.9007031
          ],
          [
            77.7086888,
            12.9009877
          ],
          [
            77.7084306,
            12.9010788
          ],
          [
            77.7081922,
            12.9011841
          ],
          [
            77.7076067,
            12.9014501
          ],
          [
            77.7068618,
            12.9018015
          ],
          [
            77.706179,
            12.9021432
          ],
          [
            77.7051687,
            12.9026578
          ],
          [
            77.7050293,
            12.9027461
          ],
          [
            77.7048368,
            12.9028895
          ],
          [
            77.7044688,
            12.9032107
          ],
          [
            77.7043296,
            12.9033187
          ],
          [
            77.7040998,
            12.9034592
          ],
          [
            77.7016125,
            12.9048009
          ],
          [
            77.6999992,
            12.9057035
          ],
          [
            77.6991634,
            12.9061436
          ],
          [
            77.6987959,
            12.906305
          ],
          [
            77.6984203,
            12.9064134
          ],
          [
            77.6979465,
            12.9065502
          ],
          [
            77.6971962,
            12.9067631
          ],
          [
            77.6961512,
            12.9070612
          ],
          [
            77.6953676,
            12.9073048
          ],
          [
            77.6948053,
            12.9074698
          ],
          [
            77.694408,
            12.9075729
          ],
          [
            77.6940119,
            12.9076672
          ],
          [
            77.6934223,
            12.9078091
          ],
          [
            77.6926367,
            12.9080064
          ],
          [
            77.6917146,
            12.9082553
          ],
          [
            77.690963,
            12.9084643
          ],
          [
            77.6902994,
            12.9086383
          ],
          [
            77.6897864,
            12.9087692
          ],
          [
            77.6895043,
            12.9088492
          ],
          [
            77.6893601,
            12.9088935
          ],
          [
            77.6890499,
            12.909003
          ],
          [
            77.6886054,
            12.9091676
          ],
          [
            77.687434,
            12.9096267
          ],
          [
            77.6865236,
            12.90998
          ],
          [
            77.6860639,
            12.9101653
          ],
          [
            77.6857216,
            12.9103093
          ],
          [
            77.685249,
            12.910507
          ],
          [
            77.6843926,
            12.9108375
          ],
          [
            77.6836484,
            12.9111268
          ],
          [
            77.6833449,
            12.9112551
          ],
          [
            77.6829984,
            12.9114113
          ],
          [
            77.6826125,
            12.9115999
          ],
          [
            77.6817756,
            12.9120266
          ],
          [
            77.6812696,
            12.9122818
          ],
          [
            77.6805633,
            12.9126494
          ],
          [
            77.6797928,
            12.9130549
          ],
          [
            77.679468,
            12.9132334
          ],
          [
            77.6792201,
            12.9133571
          ],
          [
            77.6789227,
            12.9134918
          ],
          [
            77.6786959,
            12.9135842
          ],
          [
            77.6783676,
            12.9137131
          ],
          [
            77.6778289,
            12.9139339
          ],
          [
            77.6776653,
            12.9139838
          ],
          [
            77.6773352,
            12.9140844
          ],
          [
            77.6768403,
            12.9142179
          ],
          [
            77.6765195,
            12.914306
          ],
          [
            77.6762926,
            12.9143606
          ],
          [
            77.6761384,
            12.9144107
          ],
          [
            77.67602,
            12.9144535
          ],
          [
            77.6759797,
            12.9144695
          ],
          [
            77.6758747,
            12.9145256
          ],
          [
            77.6758391,
            12.9145422
          ],
          [
            77.6757592,
            12.914594
          ],
          [
            77.675295,
            12.9148945
          ],
          [
            77.6749334,
            12.9151255
          ],
          [
            77.6744854,
            12.9153979
          ],
          [
            77.6743387,
            12.9154906
          ],
          [
            77.6742301,
            12.9155779
          ],
          [
            77.6741423,
            12.9156671
          ],
          [
            77.6740523,
            12.9157672
          ],
          [
            77.6739028,
            12.9159476
          ],
          [
            77.6738104,
            12.9160952
          ],
          [
            77.6737181,
            12.9162597
          ],
          [
            77.6736539,
            12.9163883
          ],
          [
            77.6735618,
            12.9165693
          ],
          [
            77.6734773,
            12.916716
          ],
          [
            77.6733959,
            12.9168478
          ],
          [
            77.6733225,
            12.9169278
          ],
          [
            77.6731771,
            12.917035
          ],
          [
            77.6729744,
            12.9171563
          ],
          [
            77.6727,
            12.9172986
          ],
          [
            77.6717948,
            12.9177954
          ],
          [
            77.6711101,
            12.9181197
          ],
          [
            77.6706855,
            12.9182953
          ],
          [
            77.6703251,
            12.9184245
          ],
          [
            77.6699464,
            12.9185433
          ],
          [
            77.6694223,
            12.9187126
          ],
          [
            77.6691061,
            12.9188126
          ],
          [
            77.6688877,
            12.9188846
          ],
          [
            77.66873,
            12.918945
          ],
          [
            77.668557,
            12.9190205
          ],
          [
            77.6683886,
            12.9191041
          ],
          [
            77.6677192,
            12.9194801
          ],
          [
            77.6673428,
            12.9196686
          ],
          [
            77.6669945,
            12.9198416
          ],
          [
            77.6668971,
            12.9198833
          ],
          [
            77.666796,
            12.9199204
          ],
          [
            77.6664084,
            12.9200306
          ],
          [
            77.6662016,
            12.9200847
          ],
          [
            77.6659423,
            12.9201409
          ],
          [
            77.6657237,
            12.9201901
          ],
          [
            77.6654953,
            12.9202281
          ],
          [
            77.6651358,
            12.9203005
          ],
          [
            77.6642364,
            12.920482
          ],
          [
            77.663944,
            12.9205635
          ],
          [
            77.6635845,
            12.9206562
          ],
          [
            77.6623626,
            12.9210031
          ],
          [
            77.661372,
            12.9212692
          ],
          [
            77.6607145,
            12.9214542
          ],
          [
            77.6605123,
            12.9215255
          ],
          [
            77.6603148,
            12.9216161
          ],
          [
            77.660148,
            12.9217233
          ],
          [
            77.659988,
            12.9218535
          ],
          [
            77.6598986,
            12.9219279
          ],
          [
            77.6598467,
            12.9219683
          ],
          [
            77.6597103,
            12.9220809
          ],
          [
            77.6595027,
            12.922218
          ],
          [
            77.6593703,
            12.9222889
          ],
          [
            77.6592702,
            12.9223309
          ],
          [
            77.6590746,
            12.9224037
          ],
          [
            77.6587531,
            12.9225249
          ],
          [
            77.6587017,
            12.9225485
          ],
          [
            77.658644,
            12.9225832
          ],
          [
            77.6585944,
            12.9226138
          ],
          [
            77.658538,
            12.9226424
          ],
          [
            77.6584579,
            12.9226778
          ],
          [
            77.6580217,
            12.9228454
          ],
          [
            77.657376,
            12.9231064
          ],
          [
            77.6566657,
            12.9233857
          ],
          [
            77.6562072,
            12.923544
          ],
          [
            77.6558177,
            12.9236487
          ],
          [
            77.6555304,
            12.9237259
          ],
          [
            77.6550323,
            12.9238304
          ],
          [
            77.654363,
            12.9239563
          ],
          [
            77.6537852,
            12.9240776
          ],
          [
            77.6531038,
            12.924206
          ],
          [
            77.6517539,
            12.9244641
          ],
          [
            77.6512161,
            12.9245835
          ],
          [
            77.6508803,
            12.924646
          ],
          [
            77.6506062,
            12.9246971
          ],
          [
            77.6502297,
            12.9247387
          ],
          [
            77.6499953,
            12.9247535
          ],
          [
            77.6497378,
            12.9247528
          ],
          [
            77.6493718,
            12.9247359
          ],
          [
            77.6491512,
            12.9247166
          ],
          [
            77.6489057,
            12.9247137
          ],
          [
            77.6485981,
            12.9246897
          ],
          [
            77.6478177,
            12.9246322
          ],
          [
            77.6472509,
            12.9245854
          ],
          [
            77.6469012,
            12.9245439
          ],
          [
            77.6465761,
            12.9245217
          ],
          [
            77.6462215,
            12.924508
          ],
          [
            77.6456822,
            12.9245135
          ],
          [
            77.6454918,
            12.9245071
          ],
          [
            77.6453065,
            12.9244986
          ],
          [
            77.6450921,
            12.9244642
          ],
          [
            77.6448986,
            12.9244097
          ],
          [
            77.6447049,
            12.9243408
          ],
          [
            77.6436877,
            12.9240076
          ],
          [
            77.64298,
            12.9238019
          ],
          [
            77.6425615,
            12.923703
          ],
          [
            77.6423106,
            12.9236481
          ],
          [
            77.6420648,
            12.9235865
          ],
          [
            77.6418031,
            12.9235091
          ],
          [
            77.6416226,
            12.9234559
          ],
          [
            77.6414778,
            12.9234264
          ],
          [
            77.641392,
            12.9234173
          ],
          [
            77.6412802,
            12.9234236
          ],
          [
            77.6411189,
            12.9234544
          ],
          [
            77.6410066,
            12.9234812
          ],
          [
            77.6408483,
            12.923531
          ],
          [
            77.64027,
            12.92375
          ],
          [
            77.6395822,
            12.9240344
          ],
          [
            77.6390447,
            12.9242398
          ],
          [
            77.6387587,
            12.9243541
          ],
          [
            77.6385305,
            12.9244632
          ],
          [
            77.638391,
            12.9245443
          ],
          [
            77.6382482,
            12.924637
          ],
          [
            77.6381232,
            12.9247306
          ],
          [
            77.6379888,
            12.9248202
          ],
          [
            77.6378783,
            12.9248954
          ],
          [
            77.6377336,
            12.9249801
          ],
          [
            77.637595,
            12.9250492
          ],
          [
            77.6374634,
            12.9251039
          ],
          [
            77.6372606,
            12.9251784
          ],
          [
            77.6370649,
            12.9252551
          ],
          [
            77.6369461,
            12.9252843
          ],
          [
            77.6368031,
            12.9252989
          ],
          [
            77.6366675,
            12.9252968
          ],
          [
            77.6364388,
            12.9252706
          ],
          [
            77.6359311,
            12.925189
          ],
          [
            77.6345543,
            12.9249778
          ],
          [
            77.6339863,
            12.9248789
          ],
          [
            77.6335332,
            12.9248001
          ],
          [
            77.6328506,
            12.9246792
          ],
          [
            77.6303194,
            12.9242647
          ],
          [
            77.6300264,
            12.924219
          ],
          [
            77.6297882,
            12.9241818
          ],
          [
            77.6295515,
            12.9241697
          ],
          [
            77.6293185,
            12.9241708
          ],
          [
            77.6291238,
            12.9241779
          ],
          [
            77.6289416,
            12.9242138
          ],
          [
            77.6287623,
            12.924272
          ],
          [
            77.628575,
            12.9243458
          ],
          [
            77.6283981,
            12.9244177
          ],
          [
            77.6279025,
            12.9246363
          ],
          [
            77.6263365,
            12.925319
          ],
          [
            77.6257804,
            12.9255503
          ],
          [
            77.6251581,
            12.9258118
          ],
          [
            77.6249235,
            12.9259082
          ],
          [
            77.6246201,
            12.9260136
          ],
          [
            77.624452,
            12.9260626
          ],
          [
            77.6243069,
            12.9261023
          ],
          [
            77.6240157,
            12.9261756
          ],
          [
            77.6238824,
            12.9262168
          ],
          [
            77.6236728,
            12.9262956
          ],
          [
            77.6231298,
            12.9265152
          ],
          [
            77.6221143,
            12.9269257
          ],
          [
            77.621787,
            12.927052
          ],
          [
            77.6216299,
            12.9270978
          ],
          [
            77.6215033,
            12.9271267
          ],
          [
            77.6213476,
            12.9271586
          ],
          [
            77.6211659,
            12.9272056
          ],
          [
            77.6210362,
            12.9272473
          ],
          [
            77.6207262,
            12.9273628
          ],
          [
            77.6199751,
            12.9276584
          ],
          [
            77.6183637,
            12.9282925
          ],
          [
            77.6157556,
            12.9292779
          ],
          [
            77.6154845,
            12.9294034
          ],
          [
            77.6152327,
            12.9295492
          ],
          [
            77.6151121,
            12.9296324
          ],
          [
            77.61496,
            12.9297469
          ],
          [
            77.614562,
            12.9301479
          ],
          [
            77.6142423,
            12.9306015
          ],
          [
            77.6136953,
            12.9314913
          ],
          [
            77.6134035,
            12.931873
          ],
          [
            77.6132998,
            12.932002
          ],
          [
            77.6131772,
            12.932122
          ],
          [
            77.6128181,
            12.9324381
          ],
          [
            77.6123755,
            12.9327708
          ],
          [
            77.6117142,
            12.9332734
          ],
          [
            77.6113364,
            12.9335555
          ],
          [
            77.6108084,
            12.9339634
          ],
          [
            77.610157,
            12.9344634
          ],
          [
            77.6091915,
            12.9351627
          ],
          [
            77.6086323,
            12.9355259
          ],
          [
            77.6082756,
            12.9357469
          ],
          [
            77.6078834,
            12.9359501
          ],
          [
            77.607347,
            12.9361699
          ],
          [
            77.6068013,
            12.9363757
          ],
          [
            77.6062649,
            12.9365691
          ],
          [
            77.6059381,
            12.9366861
          ],
          [
            77.6058214,
            12.9367401
          ],
          [
            77.6057421,
            12.9367734
          ],
          [
            77.6056568,
            12.9368073
          ],
          [
            77.605537,
            12.9368404
          ],
          [
            77.6049585,
            12.9369684
          ],
          [
            77.6046296,
            12.9370419
          ],
          [
            77.6042147,
            12.9371434
          ],
          [
            77.6036977,
            12.937273
          ],
          [
            77.6030969,
            12.9373991
          ],
          [
            77.6019671,
            12.9376169
          ],
          [
            77.6008679,
            12.9378131
          ],
          [
            77.5998166,
            12.938021
          ],
          [
            77.5988641,
            12.9382508
          ],
          [
            77.5987044,
            12.9383054
          ],
          [
            77.5985204,
            12.9383947
          ],
          [
            77.59841,
            12.9384619
          ],
          [
            77.5982329,
            12.9386097
          ],
          [
            77.5981326,
            12.9386943
          ],
          [
            77.5979549,
            12.938852
          ],
          [
            77.5978115,
            12.9389999
          ],
          [
            77.5976922,
            12.9391548
          ],
          [
            77.5975747,
            12.9393416
          ],
          [
            77.5974867,
            12.9395227
          ],
          [
            77.5974345,
            12.9396524
          ],
          [
            77.5973793,
            12.9399226
          ],
          [
            77.5973016,
            12.9405207
          ],
          [
            77.597014,
            12.9431781
          ],
          [
            77.5968692,
            12.9443177
          ],
          [
            77.5968127,
            12.9446323
          ],
          [
            77.5967438,
            12.9448822
          ],
          [
            77.5967035,
            12.9450074
          ],
          [
            77.5966666,
            12.9451058
          ],
          [
            77.5966332,
            12.9451681
          ],
          [
            77.5965978,
            12.9452349
          ],
          [
            77.5965449,
            12.9453128
          ],
          [
            77.5964708,
            12.9453966
          ],
          [
            77.5963914,
            12.9454672
          ],
          [
            77.5962752,
            12.9455389
          ],
          [
            77.5956961,
            12.9458926
          ],
          [
            77.595327,
            12.946108
          ],
          [
            77.5950501,
            12.9462939
          ],
          [
            77.5948667,
            12.9464471
          ],
          [
            77.5947175,
            12.9465926
          ],
          [
            77.5945507,
            12.9468213
          ],
          [
            77.5944508,
            12.9469699
          ],
          [
            77.5943708,
            12.9471222
          ],
          [
            77.5942609,
            12.9473634
          ],
          [
            77.5939836,
            12.9479849
          ],
          [
            77.5934281,
            12.9491837
          ],
          [
            77.5930637,
            12.9498605
          ],
          [
            77.5928803,
            12.9501082
          ],
          [
            77.5927551,
            12.9502368
          ],
          [
            77.5925459,
            12.9504243
          ],
          [
            77.5923276,
            12.9506195
          ],
          [
            77.5921774,
            12.9507506
          ],
          [
            77.5920284,
            12.9509009
          ],
          [
            77.5919336,
            12.951003
          ],
          [
            77.5918405,
            12.951102
          ],
          [
            77.5916295,
            12.9513407
          ],
          [
            77.5914122,
            12.9516357
          ],
          [
            77.5913129,
            12.951825
          ],
          [
            77.5912783,
            12.9519464
          ],
          [
            77.5912453,
            12.9521264
          ],
          [
            77.5912174,
            12.9523988
          ],
          [
            77.5912126,
            12.9526011
          ],
          [
            77.5912224,
            12.952806
          ],
          [
            77.5912643,
            12.9530535
          ],
          [
            77.5913005,
            12.9532013
          ],
          [
            77.5913501,
            12.9533606
          ],
          [
            77.5915351,
            12.9538958
          ],
          [
            77.5918646,
            12.9548011
          ],
          [
            77.5923647,
            12.9560785
          ],
          [
            77.5924054,
            12.9562144
          ],
          [
            77.592442,
            12.956355
          ],
          [
            77.5924925,
            12.9565633
          ],
          [
            77.5925291,
            12.956714
          ],
          [
            77.5925564,
            12.9568133
          ],
          [
            77.5925851,
            12.9569268
          ],
          [
            77.5926646,
            12.9571719
          ],
          [
            77.5930172,
            12.9580881
          ],
          [
            77.5935095,
            12.9594036
          ],
          [
            77.5935329,
            12.9594858
          ],
          [
            77.593554,
            12.9595749
          ],
          [
            77.5935723,
            12.9596788
          ],
          [
            77.5935861,
            12.9597862
          ],
          [
            77.5935977,
            12.9599187
          ],
          [
            77.5936135,
            12.9601138
          ],
          [
            77.5936153,
            12.9603671
          ],
          [
            77.5935958,
            12.9606106
          ],
          [
            77.5935514,
            12.9608771
          ],
          [
            77.5934534,
            12.9612312
          ],
          [
            77.5933432,
            12.9614774
          ],
          [
            77.5932022,
            12.961721
          ],
          [
            77.5930329,
            12.9619334
          ],
          [
            77.5928184,
            12.9621324
          ],
          [
            77.592621,
            12.9622589
          ],
          [
            77.5923636,
            12.9623669
          ],
          [
            77.5921131,
            12.9624465
          ],
          [
            77.5918209,
            12.9625329
          ],
          [
            77.5915527,
            12.9625965
          ],
          [
            77.5912707,
            12.9626534
          ],
          [
            77.5908606,
            12.9627318
          ],
          [
            77.5906555,
            12.9627805
          ],
          [
            77.5904441,
            12.9628348
          ],
          [
            77.5901924,
            12.9629348
          ],
          [
            77.5899428,
            12.9630342
          ],
          [
            77.5897206,
            12.9631601
          ],
          [
            77.5894307,
            12.9633449
          ],
          [
            77.5892053,
            12.9635202
          ],
          [
            77.5884027,
            12.9642431
          ],
          [
            77.5879191,
            12.9646803
          ],
          [
            77.5874397,
            12.9650627
          ],
          [
            77.5873541,
            12.9651504
          ],
          [
            77.5872643,
            12.9652731
          ],
          [
            77.5871858,
            12.9654077
          ],
          [
            77.5870846,
            12.9655768
          ],
          [
            77.5869658,
            12.9658202
          ],
          [
            77.5868772,
            12.9660698
          ],
          [
            77.5868234,
            12.9663553
          ],
          [
            77.586797,
            12.9666667
          ],
          [
            77.586747,
            12.9680018
          ],
          [
            77.586762,
            12.968239
          ],
          [
            77.5868173,
            12.968559
          ],
          [
            77.58695,
            12.9690652
          ],
          [
            77.5870061,
            12.9692967
          ],
          [
            77.5870777,
            12.9696848
          ],
          [
            77.5871013,
            12.9701034
          ],
          [
            77.5870877,
            12.9707515
          ],
          [
            77.5868369,
            12.973933
          ],
          [
            77.5867435,
            12.9749022
          ],
          [
            77.5866875,
            12.9751802
          ],
          [
            77.5865451,
            12.9756236
          ],
          [
            77.5863557,
            12.9760152
          ],
          [
            77.5861449,
            12.9763205
          ],
          [
            77.5858806,
            12.9765609
          ],
          [
            77.5855491,
            12.9767715
          ],
          [
            77.5852737,
            12.9769689
          ],
          [
            77.5851078,
            12.977138
          ],
          [
            77.5849689,
            12.9773144
          ],
          [
            77.5848002,
            12.9776124
          ],
          [
            77.584681,
            12.9779146
          ],
          [
            77.5845955,
            12.9782223
          ],
          [
            77.5845382,
            12.9785743
          ],
          [
            77.5845333,
            12.9789686
          ],
          [
            77.584609,
            12.9794001
          ],
          [
            77.5846908,
            12.9796117
          ],
          [
            77.5848387,
            12.9798794
          ],
          [
            77.584999,
            12.9800772
          ],
          [
            77.5861726,
            12.9811037
          ],
          [
            77.5865552,
            12.9814622
          ],
          [
            77.5867526,
            12.9817322
          ],
          [
            77.5870422,
            12.9822394
          ],
          [
            77.587546,
            12.9832618
          ],
          [
            77.5882851,
            12.9848996
          ],
          [
            77.5883752,
            12.9851784
          ],
          [
            77.5884316,
            12.9854519
          ],
          [
            77.5884788,
            12.9857591
          ],
          [
            77.5885097,
            12.9861999
          ],
          [
            77.5884822,
            12.9865348
          ],
          [
            77.5884499,
            12.9866829
          ],
          [
            77.5883871,
            12.9868696
          ],
          [
            77.5883304,
            12.986981
          ],
          [
            77.5882686,
            12.987083
          ],
          [
            77.588137,
            12.987239
          ],
          [
            77.5880221,
            12.9873436
          ],
          [
            77.587255,
            12.9879816
          ],
          [
            77.5864952,
            12.9886157
          ],
          [
            77.5863318,
            12.988774
          ],
          [
            77.5861551,
            12.9890029
          ],
          [
            77.5860306,
            12.9891998
          ],
          [
            77.5859196,
            12.9893835
          ],
          [
            77.5857419,
            12.9897347
          ],
          [
            77.5855714,
            12.9900993
          ],
          [
            77.5854496,
            12.9903873
          ],
          [
            77.5853612,
            12.9906507
          ],
          [
            77.5852732,
            12.9910827
          ],
          [
            77.5850798,
            12.992429
          ],
          [
            77.5848509,
            12.9939067
          ],
          [
            77.5846104,
            12.9955568
          ],
          [
            77.5845817,
            12.995945
          ],
          [
            77.5845499,
            12.9963025
          ],
          [
            77.5845313,
            12.9967182
          ],
          [
            77.5845214,
            12.9970915
          ],
          [
            77.5845281,
            12.9976887
          ],
          [
            77.5845273,
            12.9981532
          ],
          [
            77.5845632,
            12.9998266
          ],
          [
            77.5846221,
            13.0021331
          ],
          [
            77.5846431,
            13.0039668
          ],
          [
            77.584656,
            13.0045586
          ],
          [
            77.5846313,
            13.0049082
          ],
          [
            77.584574,
            13.0053608
          ],
          [
            77.5843691,
            13.006539
          ],
          [
            77.5843341,
            13.0067824
          ],
          [
            77.5843176,
            13.0069768
          ],
          [
            77.5843044,
            13.0073655
          ],
          [
            77.584315,
            13.0078536
          ],
          [
            77.5843218,
            13.0089343
          ],
          [
            77.5843507,
            13.0099613
          ],
          [
            77.5843953,
            13.0117475
          ],
          [
            77.5844318,
            13.0143491
          ],
          [
            77.5844473,
            13.015562
          ],
          [
            77.5843984,
            13.0159001
          ],
          [
            77.5843034,
            13.0161996
          ],
          [
            77.5841744,
            13.0165312
          ],
          [
            77.5840815,
            13.0168156
          ],
          [
            77.5839944,
            13.0172061
          ],
          [
            77.5839167,
            13.0176964
          ],
          [
            77.5838976,
            13.0183261
          ],
          [
            77.5838733,
            13.0189671
          ],
          [
            77.5838516,
            13.0197009
          ],
          [
            77.5838521,
            13.0200896
          ],
          [
            77.5838685,
            13.020496
          ],
          [
            77.5839184,
            13.020993
          ],
          [
            77.5840169,
            13.0217366
          ],
          [
            77.5841548,
            13.0225475
          ],
          [
            77.5843063,
            13.023303
          ],
          [
            77.5844698,
            13.0241965
          ],
          [
            77.5846421,
            13.0251034
          ],
          [
            77.5848268,
            13.0259505
          ],
          [
            77.5850724,
            13.0270358
          ],
          [
            77.5852488,
            13.0276047
          ],
          [
            77.5854492,
            13.0281418
          ],
          [
            77.5854999,
            13.0282542
          ],
          [
            77.5856997,
            13.0286966
          ],
          [
            77.5859313,
            13.0291659
          ],
          [
            77.5862678,
            13.0297866
          ],
          [
            77.5864995,
            13.030249
          ],
          [
            77.5866144,
            13.0304912
          ],
          [
            77.5867028,
            13.0306774
          ],
          [
            77.5874634,
            13.0321094
          ],
          [
            77.5876391,
            13.0325032
          ],
          [
            77.5877528,
            13.032815
          ],
          [
            77.5878466,
            13.0330892
          ],
          [
            77.587938,
            13.0333952
          ],
          [
            77.5880953,
            13.0339879
          ],
          [
            77.5882059,
            13.0344144
          ],
          [
            77.5883147,
            13.0347668
          ],
          [
            77.5884266,
            13.035082
          ],
          [
            77.5889217,
            13.0362178
          ],
          [
            77.5890109,
            13.0364483
          ],
          [
            77.5890531,
            13.036657
          ],
          [
            77.5890728,
            13.0369493
          ],
          [
            77.5890795,
            13.0372837
          ],
          [
            77.5890869,
            13.0378553
          ],
          [
            77.5891249,
            13.0386611
          ],
          [
            77.5892339,
            13.0401428
          ],
          [
            77.5893005,
            13.0405644
          ],
          [
            77.5894089,
            13.041094
          ],
          [
            77.589479,
            13.0412789
          ],
          [
            77.5895528,
            13.0414046
          ],
          [
            77.5896593,
            13.0415237
          ],
          [
            77.5897768,
            13.0416231
          ],
          [
            77.589899,
            13.0416799
          ],
          [
            77.5909608,
            13.0420385
          ],
          [
            77.5910976,
            13.0420868
          ],
          [
            77.5912002,
            13.0421165
          ],
          [
            77.5913304,
            13.0421256
          ],
          [
            77.5916317,
            13.0420899
          ],
          [
            77.5935808,
            13.0415831
          ],
          [
            77.5937985,
            13.0415442
          ],
          [
            77.5940491,
            13.0415153
          ],
          [
            77.5944568,
            13.0414804
          ],
          [
            77.5948403,
            13.0414649
          ],
          [
            77.5955528,
            13.0414742
          ],
          [
            77.5970976,
            13.0415091
          ],
          [
            77.5979377,
            13.0415068
          ]
        ]
      }
    },
    {
      "type": "Feature",
      "id": "868f4c7d-2761-4479-97b3-fd9f06628440",
      "properties": {
        "id": "868f4c7d-2761-4479-97b3-fd9f06628440",
        "names": {
          "primary": "Bengaluru Circular Railway",
          "common": null,
          "rules": [
            {
              "variant": "common",
              "language": null,
              "perspectives": null,
              "value": "Bengaluru Circular Railway",
              "between": null,
              "side": null
            }
          ]
        },
        "subtype": "rail",
        "class": "unknown",
        "subclass": null,
        "subclass_rules": null,
        "connectors": [
          {
            "connector_id": "fe88cc0f-2a5f-4d76-a0d9-a875a22fc9e8",
            "at": 0.0
          },
          {
            "connector_id": "d43c17b8-b346-49e5-9011-094661c6e389",
            "at": 1.0
          }
        ],
        "road_surface": null,
        "road_flags": null,
        "rail_flags": null,
        "width_rules": null,
        "level_rules": null,
        "access_restrictions": null,
        "speed_limits": null,
        "prohibited_transitions": null,
        "routes": null,
        "destinations": null,
        "sources": [
          {
            "property": "",
            "dataset": "OpenStreetMap",
            "license": "ODbL-1.0",
            "record_id": "w1424077599@2",
            "update_time": "2025-12-20T08:23:30Z",
            "confidence": null,
            "between": null,
            "provider": "osm",
            "resource": "planet",
            "version": "2026-09-09"
          }
        ],
        "version": 2,
        "bbox": {
          "xmin": 77.30183410644531,
          "xmax": 77.90351104736328,
          "ymin": 12.675531387329102,
          "ymax": 13.351901054382324
        }
      },
      "geometry": {
        "type": "LineString",
        "coordinates": [
          [
            77.7802704,
            13.2569658
          ],
          [
            77.7985186,
            13.2351607
          ],
          [
            77.7990315,
            13.2345411
          ],
          [
            77.7992483,
            13.2342703
          ],
          [
            77.7994596,
            13.2339971
          ],
          [
            77.7997683,
            13.233575
          ],
          [
            77.8000606,
            13.2331469
          ],
          [
            77.8003384,
            13.2327096
          ],
          [
            77.8006017,
            13.2322638
          ],
          [
            77.8008498,
            13.2318098
          ],
          [
            77.8010828,
            13.231348
          ],
          [
            77.8013004,
            13.2308789
          ],
          [
            77.8015023,
            13.2304032
          ],
          [
            77.8016907,
            13.229915
          ],
          [
            77.8017544,
            13.229738
          ],
          [
            77.8018843,
            13.2293588
          ],
          [
            77.8020373,
            13.2288862
          ],
          [
            77.8165909,
            13.1822467
          ],
          [
            77.8168615,
            13.1813989
          ],
          [
            77.8170617,
            13.1808238
          ],
          [
            77.8175037,
            13.1797472
          ],
          [
            77.8180324,
            13.1786931
          ],
          [
            77.8186397,
            13.1776805
          ],
          [
            77.8193221,
            13.1767146
          ],
          [
            77.820076,
            13.1758011
          ],
          [
            77.8208971,
            13.1749447
          ],
          [
            77.8217812,
            13.1741506
          ],
          [
            77.8227229,
            13.1734229
          ],
          [
            77.8236997,
            13.1727774
          ],
          [
            77.8238957,
            13.1726597
          ],
          [
            77.8243689,
            13.1723871
          ],
          [
            77.8249849,
            13.1720476
          ],
          [
            77.8633639,
            13.1511283
          ],
          [
            77.8640289,
            13.1507609
          ],
          [
            77.864332,
            13.1505872
          ],
          [
            77.864623,
            13.150414
          ],
          [
            77.865425,
            13.1498928
          ],
          [
            77.8661838,
            13.1493339
          ],
          [
            77.8669079,
            13.1487323
          ],
          [
            77.8675946,
            13.1480899
          ],
          [
            77.8682416,
            13.1474091
          ],
          [
            77.8688466,
            13.146692
          ],
          [
            77.8694077,
            13.1459411
          ],
          [
            77.8699228,
            13.1451592
          ],
          [
            77.8703949,
            13.1443406
          ],
          [
            77.8706421,
            13.1438634
          ],
          [
            77.8710134,
            13.1430995
          ],
          [
            77.8856303,
            13.1123887
          ],
          [
            77.8858589,
            13.1118919
          ],
          [
            77.8860548,
            13.11144
          ],
          [
            77.8863114,
            13.110784
          ],
          [
            77.8865364,
            13.1101226
          ],
          [
            77.8867315,
            13.1094521
          ],
          [
            77.8868964,
            13.1087738
          ],
          [
            77.8870305,
            13.1080892
          ],
          [
            77.8871337,
            13.1073994
          ],
          [
            77.8872058,
            13.1067056
          ],
          [
            77.8872467,
            13.1060095
          ],
          [
            77.8872563,
            13.1053034
          ],
          [
            77.8872513,
            13.1050182
          ],
          [
            77.8872305,
            13.1044687
          ],
          [
            77.8871954,
            13.1038256
          ],
          [
            77.8854084,
            13.0731322
          ],
          [
            77.8853895,
            13.0727361
          ],
          [
            77.8853776,
            13.0723903
          ],
          [
            77.8853724,
            13.0720923
          ],
          [
            77.8853725,
            13.0718066
          ],
          [
            77.8853876,
            13.0712588
          ],
          [
            77.8854035,
            13.0709675
          ],
          [
            77.8854488,
            13.0704153
          ],
          [
            77.8855144,
            13.069862
          ],
          [
            77.8855791,
            13.0694342
          ],
          [
            77.8856745,
            13.0689003
          ],
          [
            77.8858007,
            13.0682693
          ],
          [
            77.8961002,
            13.0183787
          ],
          [
            77.8962325,
            13.0176893
          ],
          [
            77.8962817,
            13.0174
          ],
          [
            77.8963264,
            13.0171062
          ],
          [
            77.896352,
            13.0169179
          ],
          [
            77.8963985,
            13.0165201
          ],
          [
            77.8964168,
            13.0163332
          ],
          [
            77.8964478,
            13.0159381
          ],
          [
            77.8964688,
            13.0155448
          ],
          [
            77.8964792,
            13.0152001
          ],
          [
            77.896484,
            13.0148034
          ],
          [
            77.8964829,
            13.014307
          ],
          [
            77.8960302,
            12.9631917
          ],
          [
            77.896027,
            12.9626613
          ],
          [
            77.8960292,
            12.9622054
          ],
          [
            77.8960451,
            12.9616007
          ],
          [
            77.896085,
            12.9608091
          ],
          [
            77.8972686,
            12.9404278
          ],
          [
            77.8973015,
            12.9397333
          ],
          [
            77.8973181,
            12.9391929
          ],
          [
            77.8973238,
            12.9388574
          ],
          [
            77.8973241,
            12.9381713
          ],
          [
            77.8973093,
            12.9374893
          ],
          [
            77.8972794,
            12.9368054
          ],
          [
            77.897249,
            12.9363186
          ],
          [
            77.8971987,
            12.9356763
          ],
          [
            77.8957444,
            12.9195866
          ],
          [
            77.895712,
            12.91914
          ],
          [
            77.8956908,
            12.9187377
          ],
          [
            77.8956782,
            12.918064
          ],
          [
            77.8956952,
            12.9173837
          ],
          [
            77.8957421,
            12.9167047
          ],
          [
            77.8958189,
            12.9160282
          ],
          [
            77.8959252,
            12.9153558
          ],
          [
            77.8960611,
            12.9146883
          ],
          [
            77.8962261,
            12.9140272
          ],
          [
            77.89642,
            12.9133737
          ],
          [
            77.8966386,
            12.9127398
          ],
          [
            77.8966967,
            12.9125849
          ],
          [
            77.8968399,
            12.9122198
          ],
          [
            77.8970104,
            12.9118061
          ],
          [
            77.9007729,
            12.9029869
          ],
          [
            77.9011408,
            12.9021131
          ],
          [
            77.9013023,
            12.9017148
          ],
          [
            77.9019333,
            12.8999833
          ],
          [
            77.9024573,
            12.8982332
          ],
          [
            77.9028776,
            12.8964564
          ],
          [
            77.9031928,
            12.8946588
          ],
          [
            77.9034018,
            12.8928463
          ],
          [
            77.903504,
            12.891025
          ],
          [
            77.903499,
            12.889201
          ],
          [
            77.9033868,
            12.8873803
          ],
          [
            77.9031659,
            12.8855527
          ],
          [
            77.9031231,
            12.8852773
          ],
          [
            77.9029995,
            12.88454
          ],
          [
            77.9026933,
            12.8828036
          ],
          [
            77.9025923,
            12.8822659
          ],
          [
            77.9024998,
            12.8818225
          ],
          [
            77.9024838,
            12.8817513
          ],
          [
            77.9022209,
            12.8807484
          ],
          [
            77.9018991,
            12.8797828
          ],
          [
            77.9015149,
            12.8788395
          ],
          [
            77.9010697,
            12.8779224
          ],
          [
            77.9005656,
            12.8770353
          ],
          [
            77.9000046,
            12.8761819
          ],
          [
            77.8993889,
            12.8753657
          ],
          [
            77.898721,
            12.8745899
          ],
          [
            77.8979928,
            12.8738466
          ],
          [
            77.8977874,
            12.8736533
          ],
          [
            77.8974521,
            12.8733491
          ],
          [
            77.8969997,
            12.8729515
          ],
          [
            77.8685869,
            12.8482661
          ],
          [
            77.8681289,
            12.8478745
          ],
          [
            77.8677426,
            12.8475567
          ],
          [
            77.8673256,
            12.847233
          ],
          [
            77.867027,
            12.8470143
          ],
          [
            77.8667207,
            12.8468006
          ],
          [
            77.8664094,
            12.846594
          ],
          [
            77.8660933,
            12.8463946
          ],
          [
            77.8657726,
            12.8462025
          ],
          [
            77.8654474,
            12.8460178
          ],
          [
            77.865118,
            12.8458406
          ],
          [
            77.8647842,
            12.8456709
          ],
          [
            77.8644218,
            12.8454969
          ],
          [
            77.8640098,
            12.8453087
          ],
          [
            77.8634561,
            12.8450649
          ],
          [
            77.8231403,
            12.8274902
          ],
          [
            77.8225462,
            12.8272233
          ],
          [
            77.8220901,
            12.8270055
          ],
          [
            77.82161,
            12.8267581
          ],
          [
            77.8211368,
            12.8264938
          ],
          [
            77.820673,
            12.826214
          ],
          [
            77.8202191,
            12.825919
          ],
          [
            77.8197758,
            12.8256091
          ],
          [
            77.8193434,
            12.8252849
          ],
          [
            77.8189223,
            12.8249464
          ],
          [
            77.8185132,
            12.8245941
          ],
          [
            77.8181185,
            12.8242304
          ],
          [
            77.8177952,
            12.8239143
          ],
          [
            77.8174797,
            12.8235931
          ],
          [
            77.8170996,
            12.8231965
          ],
          [
            77.8038922,
            12.8093186
          ],
          [
            77.8035184,
            12.8089157
          ],
          [
            77.8031861,
            12.8085414
          ],
          [
            77.8028445,
            12.8081318
          ],
          [
            77.8025161,
            12.8077099
          ],
          [
            77.8022022,
            12.8072772
          ],
          [
            77.8019043,
            12.8068357
          ],
          [
            77.8016556,
            12.8064409
          ],
          [
            77.8014254,
            12.8060542
          ],
          [
            77.8010582,
            12.805409
          ],
          [
            77.789377,
            12.7845625
          ],
          [
            77.7889943,
            12.7838678
          ],
          [
            77.7887218,
            12.783342
          ],
          [
            77.7885665,
            12.7830208
          ],
          [
            77.7884186,
            12.7826962
          ],
          [
            77.7882139,
            12.7822116
          ],
          [
            77.7880176,
            12.7816978
          ],
          [
            77.7878229,
            12.7811366
          ],
          [
            77.7876228,
            12.780523
          ],
          [
            77.7843255,
            12.7702546
          ],
          [
            77.7841706,
            12.769783
          ],
          [
            77.7840061,
            12.7693088
          ],
          [
            77.7839271,
            12.769094
          ],
          [
            77.7835519,
            12.7681835
          ],
          [
            77.7831276,
            12.7673111
          ],
          [
            77.78265,
            12.766466
          ],
          [
            77.7821206,
            12.7656512
          ],
          [
            77.7815415,
            12.7648696
          ],
          [
            77.780915,
            12.7641243
          ],
          [
            77.7802434,
            12.7634181
          ],
          [
            77.7795291,
            12.7627534
          ],
          [
            77.7787647,
            12.7621245
          ],
          [
            77.7784553,
            12.761891
          ],
          [
            77.7780911,
            12.7616269
          ],
          [
            77.7765476,
            12.7605449
          ],
          [
            77.776061,
            12.7601962
          ],
          [
            77.7756553,
            12.7598915
          ],
          [
            77.7750811,
            12.759426
          ],
          [
            77.774525,
            12.7589304
          ],
          [
            77.7739932,
            12.75841
          ],
          [
            77.7734866,
            12.7578659
          ],
          [
            77.7730065,
            12.7572992
          ],
          [
            77.7725538,
            12.7567112
          ],
          [
            77.7721298,
            12.7561031
          ],
          [
            77.771735,
            12.7554764
          ],
          [
            77.7713739,
            12.7548385
          ],
          [
            77.7711652,
            12.7544363
          ],
          [
            77.7709884,
            12.7540786
          ],
          [
            77.770774,
            12.7536313
          ],
          [
            77.7675968,
            12.7469248
          ],
          [
            77.7673341,
            12.746387
          ],
          [
            77.7671126,
            12.7459588
          ],
          [
            77.7665046,
            12.744919
          ],
          [
            77.7658282,
            12.7439398
          ],
          [
            77.7650793,
            12.7430132
          ],
          [
            77.764262,
            12.7421442
          ],
          [
            77.7633809,
            12.7413377
          ],
          [
            77.7624411,
            12.7405981
          ],
          [
            77.7614476,
            12.7399298
          ],
          [
            77.7604061,
            12.7393362
          ],
          [
            77.7593037,
            12.7388118
          ],
          [
            77.759093,
            12.7387228
          ],
          [
            77.7587677,
            12.7385911
          ],
          [
            77.7580572,
            12.7383181
          ],
          [
            77.7382362,
            12.7308724
          ],
          [
            77.7377667,
            12.730688
          ],
          [
            77.7373261,
            12.7305045
          ],
          [
            77.7359616,
            12.7298373
          ],
          [
            77.7346481,
            12.7290319
          ],
          [
            77.7334197,
            12.7281065
          ],
          [
            77.7322876,
            12.7270698
          ],
          [
            77.7312624,
            12.7259312
          ],
          [
            77.7303534,
            12.7247014
          ],
          [
            77.7295691,
            12.7233918
          ],
          [
            77.7289166,
            12.7220145
          ],
          [
            77.7284096,
            12.7206037
          ],
          [
            77.728266,
            12.7201077
          ],
          [
            77.7281626,
            12.719722
          ],
          [
            77.7280158,
            12.7191468
          ],
          [
            77.7201881,
            12.6880685
          ],
          [
            77.7199989,
            12.6873416
          ],
          [
            77.7199199,
            12.6870581
          ],
          [
            77.7198533,
            12.6868324
          ],
          [
            77.7185812,
            12.6838138
          ],
          [
            77.7167518,
            12.6811615
          ],
          [
            77.7144162,
            12.6789265
          ],
          [
            77.7116706,
            12.6772002
          ],
          [
            77.7086278,
            12.6760529
          ],
          [
            77.7054125,
            12.6755315
          ],
          [
            77.7021561,
            12.6756572
          ],
          [
            77.6989923,
            12.6764249
          ],
          [
            77.6959921,
            12.6778306
          ],
          [
            77.695792,
            12.6779526
          ],
          [
            77.695365,
            12.6782239
          ],
          [
            77.694904,
            12.6785269
          ],
          [
            77.6843077,
            12.6855729
          ],
          [
            77.6832983,
            12.6862813
          ],
          [
            77.6823182,
            12.6870194
          ],
          [
            77.6813637,
            12.6877892
          ],
          [
            77.6804362,
            12.6885901
          ],
          [
            77.6795365,
            12.6894211
          ],
          [
            77.6786657,
            12.6902813
          ],
          [
            77.6778248,
            12.6911697
          ],
          [
            77.6770146,
            12.6920854
          ],
          [
            77.676231,
            12.6930335
          ],
          [
            77.6759419,
            12.6933992
          ],
          [
            77.655953,
            12.7188842
          ],
          [
            77.6556087,
            12.7193117
          ],
          [
            77.6552745,
            12.7197087
          ],
          [
            77.6543141,
            12.7207223
          ],
          [
            77.65325,
            12.7216622
          ],
          [
            77.6521049,
            12.7225057
          ],
          [
            77.6508879,
            12.723246
          ],
          [
            77.6496086,
            12.7238774
          ],
          [
            77.6482771,
            12.7243949
          ],
          [
            77.6469039,
            12.7247943
          ],
          [
            77.6454999,
            12.7250724
          ],
          [
            77.6440964,
            12.7252249
          ],
          [
            77.6435209,
            12.7252534
          ],
          [
            77.6426672,
            12.7252744
          ],
          [
            77.6146213,
            12.7257446
          ],
          [
            77.6140167,
            12.7257484
          ],
          [
            77.6134632,
            12.7257397
          ],
          [
            77.6130034,
            12.7257189
          ],
          [
            77.6125453,
            12.7256855
          ],
          [
            77.6120883,
            12.7256392
          ],
          [
            77.6116328,
            12.7255801
          ],
          [
            77.6111792,
            12.7255083
          ],
          [
            77.6107278,
            12.7254238
          ],
          [
            77.6102792,
            12.7253267
          ],
          [
            77.6098336,
            12.7252172
          ],
          [
            77.6093898,
            12.7250948
          ],
          [
            77.6088138,
            12.724917
          ],
          [
            77.6080045,
            12.7246448
          ],
          [
            77.5947982,
            12.7201053
          ],
          [
            77.5940875,
            12.719855
          ],
          [
            77.5935079,
            12.7196349
          ],
          [
            77.5923276,
            12.7191089
          ],
          [
            77.5911801,
            12.7184821
          ],
          [
            77.5900885,
            12.7177658
          ],
          [
            77.5890603,
            12.7169646
          ],
          [
            77.5881019,
            12.7160841
          ],
          [
            77.5872199,
            12.7151299
          ],
          [
            77.5864202,
            12.7141085
          ],
          [
            77.585708,
            12.7130267
          ],
          [
            77.5850974,
            12.7119091
          ],
          [
            77.5849168,
            12.7115325
          ],
          [
            77.5847318,
            12.7111262
          ],
          [
            77.5845124,
            12.7106266
          ],
          [
            77.5805851,
            12.7015854
          ],
          [
            77.5804014,
            12.7011802
          ],
          [
            77.5802116,
            12.7007832
          ],
          [
            77.5798378,
            12.700072
          ],
          [
            77.5794325,
            12.6993874
          ],
          [
            77.578993,
            12.6987235
          ],
          [
            77.5785201,
            12.6980822
          ],
          [
            77.5780153,
            12.697465
          ],
          [
            77.5774795,
            12.6968733
          ],
          [
            77.5769144,
            12.6963088
          ],
          [
            77.5763213,
            12.6957728
          ],
          [
            77.5756952,
            12.6952613
          ],
          [
            77.5753409,
            12.6949935
          ],
          [
            77.5750175,
            12.6947585
          ],
          [
            77.5746078,
            12.6944681
          ],
          [
            77.5619549,
            12.6855898
          ],
          [
            77.5614178,
            12.6852165
          ],
          [
            77.5610425,
            12.6849638
          ],
          [
            77.560774,
            12.6847904
          ],
          [
            77.5592305,
            12.683927
          ],
          [
            77.5576292,
            12.6832449
          ],
          [
            77.5559623,
            12.6827371
          ],
          [
            77.5542494,
            12.6824096
          ],
          [
            77.5525104,
            12.6822661
          ],
          [
            77.550766,
            12.6823084
          ],
          [
            77.5490363,
            12.6825359
          ],
          [
            77.5473418,
            12.6829459
          ],
          [
            77.5456726,
            12.6835446
          ],
          [
            77.5454244,
            12.6836513
          ],
          [
            77.5451525,
            12.6837732
          ],
          [
            77.5444634,
            12.684096
          ],
          [
            77.5242555,
            12.6937494
          ],
          [
            77.5236186,
            12.6940574
          ],
          [
            77.5232601,
            12.6942377
          ],
          [
            77.5229885,
            12.6943804
          ],
          [
            77.5209385,
            12.6956871
          ],
          [
            77.5191421,
            12.6972496
          ],
          [
            77.5176018,
            12.6990574
          ],
          [
            77.5163521,
            12.7010704
          ],
          [
            77.5154208,
            12.7032438
          ],
          [
            77.5148287,
            12.7055293
          ],
          [
            77.5145894,
            12.7078759
          ],
          [
            77.5147078,
            12.7102315
          ],
          [
            77.5151906,
            12.712587
          ],
          [
            77.5152623,
            12.71283
          ],
          [
            77.5153499,
            12.713111
          ],
          [
            77.5155858,
            12.7138244
          ],
          [
            77.5261426,
            12.744927
          ],
          [
            77.5263774,
            12.7456294
          ],
          [
            77.5264975,
            12.7460088
          ],
          [
            77.5266148,
            12.7464045
          ],
          [
            77.5271717,
            12.7496601
          ],
          [
            77.5270103,
            12.7530229
          ],
          [
            77.5261267,
            12.7562761
          ],
          [
            77.5245608,
            12.7592724
          ],
          [
            77.522383,
            12.7618759
          ],
          [
            77.5196919,
            12.7639683
          ],
          [
            77.5166092,
            12.7654541
          ],
          [
            77.5132751,
            12.7662652
          ],
          [
            77.5099106,
            12.7663629
          ],
          [
            77.509586,
            12.7663358
          ],
          [
            77.5090887,
            12.7662853
          ],
          [
            77.5085374,
            12.7662202
          ],
          [
            77.4906746,
            12.7640026
          ],
          [
            77.4898154,
            12.7639018
          ],
          [
            77.4894658,
            12.7638673
          ],
          [
            77.4892718,
            12.7638511
          ],
          [
            77.4864131,
            12.7638786
          ],
          [
            77.4836572,
            12.7643825
          ],
          [
            77.4810319,
            12.7653481
          ],
          [
            77.4786166,
            12.7667466
          ],
          [
            77.4764845,
            12.7685355
          ],
          [
            77.4747004,
            12.7706611
          ],
          [
            77.4733187,
            12.773059
          ],
          [
            77.4723817,
            12.7756563
          ],
          [
            77.4719091,
            12.7784261
          ],
          [
            77.4718917,
            12.7786703
          ],
          [
            77.4718752,
            12.7789633
          ],
          [
            77.471843,
            12.7798128
          ],
          [
            77.4708491,
            12.8119716
          ],
          [
            77.4708281,
            12.8124184
          ],
          [
            77.470802,
            12.8128144
          ],
          [
            77.4707629,
            12.8132425
          ],
          [
            77.4707181,
            12.8136229
          ],
          [
            77.470664,
            12.814001
          ],
          [
            77.4706008,
            12.8143776
          ],
          [
            77.4705282,
            12.8147528
          ],
          [
            77.4704463,
            12.8151263
          ],
          [
            77.4703553,
            12.8154975
          ],
          [
            77.4702552,
            12.8158665
          ],
          [
            77.470146,
            12.8162333
          ],
          [
            77.4700076,
            12.8166586
          ],
          [
            77.4697945,
            12.8172648
          ],
          [
            77.4683486,
            12.8212131
          ],
          [
            77.4679806,
            12.822218
          ],
          [
            77.4678927,
            12.8224579
          ],
          [
            77.4591201,
            12.8464112
          ],
          [
            77.4588928,
            12.847013
          ],
          [
            77.4586844,
            12.8475274
          ],
          [
            77.4582978,
            12.8483697
          ],
          [
            77.4578566,
            12.8491967
          ],
          [
            77.4573664,
            12.8499966
          ],
          [
            77.4568289,
            12.8507669
          ],
          [
            77.4562459,
            12.8515047
          ],
          [
            77.4556195,
            12.8522076
          ],
          [
            77.4549516,
            12.8528731
          ],
          [
            77.454245,
            12.8534985
          ],
          [
            77.4535124,
            12.854074
          ],
          [
            77.4532165,
            12.8542881
          ],
          [
            77.4528863,
            12.8545179
          ],
          [
            77.4523064,
            12.8549087
          ],
          [
            77.4437803,
            12.8605929
          ],
          [
            77.443269,
            12.8609295
          ],
          [
            77.442881,
            12.8611764
          ],
          [
            77.4424595,
            12.8614329
          ],
          [
            77.4419299,
            12.8617426
          ],
          [
            77.4278309,
            12.8698464
          ],
          [
            77.4270899,
            12.8702802
          ],
          [
            77.4266216,
            12.8705704
          ],
          [
            77.4261664,
            12.8708729
          ],
          [
            77.4257228,
            12.8711898
          ],
          [
            77.4252907,
            12.8715212
          ],
          [
            77.4248702,
            12.8718668
          ],
          [
            77.4244619,
            12.8722265
          ],
          [
            77.4240663,
            12.8725995
          ],
          [
            77.4236838,
            12.8729856
          ],
          [
            77.4233156,
            12.8733834
          ],
          [
            77.4229237,
            12.8738384
          ],
          [
            77.4227712,
            12.874025
          ],
          [
            77.4225547,
            12.8742981
          ],
          [
            77.4220962,
            12.8748968
          ],
          [
            77.411953,
            12.8883268
          ],
          [
            77.4116487,
            12.8887211
          ],
          [
            77.4113689,
            12.8890705
          ],
          [
            77.4111277,
            12.8893581
          ],
          [
            77.4108335,
            12.889691
          ],
          [
            77.4105288,
            12.8900169
          ],
          [
            77.4102182,
            12.890331
          ],
          [
            77.4100494,
            12.8904947
          ],
          [
            77.4096345,
            12.8908778
          ],
          [
            77.4092178,
            12.891242
          ],
          [
            77.3980768,
            12.9006394
          ],
          [
            77.3975425,
            12.9010998
          ],
          [
            77.3971865,
            12.9014216
          ],
          [
            77.3961924,
            12.9024302
          ],
          [
            77.3953047,
            12.9035045
          ],
          [
            77.3945158,
            12.9046509
          ],
          [
            77.3938321,
            12.9058607
          ],
          [
            77.3932586,
            12.9071246
          ],
          [
            77.3927998,
            12.908433
          ],
          [
            77.3924591,
            12.9097758
          ],
          [
            77.3922393,
            12.9111425
          ],
          [
            77.3921405,
            12.9125475
          ],
          [
            77.3921364,
            12.9127671
          ],
          [
            77.3921367,
            12.9132673
          ],
          [
            77.3921484,
            12.9139129
          ],
          [
            77.3934239,
            12.9677762
          ],
          [
            77.3934304,
            12.9682698
          ],
          [
            77.393429,
            12.9686625
          ],
          [
            77.3934248,
            12.9688727
          ],
          [
            77.3933994,
            12.9694432
          ],
          [
            77.393352,
            12.9700208
          ],
          [
            77.3932829,
            12.9705962
          ],
          [
            77.3931925,
            12.9711686
          ],
          [
            77.3930807,
            12.9717373
          ],
          [
            77.3929478,
            12.9723018
          ],
          [
            77.3927938,
            12.9728613
          ],
          [
            77.3926188,
            12.9734148
          ],
          [
            77.392425,
            12.9739572
          ],
          [
            77.3922783,
            12.9743315
          ],
          [
            77.3921062,
            12.9747464
          ],
          [
            77.380031,
            13.0024436
          ],
          [
            77.3798471,
            13.0028511
          ],
          [
            77.3796999,
            13.003164
          ],
          [
            77.3796092,
            13.0033498
          ],
          [
            77.3794236,
            13.0037118
          ],
          [
            77.3792262,
            13.0040734
          ],
          [
            77.3790194,
            13.0044296
          ],
          [
            77.3788032,
            13.0047806
          ],
          [
            77.3785776,
            13.0051261
          ],
          [
            77.3783431,
            13.0054655
          ],
          [
            77.3780997,
            13.005799
          ],
          [
            77.3778475,
            13.0061261
          ],
          [
            77.377589,
            13.0064439
          ],
          [
            77.3774233,
            13.0066393
          ],
          [
            77.3771619,
            13.0069375
          ],
          [
            77.376893,
            13.0072353
          ],
          [
            77.3506867,
            13.0356703
          ],
          [
            77.3502778,
            13.036107
          ],
          [
            77.3499338,
            13.0364604
          ],
          [
            77.3498121,
            13.0365813
          ],
          [
            77.3492111,
            13.0371425
          ],
          [
            77.3485694,
            13.0376819
          ],
          [
            77.3478997,
            13.0381876
          ],
          [
            77.3472038,
            13.0386582
          ],
          [
            77.3464837,
            13.0390923
          ],
          [
            77.3457413,
            13.0394891
          ],
          [
            77.3449787,
            13.0398471
          ],
          [
            77.344198,
            13.0401654
          ],
          [
            77.3434146,
            13.0404386
          ],
          [
            77.3432026,
            13.0405051
          ],
          [
            77.3426768,
            13.0406593
          ],
          [
            77.3420445,
            13.0408323
          ],
          [
            77.3202655,
            13.0466698
          ],
          [
            77.3196796,
            13.0468297
          ],
          [
            77.3192422,
            13.046956
          ],
          [
            77.3189409,
            13.0470491
          ],
          [
            77.3170234,
            13.047796
          ],
          [
            77.3152486,
            13.0487555
          ],
          [
            77.3136101,
            13.0499259
          ],
          [
            77.3121342,
            13.051289
          ],
          [
            77.3108439,
            13.0528231
          ],
          [
            77.30976,
            13.0545041
          ],
          [
            77.3088996,
            13.0563054
          ],
          [
            77.3082763,
            13.0581986
          ],
          [
            77.3078943,
            13.0601851
          ],
          [
            77.3078373,
            13.0606988
          ],
          [
            77.3078018,
            13.0610909
          ],
          [
            77.3077624,
            13.0615854
          ],
          [
            77.3051463,
            13.0957006
          ],
          [
            77.3050802,
            13.0964879
          ],
          [
            77.3050153,
            13.0970791
          ],
          [
            77.3049326,
            13.097647
          ],
          [
            77.3048287,
            13.0982126
          ],
          [
            77.3047042,
            13.0987725
          ],
          [
            77.3045672,
            13.0993026
          ],
          [
            77.3043501,
            13.1000624
          ],
          [
            77.302711,
            13.1056223
          ],
          [
            77.3025613,
            13.1061492
          ],
          [
            77.3024475,
            13.1065806
          ],
          [
            77.3023402,
            13.1070345
          ],
          [
            77.3022763,
            13.1073384
          ],
          [
            77.302218,
            13.1076464
          ],
          [
            77.302166,
            13.1079554
          ],
          [
            77.3021201,
            13.1082655
          ],
          [
            77.3020806,
            13.1085764
          ],
          [
            77.3020473,
            13.108888
          ],
          [
            77.3020206,
            13.1091961
          ],
          [
            77.3019897,
            13.1097137
          ],
          [
            77.3019762,
            13.1101063
          ],
          [
            77.3019667,
            13.1107036
          ],
          [
            77.3018357,
            13.1308333
          ],
          [
            77.3018353,
            13.1314302
          ],
          [
            77.3018423,
            13.1318785
          ],
          [
            77.3018521,
            13.1321657
          ],
          [
            77.3018944,
            13.1328258
          ],
          [
            77.3019636,
            13.1334757
          ],
          [
            77.3020602,
            13.1341223
          ],
          [
            77.3021838,
            13.1347644
          ],
          [
            77.3023344,
            13.1354009
          ],
          [
            77.3025116,
            13.1360307
          ],
          [
            77.3027152,
            13.1366527
          ],
          [
            77.3029442,
            13.1372642
          ],
          [
            77.3032442,
            13.1379674
          ],
          [
            77.3034095,
            13.1383205
          ],
          [
            77.303629,
            13.1387675
          ],
          [
            77.308162,
            13.1476905
          ],
          [
            77.3083839,
            13.1481344
          ],
          [
            77.3085768,
            13.1485352
          ],
          [
            77.3087042,
            13.1488133
          ],
          [
            77.3089118,
            13.1492989
          ],
          [
            77.3091046,
            13.1497963
          ],
          [
            77.3092802,
            13.1502997
          ],
          [
            77.3094383,
            13.1508087
          ],
          [
            77.3095789,
            13.1513225
          ],
          [
            77.3097017,
            13.1518407
          ],
          [
            77.3098067,
            13.1523626
          ],
          [
            77.3098942,
            13.1528909
          ],
          [
            77.3099778,
            13.1535562
          ],
          [
            77.3100111,
            13.1539088
          ],
          [
            77.3100422,
            13.1543056
          ],
          [
            77.3111362,
            13.1715981
          ],
          [
            77.3111786,
            13.1721932
          ],
          [
            77.3112242,
            13.1726941
          ],
          [
            77.3112375,
            13.1728171
          ],
          [
            77.3113894,
            13.1738527
          ],
          [
            77.3116056,
            13.1748581
          ],
          [
            77.3118878,
            13.1758476
          ],
          [
            77.312235,
            13.1768169
          ],
          [
            77.3126455,
            13.1777621
          ],
          [
            77.3131178,
            13.1786792
          ],
          [
            77.3136498,
            13.1795643
          ],
          [
            77.3142391,
            13.1804135
          ],
          [
            77.3148906,
            13.1812327
          ],
          [
            77.3152454,
            13.1816373
          ],
          [
            77.3157901,
            13.1822283
          ],
          [
            77.3289634,
            13.1962784
          ],
          [
            77.3293374,
            13.19668
          ],
          [
            77.3296082,
            13.1969776
          ],
          [
            77.3299377,
            13.1973542
          ],
          [
            77.3303077,
            13.1978062
          ],
          [
            77.3306624,
            13.1982736
          ],
          [
            77.3309992,
            13.1987536
          ],
          [
            77.3313175,
            13.1992453
          ],
          [
            77.3316172,
            13.1997478
          ],
          [
            77.3318979,
            13.2002612
          ],
          [
            77.332159,
            13.2007842
          ],
          [
            77.3324003,
            13.2013162
          ],
          [
            77.3326182,
            13.2018488
          ],
          [
            77.3326931,
            13.2020458
          ],
          [
            77.3328273,
            13.202416
          ],
          [
            77.3329884,
            13.2028851
          ],
          [
            77.3477607,
            13.2474067
          ],
          [
            77.3480348,
            13.2482137
          ],
          [
            77.3481343,
            13.2484902
          ],
          [
            77.3482274,
            13.248737
          ],
          [
            77.349032,
            13.2504904
          ],
          [
            77.3500259,
            13.2521077
          ],
          [
            77.3512091,
            13.2535973
          ],
          [
            77.3525648,
            13.254938
          ],
          [
            77.3540735,
            13.2561107
          ],
          [
            77.3557138,
            13.2570989
          ],
          [
            77.3574623,
            13.2578885
          ],
          [
            77.3592941,
            13.2584685
          ],
          [
            77.3612146,
            13.2588364
          ],
          [
            77.3616869,
            13.2588921
          ],
          [
            77.3621384,
            13.2589361
          ],
          [
            77.3626927,
            13.2589839
          ],
          [
            77.4191201,
            13.2636899
          ],
          [
            77.4198051,
            13.2637451
          ],
          [
            77.4203236,
            13.2637806
          ],
          [
            77.4210052,
            13.2638151
          ],
          [
            77.4214547,
            13.2638301
          ],
          [
            77.4219049,
            13.263839
          ],
          [
            77.4225595,
            13.2638413
          ],
          [
            77.4372212,
            13.2637038
          ],
          [
            77.4378779,
            13.263703
          ],
          [
            77.4385143,
            13.2637171
          ],
          [
            77.4404524,
            13.2639079
          ],
          [
            77.4423826,
            13.2643363
          ],
          [
            77.4442446,
            13.2649926
          ],
          [
            77.4460103,
            13.2658671
          ],
          [
            77.4476534,
            13.2669462
          ],
          [
            77.449149,
            13.2682139
          ],
          [
            77.450475,
            13.269651
          ],
          [
            77.4516113,
            13.2712359
          ],
          [
            77.4525259,
            13.2729173
          ],
          [
            77.4527617,
            13.2734439
          ],
          [
            77.4530294,
            13.2740837
          ],
          [
            77.4679936,
            13.3108016
          ],
          [
            77.468262,
            13.3114468
          ],
          [
            77.468465,
            13.3119081
          ],
          [
            77.468514,
            13.3120146
          ],
          [
            77.4691499,
            13.3132379
          ],
          [
            77.469876,
            13.3143821
          ],
          [
            77.4706987,
            13.3154614
          ],
          [
            77.4716121,
            13.3164682
          ],
          [
            77.4726094,
            13.3173952
          ],
          [
            77.4736835,
            13.3182356
          ],
          [
            77.4748266,
            13.3189833
          ],
          [
            77.4760303,
            13.319633
          ],
          [
            77.4773035,
            13.3201876
          ],
          [
            77.4778073,
            13.3203738
          ],
          [
            77.4784286,
            13.3205874
          ],
          [
            77.495251,
            13.3261837
          ],
          [
            77.4958221,
            13.3263771
          ],
          [
            77.4962029,
            13.3265124
          ],
          [
            77.4965354,
            13.3266371
          ],
          [
            77.4968891,
            13.3267787
          ],
          [
            77.4972405,
            13.3269289
          ],
          [
            77.497588,
            13.3270872
          ],
          [
            77.4979318,
            13.3272536
          ],
          [
            77.4982713,
            13.3274279
          ],
          [
            77.4986063,
            13.3276099
          ],
          [
            77.498937,
            13.3277997
          ],
          [
            77.4992629,
            13.3279973
          ],
          [
            77.4995816,
            13.3282007
          ],
          [
            77.499795,
            13.3283429
          ],
          [
            77.5000833,
            13.3285412
          ],
          [
            77.5004118,
            13.3287741
          ],
          [
            77.5190856,
            13.3423366
          ],
          [
            77.5197844,
            13.342838
          ],
          [
            77.520072,
            13.3430367
          ],
          [
            77.5203201,
            13.3432024
          ],
          [
            77.5206505,
            13.3434131
          ],
          [
            77.5209841,
            13.3436149
          ],
          [
            77.5213226,
            13.3438087
          ],
          [
            77.5216657,
            13.3439944
          ],
          [
            77.522013,
            13.3441716
          ],
          [
            77.522365,
            13.3443407
          ],
          [
            77.5227211,
            13.3445014
          ],
          [
            77.5230807,
            13.3446535
          ],
          [
            77.5234439,
            13.3447969
          ],
          [
            77.5238711,
            13.3449537
          ],
          [
            77.5243472,
            13.3451175
          ],
          [
            77.542136,
            13.3509418
          ],
          [
            77.5425893,
            13.3510833
          ],
          [
            77.5429385,
            13.3511861
          ],
          [
            77.5440984,
            13.351477
          ],
          [
            77.5452596,
            13.3516917
          ],
          [
            77.5464323,
            13.3518331
          ],
          [
            77.5476118,
            13.3519007
          ],
          [
            77.5487934,
            13.3518942
          ],
          [
            77.549972,
            13.3518136
          ],
          [
            77.5511432,
            13.3516593
          ],
          [
            77.5523018,
            13.3514319
          ],
          [
            77.5534576,
            13.3511285
          ],
          [
            77.5538523,
            13.3510071
          ],
          [
            77.5543027,
            13.3508603
          ],
          [
            77.5643873,
            13.3474359
          ],
          [
            77.5650824,
            13.3471928
          ],
          [
            77.5656259,
            13.346989
          ],
          [
            77.5660175,
            13.3468325
          ],
          [
            77.566408,
            13.3466681
          ],
          [
            77.5667956,
            13.3464966
          ],
          [
            77.5671798,
            13.3463181
          ],
          [
            77.5675606,
            13.3461328
          ],
          [
            77.5679377,
            13.3459407
          ],
          [
            77.5683113,
            13.3457418
          ],
          [
            77.5686817,
            13.3455357
          ],
          [
            77.569048,
            13.3453237
          ],
          [
            77.5695449,
            13.3450274
          ],
          [
            77.5790838,
            13.3392773
          ],
          [
            77.5796104,
            13.338963
          ],
          [
            77.5799818,
            13.338748
          ],
          [
            77.5806113,
            13.3384031
          ],
          [
            77.5812561,
            13.3380756
          ],
          [
            77.5819112,
            13.337768
          ],
          [
            77.582576,
            13.3374808
          ],
          [
            77.5832494,
            13.3372143
          ],
          [
            77.5839313,
            13.3369686
          ],
          [
            77.5846206,
            13.3367441
          ],
          [
            77.5853192,
            13.3365402
          ],
          [
            77.5861637,
            13.3363249
          ],
          [
            77.5867705,
            13.3361879
          ],
          [
            77.589587,
            13.3355792
          ],
          [
            77.5900744,
            13.335466
          ],
          [
            77.5905735,
            13.3353393
          ],
          [
            77.5910686,
            13.3352022
          ],
          [
            77.5915603,
            13.3350543
          ],
          [
            77.5920484,
            13.3348957
          ],
          [
            77.5925329,
            13.3347263
          ],
          [
            77.5930136,
            13.3345465
          ],
          [
            77.5934898,
            13.3343563
          ],
          [
            77.5939618,
            13.3341556
          ],
          [
            77.5944284,
            13.333945
          ],
          [
            77.5950569,
            13.3336438
          ],
          [
            77.6081775,
            13.3271324
          ],
          [
            77.6085837,
            13.3269327
          ],
          [
            77.6089506,
            13.3267574
          ],
          [
            77.6094717,
            13.3265233
          ],
          [
            77.6106697,
            13.3260744
          ],
          [
            77.6119253,
            13.3257326
          ],
          [
            77.6132082,
            13.3255078
          ],
          [
            77.6145071,
            13.3254022
          ],
          [
            77.6158104,
            13.3254165
          ],
          [
            77.6171065,
            13.3255509
          ],
          [
            77.6183839,
            13.325804
          ],
          [
            77.6196313,
            13.3261736
          ],
          [
            77.6208117,
            13.3266461
          ],
          [
            77.6210248,
            13.3267449
          ],
          [
            77.6214276,
            13.3269412
          ],
          [
            77.6219195,
            13.3271931
          ],
          [
            77.6265145,
            13.3296017
          ],
          [
            77.6269635,
            13.3298249
          ],
          [
            77.6272948,
            13.3299755
          ],
          [
            77.6278007,
            13.3301745
          ],
          [
            77.6283106,
            13.3303385
          ],
          [
            77.62883,
            13.3304698
          ],
          [
            77.6293571,
            13.330568
          ],
          [
            77.6298896,
            13.3306326
          ],
          [
            77.630425,
            13.3306634
          ],
          [
            77.6309614,
            13.3306602
          ],
          [
            77.6314965,
            13.330623
          ],
          [
            77.6320457,
            13.3305498
          ],
          [
            77.6321422,
            13.3305331
          ],
          [
            77.6325179,
            13.3304585
          ],
          [
            77.6330081,
            13.330346
          ],
          [
            77.6380144,
            13.3291194
          ],
          [
            77.6386034,
            13.3289675
          ],
          [
            77.6390919,
            13.3288287
          ],
          [
            77.6394624,
            13.3287116
          ],
          [
            77.6397818,
            13.3286014
          ],
          [
            77.6400995,
            13.3284832
          ],
          [
            77.6404141,
            13.3283575
          ],
          [
            77.6407255,
            13.3282242
          ],
          [
            77.6410334,
            13.3280834
          ],
          [
            77.6413378,
            13.3279352
          ],
          [
            77.6416384,
            13.3277797
          ],
          [
            77.6419373,
            13.3276158
          ],
          [
            77.6421519,
            13.3274924
          ],
          [
            77.6424114,
            13.3273372
          ],
          [
            77.6427087,
            13.3271535
          ],
          [
            77.646179,
            13.3249324
          ],
          [
            77.6466415,
            13.3246277
          ],
          [
            77.64702,
            13.3243658
          ],
          [
            77.6470823,
            13.3243211
          ],
          [
            77.6476691,
            13.3238732
          ],
          [
            77.6482192,
            13.3234059
          ],
          [
            77.6487433,
            13.3229107
          ],
          [
            77.6492403,
            13.3223892
          ],
          [
            77.6497087,
            13.3218428
          ],
          [
            77.6501469,
            13.321273
          ],
          [
            77.6505541,
            13.3206813
          ],
          [
            77.650929,
            13.3200694
          ],
          [
            77.6512752,
            13.3194302
          ],
          [
            77.6514254,
            13.3191257
          ],
          [
            77.6515501,
            13.3188601
          ],
          [
            77.6518575,
            13.3181726
          ],
          [
            77.6578436,
            13.3044953
          ],
          [
            77.6580831,
            13.3039395
          ],
          [
            77.6583304,
            13.3033436
          ],
          [
            77.6585694,
            13.3027436
          ],
          [
            77.6587297,
            13.3023261
          ],
          [
            77.6609214,
            13.2964185
          ],
          [
            77.661102,
            13.2959402
          ],
          [
            77.6612216,
            13.2956345
          ],
          [
            77.6613567,
            13.2953029
          ],
          [
            77.6622071,
            13.2935475
          ],
          [
            77.6632647,
            13.291867
          ],
          [
            77.6645034,
            13.2903093
          ],
          [
            77.6659087,
            13.2888932
          ],
          [
            77.6674635,
            13.2876356
          ],
          [
            77.6691494,
            13.2865517
          ],
          [
            77.6709464,
            13.2856542
          ],
          [
            77.6728328,
            13.2849542
          ],
          [
            77.6747558,
            13.2844678
          ],
          [
            77.6751619,
            13.2843919
          ],
          [
            77.6756775,
            13.2843046
          ],
          [
            77.6855594,
            13.2827606
          ],
          [
            77.6860887,
            13.2826795
          ],
          [
            77.6865561,
            13.2826129
          ],
          [
            77.6876226,
            13.2824916
          ],
          [
            77.6887024,
            13.2824134
          ],
          [
            77.6897847,
            13.2823796
          ],
          [
            77.6908675,
            13.2823903
          ],
          [
            77.6919488,
            13.2824455
          ],
          [
            77.6930268,
            13.2825449
          ],
          [
            77.6940996,
            13.2826886
          ],
          [
            77.6951653,
            13.282876
          ],
          [
            77.6962125,
            13.2831051
          ],
          [
            77.6966029,
            13.2832017
          ],
          [
            77.6971187,
            13.2833351
          ],
          [
            77.7120334,
            13.2872518
          ],
          [
            77.7125809,
            13.2873844
          ],
          [
            77.7128242,
            13.2874369
          ],
          [
            77.7130127,
            13.2874738
          ],
          [
            77.713456,
            13.287546
          ],
          [
            77.7137868,
            13.2875859
          ],
          [
            77.7141227,
            13.2876143
          ],
          [
            77.7144592,
            13.2876306
          ],
          [
            77.7147961,
            13.2876349
          ],
          [
            77.7151329,
            13.2876271
          ],
          [
            77.7154693,
            13.2876072
          ],
          [
            77.7158048,
            13.2875753
          ],
          [
            77.7161428,
            13.2875309
          ],
          [
            77.7163837,
            13.2874918
          ],
          [
            77.7167839,
            13.2874152
          ],
          [
            77.7173301,
            13.2872949
          ],
          [
            77.7246558,
            13.2855687
          ],
          [
            77.7253855,
            13.2854039
          ],
          [
            77.7256877,
            13.2853428
          ],
          [
            77.7259959,
            13.2852871
          ],
          [
            77.7265988,
            13.2852027
          ],
          [
            77.7271672,
            13.2851534
          ],
          [
            77.727736,
            13.2851328
          ],
          [
            77.7283051,
            13.2851409
          ],
          [
            77.7288731,
            13.2851776
          ],
          [
            77.7294382,
            13.2852429
          ],
          [
            77.7299991,
            13.2853364
          ],
          [
            77.7305561,
            13.2854585
          ],
          [
            77.7311424,
            13.2856198
          ],
          [
            77.7314403,
            13.2857146
          ],
          [
            77.7317304,
            13.2858137
          ],
          [
            77.7322928,
            13.2860188
          ],
          [
            77.734492,
            13.2868474
          ],
          [
            77.7349404,
            13.2870067
          ],
          [
            77.7353095,
            13.2871266
          ],
          [
            77.735364,
            13.2871431
          ],
          [
            77.7362913,
            13.2873748
          ],
          [
            77.7372074,
            13.2875181
          ],
          [
            77.738133,
            13.2875787
          ],
          [
            77.7390604,
            13.2875561
          ],
          [
            77.7399819,
            13.2874505
          ],
          [
            77.7408896,
            13.287263
          ],
          [
            77.7417761,
            13.2869948
          ],
          [
            77.7426341,
            13.2866483
          ],
          [
            77.7434752,
            13.2862166
          ],
          [
            77.7437415,
            13.2860592
          ],
          [
            77.7440611,
            13.2858585
          ],
          [
            77.7446177,
            13.2854909
          ],
          [
            77.7678854,
            13.2698717
          ],
          [
            77.7683022,
            13.2695885
          ],
          [
            77.7686318,
            13.2693583
          ],
          [
            77.7689166,
            13.269152
          ],
          [
            77.7691755,
            13.2689566
          ],
          [
            77.7693902,
            13.2687884
          ],
          [
            77.7696025,
            13.2686161
          ],
          [
            77.7698117,
            13.2684403
          ],
          [
            77.7700178,
            13.2682609
          ],
          [
            77.770221,
            13.268078
          ],
          [
            77.7704209,
            13.2678918
          ],
          [
            77.7706153,
            13.2677044
          ],
          [
            77.7709162,
            13.2674014
          ],
          [
            77.7711892,
            13.2671136
          ],
          [
            77.7717315,
            13.2665172
          ],
          [
            77.7801516,
            13.2570987
          ]
        ]
      }
    },
    {
      "type": "Feature",
      "id": "d12210fb-5b22-427d-9c02-f29b363f5e37",
      "properties": {
        "id": "d12210fb-5b22-427d-9c02-f29b363f5e37",
        "names": {
          "primary": "Sampige Line",
          "common": null,
          "rules": [
            {
              "variant": "common",
              "language": null,
              "perspectives": null,
              "value": "Sampige Line",
              "between": null,
              "side": null
            }
          ]
        },
        "subtype": "rail",
        "class": "unknown",
        "subclass": null,
        "subclass_rules": null,
        "connectors": [
          {
            "connector_id": "823ebd53-6928-4735-b9a7-a57680044e56",
            "at": 0.0
          },
          {
            "connector_id": "fe208aff-163a-44be-9778-d6756ab96ce0",
            "at": 1.0
          }
        ],
        "road_surface": null,
        "road_flags": null,
        "rail_flags": null,
        "width_rules": null,
        "level_rules": null,
        "access_restrictions": null,
        "speed_limits": null,
        "prohibited_transitions": null,
        "routes": null,
        "destinations": null,
        "sources": [
          {
            "property": "",
            "dataset": "OpenStreetMap",
            "license": "ODbL-1.0",
            "record_id": "w1348983708@1",
            "update_time": "2025-01-06T12:23:57Z",
            "confidence": null,
            "between": null,
            "provider": "osm",
            "resource": "planet",
            "version": "2026-09-09"
          }
        ],
        "version": 1,
        "bbox": {
          "xmin": 77.54423522949219,
          "xmax": 77.70635223388672,
          "ymin": 12.976383209228516,
          "ymax": 13.250730514526367
        }
      },
      "geometry": {
        "type": "LineString",
        "coordinates": [
          [
            77.7063405,
            13.2507303
          ],
          [
            77.7062346,
            13.2504366
          ],
          [
            77.7058867,
            13.2494739
          ],
          [
            77.7054114,
            13.2482068
          ],
          [
            77.7051839,
            13.2475777
          ],
          [
            77.7046137,
            13.246025
          ],
          [
            77.703935,
            13.2442346
          ],
          [
            77.703545,
            13.2432147
          ],
          [
            77.7033959,
            13.2428761
          ],
          [
            77.70324,
            13.2425683
          ],
          [
            77.7030209,
            13.2422564
          ],
          [
            77.7027195,
            13.2419249
          ],
          [
            77.7023494,
            13.2415973
          ],
          [
            77.6992584,
            13.2391744
          ],
          [
            77.6986897,
            13.2387358
          ],
          [
            77.6981481,
            13.2382905
          ],
          [
            77.6976428,
            13.2378557
          ],
          [
            77.6971579,
            13.2374054
          ],
          [
            77.6966846,
            13.2369199
          ],
          [
            77.6962069,
            13.2364409
          ],
          [
            77.6959011,
            13.2361197
          ],
          [
            77.6947029,
            13.2348625
          ],
          [
            77.6936578,
            13.2337604
          ],
          [
            77.6926556,
            13.2326979
          ],
          [
            77.6906106,
            13.230586
          ],
          [
            77.689123,
            13.2290255
          ],
          [
            77.6885637,
            13.2284242
          ],
          [
            77.6879774,
            13.2278317
          ],
          [
            77.6867687,
            13.2265676
          ],
          [
            77.6863227,
            13.2261045
          ],
          [
            77.6857395,
            13.2254863
          ],
          [
            77.6851338,
            13.2248395
          ],
          [
            77.6839314,
            13.2235767
          ],
          [
            77.6828994,
            13.2224976
          ],
          [
            77.6819759,
            13.2214816
          ],
          [
            77.6809982,
            13.2204916
          ],
          [
            77.6801402,
            13.2196439
          ],
          [
            77.6794302,
            13.2189014
          ],
          [
            77.6773885,
            13.2167599
          ],
          [
            77.67706,
            13.2163329
          ],
          [
            77.6768558,
            13.2159327
          ],
          [
            77.6766404,
            13.2155018
          ],
          [
            77.676476,
            13.2150047
          ],
          [
            77.6763723,
            13.2145808
          ],
          [
            77.676298,
            13.2141504
          ],
          [
            77.6761554,
            13.2127613
          ],
          [
            77.6760174,
            13.2113217
          ],
          [
            77.6759535,
            13.2106472
          ],
          [
            77.6758184,
            13.2094063
          ],
          [
            77.6757282,
            13.2088837
          ],
          [
            77.6756752,
            13.2085632
          ],
          [
            77.6755794,
            13.2082866
          ],
          [
            77.6754773,
            13.2080268
          ],
          [
            77.6753392,
            13.2077758
          ],
          [
            77.6752041,
            13.2075503
          ],
          [
            77.6750148,
            13.2072984
          ],
          [
            77.6748321,
            13.2071157
          ],
          [
            77.6746494,
            13.2069374
          ],
          [
            77.6744413,
            13.2067555
          ],
          [
            77.6741819,
            13.206595
          ],
          [
            77.6739383,
            13.206463
          ],
          [
            77.6736345,
            13.2063391
          ],
          [
            77.6733194,
            13.2062437
          ],
          [
            77.6727456,
            13.2060865
          ],
          [
            77.6721268,
            13.2059556
          ],
          [
            77.6709726,
            13.2056751
          ],
          [
            77.6698251,
            13.2054165
          ],
          [
            77.6691933,
            13.2052757
          ],
          [
            77.6688819,
            13.2052007
          ],
          [
            77.6684251,
            13.2050467
          ],
          [
            77.6680662,
            13.2049114
          ],
          [
            77.6677291,
            13.2047529
          ],
          [
            77.6673558,
            13.2045438
          ],
          [
            77.6670859,
            13.2043744
          ],
          [
            77.666834,
            13.2042094
          ],
          [
            77.6660503,
            13.2037021
          ],
          [
            77.6652824,
            13.203175
          ],
          [
            77.664215,
            13.2024429
          ],
          [
            77.6630845,
            13.2016977
          ],
          [
            77.6611922,
            13.2003875
          ],
          [
            77.6604172,
            13.1998746
          ],
          [
            77.6590017,
            13.1989196
          ],
          [
            77.6573987,
            13.1977967
          ],
          [
            77.6568426,
            13.1974
          ],
          [
            77.6536652,
            13.1952683
          ],
          [
            77.653396,
            13.195085
          ],
          [
            77.6531382,
            13.1948797
          ],
          [
            77.6529381,
            13.1947005
          ],
          [
            77.6527426,
            13.1944729
          ],
          [
            77.6525122,
            13.1941605
          ],
          [
            77.6523856,
            13.1939073
          ],
          [
            77.6522749,
            13.1936449
          ],
          [
            77.652189,
            13.193378
          ],
          [
            77.652117,
            13.1930771
          ],
          [
            77.6520834,
            13.1927543
          ],
          [
            77.6520653,
            13.1925035
          ],
          [
            77.6520518,
            13.1921891
          ],
          [
            77.6520886,
            13.1919281
          ],
          [
            77.6522608,
            13.191359
          ],
          [
            77.653614,
            13.1877185
          ],
          [
            77.653701,
            13.1873775
          ],
          [
            77.6537287,
            13.187095
          ],
          [
            77.6537293,
            13.1868081
          ],
          [
            77.6537072,
            13.1864703
          ],
          [
            77.6536468,
            13.1861786
          ],
          [
            77.6535429,
            13.1857857
          ],
          [
            77.6534273,
            13.185518
          ],
          [
            77.6532981,
            13.1852677
          ],
          [
            77.6529613,
            13.1847189
          ],
          [
            77.6526064,
            13.1841613
          ],
          [
            77.6518967,
            13.1830637
          ],
          [
            77.6514831,
            13.1824319
          ],
          [
            77.6511913,
            13.1820329
          ],
          [
            77.6508988,
            13.1817139
          ],
          [
            77.6506416,
            13.181481
          ],
          [
            77.650328,
            13.1812371
          ],
          [
            77.6499614,
            13.1810031
          ],
          [
            77.6481596,
            13.1800028
          ],
          [
            77.6476994,
            13.1798123
          ],
          [
            77.6474074,
            13.1797302
          ],
          [
            77.6470905,
            13.1796657
          ],
          [
            77.6467785,
            13.1796457
          ],
          [
            77.6464214,
            13.1796432
          ],
          [
            77.6461529,
            13.1796829
          ],
          [
            77.6459353,
            13.1797193
          ],
          [
            77.6456364,
            13.1797997
          ],
          [
            77.6451835,
            13.1799392
          ],
          [
            77.6438451,
            13.1804237
          ],
          [
            77.6435465,
            13.1805211
          ],
          [
            77.6432005,
            13.1806141
          ],
          [
            77.642945,
            13.18067
          ],
          [
            77.6426337,
            13.180704
          ],
          [
            77.6423585,
            13.1807117
          ],
          [
            77.6420836,
            13.1807205
          ],
          [
            77.6409771,
            13.1806419
          ],
          [
            77.6392081,
            13.1804861
          ],
          [
            77.6390115,
            13.1804688
          ],
          [
            77.6379665,
            13.1803771
          ],
          [
            77.6364962,
            13.1802816
          ],
          [
            77.6362569,
            13.1802592
          ],
          [
            77.6347124,
            13.1801142
          ],
          [
            77.6341191,
            13.1800184
          ],
          [
            77.6335559,
            13.1798706
          ],
          [
            77.6329819,
            13.1796758
          ],
          [
            77.6325058,
            13.179469
          ],
          [
            77.632019,
            13.1792517
          ],
          [
            77.6310936,
            13.1788067
          ],
          [
            77.6225238,
            13.1747675
          ],
          [
            77.6205373,
            13.1738468
          ],
          [
            77.6195471,
            13.1733729
          ],
          [
            77.6185493,
            13.1729212
          ],
          [
            77.6165518,
            13.1719623
          ],
          [
            77.6124734,
            13.1700446
          ],
          [
            77.6091625,
            13.1685199
          ],
          [
            77.6075222,
            13.1677335
          ],
          [
            77.6020361,
            13.1651575
          ],
          [
            77.6014466,
            13.1648798
          ],
          [
            77.600967,
            13.164591
          ],
          [
            77.6006594,
            13.1643241
          ],
          [
            77.600405,
            13.1640645
          ],
          [
            77.6001389,
            13.1637153
          ],
          [
            77.5999688,
            13.1634108
          ],
          [
            77.5997912,
            13.1629696
          ],
          [
            77.5997377,
            13.1628098
          ],
          [
            77.5996664,
            13.1625245
          ],
          [
            77.5996443,
            13.1621676
          ],
          [
            77.5996561,
            13.1618319
          ],
          [
            77.5996907,
            13.1614741
          ],
          [
            77.599775,
            13.1606992
          ],
          [
            77.600072,
            13.1578925
          ],
          [
            77.6001253,
            13.1573885
          ],
          [
            77.6001871,
            13.156833
          ],
          [
            77.6001958,
            13.1563884
          ],
          [
            77.6001926,
            13.1560684
          ],
          [
            77.600159,
            13.1557336
          ],
          [
            77.6000654,
            13.1551342
          ],
          [
            77.5999009,
            13.154445
          ],
          [
            77.5997482,
            13.1538346
          ],
          [
            77.5994965,
            13.1528472
          ],
          [
            77.5990595,
            13.1511327
          ],
          [
            77.5988856,
            13.1504506
          ],
          [
            77.5986557,
            13.1495842
          ],
          [
            77.598488,
            13.1488944
          ],
          [
            77.5984486,
            13.1487325
          ],
          [
            77.5983267,
            13.1482912
          ],
          [
            77.5982124,
            13.1478646
          ],
          [
            77.597933,
            13.1470626
          ],
          [
            77.5968237,
            13.1442465
          ],
          [
            77.5968147,
            13.1442237
          ],
          [
            77.5966296,
            13.1437494
          ],
          [
            77.596471,
            13.1433711
          ],
          [
            77.5962891,
            13.1429725
          ],
          [
            77.5961493,
            13.1427229
          ],
          [
            77.5960827,
            13.1426089
          ],
          [
            77.5958278,
            13.1421818
          ],
          [
            77.5955327,
            13.1417712
          ],
          [
            77.5953081,
            13.1415322
          ],
          [
            77.5950646,
            13.1412673
          ],
          [
            77.594537,
            13.1408409
          ],
          [
            77.5892473,
            13.1365503
          ],
          [
            77.5889936,
            13.1363388
          ],
          [
            77.5888472,
            13.1362167
          ],
          [
            77.5884851,
            13.135883
          ],
          [
            77.5882556,
            13.135654
          ],
          [
            77.5880449,
            13.1353527
          ],
          [
            77.5879,
            13.135123
          ],
          [
            77.5877684,
            13.1348457
          ],
          [
            77.5875987,
            13.1344222
          ],
          [
            77.587341,
            13.1335396
          ],
          [
            77.5869472,
            13.1322236
          ],
          [
            77.5865003,
            13.1306048
          ],
          [
            77.5860751,
            13.1292504
          ],
          [
            77.5859705,
            13.1288935
          ],
          [
            77.5857899,
            13.1282119
          ],
          [
            77.5856797,
            13.1277534
          ],
          [
            77.5855945,
            13.1273131
          ],
          [
            77.585511,
            13.1267923
          ],
          [
            77.5854907,
            13.1264896
          ],
          [
            77.5854932,
            13.1262017
          ],
          [
            77.5854956,
            13.12574
          ],
          [
            77.5855662,
            13.1250493
          ],
          [
            77.5857473,
            13.1238088
          ],
          [
            77.5868427,
            13.1154082
          ],
          [
            77.5868695,
            13.1152142
          ],
          [
            77.5869365,
            13.1147696
          ],
          [
            77.5870281,
            13.1142724
          ],
          [
            77.5871612,
            13.1138149
          ],
          [
            77.5873265,
            13.1133991
          ],
          [
            77.5874734,
            13.1131
          ],
          [
            77.5881568,
            13.1119048
          ],
          [
            77.5885096,
            13.111291
          ],
          [
            77.5886759,
            13.1110298
          ],
          [
            77.588975,
            13.1105778
          ],
          [
            77.5891668,
            13.1102526
          ],
          [
            77.5893492,
            13.1098868
          ],
          [
            77.589498,
            13.109559
          ],
          [
            77.5900349,
            13.108362
          ],
          [
            77.5907653,
            13.1066175
          ],
          [
            77.5931995,
            13.1013079
          ],
          [
            77.5932169,
            13.1012648
          ],
          [
            77.5934841,
            13.1006952
          ],
          [
            77.5937406,
            13.1001199
          ],
          [
            77.5939062,
            13.0996641
          ],
          [
            77.594073,
            13.0992817
          ],
          [
            77.5942476,
            13.0988008
          ],
          [
            77.5944114,
            13.0984504
          ],
          [
            77.5952221,
            13.0965764
          ],
          [
            77.5953527,
            13.0962865
          ],
          [
            77.5956605,
            13.09559
          ],
          [
            77.5958832,
            13.0950482
          ],
          [
            77.5961054,
            13.0943441
          ],
          [
            77.5962525,
            13.0936051
          ],
          [
            77.5963068,
            13.093114
          ],
          [
            77.5963363,
            13.0925262
          ],
          [
            77.5962934,
            13.0916745
          ],
          [
            77.5962498,
            13.0914116
          ],
          [
            77.5962042,
            13.0911268
          ],
          [
            77.5961291,
            13.0907872
          ],
          [
            77.5960272,
            13.0903692
          ],
          [
            77.5959467,
            13.090108
          ],
          [
            77.5958045,
            13.0897161
          ],
          [
            77.5955095,
            13.088995
          ],
          [
            77.59445,
            13.0864583
          ],
          [
            77.59375,
            13.0848071
          ],
          [
            77.5929641,
            13.0829757
          ],
          [
            77.5919582,
            13.0805878
          ],
          [
            77.5911187,
            13.0785944
          ],
          [
            77.5906252,
            13.0774213
          ],
          [
            77.5897401,
            13.0753207
          ],
          [
            77.5895925,
            13.0749706
          ],
          [
            77.5894048,
            13.0745134
          ],
          [
            77.5890936,
            13.0737662
          ],
          [
            77.5887369,
            13.0729719
          ],
          [
            77.5886403,
            13.0727733
          ],
          [
            77.5884714,
            13.0724703
          ],
          [
            77.588356,
            13.0722691
          ],
          [
            77.5882005,
            13.0720287
          ],
          [
            77.5880449,
            13.0717988
          ],
          [
            77.5878893,
            13.0715872
          ],
          [
            77.5876721,
            13.0713076
          ],
          [
            77.5874494,
            13.0710568
          ],
          [
            77.5871598,
            13.0707563
          ],
          [
            77.5870667,
            13.0706537
          ],
          [
            77.5868486,
            13.070448
          ],
          [
            77.5865563,
            13.070205
          ],
          [
            77.5863095,
            13.0700091
          ],
          [
            77.5860171,
            13.0697844
          ],
          [
            77.5851401,
            13.069207
          ],
          [
            77.5833162,
            13.0679764
          ],
          [
            77.5814789,
            13.0667432
          ],
          [
            77.5801485,
            13.0658391
          ],
          [
            77.5780483,
            13.0644309
          ],
          [
            77.5769196,
            13.0636674
          ],
          [
            77.5752749,
            13.0625549
          ],
          [
            77.5745909,
            13.0621055
          ],
          [
            77.5742557,
            13.0618782
          ],
          [
            77.5740518,
            13.0617188
          ],
          [
            77.5737836,
            13.0615202
          ],
          [
            77.5735583,
            13.0613269
          ],
          [
            77.5732579,
            13.0610421
          ],
          [
            77.5730245,
            13.0608017
          ],
          [
            77.5728368,
            13.0605848
          ],
          [
            77.5725766,
            13.0602634
          ],
          [
            77.572362,
            13.0599839
          ],
          [
            77.5721421,
            13.0596651
          ],
          [
            77.5718846,
            13.0592366
          ],
          [
            77.5712489,
            13.0581105
          ],
          [
            77.5706508,
            13.057047
          ],
          [
            77.5705488,
            13.0568683
          ],
          [
            77.5705196,
            13.0568172
          ],
          [
            77.5697496,
            13.0554688
          ],
          [
            77.5692261,
            13.0545533
          ],
          [
            77.5685828,
            13.0534073
          ],
          [
            77.5678693,
            13.0521531
          ],
          [
            77.5670566,
            13.0507081
          ],
          [
            77.5664022,
            13.049548
          ],
          [
            77.5659326,
            13.0487268
          ],
          [
            77.5655085,
            13.0479973
          ],
          [
            77.5649898,
            13.0470833
          ],
          [
            77.5646266,
            13.0464373
          ],
          [
            77.5644133,
            13.0460508
          ],
          [
            77.5640217,
            13.0453584
          ],
          [
            77.5638465,
            13.0450523
          ],
          [
            77.5635474,
            13.0445255
          ],
          [
            77.5629903,
            13.0435515
          ],
          [
            77.5619945,
            13.0417721
          ],
          [
            77.5612075,
            13.0403869
          ],
          [
            77.5610004,
            13.0401038
          ],
          [
            77.560803,
            13.0398767
          ],
          [
            77.5605275,
            13.039611
          ],
          [
            77.5603317,
            13.0394425
          ],
          [
            77.5601133,
            13.0392871
          ],
          [
            77.5598137,
            13.0390988
          ],
          [
            77.5595094,
            13.0389467
          ],
          [
            77.5591738,
            13.0388018
          ],
          [
            77.5588811,
            13.0387076
          ],
          [
            77.5585127,
            13.0386292
          ],
          [
            77.558113,
            13.0385786
          ],
          [
            77.5578448,
            13.0385611
          ],
          [
            77.557536,
            13.0385611
          ],
          [
            77.5572298,
            13.0385723
          ],
          [
            77.5541848,
            13.0386163
          ],
          [
            77.5536691,
            13.0386419
          ],
          [
            77.5533307,
            13.0386786
          ],
          [
            77.5529989,
            13.0387222
          ],
          [
            77.5524577,
            13.0388252
          ],
          [
            77.5520834,
            13.0389197
          ],
          [
            77.5516098,
            13.0390654
          ],
          [
            77.5511854,
            13.0392235
          ],
          [
            77.5497587,
            13.0397922
          ],
          [
            77.5478306,
            13.0405796
          ],
          [
            77.547495,
            13.0407163
          ],
          [
            77.5472428,
            13.04081
          ],
          [
            77.5469572,
            13.0408943
          ],
          [
            77.5466355,
            13.0409489
          ],
          [
            77.5463955,
            13.0409598
          ],
          [
            77.546153,
            13.0409565
          ],
          [
            77.5458958,
            13.0409146
          ],
          [
            77.5456492,
            13.0408456
          ],
          [
            77.5454344,
            13.0407569
          ],
          [
            77.5452442,
            13.0406565
          ],
          [
            77.5451062,
            13.0405645
          ],
          [
            77.5449173,
            13.040415
          ],
          [
            77.5447541,
            13.0402648
          ],
          [
            77.5446422,
            13.0401258
          ],
          [
            77.5445035,
            13.0399162
          ],
          [
            77.5444014,
            13.039715
          ],
          [
            77.5443273,
            13.039504
          ],
          [
            77.544264,
            13.0392513
          ],
          [
            77.5442377,
            13.0390085
          ],
          [
            77.5442379,
            13.038797
          ],
          [
            77.544254,
            13.0385438
          ],
          [
            77.5442883,
            13.0383646
          ],
          [
            77.5443415,
            13.0381591
          ],
          [
            77.5444828,
            13.037809
          ],
          [
            77.5448844,
            13.0370451
          ],
          [
            77.5451768,
            13.0365088
          ],
          [
            77.5455299,
            13.0357364
          ],
          [
            77.5462259,
            13.034416
          ],
          [
            77.5471063,
            13.0327635
          ],
          [
            77.5474505,
            13.0321084
          ],
          [
            77.5478051,
            13.0313327
          ],
          [
            77.547874,
            13.0312009
          ],
          [
            77.5482508,
            13.0304108
          ],
          [
            77.5484194,
            13.0300774
          ],
          [
            77.54862,
            13.0296919
          ],
          [
            77.5489629,
            13.0290241
          ],
          [
            77.5491125,
            13.0287015
          ],
          [
            77.5492392,
            13.0284029
          ],
          [
            77.5495255,
            13.027658
          ],
          [
            77.5496231,
            13.0274153
          ],
          [
            77.5496616,
            13.0273111
          ],
          [
            77.5497732,
            13.0270094
          ],
          [
            77.5500896,
            13.0262196
          ],
          [
            77.5503253,
            13.025685
          ],
          [
            77.5504209,
            13.0254662
          ],
          [
            77.550606,
            13.0250507
          ],
          [
            77.5511938,
            13.0239574
          ],
          [
            77.551475,
            13.0234475
          ],
          [
            77.5518318,
            13.0228413
          ],
          [
            77.5529369,
            13.0208312
          ],
          [
            77.5534437,
            13.0198491
          ],
          [
            77.5537398,
            13.0192834
          ],
          [
            77.5539859,
            13.0188401
          ],
          [
            77.5546856,
            13.0175739
          ],
          [
            77.5553783,
            13.0163431
          ],
          [
            77.5556499,
            13.0159635
          ],
          [
            77.5559188,
            13.0156201
          ],
          [
            77.5562275,
            13.0152644
          ],
          [
            77.5574068,
            13.0139624
          ],
          [
            77.5579697,
            13.0133165
          ],
          [
            77.5581874,
            13.0130132
          ],
          [
            77.5583424,
            13.0127687
          ],
          [
            77.5585387,
            13.0124739
          ],
          [
            77.5587029,
            13.0121844
          ],
          [
            77.5589989,
            13.0115752
          ],
          [
            77.5592134,
            13.0110374
          ],
          [
            77.5598577,
            13.0090588
          ],
          [
            77.5599967,
            13.0086318
          ],
          [
            77.5605143,
            13.0070382
          ],
          [
            77.5610024,
            13.0055099
          ],
          [
            77.5611519,
            13.0050384
          ],
          [
            77.5613443,
            13.0045355
          ],
          [
            77.5614787,
            13.0042404
          ],
          [
            77.5616131,
            13.0039713
          ],
          [
            77.5621384,
            13.0030169
          ],
          [
            77.5626744,
            13.0020677
          ],
          [
            77.5636055,
            13.0004471
          ],
          [
            77.5642573,
            12.9993687
          ],
          [
            77.5645668,
            12.9988674
          ],
          [
            77.5658888,
            12.9970353
          ],
          [
            77.5683931,
            12.9935134
          ],
          [
            77.5685748,
            12.9932408
          ],
          [
            77.5690416,
            12.9925099
          ],
          [
            77.5694039,
            12.9917712
          ],
          [
            77.5695538,
            12.9913984
          ],
          [
            77.5696984,
            12.9909838
          ],
          [
            77.5698068,
            12.9905826
          ],
          [
            77.5698932,
            12.9901559
          ],
          [
            77.5699662,
            12.9897135
          ],
          [
            77.5700673,
            12.9889423
          ],
          [
            77.5701712,
            12.9881527
          ],
          [
            77.5702049,
            12.987756
          ],
          [
            77.5702172,
            12.9873644
          ],
          [
            77.5702126,
            12.9869421
          ],
          [
            77.5701812,
            12.9865406
          ],
          [
            77.5701417,
            12.9862376
          ],
          [
            77.5700989,
            12.9859438
          ],
          [
            77.5700158,
            12.9855567
          ],
          [
            77.5699166,
            12.9851801
          ],
          [
            77.5697369,
            12.984631
          ],
          [
            77.5695768,
            12.9842223
          ],
          [
            77.5694293,
            12.9838901
          ],
          [
            77.5692794,
            12.9834444
          ],
          [
            77.5692466,
            12.9833693
          ],
          [
            77.5690041,
            12.982542
          ],
          [
            77.5688335,
            12.9818062
          ],
          [
            77.5687909,
            12.9816494
          ],
          [
            77.5687426,
            12.9814924
          ],
          [
            77.5687045,
            12.9813701
          ],
          [
            77.5686592,
            12.9812424
          ],
          [
            77.5685227,
            12.9808756
          ],
          [
            77.5684583,
            12.9806842
          ],
          [
            77.5683902,
            12.9804504
          ],
          [
            77.5683399,
            12.980246
          ],
          [
            77.5682946,
            12.9800515
          ],
          [
            77.5681782,
            12.9794643
          ],
          [
            77.567987,
            12.9784261
          ],
          [
            77.5677359,
            12.9769411
          ],
          [
            77.567698,
            12.9767203
          ],
          [
            77.5676511,
            12.9764475
          ],
          [
            77.5676503,
            12.9763847
          ]
        ]
      }
    }
  ]
}