{
  "type": "FeatureCollection",
  "features": [
    {
      "type": "Feature",
      "id": "2fbfd93c-704f-4403-9c04-45cfc477cbd8",
      "properties": {
        "id": "2fbfd93c-704f-4403-9c04-45cfc477cbd8",
        "names": {
          "primary": "Kannan Building",
          "common": [
            [
              "kn",
              "ಕಣ್ಣನ್ ಕಟ್ಟಡ"
            ]
          ],
          "rules": [
            {
              "variant": "alternate",
              "language": null,
              "perspectives": null,
              "value": "K Center",
              "between": null,
              "side": null
            }
          ]
        },
        "sources": [
          {
            "property": "",
            "dataset": "OpenStreetMap",
            "license": "ODbL-1.0",
            "record_id": "w320711088@7",
            "update_time": "2024-08-19T05:21:20.000Z",
            "confidence": null,
            "between": null,
            "provider": "osm",
            "resource": "planet",
            "version": "2026-09-06T00:00:00.000Z"
          }
        ],
        "level": null,
        "height": null,
        "min_height": null,
        "is_underground": false,
        "num_floors": 3,
        "num_floors_underground": null,
        "min_floor": null,
        "subtype": "commercial",
        "class": "commercial",
        "facade_color": null,
        "facade_material": null,
        "roof_material": null,
        "roof_shape": null,
        "roof_direction": null,
        "roof_orientation": null,
        "roof_color": null,
        "roof_height": null,
        "has_parts": false,
        "version": 1,
        "bbox": {
          "xmin": 77.60346984863281,
          "xmax": 77.60394287109375,
          "ymin": 12.975826263427734,
          "ymax": 12.976034164428711
        },
        "review": {
          "google_temporal_height_estimate": {
            "year": 2023,
            "median_m": 9.0,
            "status": "estimated_not_measured_unapproved",
            "valid_pixel_fraction": 0.7234,
            "review_priority": "normal",
            "metadata_file": "data/processed/estimated_heights_metadata.json"
          }
        }
      },
      "geometry": {
        "type": "Polygon",
        "coordinates": [
          [
            [
              77.6034914,
              12.9759603
            ],
            [
              77.6034825,
              12.9759209
            ],
            [
              77.6039133,
              12.9758279
            ],
            [
              77.6039393,
              12.975942
            ],
            [
              77.6035208,
              12.9760323
            ],
            [
              77.6035038,
              12.9759576
            ],
            [
              77.6034914,
              12.9759603
            ]
          ]
        ]
      }
    },
    {
      "type": "Feature",
      "id": "aa6369b5-6c67-419a-8b97-1024834a83b6",
      "properties": {
        "id": "aa6369b5-6c67-419a-8b97-1024834a83b6",
        "names": null,
        "sources": [
          {
            "property": "",
            "dataset": "OpenStreetMap",
            "license": "ODbL-1.0",
            "record_id": "w1308720286@2",
            "update_time": "2025-02-24T05:39:33.000Z",
            "confidence": null,
            "between": null,
            "provider": "osm",
            "resource": "planet",
            "version": "2026-09-06T00:00:00.000Z"
          }
        ],
        "level": null,
        "height": null,
        "min_height": null,
        "is_underground": false,
        "num_floors": null,
        "num_floors_underground": null,
        "min_floor": null,
        "subtype": null,
        "class": null,
        "facade_color": null,
        "facade_material": null,
        "roof_material": null,
        "roof_shape": null,
        "roof_direction": null,
        "roof_orientation": null,
        "roof_color": null,
        "roof_height": null,
        "has_parts": false,
        "version": 1,
        "bbox": {
          "xmin": 77.60260009765625,
          "xmax": 77.60614013671875,
          "ymin": 12.975702285766602,
          "ymax": 12.976594924926758
        },
        "review": {
          "google_temporal_height_estimate": {
            "year": 2023,
            "median_m": 4.5,
            "status": "estimated_not_measured_unapproved",
            "valid_pixel_fraction": 0.0184,
            "review_priority": "high",
            "metadata_file": "data/processed/estimated_heights_metadata.json"
          }
        }
      },
      "geometry": {
        "type": "Polygon",
        "coordinates": [
          [
            [
              77.6061084,
              12.9757024
            ],
            [
              77.6061277,
              12.9757783
            ],
            [
              77.6046874,
              12.9761127
            ],
            [
              77.6046223,
              12.9761279
            ],
            [
              77.6026122,
              12.9765949
            ],
            [
              77.6026022,
              12.9765493
            ],
            [
              77.6031438,
              12.9764126
            ],
            [
              77.6034221,
              12.9763464
            ],
            [
              77.6037293,
              12.9762754
            ],
            [
              77.6040555,
              12.9761984
            ],
            [
              77.6043133,
              12.9761398
            ],
            [
              77.6045777,
              12.9760741
            ],
            [
              77.605134,
              12.9759331
            ],
            [
              77.6061084,
              12.9757024
            ]
          ]
        ]
      }
    },
    {
      "type": "Feature",
      "id": "21e7ac98-724a-48a1-bd8e-86527a0ab7d2",
      "properties": {
        "id": "21e7ac98-724a-48a1-bd8e-86527a0ab7d2",
        "names": null,
        "sources": [
          {
            "property": "",
            "dataset": "OpenStreetMap",
            "license": "ODbL-1.0",
            "record_id": "w1308720293@1",
            "update_time": "2024-08-19T03:12:00.000Z",
            "confidence": null,
            "between": null,
            "provider": "osm",
            "resource": "planet",
            "version": "2026-09-06T00:00:00.000Z"
          }
        ],
        "level": 2,
        "height": null,
        "min_height": null,
        "is_underground": false,
        "num_floors": null,
        "num_floors_underground": null,
        "min_floor": null,
        "subtype": "civic",
        "class": "shelter",
        "facade_color": null,
        "facade_material": null,
        "roof_material": null,
        "roof_shape": null,
        "roof_direction": null,
        "roof_orientation": null,
        "roof_color": null,
        "roof_height": null,
        "has_parts": false,
        "version": 2,
        "bbox": {
          "xmin": 77.60460662841797,
          "xmax": 77.60469055175781,
          "ymin": 12.976070404052734,
          "ymax": 12.976129531860352
        },
        "review": {
          "google_temporal_height_estimate": {
            "year": 2023,
            "median_m": null,
            "status": "estimated_not_measured_unapproved",
            "valid_pixel_fraction": 0.0,
            "review_priority": "high",
            "metadata_file": "data/processed/estimated_heights_metadata.json"
          }
        }
      },
      "geometry": {
        "type": "Polygon",
        "coordinates": [
          [
            [
              77.6046874,
              12.9761127
            ],
            [
              77.6046223,
              12.9761279
            ],
            [
              77.6046139,
              12.9760876
            ],
            [
              77.6046771,
              12.9760721
            ],
            [
              77.6046874,
              12.9761127
            ]
          ]
        ]
      }
    },
    {
      "type": "Feature",
      "id": "1570d613-60ea-41d2-9b3c-28e670d8979a",
      "properties": {
        "id": "1570d613-60ea-41d2-9b3c-28e670d8979a",
        "names": null,
        "sources": [
          {
            "property": "",
            "dataset": "Google Open Buildings",
            "license": null,
            "record_id": "7J4VXJG4+C8X6",
            "update_time": "2023-05-01T00:00:00.000Z",
            "confidence": 0.7191,
            "between": null,
            "provider": "google",
            "resource": "open_buildings",
            "version": "2024-04-16"
          }
        ],
        "level": null,
        "height": null,
        "min_height": null,
        "is_underground": false,
        "num_floors": null,
        "num_floors_underground": null,
        "min_floor": null,
        "subtype": null,
        "class": null,
        "facade_color": null,
        "facade_material": null,
        "roof_material": null,
        "roof_shape": null,
        "roof_direction": null,
        "roof_orientation": null,
        "roof_color": null,
        "roof_height": null,
        "has_parts": false,
        "version": 1,
        "bbox": {
          "xmin": 77.60578155517578,
          "xmax": 77.60591125488281,
          "ymin": 12.976057052612305,
          "ymax": 12.976153373718262
        },
        "review": {
          "google_temporal_height_estimate": {
            "year": 2023,
            "median_m": null,
            "status": "estimated_not_measured_unapproved",
            "valid_pixel_fraction": 0.0,
            "review_priority": "high",
            "metadata_file": "data/processed/estimated_heights_metadata.json"
          }
        }
      },
      "geometry": {
        "type": "Polygon",
        "coordinates": [
          [
            [
              77.605885,
              12.9760585
            ],
            [
              77.6059057,
              12.9761209
            ],
            [
              77.6058057,
              12.9761529
            ],
            [
              77.605785,
              12.9760905
            ],
            [
              77.605885,
              12.9760585
            ]
          ]
        ]
      }
    },
    {
      "type": "Feature",
      "id": "dc959d1e-bdeb-4c62-bf8d-e29e387e9d20",
      "properties": {
        "id": "dc959d1e-bdeb-4c62-bf8d-e29e387e9d20",
        "names": null,
        "sources": [
          {
            "property": "",
            "dataset": "Google Open Buildings",
            "license": null,
            "record_id": "7J4VXJG4+CCCV",
            "update_time": "2023-05-01T00:00:00.000Z",
            "confidence": 0.8538,
            "between": null,
            "provider": "google",
            "resource": "open_buildings",
            "version": "2024-04-16"
          }
        ],
        "level": null,
        "height": null,
        "min_height": null,
        "is_underground": false,
        "num_floors": null,
        "num_floors_underground": null,
        "min_floor": null,
        "subtype": null,
        "class": null,
        "facade_color": null,
        "facade_material": null,
        "roof_material": null,
        "roof_shape": null,
        "roof_direction": null,
        "roof_orientation": null,
        "roof_color": null,
        "roof_height": null,
        "has_parts": false,
        "version": 1,
        "bbox": {
          "xmin": 77.60595703125,
          "xmax": 77.6060791015625,
          "ymin": 12.976040840148926,
          "ymax": 12.976107597351074
        },
        "review": {
          "google_temporal_height_estimate": {
            "year": 2023,
            "median_m": null,
            "status": "estimated_not_measured_unapproved",
            "valid_pixel_fraction": 0.0,
            "review_priority": "high",
            "metadata_file": "data/processed/estimated_heights_metadata.json"
          }
        }
      },
      "geometry": {
        "type": "Polygon",
        "coordinates": [
          [
            [
              77.606056,
              12.9760425
            ],
            [
              77.6060675,
              12.9760802
            ],
            [
              77.6059751,
              12.9761073
            ],
            [
              77.6059637,
              12.9760696
            ],
            [
              77.606056,
              12.9760425
            ]
          ]
        ]
      }
    },
    {
      "type": "Feature",
      "id": "9694ab17-7e0a-462b-8090-826a851802db",
      "properties": {
        "id": "9694ab17-7e0a-462b-8090-826a851802db",
        "names": null,
        "sources": [
          {
            "property": "",
            "dataset": "Google Open Buildings",
            "license": null,
            "record_id": "7J4VXJG4+CF8M",
            "update_time": "2023-05-01T00:00:00.000Z",
            "confidence": 0.6998,
            "between": null,
            "provider": "google",
            "resource": "open_buildings",
            "version": "2024-04-16"
          }
        ],
        "level": null,
        "height": null,
        "min_height": null,
        "is_underground": false,
        "num_floors": null,
        "num_floors_underground": null,
        "min_floor": null,
        "subtype": null,
        "class": null,
        "facade_color": null,
        "facade_material": null,
        "roof_material": null,
        "roof_shape": null,
        "roof_direction": null,
        "roof_orientation": null,
        "roof_color": null,
        "roof_height": null,
        "has_parts": false,
        "version": 1,
        "bbox": {
          "xmin": 77.6061019897461,
          "xmax": 77.6063003540039,
          "ymin": 12.975972175598145,
          "ymax": 12.97611141204834
        },
        "review": {
          "google_temporal_height_estimate": {
            "year": 2023,
            "median_m": null,
            "status": "estimated_not_measured_unapproved",
            "valid_pixel_fraction": 0.0,
            "review_priority": "high",
            "metadata_file": "data/processed/estimated_heights_metadata.json"
          }
        }
      },
      "geometry": {
        "type": "Polygon",
        "coordinates": [
          [
            [
              77.6062619,
              12.975974
            ],
            [
              77.6062881,
              12.976067
            ],
            [
              77.6061299,
              12.9761099
            ],
            [
              77.6061037,
              12.976017
            ],
            [
              77.6062619,
              12.975974
            ]
          ]
        ]
      }
    },
    {
      "type": "Feature",
      "id": "96d01673-f77a-415d-8cfa-631b0b2283f2",
      "properties": {
        "id": "96d01673-f77a-415d-8cfa-631b0b2283f2",
        "names": null,
        "sources": [
          {
            "property": "",
            "dataset": "OpenStreetMap",
            "license": "ODbL-1.0",
            "record_id": "w1284657938@2",
            "update_time": "2024-12-17T17:16:48.000Z",
            "confidence": null,
            "between": null,
            "provider": "osm",
            "resource": "planet",
            "version": "2026-09-06T00:00:00.000Z"
          }
        ],
        "level": null,
        "height": null,
        "min_height": null,
        "is_underground": false,
        "num_floors": null,
        "num_floors_underground": null,
        "min_floor": null,
        "subtype": "commercial",
        "class": "commercial",
        "facade_color": null,
        "facade_material": null,
        "roof_material": null,
        "roof_shape": null,
        "roof_direction": null,
        "roof_orientation": null,
        "roof_color": null,
        "roof_height": null,
        "has_parts": false,
        "version": 1,
        "bbox": {
          "xmin": 77.60702514648438,
          "xmax": 77.60720825195312,
          "ymin": 12.97492790222168,
          "ymax": 12.975172996520996
        },
        "review": {
          "google_temporal_height_estimate": {
            "year": 2023,
            "median_m": 13.0,
            "status": "estimated_not_measured_unapproved",
            "valid_pixel_fraction": 0.4356,
            "review_priority": "high",
            "metadata_file": "data/processed/estimated_heights_metadata.json"
          }
        }
      },
      "geometry": {
        "type": "Polygon",
        "coordinates": [
          [
            [
              77.6072074,
              12.9751441
            ],
            [
              77.6070903,
              12.9751715
            ],
            [
              77.6070375,
              12.9749572
            ],
            [
              77.6071546,
              12.9749298
            ],
            [
              77.6072074,
              12.9751441
            ]
          ]
        ]
      }
    },
    {
      "type": "Feature",
      "id": "3875bd17-9ce5-4f7b-b750-a5cd2be4cac8",
      "properties": {
        "id": "3875bd17-9ce5-4f7b-b750-a5cd2be4cac8",
        "names": {
          "primary": "The Pavilion",
          "common": null,
          "rules": null
        },
        "sources": [
          {
            "property": "",
            "dataset": "OpenStreetMap",
            "license": "ODbL-1.0",
            "record_id": "w327534056@6",
            "update_time": "2026-01-12T05:30:39.000Z",
            "confidence": null,
            "between": null,
            "provider": "osm",
            "resource": "planet",
            "version": "2026-09-06T00:00:00.000Z"
          }
        ],
        "level": null,
        "height": null,
        "min_height": null,
        "is_underground": false,
        "num_floors": 6,
        "num_floors_underground": null,
        "min_floor": null,
        "subtype": "commercial",
        "class": "commercial",
        "facade_color": null,
        "facade_material": null,
        "roof_material": null,
        "roof_shape": null,
        "roof_direction": null,
        "roof_orientation": null,
        "roof_color": null,
        "roof_height": null,
        "has_parts": false,
        "version": 2,
        "bbox": {
          "xmin": 77.60685729980469,
          "xmax": 77.6073226928711,
          "ymin": 12.974538803100586,
          "ymax": 12.974881172180176
        },
        "review": {
          "google_temporal_height_estimate": {
            "year": 2023,
            "median_m": 11.0,
            "status": "estimated_not_measured_unapproved",
            "valid_pixel_fraction": 0.6596,
            "review_priority": "high",
            "metadata_file": "data/processed/estimated_heights_metadata.json"
          }
        }
      },
      "geometry": {
        "type": "Polygon",
        "coordinates": [
          [
            [
              77.6069182,
              12.9748766
            ],
            [
              77.6068584,
              12.9746352
            ],
            [
              77.6069882,
              12.9746047
            ],
            [
              77.6069989,
              12.9745987
            ],
            [
              77.6070209,
              12.9745882
            ],
            [
              77.6070348,
              12.9745836
            ],
            [
              77.6070564,
              12.9745771
            ],
            [
              77.6070809,
              12.9745717
            ],
            [
              77.607101,
              12.9745696
            ],
            [
              77.6071195,
              12.9745699
            ],
            [
              77.6071379,
              12.9745695
            ],
            [
              77.6072611,
              12.9745405
            ],
            [
              77.6073199,
              12.9747779
            ],
            [
              77.6072876,
              12.9747855
            ],
            [
              77.6072917,
              12.9748021
            ],
            [
              77.6071623,
              12.9748326
            ],
            [
              77.6071602,
              12.9748241
            ],
            [
              77.6070812,
              12.9748427
            ],
            [
              77.6070833,
              12.9748511
            ],
            [
              77.6069557,
              12.9748811
            ],
            [
              77.6069526,
              12.9748685
            ],
            [
              77.6069182,
              12.9748766
            ]
          ]
        ]
      }
    },
    {
      "type": "Feature",
      "id": "c9093240-9e65-45f5-a0e4-cc2cfafc3a14",
      "properties": {
        "id": "c9093240-9e65-45f5-a0e4-cc2cfafc3a14",
        "names": null,
        "sources": [
          {
            "property": "",
            "dataset": "OpenStreetMap",
            "license": "ODbL-1.0",
            "record_id": "w349698871@1",
            "update_time": "2025-05-09T13:52:56.000Z",
            "confidence": null,
            "between": null,
            "provider": "osm",
            "resource": "planet",
            "version": "2026-09-06T00:00:00.000Z"
          }
        ],
        "level": null,
        "height": null,
        "min_height": null,
        "is_underground": false,
        "num_floors": null,
        "num_floors_underground": null,
        "min_floor": null,
        "subtype": null,
        "class": null,
        "facade_color": null,
        "facade_material": null,
        "roof_material": null,
        "roof_shape": null,
        "roof_direction": null,
        "roof_orientation": null,
        "roof_color": null,
        "roof_height": null,
        "has_parts": false,
        "version": 1,
        "bbox": {
          "xmin": 77.60707092285156,
          "xmax": 77.60723114013672,
          "ymin": 12.974010467529297,
          "ymax": 12.974255561828613
        },
        "review": {
          "google_temporal_height_estimate": {
            "year": 2023,
            "median_m": 15.0,
            "status": "estimated_not_measured_unapproved",
            "valid_pixel_fraction": 0.9037,
            "review_priority": "normal",
            "metadata_file": "data/processed/estimated_heights_metadata.json"
          }
        }
      },
      "geometry": {
        "type": "Polygon",
        "coordinates": [
          [
            [
              77.6072283,
              12.974232
            ],
            [
              77.6071238,
              12.9742551
            ],
            [
              77.6070726,
              12.9740353
            ],
            [
              77.6071771,
              12.9740121
            ],
            [
              77.6072283,
              12.974232
            ]
          ]
        ]
      }
    },
    {
      "type": "Feature",
      "id": "bfb1773e-af9f-42c7-afe7-540b0fdf7093",
      "properties": {
        "id": "bfb1773e-af9f-42c7-afe7-540b0fdf7093",
        "names": null,
        "sources": [
          {
            "property": "",
            "dataset": "OpenStreetMap",
            "license": "ODbL-1.0",
            "record_id": "w1385089162@1",
            "update_time": "2025-05-09T13:52:56.000Z",
            "confidence": null,
            "between": null,
            "provider": "osm",
            "resource": "planet",
            "version": "2026-09-06T00:00:00.000Z"
          }
        ],
        "level": null,
        "height": null,
        "min_height": null,
        "is_underground": false,
        "num_floors": null,
        "num_floors_underground": null,
        "min_floor": null,
        "subtype": null,
        "class": null,
        "facade_color": null,
        "facade_material": null,
        "roof_material": null,
        "roof_shape": null,
        "roof_direction": null,
        "roof_orientation": null,
        "roof_color": null,
        "roof_height": null,
        "has_parts": false,
        "version": 1,
        "bbox": {
          "xmin": 77.60708618164062,
          "xmax": 77.60719299316406,
          "ymin": 12.973742485046387,
          "ymax": 12.973872184753418
        },
        "review": {
          "google_temporal_height_estimate": {
            "year": 2023,
            "median_m": 8.0,
            "status": "estimated_not_measured_unapproved",
            "valid_pixel_fraction": 0.9262,
            "review_priority": "normal",
            "metadata_file": "data/processed/estimated_heights_metadata.json"
          }
        }
      },
      "geometry": {
        "type": "Polygon",
        "coordinates": [
          [
            [
              77.6071807,
              12.9738554
            ],
            [
              77.6071162,
              12.9738719
            ],
            [
              77.6070863,
              12.9737607
            ],
            [
              77.6071508,
              12.9737442
            ],
            [
              77.6071807,
              12.9738554
            ]
          ]
        ]
      }
    },
    {
      "type": "Feature",
      "id": "accc0636-00f2-45c3-ab9c-5ae6b7eefb60",
      "properties": {
        "id": "accc0636-00f2-45c3-ab9c-5ae6b7eefb60",
        "names": null,
        "sources": [
          {
            "property": "",
            "dataset": "OpenStreetMap",
            "license": "ODbL-1.0",
            "record_id": "w349698963@3",
            "update_time": "2025-11-08T06:57:15.000Z",
            "confidence": null,
            "between": null,
            "provider": "osm",
            "resource": "planet",
            "version": "2026-09-06T00:00:00.000Z"
          }
        ],
        "level": null,
        "height": null,
        "min_height": null,
        "is_underground": false,
        "num_floors": null,
        "num_floors_underground": null,
        "min_floor": null,
        "subtype": "commercial",
        "class": "commercial",
        "facade_color": null,
        "facade_material": null,
        "roof_material": null,
        "roof_shape": null,
        "roof_direction": null,
        "roof_orientation": null,
        "roof_color": null,
        "roof_height": null,
        "has_parts": false,
        "version": 3,
        "bbox": {
          "xmin": 77.60702514648438,
          "xmax": 77.60717010498047,
          "ymin": 12.97346305847168,
          "ymax": 12.973640441894531
        },
        "review": {
          "google_temporal_height_estimate": {
            "year": 2023,
            "median_m": 8.0,
            "status": "estimated_not_measured_unapproved",
            "valid_pixel_fraction": 0.6467,
            "review_priority": "normal",
            "metadata_file": "data/processed/estimated_heights_metadata.json"
          }
        }
      },
      "geometry": {
        "type": "Polygon",
        "coordinates": [
          [
            [
              77.6071582,
              12.9736208
            ],
            [
              77.6070548,
              12.9736389
            ],
            [
              77.6070259,
              12.9734829
            ],
            [
              77.6071293,
              12.9734647
            ],
            [
              77.6071582,
              12.9736208
            ]
          ]
        ]
      }
    },
    {
      "type": "Feature",
      "id": "9bf996a2-2165-4d41-9b9e-d357ab3c3b07",
      "properties": {
        "id": "9bf996a2-2165-4d41-9b9e-d357ab3c3b07",
        "names": null,
        "sources": [
          {
            "property": "",
            "dataset": "OpenStreetMap",
            "license": "ODbL-1.0",
            "record_id": "w1035562481@1",
            "update_time": "2022-02-27T06:03:22.000Z",
            "confidence": null,
            "between": null,
            "provider": "osm",
            "resource": "planet",
            "version": "2026-09-06T00:00:00.000Z"
          }
        ],
        "level": null,
        "height": null,
        "min_height": null,
        "is_underground": false,
        "num_floors": null,
        "num_floors_underground": null,
        "min_floor": null,
        "subtype": null,
        "class": null,
        "facade_color": null,
        "facade_material": null,
        "roof_material": null,
        "roof_shape": null,
        "roof_direction": null,
        "roof_orientation": null,
        "roof_color": null,
        "roof_height": null,
        "has_parts": false,
        "version": 1,
        "bbox": {
          "xmin": 77.60485076904297,
          "xmax": 77.60511779785156,
          "ymin": 12.9735746383667,
          "ymax": 12.973912239074707
        },
        "review": {
          "google_temporal_height_estimate": {
            "year": 2023,
            "median_m": 7.5,
            "status": "estimated_not_measured_unapproved",
            "valid_pixel_fraction": 0.6973,
            "review_priority": "normal",
            "metadata_file": "data/processed/estimated_heights_metadata.json"
          }
        }
      },
      "geometry": {
        "type": "Polygon",
        "coordinates": [
          [
            [
              77.6050436,
              12.9735761
            ],
            [
              77.6051162,
              12.9738664
            ],
            [
              77.6049246,
              12.9739119
            ],
            [
              77.604852,
              12.9736216
            ],
            [
              77.6050436,
              12.9735761
            ]
          ]
        ]
      }
    },
    {
      "type": "Feature",
      "id": "77155ad2-475a-4037-9eec-e47f08114800",
      "properties": {
        "id": "77155ad2-475a-4037-9eec-e47f08114800",
        "names": null,
        "sources": [
          {
            "property": "",
            "dataset": "OpenStreetMap",
            "license": "ODbL-1.0",
            "record_id": "w1207728413@1",
            "update_time": "2023-09-14T11:14:26.000Z",
            "confidence": null,
            "between": null,
            "provider": "osm",
            "resource": "planet",
            "version": "2026-09-06T00:00:00.000Z"
          }
        ],
        "level": null,
        "height": null,
        "min_height": null,
        "is_underground": false,
        "num_floors": null,
        "num_floors_underground": null,
        "min_floor": null,
        "subtype": null,
        "class": null,
        "facade_color": null,
        "facade_material": null,
        "roof_material": null,
        "roof_shape": null,
        "roof_direction": null,
        "roof_orientation": null,
        "roof_color": null,
        "roof_height": null,
        "has_parts": false,
        "version": 1,
        "bbox": {
          "xmin": 77.6047592163086,
          "xmax": 77.60487365722656,
          "ymin": 12.973645210266113,
          "ymax": 12.97380256652832
        },
        "review": {
          "google_temporal_height_estimate": {
            "year": 2023,
            "median_m": 4.5,
            "status": "estimated_not_measured_unapproved",
            "valid_pixel_fraction": 0.5962,
            "review_priority": "normal",
            "metadata_file": "data/processed/estimated_heights_metadata.json"
          }
        }
      },
      "geometry": {
        "type": "Polygon",
        "coordinates": [
          [
            [
              77.6048711,
              12.9737868
            ],
            [
              77.6047973,
              12.9738025
            ],
            [
              77.6047657,
              12.9736612
            ],
            [
              77.6048395,
              12.9736455
            ],
            [
              77.6048711,
              12.9737868
            ]
          ]
        ]
      }
    },
    {
      "type": "Feature",
      "id": "4732de74-5269-4b2f-92a9-ca856d5a3785",
      "properties": {
        "id": "4732de74-5269-4b2f-92a9-ca856d5a3785",
        "names": null,
        "sources": [
          {
            "property": "",
            "dataset": "OpenStreetMap",
            "license": "ODbL-1.0",
            "record_id": "w1207728411@1",
            "update_time": "2023-09-14T11:14:26.000Z",
            "confidence": null,
            "between": null,
            "provider": "osm",
            "resource": "planet",
            "version": "2026-09-06T00:00:00.000Z"
          }
        ],
        "level": null,
        "height": null,
        "min_height": null,
        "is_underground": false,
        "num_floors": null,
        "num_floors_underground": null,
        "min_floor": null,
        "subtype": null,
        "class": null,
        "facade_color": null,
        "facade_material": null,
        "roof_material": null,
        "roof_shape": null,
        "roof_direction": null,
        "roof_orientation": null,
        "roof_color": null,
        "roof_height": null,
        "has_parts": false,
        "version": 1,
        "bbox": {
          "xmin": 77.60466003417969,
          "xmax": 77.6047592163086,
          "ymin": 12.973713874816895,
          "ymax": 12.973827362060547
        },
        "review": {
          "google_temporal_height_estimate": {
            "year": 2023,
            "median_m": 6.0,
            "status": "estimated_not_measured_unapproved",
            "valid_pixel_fraction": 0.6945,
            "review_priority": "normal",
            "metadata_file": "data/processed/estimated_heights_metadata.json"
          }
        }
      },
      "geometry": {
        "type": "Polygon",
        "coordinates": [
          [
            [
              77.6047299,
              12.9737139
            ],
            [
              77.6047531,
              12.9738116
            ],
            [
              77.6046833,
              12.9738273
            ],
            [
              77.6046602,
              12.9737296
            ],
            [
              77.6047299,
              12.9737139
            ]
          ]
        ]
      }
    },
    {
      "type": "Feature",
      "id": "bbe68b3b-0ab2-41de-ae3c-cc305000f07c",
      "properties": {
        "id": "bbe68b3b-0ab2-41de-ae3c-cc305000f07c",
        "names": null,
        "sources": [
          {
            "property": "",
            "dataset": "OpenStreetMap",
            "license": "ODbL-1.0",
            "record_id": "w1207728412@1",
            "update_time": "2023-09-14T11:14:26.000Z",
            "confidence": null,
            "between": null,
            "provider": "osm",
            "resource": "planet",
            "version": "2026-09-06T00:00:00.000Z"
          }
        ],
        "level": null,
        "height": null,
        "min_height": null,
        "is_underground": false,
        "num_floors": null,
        "num_floors_underground": null,
        "min_floor": null,
        "subtype": null,
        "class": null,
        "facade_color": null,
        "facade_material": null,
        "roof_material": null,
        "roof_shape": null,
        "roof_direction": null,
        "roof_orientation": null,
        "roof_color": null,
        "roof_height": null,
        "has_parts": false,
        "version": 1,
        "bbox": {
          "xmin": 77.60469055175781,
          "xmax": 77.60485076904297,
          "ymin": 12.973844528198242,
          "ymax": 12.973971366882324
        },
        "review": {
          "google_temporal_height_estimate": {
            "year": 2023,
            "median_m": 6.0,
            "status": "estimated_not_measured_unapproved",
            "valid_pixel_fraction": 0.6276,
            "review_priority": "normal",
            "metadata_file": "data/processed/estimated_heights_metadata.json"
          }
        }
      },
      "geometry": {
        "type": "Polygon",
        "coordinates": [
          [
            [
              77.6048443,
              12.973941
            ],
            [
              77.6047128,
              12.9739697
            ],
            [
              77.604691,
              12.9738748
            ],
            [
              77.6048224,
              12.973846
            ],
            [
              77.6048443,
              12.973941
            ]
          ]
        ]
      }
    },
    {
      "type": "Feature",
      "id": "48bcceb8-6c80-4ef3-bdf1-9de0660cc20e",
      "properties": {
        "id": "48bcceb8-6c80-4ef3-bdf1-9de0660cc20e",
        "names": null,
        "sources": [
          {
            "property": "",
            "dataset": "OpenStreetMap",
            "license": "ODbL-1.0",
            "record_id": "w328747355@1",
            "update_time": "2015-02-17T12:17:30.000Z",
            "confidence": null,
            "between": null,
            "provider": "osm",
            "resource": "planet",
            "version": "2026-09-06T00:00:00.000Z"
          }
        ],
        "level": null,
        "height": null,
        "min_height": null,
        "is_underground": false,
        "num_floors": null,
        "num_floors_underground": null,
        "min_floor": null,
        "subtype": null,
        "class": null,
        "facade_color": null,
        "facade_material": null,
        "roof_material": null,
        "roof_shape": null,
        "roof_direction": null,
        "roof_orientation": null,
        "roof_color": null,
        "roof_height": null,
        "has_parts": false,
        "version": 1,
        "bbox": {
          "xmin": 77.60480499267578,
          "xmax": 77.60493469238281,
          "ymin": 12.973937034606934,
          "ymax": 12.974045753479004
        },
        "review": {
          "google_temporal_height_estimate": {
            "year": 2023,
            "median_m": 6.0,
            "status": "estimated_not_measured_unapproved",
            "valid_pixel_fraction": 0.8303,
            "review_priority": "normal",
            "metadata_file": "data/processed/estimated_heights_metadata.json"
          }
        }
      },
      "geometry": {
        "type": "Polygon",
        "coordinates": [
          [
            [
              77.6048293,
              12.9740457
            ],
            [
              77.6048123,
              12.9739567
            ],
            [
              77.6049119,
              12.9739386
            ],
            [
              77.6049288,
              12.9740277
            ],
            [
              77.6048293,
              12.9740457
            ]
          ]
        ]
      }
    },
    {
      "type": "Feature",
      "id": "81d49e29-8870-40a5-87b3-5ebd6155465d",
      "properties": {
        "id": "81d49e29-8870-40a5-87b3-5ebd6155465d",
        "names": null,
        "sources": [
          {
            "property": "",
            "dataset": "OpenStreetMap",
            "license": "ODbL-1.0",
            "record_id": "w327553601@3",
            "update_time": "2026-01-12T05:30:39.000Z",
            "confidence": null,
            "between": null,
            "provider": "osm",
            "resource": "planet",
            "version": "2026-09-06T00:00:00.000Z"
          }
        ],
        "level": null,
        "height": null,
        "min_height": null,
        "is_underground": false,
        "num_floors": null,
        "num_floors_underground": null,
        "min_floor": null,
        "subtype": "residential",
        "class": "apartments",
        "facade_color": null,
        "facade_material": null,
        "roof_material": null,
        "roof_shape": null,
        "roof_direction": null,
        "roof_orientation": null,
        "roof_color": null,
        "roof_height": null,
        "has_parts": false,
        "version": 2,
        "bbox": {
          "xmin": 77.6049575805664,
          "xmax": 77.60515594482422,
          "ymin": 12.974298477172852,
          "ymax": 12.974452018737793
        },
        "review": {
          "google_temporal_height_estimate": {
            "year": 2023,
            "median_m": 5.5,
            "status": "estimated_not_measured_unapproved",
            "valid_pixel_fraction": 0.5142,
            "review_priority": "normal",
            "metadata_file": "data/processed/estimated_heights_metadata.json"
          }
        }
      },
      "geometry": {
        "type": "Polygon",
        "coordinates": [
          [
            [
              77.6049691,
              12.9743448
            ],
            [
              77.6051193,
              12.9743
            ],
            [
              77.605153,
              12.974407
            ],
            [
              77.6050027,
              12.9744518
            ],
            [
              77.6049691,
              12.9743448
            ]
          ]
        ]
      }
    },
    {
      "type": "Feature",
      "id": "ae72700f-c10f-43ff-be9b-2dca6c64f824",
      "properties": {
        "id": "ae72700f-c10f-43ff-be9b-2dca6c64f824",
        "names": null,
        "sources": [
          {
            "property": "",
            "dataset": "OpenStreetMap",
            "license": "ODbL-1.0",
            "record_id": "w327553603@2",
            "update_time": "2026-01-12T05:30:39.000Z",
            "confidence": null,
            "between": null,
            "provider": "osm",
            "resource": "planet",
            "version": "2026-09-06T00:00:00.000Z"
          }
        ],
        "level": null,
        "height": null,
        "min_height": null,
        "is_underground": false,
        "num_floors": null,
        "num_floors_underground": null,
        "min_floor": null,
        "subtype": null,
        "class": null,
        "facade_color": null,
        "facade_material": null,
        "roof_material": null,
        "roof_shape": null,
        "roof_direction": null,
        "roof_orientation": null,
        "roof_color": null,
        "roof_height": null,
        "has_parts": false,
        "version": 2,
        "bbox": {
          "xmin": 77.6050033569336,
          "xmax": 77.6052474975586,
          "ymin": 12.974445343017578,
          "ymax": 12.974709510803223
        },
        "review": {
          "google_temporal_height_estimate": {
            "year": 2023,
            "median_m": 13.0,
            "status": "estimated_not_measured_unapproved",
            "valid_pixel_fraction": 0.8024,
            "review_priority": "normal",
            "metadata_file": "data/processed/estimated_heights_metadata.json"
          }
        }
      },
      "geometry": {
        "type": "Polygon",
        "coordinates": [
          [
            [
              77.6051377,
              12.9744551
            ],
            [
              77.6051753,
              12.9744455
            ],
            [
              77.6052353,
              12.9746679
            ],
            [
              77.6051833,
              12.9746812
            ],
            [
              77.6051855,
              12.9746894
            ],
            [
              77.6051452,
              12.9746997
            ],
            [
              77.605143,
              12.9746915
            ],
            [
              77.6050731,
              12.9747095
            ],
            [
              77.6050155,
              12.9744962
            ],
            [
              77.6051401,
              12.9744643
            ],
            [
              77.6051377,
              12.9744551
            ]
          ]
        ]
      }
    },
    {
      "type": "Feature",
      "id": "933a85f1-2236-4666-8fea-c4eea0b7037d",
      "properties": {
        "id": "933a85f1-2236-4666-8fea-c4eea0b7037d",
        "names": null,
        "sources": [
          {
            "property": "",
            "dataset": "OpenStreetMap",
            "license": "ODbL-1.0",
            "record_id": "w327553599@4",
            "update_time": "2026-01-12T05:30:39.000Z",
            "confidence": null,
            "between": null,
            "provider": "osm",
            "resource": "planet",
            "version": "2026-09-06T00:00:00.000Z"
          }
        ],
        "level": null,
        "height": null,
        "min_height": null,
        "is_underground": false,
        "num_floors": null,
        "num_floors_underground": null,
        "min_floor": null,
        "subtype": "residential",
        "class": "apartments",
        "facade_color": null,
        "facade_material": null,
        "roof_material": null,
        "roof_shape": null,
        "roof_direction": null,
        "roof_orientation": null,
        "roof_color": null,
        "roof_height": null,
        "has_parts": false,
        "version": 2,
        "bbox": {
          "xmin": 77.6048583984375,
          "xmax": 77.6051025390625,
          "ymin": 12.974098205566406,
          "ymax": 12.974321365356445
        },
        "review": {
          "google_temporal_height_estimate": {
            "year": 2023,
            "median_m": 12.0,
            "status": "estimated_not_measured_unapproved",
            "valid_pixel_fraction": 0.7722,
            "review_priority": "normal",
            "metadata_file": "data/processed/estimated_heights_metadata.json"
          }
        }
      },
      "geometry": {
        "type": "Polygon",
        "coordinates": [
          [
            [
              77.6049791,
              12.9741179
            ],
            [
              77.6050423,
              12.9740986
            ],
            [
              77.6050958,
              12.9742653
            ],
            [
              77.605059,
              12.9742766
            ],
            [
              77.6050537,
              12.9742601
            ],
            [
              77.6050245,
              12.974269
            ],
            [
              77.6050224,
              12.9742624
            ],
            [
              77.6049759,
              12.9742766
            ],
            [
              77.604978,
              12.9742832
            ],
            [
              77.6049515,
              12.9742913
            ],
            [
              77.6049567,
              12.9743077
            ],
            [
              77.6049131,
              12.974321
            ],
            [
              77.6048596,
              12.9741543
            ],
            [
              77.6049194,
              12.9741361
            ],
            [
              77.604927,
              12.9741598
            ],
            [
              77.6049867,
              12.9741416
            ],
            [
              77.6049791,
              12.9741179
            ]
          ]
        ]
      }
    },
    {
      "type": "Feature",
      "id": "2b8a538c-b9a3-44ab-a8fa-1d6c7799459c",
      "properties": {
        "id": "2b8a538c-b9a3-44ab-a8fa-1d6c7799459c",
        "names": null,
        "sources": [
          {
            "property": "",
            "dataset": "Google Open Buildings",
            "license": null,
            "record_id": "7J4VXJF4+J225",
            "update_time": "2023-05-01T00:00:00.000Z",
            "confidence": 0.7458,
            "between": null,
            "provider": "google",
            "resource": "open_buildings",
            "version": "2024-04-16"
          }
        ],
        "level": null,
        "height": null,
        "min_height": null,
        "is_underground": false,
        "num_floors": null,
        "num_floors_underground": null,
        "min_floor": null,
        "subtype": null,
        "class": null,
        "facade_color": null,
        "facade_material": null,
        "roof_material": null,
        "roof_shape": null,
        "roof_direction": null,
        "roof_orientation": null,
        "roof_color": null,
        "roof_height": null,
        "has_parts": false,
        "version": 1,
        "bbox": {
          "xmin": 77.60497283935547,
          "xmax": 77.60508728027344,
          "ymin": 12.973902702331543,
          "ymax": 12.97408676147461
        },
        "review": {
          "google_temporal_height_estimate": {
            "year": 2023,
            "median_m": 4.0,
            "status": "estimated_not_measured_unapproved",
            "valid_pixel_fraction": 0.0341,
            "review_priority": "high",
            "metadata_file": "data/processed/estimated_heights_metadata.json"
          }
        }
      },
      "geometry": {
        "type": "Polygon",
        "coordinates": [
          [
            [
              77.6050229,
              12.9739046
            ],
            [
              77.6050387,
              12.9739724
            ],
            [
              77.6050607,
              12.9739675
            ],
            [
              77.605085,
              12.974071
            ],
            [
              77.6050154,
              12.9740867
            ],
            [
              77.6049753,
              12.9739153
            ],
            [
              77.6050229,
              12.9739046
            ]
          ]
        ]
      }
    },
    {
      "type": "Feature",
      "id": "a9a89544-142e-45af-9da3-a552a2d61655",
      "properties": {
        "id": "a9a89544-142e-45af-9da3-a552a2d61655",
        "names": null,
        "sources": [
          {
            "property": "",
            "dataset": "OpenStreetMap",
            "license": "ODbL-1.0",
            "record_id": "r20071916@1",
            "update_time": "2026-01-12T05:30:39.000Z",
            "confidence": null,
            "between": null,
            "provider": "osm",
            "resource": "planet",
            "version": "2026-09-06T00:00:00.000Z"
          }
        ],
        "level": null,
        "height": null,
        "min_height": null,
        "is_underground": false,
        "num_floors": null,
        "num_floors_underground": null,
        "min_floor": null,
        "subtype": "residential",
        "class": "apartments",
        "facade_color": null,
        "facade_material": null,
        "roof_material": null,
        "roof_shape": null,
        "roof_direction": null,
        "roof_orientation": null,
        "roof_color": null,
        "roof_height": null,
        "has_parts": false,
        "version": 3,
        "bbox": {
          "xmin": 77.6051254272461,
          "xmax": 77.60549926757812,
          "ymin": 12.974027633666992,
          "ymax": 12.974339485168457
        },
        "review": {
          "google_temporal_height_estimate": {
            "year": 2023,
            "median_m": 12.0,
            "status": "estimated_not_measured_unapproved",
            "valid_pixel_fraction": 0.7806,
            "review_priority": "normal",
            "metadata_file": "data/processed/estimated_heights_metadata.json"
          }
        }
      },
      "geometry": {
        "type": "Polygon",
        "coordinates": [
          [
            [
              77.6054173,
              12.9740294
            ],
            [
              77.6054937,
              12.9742388
            ],
            [
              77.6052084,
              12.9743376
            ],
            [
              77.605132,
              12.9741282
            ],
            [
              77.6054173,
              12.9740294
            ]
          ],
          [
            [
              77.6053073,
              12.9741157
            ],
            [
              77.6053228,
              12.9741612
            ],
            [
              77.6053519,
              12.9741518
            ],
            [
              77.6053364,
              12.9741063
            ],
            [
              77.6053073,
              12.9741157
            ]
          ],
          [
            [
              77.6052381,
              12.9741583
            ],
            [
              77.6052493,
              12.9741546
            ],
            [
              77.6052599,
              12.9741848
            ],
            [
              77.6052888,
              12.9741752
            ],
            [
              77.6052728,
              12.9741294
            ],
            [
              77.6052326,
              12.9741428
            ],
            [
              77.6052381,
              12.9741583
            ]
          ],
          [
            [
              77.6053561,
              12.9741783
            ],
            [
              77.605336,
              12.9741848
            ],
            [
              77.6053504,
              12.9742268
            ],
            [
              77.6053705,
              12.9742202
            ],
            [
              77.6053561,
              12.9741783
            ]
          ],
          [
            [
              77.6053108,
              12.9742438
            ],
            [
              77.6052962,
              12.9742032
            ],
            [
              77.6052676,
              12.9742129
            ],
            [
              77.6052756,
              12.974235
            ],
            [
              77.6052653,
              12.9742385
            ],
            [
              77.605272,
              12.974257
            ],
            [
              77.6053108,
              12.9742438
            ]
          ]
        ]
      }
    },
    {
      "type": "Feature",
      "id": "3761c330-0bb5-4222-896f-7decce6ceb38",
      "properties": {
        "id": "3761c330-0bb5-4222-896f-7decce6ceb38",
        "names": {
          "primary": "Brigade Gardens",
          "common": null,
          "rules": null
        },
        "sources": [
          {
            "property": "",
            "dataset": "OpenStreetMap",
            "license": "ODbL-1.0",
            "record_id": "w327553602@4",
            "update_time": "2026-01-12T05:30:39.000Z",
            "confidence": null,
            "between": null,
            "provider": "osm",
            "resource": "planet",
            "version": "2026-09-06T00:00:00.000Z"
          }
        ],
        "level": null,
        "height": null,
        "min_height": null,
        "is_underground": false,
        "num_floors": null,
        "num_floors_underground": null,
        "min_floor": null,
        "subtype": "commercial",
        "class": "commercial",
        "facade_color": null,
        "facade_material": null,
        "roof_material": null,
        "roof_shape": null,
        "roof_direction": null,
        "roof_orientation": null,
        "roof_color": null,
        "roof_height": null,
        "has_parts": false,
        "version": 2,
        "bbox": {
          "xmin": 77.60520935058594,
          "xmax": 77.60563659667969,
          "ymin": 12.974320411682129,
          "ymax": 12.974759101867676
        },
        "review": {
          "google_temporal_height_estimate": {
            "year": 2023,
            "median_m": 13.5,
            "status": "estimated_not_measured_unapproved",
            "valid_pixel_fraction": 0.8611,
            "review_priority": "normal",
            "metadata_file": "data/processed/estimated_heights_metadata.json"
          }
        }
      },
      "geometry": {
        "type": "Polygon",
        "coordinates": [
          [
            [
              77.6053281,
              12.9747575
            ],
            [
              77.6052156,
              12.974414
            ],
            [
              77.6055112,
              12.974322
            ],
            [
              77.6056237,
              12.9746656
            ],
            [
              77.6054743,
              12.9747121
            ],
            [
              77.6053281,
              12.9747575
            ]
          ]
        ]
      }
    },
    {
      "type": "Feature",
      "id": "a619c0f2-f3fd-4fa1-a1da-994607bd9bbf",
      "properties": {
        "id": "a619c0f2-f3fd-4fa1-a1da-994607bd9bbf",
        "names": null,
        "sources": [
          {
            "property": "",
            "dataset": "OpenStreetMap",
            "license": "ODbL-1.0",
            "record_id": "w1393103486@1",
            "update_time": "2025-06-07T19:00:47.000Z",
            "confidence": null,
            "between": null,
            "provider": "osm",
            "resource": "planet",
            "version": "2026-09-06T00:00:00.000Z"
          }
        ],
        "level": null,
        "height": null,
        "min_height": null,
        "is_underground": false,
        "num_floors": null,
        "num_floors_underground": null,
        "min_floor": null,
        "subtype": null,
        "class": null,
        "facade_color": null,
        "facade_material": null,
        "roof_material": null,
        "roof_shape": null,
        "roof_direction": null,
        "roof_orientation": null,
        "roof_color": null,
        "roof_height": null,
        "has_parts": false,
        "version": 1,
        "bbox": {
          "xmin": 77.60569763183594,
          "xmax": 77.60586547851562,
          "ymin": 12.974501609802246,
          "ymax": 12.97463321685791
        },
        "review": {
          "google_temporal_height_estimate": {
            "year": 2023,
            "median_m": 7.0,
            "status": "estimated_not_measured_unapproved",
            "valid_pixel_fraction": 0.7537,
            "review_priority": "normal",
            "metadata_file": "data/processed/estimated_heights_metadata.json"
          }
        }
      },
      "geometry": {
        "type": "Polygon",
        "coordinates": [
          [
            [
              77.6058533,
              12.9745998
            ],
            [
              77.6057304,
              12.9746317
            ],
            [
              77.605704,
              12.9745352
            ],
            [
              77.605827,
              12.9745033
            ],
            [
              77.6058533,
              12.9745998
            ]
          ]
        ]
      }
    },
    {
      "type": "Feature",
      "id": "bb5dfffb-c9ea-482e-b3bd-45b374348aa6",
      "properties": {
        "id": "bb5dfffb-c9ea-482e-b3bd-45b374348aa6",
        "names": null,
        "sources": [
          {
            "property": "",
            "dataset": "Google Open Buildings",
            "license": null,
            "record_id": "7J4VXJF4+Q88M",
            "update_time": "2023-05-01T00:00:00.000Z",
            "confidence": 0.6687,
            "between": null,
            "provider": "google",
            "resource": "open_buildings",
            "version": "2024-04-16"
          }
        ],
        "level": null,
        "height": null,
        "min_height": null,
        "is_underground": false,
        "num_floors": null,
        "num_floors_underground": null,
        "min_floor": null,
        "subtype": null,
        "class": null,
        "facade_color": null,
        "facade_material": null,
        "roof_material": null,
        "roof_shape": null,
        "roof_direction": null,
        "roof_orientation": null,
        "roof_color": null,
        "roof_height": null,
        "has_parts": false,
        "version": 1,
        "bbox": {
          "xmin": 77.60578155517578,
          "xmax": 77.60586547851562,
          "ymin": 12.974367141723633,
          "ymax": 12.974465370178223
        },
        "review": {
          "google_temporal_height_estimate": {
            "year": 2023,
            "median_m": null,
            "status": "estimated_not_measured_unapproved",
            "valid_pixel_fraction": 0.0,
            "review_priority": "high",
            "metadata_file": "data/processed/estimated_heights_metadata.json"
          }
        }
      },
      "geometry": {
        "type": "Polygon",
        "coordinates": [
          [
            [
              77.6057873,
              12.974383
            ],
            [
              77.6058287,
              12.9743688
            ],
            [
              77.605858,
              12.9744509
            ],
            [
              77.6058166,
              12.9744651
            ],
            [
              77.6057873,
              12.974383
            ]
          ]
        ]
      }
    },
    {
      "type": "Feature",
      "id": "210df0cd-d537-402e-a40b-04262339a436",
      "properties": {
        "id": "210df0cd-d537-402e-a40b-04262339a436",
        "names": null,
        "sources": [
          {
            "property": "",
            "dataset": "OpenStreetMap",
            "license": "ODbL-1.0",
            "record_id": "w1089717999@2",
            "update_time": "2025-01-11T17:28:34.000Z",
            "confidence": null,
            "between": null,
            "provider": "osm",
            "resource": "planet",
            "version": "2026-09-06T00:00:00.000Z"
          }
        ],
        "level": null,
        "height": null,
        "min_height": null,
        "is_underground": false,
        "num_floors": null,
        "num_floors_underground": null,
        "min_floor": null,
        "subtype": "commercial",
        "class": "commercial",
        "facade_color": null,
        "facade_material": null,
        "roof_material": null,
        "roof_shape": null,
        "roof_direction": null,
        "roof_orientation": null,
        "roof_color": null,
        "roof_height": null,
        "has_parts": false,
        "version": 1,
        "bbox": {
          "xmin": 77.60564422607422,
          "xmax": 77.60591125488281,
          "ymin": 12.974112510681152,
          "ymax": 12.974319458007812
        },
        "review": {
          "google_temporal_height_estimate": {
            "year": 2023,
            "median_m": 8.5,
            "status": "estimated_not_measured_unapproved",
            "valid_pixel_fraction": 0.5288,
            "review_priority": "normal",
            "metadata_file": "data/processed/estimated_heights_metadata.json"
          }
        }
      },
      "geometry": {
        "type": "Polygon",
        "coordinates": [
          [
            [
              77.6059079,
              12.9742496
            ],
            [
              77.6056962,
              12.974318
            ],
            [
              77.6056501,
              12.9741825
            ],
            [
              77.6058618,
              12.9741142
            ],
            [
              77.6059079,
              12.9742496
            ]
          ]
        ]
      }
    },
    {
      "type": "Feature",
      "id": "3ebbedfa-d60f-4cba-95a1-a1fd3d766e8d",
      "properties": {
        "id": "3ebbedfa-d60f-4cba-95a1-a1fd3d766e8d",
        "names": null,
        "sources": [
          {
            "property": "",
            "dataset": "OpenStreetMap",
            "license": "ODbL-1.0",
            "record_id": "w349698888@5",
            "update_time": "2025-01-11T17:28:34.000Z",
            "confidence": null,
            "between": null,
            "provider": "osm",
            "resource": "planet",
            "version": "2026-09-06T00:00:00.000Z"
          }
        ],
        "level": null,
        "height": null,
        "min_height": null,
        "is_underground": false,
        "num_floors": 2,
        "num_floors_underground": null,
        "min_floor": null,
        "subtype": "commercial",
        "class": "commercial",
        "facade_color": null,
        "facade_material": null,
        "roof_material": null,
        "roof_shape": null,
        "roof_direction": null,
        "roof_orientation": null,
        "roof_color": null,
        "roof_height": null,
        "has_parts": false,
        "version": 1,
        "bbox": {
          "xmin": 77.60549926757812,
          "xmax": 77.60569763183594,
          "ymin": 12.97402286529541,
          "ymax": 12.974347114562988
        },
        "review": {
          "google_temporal_height_estimate": {
            "year": 2023,
            "median_m": null,
            "status": "estimated_not_measured_unapproved",
            "valid_pixel_fraction": 0.0,
            "review_priority": "high",
            "metadata_file": "data/processed/estimated_heights_metadata.json"
          }
        }
      },
      "geometry": {
        "type": "Polygon",
        "coordinates": [
          [
            [
              77.6055948,
              12.9743467
            ],
            [
              77.605503,
              12.9740711
            ],
            [
              77.6056505,
              12.9740245
            ],
            [
              77.6056916,
              12.9741482
            ],
            [
              77.6056204,
              12.9741707
            ],
            [
              77.605671,
              12.9743226
            ],
            [
              77.6056214,
              12.9743383
            ],
            [
              77.6055948,
              12.9743467
            ]
          ]
        ]
      }
    },
    {
      "type": "Feature",
      "id": "7f252566-d31e-4758-bf3d-5a372705f643",
      "properties": {
        "id": "7f252566-d31e-4758-bf3d-5a372705f643",
        "names": null,
        "sources": [
          {
            "property": "",
            "dataset": "OpenStreetMap",
            "license": "ODbL-1.0",
            "record_id": "w349698899@2",
            "update_time": "2025-05-09T13:52:56.000Z",
            "confidence": null,
            "between": null,
            "provider": "osm",
            "resource": "planet",
            "version": "2026-09-06T00:00:00.000Z"
          }
        ],
        "level": null,
        "height": null,
        "min_height": null,
        "is_underground": false,
        "num_floors": null,
        "num_floors_underground": null,
        "min_floor": null,
        "subtype": null,
        "class": null,
        "facade_color": null,
        "facade_material": null,
        "roof_material": null,
        "roof_shape": null,
        "roof_direction": null,
        "roof_orientation": null,
        "roof_color": null,
        "roof_height": null,
        "has_parts": false,
        "version": 1,
        "bbox": {
          "xmin": 77.60565948486328,
          "xmax": 77.60589599609375,
          "ymin": 12.973942756652832,
          "ymax": 12.974141120910645
        },
        "review": {
          "google_temporal_height_estimate": {
            "year": 2023,
            "median_m": 1.5,
            "status": "estimated_not_measured_unapproved",
            "valid_pixel_fraction": 0.0061,
            "review_priority": "high",
            "metadata_file": "data/processed/estimated_heights_metadata.json"
          }
        }
      },
      "geometry": {
        "type": "Polygon",
        "coordinates": [
          [
            [
              77.6058955,
              12.9740789
            ],
            [
              77.6057127,
              12.9741395
            ],
            [
              77.6056658,
              12.9740052
            ],
            [
              77.6058486,
              12.9739446
            ],
            [
              77.6058955,
              12.9740789
            ]
          ]
        ]
      }
    },
    {
      "type": "Feature",
      "id": "674b4ecc-11dc-461f-a374-ff65566e6af2",
      "properties": {
        "id": "674b4ecc-11dc-461f-a374-ff65566e6af2",
        "names": null,
        "sources": [
          {
            "property": "",
            "dataset": "Google Open Buildings",
            "license": null,
            "record_id": "7J4VXJF4+F7HP",
            "update_time": "2023-05-01T00:00:00.000Z",
            "confidence": 0.6933,
            "between": null,
            "provider": "google",
            "resource": "open_buildings",
            "version": "2024-04-16"
          }
        ],
        "level": null,
        "height": null,
        "min_height": null,
        "is_underground": false,
        "num_floors": null,
        "num_floors_underground": null,
        "min_floor": null,
        "subtype": null,
        "class": null,
        "facade_color": null,
        "facade_material": null,
        "roof_material": null,
        "roof_shape": null,
        "roof_direction": null,
        "roof_orientation": null,
        "roof_color": null,
        "roof_height": null,
        "has_parts": false,
        "version": 1,
        "bbox": {
          "xmin": 77.60569763183594,
          "xmax": 77.60576629638672,
          "ymin": 12.973665237426758,
          "ymax": 12.973726272583008
        },
        "review": {
          "google_temporal_height_estimate": {
            "year": 2023,
            "median_m": 4.0,
            "status": "estimated_not_measured_unapproved",
            "valid_pixel_fraction": 0.3333,
            "review_priority": "high",
            "metadata_file": "data/processed/estimated_heights_metadata.json"
          }
        }
      },
      "geometry": {
        "type": "Polygon",
        "coordinates": [
          [
            [
              77.6057135,
              12.9736654
            ],
            [
              77.6057661,
              12.9736688
            ],
            [
              77.6057622,
              12.9737246
            ],
            [
              77.6057097,
              12.9737211
            ],
            [
              77.6057135,
              12.9736654
            ]
          ]
        ]
      }
    },
    {
      "type": "Feature",
      "id": "4e439487-1fbb-44d0-b045-6a4f8a9c01ce",
      "properties": {
        "id": "4e439487-1fbb-44d0-b045-6a4f8a9c01ce",
        "names": null,
        "sources": [
          {
            "property": "",
            "dataset": "Google Open Buildings",
            "license": null,
            "record_id": "7J4VXJF4+F7M7",
            "update_time": "2023-05-01T00:00:00.000Z",
            "confidence": 0.7399,
            "between": null,
            "provider": "google",
            "resource": "open_buildings",
            "version": "2024-04-16"
          }
        ],
        "level": null,
        "height": null,
        "min_height": null,
        "is_underground": false,
        "num_floors": null,
        "num_floors_underground": null,
        "min_floor": null,
        "subtype": null,
        "class": null,
        "facade_color": null,
        "facade_material": null,
        "roof_material": null,
        "roof_shape": null,
        "roof_direction": null,
        "roof_orientation": null,
        "roof_color": null,
        "roof_height": null,
        "has_parts": false,
        "version": 1,
        "bbox": {
          "xmin": 77.60564422607422,
          "xmax": 77.60569763183594,
          "ymin": 12.973677635192871,
          "ymax": 12.973732948303223
        },
        "review": {
          "google_temporal_height_estimate": {
            "year": 2023,
            "median_m": 4.0,
            "status": "estimated_not_measured_unapproved",
            "valid_pixel_fraction": 0.4074,
            "review_priority": "high",
            "metadata_file": "data/processed/estimated_heights_metadata.json"
          }
        }
      },
      "geometry": {
        "type": "Polygon",
        "coordinates": [
          [
            [
              77.6056914,
              12.9736792
            ],
            [
              77.605695,
              12.9737298
            ],
            [
              77.6056495,
              12.9737329
            ],
            [
              77.6056459,
              12.9736823
            ],
            [
              77.6056914,
              12.9736792
            ]
          ]
        ]
      }
    },
    {
      "type": "Feature",
      "id": "b24c1d65-75a6-40dd-97cc-31f9aff99b4f",
      "properties": {
        "id": "b24c1d65-75a6-40dd-97cc-31f9aff99b4f",
        "names": null,
        "sources": [
          {
            "property": "",
            "dataset": "Google Open Buildings",
            "license": null,
            "record_id": "7J4VXJF4+F7J6",
            "update_time": "2023-05-01T00:00:00.000Z",
            "confidence": 0.6995,
            "between": null,
            "provider": "google",
            "resource": "open_buildings",
            "version": "2024-04-16"
          }
        ],
        "level": null,
        "height": null,
        "min_height": null,
        "is_underground": false,
        "num_floors": null,
        "num_floors_underground": null,
        "min_floor": null,
        "subtype": null,
        "class": null,
        "facade_color": null,
        "facade_material": null,
        "roof_material": null,
        "roof_shape": null,
        "roof_direction": null,
        "roof_orientation": null,
        "roof_color": null,
        "roof_height": null,
        "has_parts": false,
        "version": 1,
        "bbox": {
          "xmin": 77.60559844970703,
          "xmax": 77.60565948486328,
          "ymin": 12.973679542541504,
          "ymax": 12.973731994628906
        },
        "review": {
          "google_temporal_height_estimate": {
            "year": 2023,
            "median_m": 3.5,
            "status": "estimated_not_measured_unapproved",
            "valid_pixel_fraction": 0.1848,
            "review_priority": "high",
            "metadata_file": "data/processed/estimated_heights_metadata.json"
          }
        }
      },
      "geometry": {
        "type": "Polygon",
        "coordinates": [
          [
            [
              77.6056074,
              12.9736813
            ],
            [
              77.6056465,
              12.9736824
            ],
            [
              77.605645,
              12.9737316
            ],
            [
              77.605606,
              12.9737305
            ],
            [
              77.6056074,
              12.9736813
            ]
          ]
        ]
      }
    },
    {
      "type": "Feature",
      "id": "52b61569-1aab-4dbd-99bd-6de08bb90edf",
      "properties": {
        "id": "52b61569-1aab-4dbd-99bd-6de08bb90edf",
        "names": null,
        "sources": [
          {
            "property": "",
            "dataset": "OpenStreetMap",
            "license": "ODbL-1.0",
            "record_id": "w350554832@1",
            "update_time": "2025-01-11T17:28:34.000Z",
            "confidence": null,
            "between": null,
            "provider": "osm",
            "resource": "planet",
            "version": "2026-09-06T00:00:00.000Z"
          }
        ],
        "level": null,
        "height": null,
        "min_height": null,
        "is_underground": false,
        "num_floors": null,
        "num_floors_underground": null,
        "min_floor": null,
        "subtype": null,
        "class": null,
        "facade_color": null,
        "facade_material": null,
        "roof_material": null,
        "roof_shape": null,
        "roof_direction": null,
        "roof_orientation": null,
        "roof_color": null,
        "roof_height": null,
        "has_parts": false,
        "version": 1,
        "bbox": {
          "xmin": 77.60552215576172,
          "xmax": 77.60572052001953,
          "ymin": 12.973760604858398,
          "ymax": 12.973908424377441
        },
        "review": {
          "google_temporal_height_estimate": {
            "year": 2023,
            "median_m": 5.5,
            "status": "estimated_not_measured_unapproved",
            "valid_pixel_fraction": 0.5092,
            "review_priority": "normal",
            "metadata_file": "data/processed/estimated_heights_metadata.json"
          }
        }
      },
      "geometry": {
        "type": "Polygon",
        "coordinates": [
          [
            [
              77.6055306,
              12.9738419
            ],
            [
              77.6055276,
              12.9737679
            ],
            [
              77.6057028,
              12.973761
            ],
            [
              77.6057088,
              12.9739045
            ],
            [
              77.6056183,
              12.9739081
            ],
            [
              77.6056156,
              12.9738386
            ],
            [
              77.6055306,
              12.9738419
            ]
          ]
        ]
      }
    },
    {
      "type": "Feature",
      "id": "e82b59fc-1991-4285-913f-aa35a20a76b2",
      "properties": {
        "id": "e82b59fc-1991-4285-913f-aa35a20a76b2",
        "names": null,
        "sources": [
          {
            "property": "",
            "dataset": "Google Open Buildings",
            "license": null,
            "record_id": "7J4VXJF4+H64C",
            "update_time": "2023-05-01T00:00:00.000Z",
            "confidence": 0.7621,
            "between": null,
            "provider": "google",
            "resource": "open_buildings",
            "version": "2024-04-16"
          }
        ],
        "level": null,
        "height": null,
        "min_height": null,
        "is_underground": false,
        "num_floors": null,
        "num_floors_underground": null,
        "min_floor": null,
        "subtype": null,
        "class": null,
        "facade_color": null,
        "facade_material": null,
        "roof_material": null,
        "roof_shape": null,
        "roof_direction": null,
        "roof_orientation": null,
        "roof_color": null,
        "roof_height": null,
        "has_parts": false,
        "version": 1,
        "bbox": {
          "xmin": 77.60554504394531,
          "xmax": 77.60558319091797,
          "ymin": 12.973862648010254,
          "ymax": 12.97391128540039
        },
        "review": {
          "google_temporal_height_estimate": {
            "year": 2023,
            "median_m": 4.0,
            "status": "estimated_not_measured_unapproved",
            "valid_pixel_fraction": 0.9,
            "review_priority": "normal",
            "metadata_file": "data/processed/estimated_heights_metadata.json"
          }
        }
      },
      "geometry": {
        "type": "Polygon",
        "coordinates": [
          [
            [
              77.6055493,
              12.9738631
            ],
            [
              77.6055815,
              12.973864
            ],
            [
              77.6055802,
              12.9739096
            ],
            [
              77.605548,
              12.9739087
            ],
            [
              77.6055493,
              12.9738631
            ]
          ]
        ]
      }
    },
    {
      "type": "Feature",
      "id": "d2726f48-1429-4cb0-8e53-6d336104b13f",
      "properties": {
        "id": "d2726f48-1429-4cb0-8e53-6d336104b13f",
        "names": null,
        "sources": [
          {
            "property": "",
            "dataset": "OpenStreetMap",
            "license": "ODbL-1.0",
            "record_id": "w350554788@1",
            "update_time": "2025-01-11T17:28:34.000Z",
            "confidence": null,
            "between": null,
            "provider": "osm",
            "resource": "planet",
            "version": "2026-09-06T00:00:00.000Z"
          }
        ],
        "level": null,
        "height": null,
        "min_height": null,
        "is_underground": false,
        "num_floors": null,
        "num_floors_underground": null,
        "min_floor": null,
        "subtype": null,
        "class": null,
        "facade_color": null,
        "facade_material": null,
        "roof_material": null,
        "roof_shape": null,
        "roof_direction": null,
        "roof_orientation": null,
        "roof_color": null,
        "roof_height": null,
        "has_parts": false,
        "version": 1,
        "bbox": {
          "xmin": 77.60535430908203,
          "xmax": 77.60550689697266,
          "ymin": 12.973745346069336,
          "ymax": 12.973883628845215
        },
        "review": {
          "google_temporal_height_estimate": {
            "year": 2023,
            "median_m": 7.5,
            "status": "estimated_not_measured_unapproved",
            "valid_pixel_fraction": 0.1067,
            "review_priority": "high",
            "metadata_file": "data/processed/estimated_heights_metadata.json"
          }
        }
      },
      "geometry": {
        "type": "Polygon",
        "coordinates": [
          [
            [
              77.6055007,
              12.9738551
            ],
            [
              77.6053881,
              12.9738819
            ],
            [
              77.6053607,
              12.9737723
            ],
            [
              77.6054733,
              12.9737456
            ],
            [
              77.6055007,
              12.9738551
            ]
          ]
        ]
      }
    },
    {
      "type": "Feature",
      "id": "e2572407-f720-4e69-a33e-49cc189540a1",
      "properties": {
        "id": "e2572407-f720-4e69-a33e-49cc189540a1",
        "names": null,
        "sources": [
          {
            "property": "",
            "dataset": "Google Open Buildings",
            "license": null,
            "record_id": "7J4VXJF4+F6GC",
            "update_time": "2023-05-01T00:00:00.000Z",
            "confidence": 0.6599,
            "between": null,
            "provider": "google",
            "resource": "open_buildings",
            "version": "2024-04-16"
          }
        ],
        "level": null,
        "height": null,
        "min_height": null,
        "is_underground": false,
        "num_floors": null,
        "num_floors_underground": null,
        "min_floor": null,
        "subtype": null,
        "class": null,
        "facade_color": null,
        "facade_material": null,
        "roof_material": null,
        "roof_shape": null,
        "roof_direction": null,
        "roof_orientation": null,
        "roof_color": null,
        "roof_height": null,
        "has_parts": false,
        "version": 1,
        "bbox": {
          "xmin": 77.60550689697266,
          "xmax": 77.6056137084961,
          "ymin": 12.973642349243164,
          "ymax": 12.973740577697754
        },
        "review": {
          "google_temporal_height_estimate": {
            "year": 2023,
            "median_m": null,
            "status": "estimated_not_measured_unapproved",
            "valid_pixel_fraction": 0.0,
            "review_priority": "high",
            "metadata_file": "data/processed/estimated_heights_metadata.json"
          }
        }
      },
      "geometry": {
        "type": "Polygon",
        "coordinates": [
          [
            [
              77.6055137,
              12.9736509
            ],
            [
              77.6055632,
              12.9736427
            ],
            [
              77.6055655,
              12.9736556
            ],
            [
              77.6055926,
              12.9736511
            ],
            [
              77.6056064,
              12.9737311
            ],
            [
              77.6055605,
              12.9737387
            ],
            [
              77.6055498,
              12.9736764
            ],
            [
              77.605519,
              12.9736815
            ],
            [
              77.6055137,
              12.9736509
            ]
          ]
        ]
      }
    },
    {
      "type": "Feature",
      "id": "75d6312f-62f2-40e4-a1c7-ca78a968ae26",
      "properties": {
        "id": "75d6312f-62f2-40e4-a1c7-ca78a968ae26",
        "names": null,
        "sources": [
          {
            "property": "",
            "dataset": "OpenStreetMap",
            "license": "ODbL-1.0",
            "record_id": "w328747368@1",
            "update_time": "2025-01-11T17:28:34.000Z",
            "confidence": null,
            "between": null,
            "provider": "osm",
            "resource": "planet",
            "version": "2026-09-06T00:00:00.000Z"
          }
        ],
        "level": null,
        "height": null,
        "min_height": null,
        "is_underground": false,
        "num_floors": null,
        "num_floors_underground": null,
        "min_floor": null,
        "subtype": null,
        "class": null,
        "facade_color": null,
        "facade_material": null,
        "roof_material": null,
        "roof_shape": null,
        "roof_direction": null,
        "roof_orientation": null,
        "roof_color": null,
        "roof_height": null,
        "has_parts": false,
        "version": 1,
        "bbox": {
          "xmin": 77.605224609375,
          "xmax": 77.6054458618164,
          "ymin": 12.973342895507812,
          "ymax": 12.973651885986328
        },
        "review": {
          "google_temporal_height_estimate": {
            "year": 2023,
            "median_m": 8.5,
            "status": "estimated_not_measured_unapproved",
            "valid_pixel_fraction": 0.7696,
            "review_priority": "normal",
            "metadata_file": "data/processed/estimated_heights_metadata.json"
          }
        }
      },
      "geometry": {
        "type": "Polygon",
        "coordinates": [
          [
            [
              77.6052271,
              12.9733767
            ],
            [
              77.6053852,
              12.9733444
            ],
            [
              77.6054445,
              12.9736192
            ],
            [
              77.6052863,
              12.9736516
            ],
            [
              77.6052271,
              12.9733767
            ]
          ]
        ]
      }
    },
    {
      "type": "Feature",
      "id": "d4b016ed-3436-490e-9825-580082fe3b46",
      "properties": {
        "id": "d4b016ed-3436-490e-9825-580082fe3b46",
        "names": null,
        "sources": [
          {
            "property": "",
            "dataset": "Microsoft ML Buildings",
            "license": "ODbL-1.0",
            "record_id": null,
            "update_time": null,
            "confidence": null,
            "between": null,
            "provider": "microsoft",
            "resource": "ml_buildings",
            "version": "2026-08-11"
          }
        ],
        "level": null,
        "height": null,
        "min_height": null,
        "is_underground": false,
        "num_floors": null,
        "num_floors_underground": null,
        "min_floor": null,
        "subtype": null,
        "class": null,
        "facade_color": null,
        "facade_material": null,
        "roof_material": null,
        "roof_shape": null,
        "roof_direction": null,
        "roof_orientation": null,
        "roof_color": null,
        "roof_height": null,
        "has_parts": false,
        "version": 4,
        "bbox": {
          "xmin": 77.6055908203125,
          "xmax": 77.60567474365234,
          "ymin": 12.973628997802734,
          "ymax": 12.973663330078125
        },
        "review": {
          "google_temporal_height_estimate": {
            "year": 2023,
            "median_m": 5.0,
            "status": "estimated_not_measured_unapproved",
            "valid_pixel_fraction": 0.1008,
            "review_priority": "high",
            "metadata_file": "data/processed/estimated_heights_metadata.json"
          }
        }
      },
      "geometry": {
        "type": "Polygon",
        "coordinates": [
          [
            [
              77.6055977,
              12.9736629
            ],
            [
              77.6055969,
              12.9736326
            ],
            [
              77.605673,
              12.9736308
            ],
            [
              77.6056738,
              12.973661
            ],
            [
              77.6055977,
              12.9736629
            ]
          ]
        ]
      }
    },
    {
      "type": "Feature",
      "id": "c46fb814-676c-4758-a620-3381612d5926",
      "properties": {
        "id": "c46fb814-676c-4758-a620-3381612d5926",
        "names": null,
        "sources": [
          {
            "property": "",
            "dataset": "OpenStreetMap",
            "license": "ODbL-1.0",
            "record_id": "w328747367@1",
            "update_time": "2015-02-17T12:17:30.000Z",
            "confidence": null,
            "between": null,
            "provider": "osm",
            "resource": "planet",
            "version": "2026-09-06T00:00:00.000Z"
          }
        ],
        "level": null,
        "height": null,
        "min_height": null,
        "is_underground": false,
        "num_floors": null,
        "num_floors_underground": null,
        "min_floor": null,
        "subtype": null,
        "class": null,
        "facade_color": null,
        "facade_material": null,
        "roof_material": null,
        "roof_shape": null,
        "roof_direction": null,
        "roof_orientation": null,
        "roof_color": null,
        "roof_height": null,
        "has_parts": false,
        "version": 1,
        "bbox": {
          "xmin": 77.60580444335938,
          "xmax": 77.60588836669922,
          "ymin": 12.973528861999512,
          "ymax": 12.97368049621582
        },
        "review": {
          "google_temporal_height_estimate": {
            "year": 2023,
            "median_m": 5.5,
            "status": "estimated_not_measured_unapproved",
            "valid_pixel_fraction": 0.8574,
            "review_priority": "normal",
            "metadata_file": "data/processed/estimated_heights_metadata.json"
          }
        }
      },
      "geometry": {
        "type": "Polygon",
        "coordinates": [
          [
            [
              77.6058198,
              12.9736802
            ],
            [
              77.6058106,
              12.9735345
            ],
            [
              77.6058784,
              12.9735305
            ],
            [
              77.6058876,
              12.9736762
            ],
            [
              77.6058198,
              12.9736802
            ]
          ]
        ]
      }
    },
    {
      "type": "Feature",
      "id": "2c1a0f60-5a91-4a67-8a7e-1ec1f29d7324",
      "properties": {
        "id": "2c1a0f60-5a91-4a67-8a7e-1ec1f29d7324",
        "names": null,
        "sources": [
          {
            "property": "",
            "dataset": "OpenStreetMap",
            "license": "ODbL-1.0",
            "record_id": "w1342685779@1",
            "update_time": "2024-12-14T15:21:45.000Z",
            "confidence": null,
            "between": null,
            "provider": "osm",
            "resource": "planet",
            "version": "2026-09-06T00:00:00.000Z"
          }
        ],
        "level": null,
        "height": null,
        "min_height": null,
        "is_underground": false,
        "num_floors": null,
        "num_floors_underground": null,
        "min_floor": null,
        "subtype": null,
        "class": null,
        "facade_color": null,
        "facade_material": null,
        "roof_material": null,
        "roof_shape": null,
        "roof_direction": null,
        "roof_orientation": null,
        "roof_color": null,
        "roof_height": null,
        "has_parts": false,
        "version": 1,
        "bbox": {
          "xmin": 77.60585021972656,
          "xmax": 77.60601043701172,
          "ymin": 12.973847389221191,
          "ymax": 12.974029541015625
        },
        "review": {
          "google_temporal_height_estimate": {
            "year": 2023,
            "median_m": 5.0,
            "status": "estimated_not_measured_unapproved",
            "valid_pixel_fraction": 0.877,
            "review_priority": "normal",
            "metadata_file": "data/processed/estimated_heights_metadata.json"
          }
        }
      },
      "geometry": {
        "type": "Polygon",
        "coordinates": [
          [
            [
              77.606003,
              12.9739999
            ],
            [
              77.6059125,
              12.9740279
            ],
            [
              77.6058628,
              12.9738757
            ],
            [
              77.6059534,
              12.9738476
            ],
            [
              77.606003,
              12.9739999
            ]
          ]
        ]
      }
    },
    {
      "type": "Feature",
      "id": "1a8fc2fa-1d75-4ad7-9ef0-fce4c11a7c56",
      "properties": {
        "id": "1a8fc2fa-1d75-4ad7-9ef0-fce4c11a7c56",
        "names": null,
        "sources": [
          {
            "property": "",
            "dataset": "OpenStreetMap",
            "license": "ODbL-1.0",
            "record_id": "w349698867@2",
            "update_time": "2025-11-08T06:57:15.000Z",
            "confidence": null,
            "between": null,
            "provider": "osm",
            "resource": "planet",
            "version": "2026-09-06T00:00:00.000Z"
          }
        ],
        "level": null,
        "height": null,
        "min_height": null,
        "is_underground": false,
        "num_floors": null,
        "num_floors_underground": null,
        "min_floor": null,
        "subtype": null,
        "class": null,
        "facade_color": null,
        "facade_material": null,
        "roof_material": null,
        "roof_shape": null,
        "roof_direction": null,
        "roof_orientation": null,
        "roof_color": null,
        "roof_height": null,
        "has_parts": false,
        "version": 3,
        "bbox": {
          "xmin": 77.60648345947266,
          "xmax": 77.60669708251953,
          "ymin": 12.97352409362793,
          "ymax": 12.973779678344727
        },
        "review": {
          "google_temporal_height_estimate": {
            "year": 2023,
            "median_m": 13.0,
            "status": "estimated_not_measured_unapproved",
            "valid_pixel_fraction": 0.9092,
            "review_priority": "normal",
            "metadata_file": "data/processed/estimated_heights_metadata.json"
          }
        }
      },
      "geometry": {
        "type": "Polygon",
        "coordinates": [
          [
            [
              77.6066966,
              12.9737416
            ],
            [
              77.6065534,
              12.9737781
            ],
            [
              77.606495,
              12.9735609
            ],
            [
              77.6066382,
              12.9735243
            ],
            [
              77.6066966,
              12.9737416
            ]
          ]
        ]
      }
    },
    {
      "type": "Feature",
      "id": "0c981778-0213-462a-9cec-39375fe9c338",
      "properties": {
        "id": "0c981778-0213-462a-9cec-39375fe9c338",
        "names": null,
        "sources": [
          {
            "property": "",
            "dataset": "OpenStreetMap",
            "license": "ODbL-1.0",
            "record_id": "w349698931@4",
            "update_time": "2025-11-08T06:57:15.000Z",
            "confidence": null,
            "between": null,
            "provider": "osm",
            "resource": "planet",
            "version": "2026-09-06T00:00:00.000Z"
          }
        ],
        "level": null,
        "height": null,
        "min_height": null,
        "is_underground": false,
        "num_floors": null,
        "num_floors_underground": null,
        "min_floor": null,
        "subtype": "commercial",
        "class": "commercial",
        "facade_color": null,
        "facade_material": null,
        "roof_material": null,
        "roof_shape": null,
        "roof_direction": null,
        "roof_orientation": null,
        "roof_color": null,
        "roof_height": null,
        "has_parts": false,
        "version": 3,
        "bbox": {
          "xmin": 77.60663604736328,
          "xmax": 77.60681915283203,
          "ymin": 12.97348690032959,
          "ymax": 12.97372817993164
        },
        "review": {
          "google_temporal_height_estimate": {
            "year": 2023,
            "median_m": 10.5,
            "status": "estimated_not_measured_unapproved",
            "valid_pixel_fraction": 0.9647,
            "review_priority": "normal",
            "metadata_file": "data/processed/estimated_heights_metadata.json"
          }
        }
      },
      "geometry": {
        "type": "Polygon",
        "coordinates": [
          [
            [
              77.6067381,
              12.9734871
            ],
            [
              77.6068174,
              12.9736959
            ],
            [
              77.6067281,
              12.9737281
            ],
            [
              77.6066487,
              12.9735194
            ],
            [
              77.6067381,
              12.9734871
            ]
          ]
        ]
      }
    },
    {
      "type": "Feature",
      "id": "94d9c932-53e4-41e1-9912-90d46bf91ec9",
      "properties": {
        "id": "94d9c932-53e4-41e1-9912-90d46bf91ec9",
        "names": null,
        "sources": [
          {
            "property": "",
            "dataset": "OpenStreetMap",
            "license": "ODbL-1.0",
            "record_id": "w1281995556@3",
            "update_time": "2025-11-08T06:57:15.000Z",
            "confidence": null,
            "between": null,
            "provider": "osm",
            "resource": "planet",
            "version": "2026-09-06T00:00:00.000Z"
          }
        ],
        "level": null,
        "height": null,
        "min_height": null,
        "is_underground": false,
        "num_floors": null,
        "num_floors_underground": null,
        "min_floor": null,
        "subtype": "commercial",
        "class": "commercial",
        "facade_color": null,
        "facade_material": null,
        "roof_material": null,
        "roof_shape": null,
        "roof_direction": null,
        "roof_orientation": null,
        "roof_color": null,
        "roof_height": null,
        "has_parts": false,
        "version": 3,
        "bbox": {
          "xmin": 77.60693359375,
          "xmax": 77.60704040527344,
          "ymin": 12.973502159118652,
          "ymax": 12.9736328125
        },
        "review": {
          "google_temporal_height_estimate": {
            "year": 2023,
            "median_m": 9.0,
            "status": "estimated_not_measured_unapproved",
            "valid_pixel_fraction": 0.9703,
            "review_priority": "normal",
            "metadata_file": "data/processed/estimated_heights_metadata.json"
          }
        }
      },
      "geometry": {
        "type": "Polygon",
        "coordinates": [
          [
            [
              77.6070378,
              12.9736172
            ],
            [
              77.6069606,
              12.9736312
            ],
            [
              77.6069372,
              12.9735514
            ],
            [
              77.6069455,
              12.9735497
            ],
            [
              77.6069397,
              12.9735307
            ],
            [
              77.6070201,
              12.9735036
            ],
            [
              77.6070378,
              12.9736172
            ]
          ]
        ]
      }
    },
    {
      "type": "Feature",
      "id": "7cd771f6-1db0-485b-95ea-5ad241632d3b",
      "properties": {
        "id": "7cd771f6-1db0-485b-95ea-5ad241632d3b",
        "names": null,
        "sources": [
          {
            "property": "",
            "dataset": "OpenStreetMap",
            "license": "ODbL-1.0",
            "record_id": "w349698857@3",
            "update_time": "2025-11-08T06:57:15.000Z",
            "confidence": null,
            "between": null,
            "provider": "osm",
            "resource": "planet",
            "version": "2026-09-06T00:00:00.000Z"
          }
        ],
        "level": null,
        "height": null,
        "min_height": null,
        "is_underground": false,
        "num_floors": null,
        "num_floors_underground": null,
        "min_floor": null,
        "subtype": "commercial",
        "class": "commercial",
        "facade_color": null,
        "facade_material": null,
        "roof_material": null,
        "roof_shape": null,
        "roof_direction": null,
        "roof_orientation": null,
        "roof_color": null,
        "roof_height": null,
        "has_parts": false,
        "version": 3,
        "bbox": {
          "xmin": 77.60675048828125,
          "xmax": 77.60697174072266,
          "ymin": 12.973437309265137,
          "ymax": 12.973681449890137
        },
        "review": {
          "google_temporal_height_estimate": {
            "year": 2023,
            "median_m": 11.0,
            "status": "estimated_not_measured_unapproved",
            "valid_pixel_fraction": 0.8701,
            "review_priority": "normal",
            "metadata_file": "data/processed/estimated_heights_metadata.json"
          }
        }
      },
      "geometry": {
        "type": "Polygon",
        "coordinates": [
          [
            [
              77.6068218,
              12.9736811
            ],
            [
              77.6067532,
              12.9734801
            ],
            [
              77.6068988,
              12.9734376
            ],
            [
              77.6069293,
              12.973534
            ],
            [
              77.606893,
              12.9735541
            ],
            [
              77.6068991,
              12.9735683
            ],
            [
              77.6069342,
              12.9735493
            ],
            [
              77.6069594,
              12.9736415
            ],
            [
              77.6068218,
              12.9736811
            ]
          ]
        ]
      }
    },
    {
      "type": "Feature",
      "id": "d802b242-0323-4154-941f-ac399704e177",
      "properties": {
        "id": "d802b242-0323-4154-941f-ac399704e177",
        "names": null,
        "sources": [
          {
            "property": "",
            "dataset": "Google Open Buildings",
            "license": null,
            "record_id": "7J4VXJF4+FRCM",
            "update_time": "2023-05-01T00:00:00.000Z",
            "confidence": 0.786,
            "between": null,
            "provider": "google",
            "resource": "open_buildings",
            "version": "2024-04-16"
          }
        ],
        "level": null,
        "height": null,
        "min_height": null,
        "is_underground": false,
        "num_floors": null,
        "num_floors_underground": null,
        "min_floor": null,
        "subtype": null,
        "class": null,
        "facade_color": null,
        "facade_material": null,
        "roof_material": null,
        "roof_shape": null,
        "roof_direction": null,
        "roof_orientation": null,
        "roof_color": null,
        "roof_height": null,
        "has_parts": false,
        "version": 1,
        "bbox": {
          "xmin": 77.60694122314453,
          "xmax": 77.60709381103516,
          "ymin": 12.973664283752441,
          "ymax": 12.973723411560059
        },
        "review": {
          "google_temporal_height_estimate": {
            "year": 2023,
            "median_m": null,
            "status": "estimated_not_measured_unapproved",
            "valid_pixel_fraction": 0.0,
            "review_priority": "high",
            "metadata_file": "data/processed/estimated_heights_metadata.json"
          }
        }
      },
      "geometry": {
        "type": "Polygon",
        "coordinates": [
          [
            [
              77.6070799,
              12.9736661
            ],
            [
              77.6070862,
              12.9736943
            ],
            [
              77.6069506,
              12.9737232
            ],
            [
              77.6069443,
              12.973695
            ],
            [
              77.6070799,
              12.9736661
            ]
          ]
        ]
      }
    },
    {
      "type": "Feature",
      "id": "3e4f51ab-3242-4266-bf2a-94fe40821813",
      "properties": {
        "id": "3e4f51ab-3242-4266-bf2a-94fe40821813",
        "names": null,
        "sources": [
          {
            "property": "",
            "dataset": "OpenStreetMap",
            "license": "ODbL-1.0",
            "record_id": "w349698938@2",
            "update_time": "2025-05-09T13:52:56.000Z",
            "confidence": null,
            "between": null,
            "provider": "osm",
            "resource": "planet",
            "version": "2026-09-06T00:00:00.000Z"
          }
        ],
        "level": null,
        "height": null,
        "min_height": null,
        "is_underground": false,
        "num_floors": null,
        "num_floors_underground": null,
        "min_floor": null,
        "subtype": null,
        "class": null,
        "facade_color": null,
        "facade_material": null,
        "roof_material": null,
        "roof_shape": null,
        "roof_direction": null,
        "roof_orientation": null,
        "roof_color": null,
        "roof_height": null,
        "has_parts": false,
        "version": 1,
        "bbox": {
          "xmin": 77.60698699951172,
          "xmax": 77.60711669921875,
          "ymin": 12.973762512207031,
          "ymax": 12.97392749786377
        },
        "review": {
          "google_temporal_height_estimate": {
            "year": 2023,
            "median_m": 9.5,
            "status": "estimated_not_measured_unapproved",
            "valid_pixel_fraction": 0.9198,
            "review_priority": "normal",
            "metadata_file": "data/processed/estimated_heights_metadata.json"
          }
        }
      },
      "geometry": {
        "type": "Polygon",
        "coordinates": [
          [
            [
              77.6071146,
              12.9739044
            ],
            [
              77.6070255,
              12.9739272
            ],
            [
              77.6069878,
              12.9737871
            ],
            [
              77.6070769,
              12.9737643
            ],
            [
              77.6071146,
              12.9739044
            ]
          ]
        ]
      }
    },
    {
      "type": "Feature",
      "id": "ae6521a0-b859-465b-8b0b-293c5b2537d5",
      "properties": {
        "id": "ae6521a0-b859-465b-8b0b-293c5b2537d5",
        "names": null,
        "sources": [
          {
            "property": "",
            "dataset": "OpenStreetMap",
            "license": "ODbL-1.0",
            "record_id": "w349698884@3",
            "update_time": "2024-12-14T15:21:45.000Z",
            "confidence": null,
            "between": null,
            "provider": "osm",
            "resource": "planet",
            "version": "2026-09-06T00:00:00.000Z"
          }
        ],
        "level": null,
        "height": null,
        "min_height": null,
        "is_underground": false,
        "num_floors": null,
        "num_floors_underground": null,
        "min_floor": null,
        "subtype": "commercial",
        "class": "commercial",
        "facade_color": null,
        "facade_material": null,
        "roof_material": null,
        "roof_shape": null,
        "roof_direction": null,
        "roof_orientation": null,
        "roof_color": null,
        "roof_height": null,
        "has_parts": false,
        "version": 1,
        "bbox": {
          "xmin": 77.60673522949219,
          "xmax": 77.60699462890625,
          "ymin": 12.973782539367676,
          "ymax": 12.974055290222168
        },
        "review": {
          "google_temporal_height_estimate": {
            "year": 2023,
            "median_m": 6.0,
            "status": "estimated_not_measured_unapproved",
            "valid_pixel_fraction": 0.6745,
            "review_priority": "normal",
            "metadata_file": "data/processed/estimated_heights_metadata.json"
          }
        }
      },
      "geometry": {
        "type": "Polygon",
        "coordinates": [
          [
            [
              77.6069913,
              12.9740049
            ],
            [
              77.6067999,
              12.9740534
            ],
            [
              77.606741,
              12.9738327
            ],
            [
              77.6069324,
              12.9737842
            ],
            [
              77.6069913,
              12.9740049
            ]
          ]
        ]
      }
    },
    {
      "type": "Feature",
      "id": "3ec2d212-26df-47ac-98e2-cc5f600de59f",
      "properties": {
        "id": "3ec2d212-26df-47ac-98e2-cc5f600de59f",
        "names": null,
        "sources": [
          {
            "property": "",
            "dataset": "OpenStreetMap",
            "license": "ODbL-1.0",
            "record_id": "w349698882@2",
            "update_time": "2024-12-14T15:21:45.000Z",
            "confidence": null,
            "between": null,
            "provider": "osm",
            "resource": "planet",
            "version": "2026-09-06T00:00:00.000Z"
          }
        ],
        "level": null,
        "height": null,
        "min_height": null,
        "is_underground": false,
        "num_floors": null,
        "num_floors_underground": null,
        "min_floor": null,
        "subtype": null,
        "class": null,
        "facade_color": null,
        "facade_material": null,
        "roof_material": null,
        "roof_shape": null,
        "roof_direction": null,
        "roof_orientation": null,
        "roof_color": null,
        "roof_height": null,
        "has_parts": false,
        "version": 1,
        "bbox": {
          "xmin": 77.60652160644531,
          "xmax": 77.6066665649414,
          "ymin": 12.973861694335938,
          "ymax": 12.97412395477295
        },
        "review": {
          "google_temporal_height_estimate": {
            "year": 2023,
            "median_m": 9.0,
            "status": "estimated_not_measured_unapproved",
            "valid_pixel_fraction": 0.8023,
            "review_priority": "normal",
            "metadata_file": "data/processed/estimated_heights_metadata.json"
          }
        }
      },
      "geometry": {
        "type": "Polygon",
        "coordinates": [
          [
            [
              77.6066642,
              12.9741042
            ],
            [
              77.6065877,
              12.9741236
            ],
            [
              77.606523,
              12.9738812
            ],
            [
              77.6065995,
              12.9738618
            ],
            [
              77.6066642,
              12.9741042
            ]
          ]
        ]
      }
    },
    {
      "type": "Feature",
      "id": "7f2a33e0-40a9-4392-8afe-0d1d07303edf",
      "properties": {
        "id": "7f2a33e0-40a9-4392-8afe-0d1d07303edf",
        "names": null,
        "sources": [
          {
            "property": "",
            "dataset": "OpenStreetMap",
            "license": "ODbL-1.0",
            "record_id": "w349698939@2",
            "update_time": "2024-12-14T15:21:45.000Z",
            "confidence": null,
            "between": null,
            "provider": "osm",
            "resource": "planet",
            "version": "2026-09-06T00:00:00.000Z"
          }
        ],
        "level": null,
        "height": null,
        "min_height": null,
        "is_underground": false,
        "num_floors": null,
        "num_floors_underground": null,
        "min_floor": null,
        "subtype": null,
        "class": null,
        "facade_color": null,
        "facade_material": null,
        "roof_material": null,
        "roof_shape": null,
        "roof_direction": null,
        "roof_orientation": null,
        "roof_color": null,
        "roof_height": null,
        "has_parts": false,
        "version": 1,
        "bbox": {
          "xmin": 77.60661315917969,
          "xmax": 77.6067886352539,
          "ymin": 12.973864555358887,
          "ymax": 12.974113464355469
        },
        "review": {
          "google_temporal_height_estimate": {
            "year": 2023,
            "median_m": 9.0,
            "status": "estimated_not_measured_unapproved",
            "valid_pixel_fraction": 0.8655,
            "review_priority": "normal",
            "metadata_file": "data/processed/estimated_heights_metadata.json"
          }
        }
      },
      "geometry": {
        "type": "Polygon",
        "coordinates": [
          [
            [
              77.6067856,
              12.9740839
            ],
            [
              77.6066752,
              12.9741119
            ],
            [
              77.6066168,
              12.9738929
            ],
            [
              77.6067272,
              12.9738649
            ],
            [
              77.6067856,
              12.9740839
            ]
          ]
        ]
      }
    },
    {
      "type": "Feature",
      "id": "3b930c7d-4ccd-48ff-b5a0-fb4c95648890",
      "properties": {
        "id": "3b930c7d-4ccd-48ff-b5a0-fb4c95648890",
        "names": {
          "primary": "Prestige Commercial Complex",
          "common": null,
          "rules": null
        },
        "sources": [
          {
            "property": "",
            "dataset": "OpenStreetMap",
            "license": "ODbL-1.0",
            "record_id": "w349698856@5",
            "update_time": "2024-08-18T18:54:12.000Z",
            "confidence": null,
            "between": null,
            "provider": "osm",
            "resource": "planet",
            "version": "2026-09-06T00:00:00.000Z"
          }
        ],
        "level": null,
        "height": null,
        "min_height": null,
        "is_underground": false,
        "num_floors": 6,
        "num_floors_underground": null,
        "min_floor": null,
        "subtype": "commercial",
        "class": "commercial",
        "facade_color": null,
        "facade_material": null,
        "roof_material": null,
        "roof_shape": null,
        "roof_direction": null,
        "roof_orientation": null,
        "roof_color": null,
        "roof_height": null,
        "has_parts": false,
        "version": 1,
        "bbox": {
          "xmin": 77.60685729980469,
          "xmax": 77.6071548461914,
          "ymin": 12.974023818969727,
          "ymax": 12.974416732788086
        },
        "review": {
          "google_temporal_height_estimate": {
            "year": 2023,
            "median_m": 14.0,
            "status": "estimated_not_measured_unapproved",
            "valid_pixel_fraction": 0.7885,
            "review_priority": "normal",
            "metadata_file": "data/processed/estimated_heights_metadata.json"
          }
        }
      },
      "geometry": {
        "type": "Polygon",
        "coordinates": [
          [
            [
              77.6071477,
              12.9743648
            ],
            [
              77.60695,
              12.9744152
            ],
            [
              77.6068886,
              12.9741865
            ],
            [
              77.6068752,
              12.9741367
            ],
            [
              77.6068585,
              12.9740743
            ],
            [
              77.6070562,
              12.974024
            ],
            [
              77.6071477,
              12.9743648
            ]
          ]
        ]
      }
    },
    {
      "type": "Feature",
      "id": "848cfde9-952e-4e62-99de-d2c5015d3be2",
      "properties": {
        "id": "848cfde9-952e-4e62-99de-d2c5015d3be2",
        "names": {
          "primary": "MSR West Park",
          "common": null,
          "rules": null
        },
        "sources": [
          {
            "property": "",
            "dataset": "OpenStreetMap",
            "license": "ODbL-1.0",
            "record_id": "w349698917@3",
            "update_time": "2025-01-23T10:13:59.000Z",
            "confidence": null,
            "between": null,
            "provider": "osm",
            "resource": "planet",
            "version": "2026-09-06T00:00:00.000Z"
          }
        ],
        "level": null,
        "height": null,
        "min_height": null,
        "is_underground": false,
        "num_floors": 5,
        "num_floors_underground": null,
        "min_floor": null,
        "subtype": "commercial",
        "class": "commercial",
        "facade_color": null,
        "facade_material": null,
        "roof_material": null,
        "roof_shape": null,
        "roof_direction": null,
        "roof_orientation": null,
        "roof_color": null,
        "roof_height": null,
        "has_parts": false,
        "version": 1,
        "bbox": {
          "xmin": 77.60658264160156,
          "xmax": 77.60688018798828,
          "ymin": 12.97411823272705,
          "ymax": 12.974496841430664
        },
        "review": {
          "google_temporal_height_estimate": {
            "year": 2023,
            "median_m": 12.5,
            "status": "estimated_not_measured_unapproved",
            "valid_pixel_fraction": 0.9292,
            "review_priority": "normal",
            "metadata_file": "data/processed/estimated_heights_metadata.json"
          }
        }
      },
      "geometry": {
        "type": "Polygon",
        "coordinates": [
          [
            [
              77.6068788,
              12.9744408
            ],
            [
              77.6066854,
              12.9744954
            ],
            [
              77.6065899,
              12.9741745
            ],
            [
              77.6067832,
              12.9741198
            ],
            [
              77.6068788,
              12.9744408
            ]
          ]
        ]
      }
    },
    {
      "type": "Feature",
      "id": "0431ea35-97d6-4cec-8352-3c466cc86ce6",
      "properties": {
        "id": "0431ea35-97d6-4cec-8352-3c466cc86ce6",
        "names": null,
        "sources": [
          {
            "property": "",
            "dataset": "OpenStreetMap",
            "license": "ODbL-1.0",
            "record_id": "w349698971@1",
            "update_time": "2022-08-27T18:09:29.000Z",
            "confidence": null,
            "between": null,
            "provider": "osm",
            "resource": "planet",
            "version": "2026-09-06T00:00:00.000Z"
          }
        ],
        "level": null,
        "height": null,
        "min_height": null,
        "is_underground": false,
        "num_floors": null,
        "num_floors_underground": null,
        "min_floor": null,
        "subtype": null,
        "class": null,
        "facade_color": null,
        "facade_material": null,
        "roof_material": null,
        "roof_shape": null,
        "roof_direction": null,
        "roof_orientation": null,
        "roof_color": null,
        "roof_height": null,
        "has_parts": false,
        "version": 1,
        "bbox": {
          "xmin": 77.6061782836914,
          "xmax": 77.60645294189453,
          "ymin": 12.974059104919434,
          "ymax": 12.9742431640625
        },
        "review": {
          "google_temporal_height_estimate": {
            "year": 2023,
            "median_m": 5.5,
            "status": "estimated_not_measured_unapproved",
            "valid_pixel_fraction": 0.6115,
            "review_priority": "normal",
            "metadata_file": "data/processed/estimated_heights_metadata.json"
          }
        }
      },
      "geometry": {
        "type": "Polygon",
        "coordinates": [
          [
            [
              77.6064462,
              12.9741835
            ],
            [
              77.6062109,
              12.9742416
            ],
            [
              77.606179,
              12.9741186
            ],
            [
              77.6064143,
              12.9740606
            ],
            [
              77.6064462,
              12.9741835
            ]
          ]
        ]
      }
    },
    {
      "type": "Feature",
      "id": "6cb2f4e3-1fe0-4062-8e51-4618f8fb4c8d",
      "properties": {
        "id": "6cb2f4e3-1fe0-4062-8e51-4618f8fb4c8d",
        "names": null,
        "sources": [
          {
            "property": "",
            "dataset": "OpenStreetMap",
            "license": "ODbL-1.0",
            "record_id": "w349698958@3",
            "update_time": "2026-01-12T05:30:39.000Z",
            "confidence": null,
            "between": null,
            "provider": "osm",
            "resource": "planet",
            "version": "2026-09-06T00:00:00.000Z"
          }
        ],
        "level": null,
        "height": null,
        "min_height": null,
        "is_underground": false,
        "num_floors": null,
        "num_floors_underground": null,
        "min_floor": null,
        "subtype": "residential",
        "class": "house",
        "facade_color": null,
        "facade_material": null,
        "roof_material": null,
        "roof_shape": null,
        "roof_direction": null,
        "roof_orientation": null,
        "roof_color": null,
        "roof_height": null,
        "has_parts": false,
        "version": 2,
        "bbox": {
          "xmin": 77.60594177246094,
          "xmax": 77.60613250732422,
          "ymin": 12.974418640136719,
          "ymax": 12.97462272644043
        },
        "review": {
          "google_temporal_height_estimate": {
            "year": 2023,
            "median_m": 4.5,
            "status": "estimated_not_measured_unapproved",
            "valid_pixel_fraction": 0.3118,
            "review_priority": "high",
            "metadata_file": "data/processed/estimated_heights_metadata.json"
          }
        }
      },
      "geometry": {
        "type": "Polygon",
        "coordinates": [
          [
            [
              77.606127,
              12.9745872
            ],
            [
              77.6059929,
              12.9746212
            ],
            [
              77.6059483,
              12.9744545
            ],
            [
              77.6060824,
              12.9744204
            ],
            [
              77.606127,
              12.9745872
            ]
          ]
        ]
      }
    },
    {
      "type": "Feature",
      "id": "3acc0505-729f-4947-9f7e-2f4f4b4bc079",
      "properties": {
        "id": "3acc0505-729f-4947-9f7e-2f4f4b4bc079",
        "names": null,
        "sources": [
          {
            "property": "",
            "dataset": "OpenStreetMap",
            "license": "ODbL-1.0",
            "record_id": "w1412295513@1",
            "update_time": "2026-01-12T05:30:39.000Z",
            "confidence": null,
            "between": null,
            "provider": "osm",
            "resource": "planet",
            "version": "2026-09-06T00:00:00.000Z"
          }
        ],
        "level": null,
        "height": null,
        "min_height": null,
        "is_underground": false,
        "num_floors": null,
        "num_floors_underground": null,
        "min_floor": null,
        "subtype": null,
        "class": null,
        "facade_color": null,
        "facade_material": null,
        "roof_material": null,
        "roof_shape": null,
        "roof_direction": null,
        "roof_orientation": null,
        "roof_color": null,
        "roof_height": null,
        "has_parts": false,
        "version": 2,
        "bbox": {
          "xmin": 77.60591125488281,
          "xmax": 77.60601806640625,
          "ymin": 12.974801063537598,
          "ymax": 12.975043296813965
        },
        "review": {
          "google_temporal_height_estimate": {
            "year": 2023,
            "median_m": 19.0,
            "status": "estimated_not_measured_unapproved",
            "valid_pixel_fraction": 0.7347,
            "review_priority": "normal",
            "metadata_file": "data/processed/estimated_heights_metadata.json"
          }
        }
      },
      "geometry": {
        "type": "Polygon",
        "coordinates": [
          [
            [
              77.6059618,
              12.9749826
            ],
            [
              77.6059182,
              12.9748168
            ],
            [
              77.6059797,
              12.9748014
            ],
            [
              77.6060177,
              12.9750322
            ],
            [
              77.6059783,
              12.9750417
            ],
            [
              77.6059618,
              12.9749826
            ]
          ]
        ]
      }
    },
    {
      "type": "Feature",
      "id": "a4508836-4e70-4190-9644-1815380b7313",
      "properties": {
        "id": "a4508836-4e70-4190-9644-1815380b7313",
        "names": null,
        "sources": [
          {
            "property": "",
            "dataset": "Google Open Buildings",
            "license": null,
            "record_id": "7J4VXJG4+39RC",
            "update_time": "2023-05-01T00:00:00.000Z",
            "confidence": 0.6525,
            "between": null,
            "provider": "google",
            "resource": "open_buildings",
            "version": "2024-04-16"
          }
        ],
        "level": null,
        "height": null,
        "min_height": null,
        "is_underground": false,
        "num_floors": null,
        "num_floors_underground": null,
        "min_floor": null,
        "subtype": null,
        "class": null,
        "facade_color": null,
        "facade_material": null,
        "roof_material": null,
        "roof_shape": null,
        "roof_direction": null,
        "roof_orientation": null,
        "roof_color": null,
        "roof_height": null,
        "has_parts": false,
        "version": 1,
        "bbox": {
          "xmin": 77.60584259033203,
          "xmax": 77.60590362548828,
          "ymin": 12.975214004516602,
          "ymax": 12.975260734558105
        },
        "review": {
          "google_temporal_height_estimate": {
            "year": 2023,
            "median_m": 12.0,
            "status": "estimated_not_measured_unapproved",
            "valid_pixel_fraction": 1.0,
            "review_priority": "normal",
            "metadata_file": "data/processed/estimated_heights_metadata.json"
          }
        }
      },
      "geometry": {
        "type": "Polygon",
        "coordinates": [
          [
            [
              77.6058543,
              12.9752234
            ],
            [
              77.6058856,
              12.9752143
            ],
            [
              77.6058968,
              12.9752517
            ],
            [
              77.6058655,
              12.9752607
            ],
            [
              77.6058543,
              12.9752234
            ]
          ]
        ]
      }
    },
    {
      "type": "Feature",
      "id": "a277aeb6-f951-49a4-8f4f-198b9d37ac65",
      "properties": {
        "id": "a277aeb6-f951-49a4-8f4f-198b9d37ac65",
        "names": null,
        "sources": [
          {
            "property": "",
            "dataset": "OpenStreetMap",
            "license": "ODbL-1.0",
            "record_id": "w327534063@2",
            "update_time": "2026-01-12T05:30:39.000Z",
            "confidence": null,
            "between": null,
            "provider": "osm",
            "resource": "planet",
            "version": "2026-09-06T00:00:00.000Z"
          }
        ],
        "level": null,
        "height": null,
        "min_height": null,
        "is_underground": false,
        "num_floors": null,
        "num_floors_underground": null,
        "min_floor": null,
        "subtype": null,
        "class": null,
        "facade_color": null,
        "facade_material": null,
        "roof_material": null,
        "roof_shape": null,
        "roof_direction": null,
        "roof_orientation": null,
        "roof_color": null,
        "roof_height": null,
        "has_parts": false,
        "version": 2,
        "bbox": {
          "xmin": 77.60588073730469,
          "xmax": 77.60616302490234,
          "ymin": 12.97511100769043,
          "ymax": 12.975388526916504
        },
        "review": {
          "google_temporal_height_estimate": {
            "year": 2023,
            "median_m": 10.5,
            "status": "estimated_not_measured_unapproved",
            "valid_pixel_fraction": 0.8678,
            "review_priority": "normal",
            "metadata_file": "data/processed/estimated_heights_metadata.json"
          }
        }
      },
      "geometry": {
        "type": "Polygon",
        "coordinates": [
          [
            [
              77.60596,
              12.9753869
            ],
            [
              77.6058925,
              12.9751854
            ],
            [
              77.6061286,
              12.9751111
            ],
            [
              77.6061601,
              12.975206
            ],
            [
              77.6060521,
              12.97524
            ],
            [
              77.606087,
              12.9753514
            ],
            [
              77.60596,
              12.9753869
            ]
          ]
        ]
      }
    },
    {
      "type": "Feature",
      "id": "624e83ef-7035-4668-9384-d2de83dfb2f5",
      "properties": {
        "id": "624e83ef-7035-4668-9384-d2de83dfb2f5",
        "names": null,
        "sources": [
          {
            "property": "",
            "dataset": "Google Open Buildings",
            "license": null,
            "record_id": "7J4VXJF4+XCMG",
            "update_time": "2023-05-01T00:00:00.000Z",
            "confidence": 0.7857,
            "between": null,
            "provider": "google",
            "resource": "open_buildings",
            "version": "2024-04-16"
          }
        ],
        "level": null,
        "height": null,
        "min_height": null,
        "is_underground": false,
        "num_floors": null,
        "num_floors_underground": null,
        "min_floor": null,
        "subtype": null,
        "class": null,
        "facade_color": null,
        "facade_material": null,
        "roof_material": null,
        "roof_shape": null,
        "roof_direction": null,
        "roof_orientation": null,
        "roof_color": null,
        "roof_height": null,
        "has_parts": false,
        "version": 2,
        "bbox": {
          "xmin": 77.60599517822266,
          "xmax": 77.60610961914062,
          "ymin": 12.974864959716797,
          "ymax": 12.975059509277344
        },
        "review": {
          "google_temporal_height_estimate": {
            "year": 2023,
            "median_m": null,
            "status": "estimated_not_measured_unapproved",
            "valid_pixel_fraction": 0.0,
            "review_priority": "high",
            "metadata_file": "data/processed/estimated_heights_metadata.json"
          }
        }
      },
      "geometry": {
        "type": "Polygon",
        "coordinates": [
          [
            [
              77.6060073,
              12.9748763
            ],
            [
              77.6060655,
              12.9748665
            ],
            [
              77.6060971,
              12.9750482
            ],
            [
              77.606039,
              12.9750579
            ],
            [
              77.6060073,
              12.9748763
            ]
          ]
        ]
      }
    },
    {
      "type": "Feature",
      "id": "4fa4c63f-4645-4b1e-8707-4ea7dfcf2810",
      "properties": {
        "id": "4fa4c63f-4645-4b1e-8707-4ea7dfcf2810",
        "names": {
          "primary": "Higginbotham's",
          "common": [
            [
              "kn",
              "ಹಿಗ್ಗಿನ್ ಬೊಥಮ್ಸ್"
            ]
          ],
          "rules": null
        },
        "sources": [
          {
            "property": "",
            "dataset": "OpenStreetMap",
            "license": "ODbL-1.0",
            "record_id": "r20071915@1",
            "update_time": "2026-01-12T05:30:39.000Z",
            "confidence": null,
            "between": null,
            "provider": "osm",
            "resource": "planet",
            "version": "2026-09-06T00:00:00.000Z"
          }
        ],
        "level": null,
        "height": null,
        "min_height": null,
        "is_underground": false,
        "num_floors": 2,
        "num_floors_underground": null,
        "min_floor": null,
        "subtype": "commercial",
        "class": "commercial",
        "facade_color": null,
        "facade_material": null,
        "roof_material": null,
        "roof_shape": null,
        "roof_direction": null,
        "roof_orientation": null,
        "roof_color": null,
        "roof_height": null,
        "has_parts": false,
        "version": 2,
        "bbox": {
          "xmin": 77.6061782836914,
          "xmax": 77.60640716552734,
          "ymin": 12.975079536437988,
          "ymax": 12.975397109985352
        },
        "review": {
          "google_temporal_height_estimate": {
            "year": 2023,
            "median_m": 6.5,
            "status": "estimated_not_measured_unapproved",
            "valid_pixel_fraction": 0.6546,
            "review_priority": "normal",
            "metadata_file": "data/processed/estimated_heights_metadata.json"
          }
        }
      },
      "geometry": {
        "type": "Polygon",
        "coordinates": [
          [
            [
              77.6063955,
              12.97536
            ],
            [
              77.606262,
              12.9753967
            ],
            [
              77.6061814,
              12.9751176
            ],
            [
              77.6063149,
              12.975081
            ],
            [
              77.6063955,
              12.97536
            ]
          ],
          [
            [
              77.6062816,
              12.9751564
            ],
            [
              77.6062232,
              12.9751724
            ],
            [
              77.6062474,
              12.975256
            ],
            [
              77.6063058,
              12.97524
            ],
            [
              77.6062816,
              12.9751564
            ]
          ]
        ]
      }
    },
    {
      "type": "Feature",
      "id": "7da194cd-6a51-4dd4-9938-6be00166fbd5",
      "properties": {
        "id": "7da194cd-6a51-4dd4-9938-6be00166fbd5",
        "names": null,
        "sources": [
          {
            "property": "",
            "dataset": "OpenStreetMap",
            "license": "ODbL-1.0",
            "record_id": "w327534062@5",
            "update_time": "2026-01-12T05:30:39.000Z",
            "confidence": null,
            "between": null,
            "provider": "osm",
            "resource": "planet",
            "version": "2026-09-06T00:00:00.000Z"
          }
        ],
        "level": null,
        "height": null,
        "min_height": null,
        "is_underground": false,
        "num_floors": 5,
        "num_floors_underground": null,
        "min_floor": null,
        "subtype": "commercial",
        "class": "office",
        "facade_color": null,
        "facade_material": null,
        "roof_material": null,
        "roof_shape": null,
        "roof_direction": null,
        "roof_orientation": null,
        "roof_color": null,
        "roof_height": null,
        "has_parts": false,
        "version": 1,
        "bbox": {
          "xmin": 77.60623931884766,
          "xmax": 77.60648345947266,
          "ymin": 12.974757194519043,
          "ymax": 12.975198745727539
        },
        "review": {
          "google_temporal_height_estimate": {
            "year": 2023,
            "median_m": 15.5,
            "status": "estimated_not_measured_unapproved",
            "valid_pixel_fraction": 0.8811,
            "review_priority": "normal",
            "metadata_file": "data/processed/estimated_heights_metadata.json"
          }
        }
      },
      "geometry": {
        "type": "Polygon",
        "coordinates": [
          [
            [
              77.6063605,
              12.975197
            ],
            [
              77.6062464,
              12.9747783
            ],
            [
              77.6062864,
              12.974768
            ],
            [
              77.6063274,
              12.9747574
            ],
            [
              77.6063601,
              12.9748778
            ],
            [
              77.6063793,
              12.9748728
            ],
            [
              77.606401,
              12.9748671
            ],
            [
              77.6064822,
              12.9751654
            ],
            [
              77.6063605,
              12.975197
            ]
          ]
        ]
      }
    },
    {
      "type": "Feature",
      "id": "c52bd3e7-0ae4-4695-9fab-f93329a865b3",
      "properties": {
        "id": "c52bd3e7-0ae4-4695-9fab-f93329a865b3",
        "names": null,
        "sources": [
          {
            "property": "",
            "dataset": "OpenStreetMap",
            "license": "ODbL-1.0",
            "record_id": "w1350409197@1",
            "update_time": "2026-01-12T05:30:39.000Z",
            "confidence": null,
            "between": null,
            "provider": "osm",
            "resource": "planet",
            "version": "2026-09-06T00:00:00.000Z"
          }
        ],
        "level": null,
        "height": null,
        "min_height": null,
        "is_underground": false,
        "num_floors": 2,
        "num_floors_underground": null,
        "min_floor": null,
        "subtype": "commercial",
        "class": "commercial",
        "facade_color": null,
        "facade_material": null,
        "roof_material": null,
        "roof_shape": null,
        "roof_direction": null,
        "roof_orientation": null,
        "roof_color": null,
        "roof_height": null,
        "has_parts": false,
        "version": 2,
        "bbox": {
          "xmin": 77.60636901855469,
          "xmax": 77.60649871826172,
          "ymin": 12.974710464477539,
          "ymax": 12.97488784790039
        },
        "review": {
          "google_temporal_height_estimate": {
            "year": 2023,
            "median_m": null,
            "status": "estimated_not_measured_unapproved",
            "valid_pixel_fraction": 0.0,
            "review_priority": "high",
            "metadata_file": "data/processed/estimated_heights_metadata.json"
          }
        }
      },
      "geometry": {
        "type": "Polygon",
        "coordinates": [
          [
            [
              77.6064584,
              12.9747123
            ],
            [
              77.6064975,
              12.9748643
            ],
            [
              77.6064089,
              12.974886
            ],
            [
              77.6063698,
              12.9747339
            ],
            [
              77.6064584,
              12.9747123
            ]
          ]
        ]
      }
    },
    {
      "type": "Feature",
      "id": "a31b12ed-f8cb-43d1-972a-f1aac8549842",
      "properties": {
        "id": "a31b12ed-f8cb-43d1-972a-f1aac8549842",
        "names": null,
        "sources": [
          {
            "property": "",
            "dataset": "Google Open Buildings",
            "license": null,
            "record_id": "7J4VXJF4+VJJV",
            "update_time": "2023-05-01T00:00:00.000Z",
            "confidence": 0.6929,
            "between": null,
            "provider": "google",
            "resource": "open_buildings",
            "version": "2024-04-16"
          }
        ],
        "level": null,
        "height": null,
        "min_height": null,
        "is_underground": false,
        "num_floors": null,
        "num_floors_underground": null,
        "min_floor": null,
        "subtype": null,
        "class": null,
        "facade_color": null,
        "facade_material": null,
        "roof_material": null,
        "roof_shape": null,
        "roof_direction": null,
        "roof_orientation": null,
        "roof_color": null,
        "roof_height": null,
        "has_parts": false,
        "version": 1,
        "bbox": {
          "xmin": 77.60647583007812,
          "xmax": 77.60655212402344,
          "ymin": 12.974675178527832,
          "ymax": 12.974763870239258
        },
        "review": {
          "google_temporal_height_estimate": {
            "year": 2023,
            "median_m": null,
            "status": "estimated_not_measured_unapproved",
            "valid_pixel_fraction": 0.0,
            "review_priority": "high",
            "metadata_file": "data/processed/estimated_heights_metadata.json"
          }
        }
      },
      "geometry": {
        "type": "Polygon",
        "coordinates": [
          [
            [
              77.6064796,
              12.974682
            ],
            [
              77.606543,
              12.9746769
            ],
            [
              77.6065498,
              12.9747585
            ],
            [
              77.6064864,
              12.9747635
            ],
            [
              77.6064796,
              12.974682
            ]
          ]
        ]
      }
    },
    {
      "type": "Feature",
      "id": "ab6e6a51-0ceb-4284-b9ce-353bc043e1e3",
      "properties": {
        "id": "ab6e6a51-0ceb-4284-b9ce-353bc043e1e3",
        "names": null,
        "sources": [
          {
            "property": "",
            "dataset": "OpenStreetMap",
            "license": "ODbL-1.0",
            "record_id": "w1217769155@2",
            "update_time": "2026-01-12T05:30:39.000Z",
            "confidence": null,
            "between": null,
            "provider": "osm",
            "resource": "planet",
            "version": "2026-09-06T00:00:00.000Z"
          }
        ],
        "level": null,
        "height": null,
        "min_height": null,
        "is_underground": false,
        "num_floors": 1,
        "num_floors_underground": null,
        "min_floor": null,
        "subtype": "commercial",
        "class": "retail",
        "facade_color": null,
        "facade_material": null,
        "roof_material": null,
        "roof_shape": null,
        "roof_direction": null,
        "roof_orientation": null,
        "roof_color": null,
        "roof_height": null,
        "has_parts": false,
        "version": 2,
        "bbox": {
          "xmin": 77.60662078857422,
          "xmax": 77.6067123413086,
          "ymin": 12.974637985229492,
          "ymax": 12.974772453308105
        },
        "review": {
          "google_temporal_height_estimate": {
            "year": 2023,
            "median_m": 6.0,
            "status": "estimated_not_measured_unapproved",
            "valid_pixel_fraction": 0.2299,
            "review_priority": "high",
            "metadata_file": "data/processed/estimated_heights_metadata.json"
          }
        }
      },
      "geometry": {
        "type": "Polygon",
        "coordinates": [
          [
            [
              77.6066912,
              12.9747632
            ],
            [
              77.6066515,
              12.9747724
            ],
            [
              77.6066223,
              12.9746531
            ],
            [
              77.6066804,
              12.9746396
            ],
            [
              77.606705,
              12.9747401
            ],
            [
              77.6066866,
              12.9747444
            ],
            [
              77.6066912,
              12.9747632
            ]
          ]
        ]
      }
    },
    {
      "type": "Feature",
      "id": "b44551eb-568e-4040-9409-7c5140ba6c08",
      "properties": {
        "id": "b44551eb-568e-4040-9409-7c5140ba6c08",
        "names": {
          "primary": "Sujaya Pride",
          "common": null,
          "rules": null
        },
        "sources": [
          {
            "property": "",
            "dataset": "OpenStreetMap",
            "license": "ODbL-1.0",
            "record_id": "w327534064@4",
            "update_time": "2026-01-12T05:30:39.000Z",
            "confidence": null,
            "between": null,
            "provider": "osm",
            "resource": "planet",
            "version": "2026-09-06T00:00:00.000Z"
          }
        ],
        "level": null,
        "height": null,
        "min_height": null,
        "is_underground": false,
        "num_floors": 5,
        "num_floors_underground": null,
        "min_floor": null,
        "subtype": "commercial",
        "class": "commercial",
        "facade_color": null,
        "facade_material": null,
        "roof_material": null,
        "roof_shape": null,
        "roof_direction": null,
        "roof_orientation": null,
        "roof_color": null,
        "roof_height": null,
        "has_parts": false,
        "version": 2,
        "bbox": {
          "xmin": 77.60668182373047,
          "xmax": 77.60679626464844,
          "ymin": 12.974617004394531,
          "ymax": 12.974743843078613
        },
        "review": {
          "google_temporal_height_estimate": {
            "year": 2023,
            "median_m": 7.5,
            "status": "estimated_not_measured_unapproved",
            "valid_pixel_fraction": 0.7811,
            "review_priority": "high",
            "metadata_file": "data/processed/estimated_heights_metadata.json"
          }
        }
      },
      "geometry": {
        "type": "Polygon",
        "coordinates": [
          [
            [
              77.6067934,
              12.9747241
            ],
            [
              77.6067068,
              12.9747424
            ],
            [
              77.6066831,
              12.9746354
            ],
            [
              77.6067698,
              12.9746172
            ],
            [
              77.6067934,
              12.9747241
            ]
          ]
        ]
      }
    },
    {
      "type": "Feature",
      "id": "13ac065a-2986-4d33-aa5c-1143c8c32e61",
      "properties": {
        "id": "13ac065a-2986-4d33-aa5c-1143c8c32e61",
        "names": null,
        "sources": [
          {
            "property": "",
            "dataset": "OpenStreetMap",
            "license": "ODbL-1.0",
            "record_id": "w1350409159@1",
            "update_time": "2026-01-12T05:30:39.000Z",
            "confidence": null,
            "between": null,
            "provider": "osm",
            "resource": "planet",
            "version": "2026-09-06T00:00:00.000Z"
          }
        ],
        "level": null,
        "height": null,
        "min_height": null,
        "is_underground": false,
        "num_floors": 5,
        "num_floors_underground": null,
        "min_floor": null,
        "subtype": "commercial",
        "class": "commercial",
        "facade_color": null,
        "facade_material": null,
        "roof_material": null,
        "roof_shape": null,
        "roof_direction": null,
        "roof_orientation": null,
        "roof_color": null,
        "roof_height": null,
        "has_parts": false,
        "version": 2,
        "bbox": {
          "xmin": 77.60677337646484,
          "xmax": 77.60684967041016,
          "ymin": 12.974608421325684,
          "ymax": 12.974738121032715
        },
        "review": {
          "google_temporal_height_estimate": {
            "year": 2023,
            "median_m": 7.0,
            "status": "estimated_not_measured_unapproved",
            "valid_pixel_fraction": 0.4639,
            "review_priority": "high",
            "metadata_file": "data/processed/estimated_heights_metadata.json"
          }
        }
      },
      "geometry": {
        "type": "Polygon",
        "coordinates": [
          [
            [
              77.6068487,
              12.9747278
            ],
            [
              77.6068002,
              12.974738
            ],
            [
              77.6067739,
              12.9746188
            ],
            [
              77.6068224,
              12.9746087
            ],
            [
              77.6068487,
              12.9747278
            ]
          ]
        ]
      }
    },
    {
      "type": "Feature",
      "id": "9dd84594-3128-4f9a-b1f1-390fd2fce74e",
      "properties": {
        "id": "9dd84594-3128-4f9a-b1f1-390fd2fce74e",
        "names": null,
        "sources": [
          {
            "property": "",
            "dataset": "OpenStreetMap",
            "license": "ODbL-1.0",
            "record_id": "w327534060@3",
            "update_time": "2025-01-11T17:28:34.000Z",
            "confidence": null,
            "between": null,
            "provider": "osm",
            "resource": "planet",
            "version": "2026-09-06T00:00:00.000Z"
          }
        ],
        "level": null,
        "height": null,
        "min_height": null,
        "is_underground": false,
        "num_floors": null,
        "num_floors_underground": null,
        "min_floor": null,
        "subtype": null,
        "class": null,
        "facade_color": null,
        "facade_material": null,
        "roof_material": null,
        "roof_shape": null,
        "roof_direction": null,
        "roof_orientation": null,
        "roof_color": null,
        "roof_height": null,
        "has_parts": false,
        "version": 1,
        "bbox": {
          "xmin": 77.60671997070312,
          "xmax": 77.60688781738281,
          "ymin": 12.974738121032715,
          "ymax": 12.974898338317871
        },
        "review": {
          "google_temporal_height_estimate": {
            "year": 2023,
            "median_m": 9.5,
            "status": "estimated_not_measured_unapproved",
            "valid_pixel_fraction": 0.7926,
            "review_priority": "normal",
            "metadata_file": "data/processed/estimated_heights_metadata.json"
          }
        }
      },
      "geometry": {
        "type": "Polygon",
        "coordinates": [
          [
            [
              77.6068822,
              12.9748716
            ],
            [
              77.6067566,
              12.9748983
            ],
            [
              77.606727,
              12.9747666
            ],
            [
              77.6068526,
              12.9747398
            ],
            [
              77.6068822,
              12.9748716
            ]
          ]
        ]
      }
    },
    {
      "type": "Feature",
      "id": "e7086d18-fe92-4a75-8656-14045fb439ae",
      "properties": {
        "id": "e7086d18-fe92-4a75-8656-14045fb439ae",
        "names": null,
        "sources": [
          {
            "property": "",
            "dataset": "OpenStreetMap",
            "license": "ODbL-1.0",
            "record_id": "w327534065@5",
            "update_time": "2025-01-27T05:56:44.000Z",
            "confidence": null,
            "between": null,
            "provider": "osm",
            "resource": "planet",
            "version": "2026-09-06T00:00:00.000Z"
          }
        ],
        "level": null,
        "height": null,
        "min_height": null,
        "is_underground": false,
        "num_floors": 4,
        "num_floors_underground": null,
        "min_floor": null,
        "subtype": "commercial",
        "class": "commercial",
        "facade_color": null,
        "facade_material": null,
        "roof_material": null,
        "roof_shape": null,
        "roof_direction": null,
        "roof_orientation": null,
        "roof_color": null,
        "roof_height": null,
        "has_parts": false,
        "version": 1,
        "bbox": {
          "xmin": 77.60673522949219,
          "xmax": 77.60694885253906,
          "ymin": 12.974900245666504,
          "ymax": 12.975250244140625
        },
        "review": {
          "google_temporal_height_estimate": {
            "year": 2023,
            "median_m": 9.0,
            "status": "estimated_not_measured_unapproved",
            "valid_pixel_fraction": 0.8672,
            "review_priority": "normal",
            "metadata_file": "data/processed/estimated_heights_metadata.json"
          }
        }
      },
      "geometry": {
        "type": "Polygon",
        "coordinates": [
          [
            [
              77.6068127,
              12.9752228
            ],
            [
              77.6067375,
              12.9749301
            ],
            [
              77.6068603,
              12.9749003
            ],
            [
              77.6069418,
              12.9752188
            ],
            [
              77.606819,
              12.9752487
            ],
            [
              77.6068127,
              12.9752228
            ]
          ]
        ]
      }
    },
    {
      "type": "Feature",
      "id": "5fe532b7-e1a9-43e5-b80c-4e6bf8374146",
      "properties": {
        "id": "5fe532b7-e1a9-43e5-b80c-4e6bf8374146",
        "names": null,
        "sources": [
          {
            "property": "",
            "dataset": "OpenStreetMap",
            "license": "ODbL-1.0",
            "record_id": "w1284657939@2",
            "update_time": "2025-01-11T17:28:34.000Z",
            "confidence": null,
            "between": null,
            "provider": "osm",
            "resource": "planet",
            "version": "2026-09-06T00:00:00.000Z"
          }
        ],
        "level": null,
        "height": null,
        "min_height": null,
        "is_underground": false,
        "num_floors": null,
        "num_floors_underground": null,
        "min_floor": null,
        "subtype": "commercial",
        "class": "commercial",
        "facade_color": null,
        "facade_material": null,
        "roof_material": null,
        "roof_shape": null,
        "roof_direction": null,
        "roof_orientation": null,
        "roof_color": null,
        "roof_height": null,
        "has_parts": false,
        "version": 1,
        "bbox": {
          "xmin": 77.6069564819336,
          "xmax": 77.60709381103516,
          "ymin": 12.974955558776855,
          "ymax": 12.975189208984375
        },
        "review": {
          "google_temporal_height_estimate": {
            "year": 2023,
            "median_m": 13.0,
            "status": "estimated_not_measured_unapproved",
            "valid_pixel_fraction": 0.7822,
            "review_priority": "normal",
            "metadata_file": "data/processed/estimated_heights_metadata.json"
          }
        }
      },
      "geometry": {
        "type": "Polygon",
        "coordinates": [
          [
            [
              77.6070903,
              12.9751715
            ],
            [
              77.6070148,
              12.9751891
            ],
            [
              77.6069717,
              12.9750138
            ],
            [
              77.6069621,
              12.9749748
            ],
            [
              77.6070375,
              12.9749572
            ],
            [
              77.6070903,
              12.9751715
            ]
          ]
        ]
      }
    },
    {
      "type": "Feature",
      "id": "f0473ba8-c911-447d-bd83-9c3a1ce93233",
      "properties": {
        "id": "f0473ba8-c911-447d-bd83-9c3a1ce93233",
        "names": null,
        "sources": [
          {
            "property": "",
            "dataset": "OpenStreetMap",
            "license": "ODbL-1.0",
            "record_id": "w1284657940@2",
            "update_time": "2024-12-17T17:16:48.000Z",
            "confidence": null,
            "between": null,
            "provider": "osm",
            "resource": "planet",
            "version": "2026-09-06T00:00:00.000Z"
          }
        ],
        "level": null,
        "height": null,
        "min_height": null,
        "is_underground": false,
        "num_floors": null,
        "num_floors_underground": null,
        "min_floor": null,
        "subtype": "commercial",
        "class": "commercial",
        "facade_color": null,
        "facade_material": null,
        "roof_material": null,
        "roof_shape": null,
        "roof_direction": null,
        "roof_orientation": null,
        "roof_color": null,
        "roof_height": null,
        "has_parts": false,
        "version": 1,
        "bbox": {
          "xmin": 77.60689544677734,
          "xmax": 77.60701751708984,
          "ymin": 12.975013732910156,
          "ymax": 12.97520637512207
        },
        "review": {
          "google_temporal_height_estimate": {
            "year": 2023,
            "median_m": 9.0,
            "status": "estimated_not_measured_unapproved",
            "valid_pixel_fraction": 0.5871,
            "review_priority": "normal",
            "metadata_file": "data/processed/estimated_heights_metadata.json"
          }
        }
      },
      "geometry": {
        "type": "Polygon",
        "coordinates": [
          [
            [
              77.6070148,
              12.9751891
            ],
            [
              77.606942,
              12.9752061
            ],
            [
              77.6068988,
              12.9750308
            ],
            [
              77.6069717,
              12.9750138
            ],
            [
              77.6070148,
              12.9751891
            ]
          ]
        ]
      }
    },
    {
      "type": "Feature",
      "id": "b59869b7-e4fd-4f68-8f53-fa6606fd890a",
      "properties": {
        "id": "b59869b7-e4fd-4f68-8f53-fa6606fd890a",
        "names": null,
        "sources": [
          {
            "property": "",
            "dataset": "OpenStreetMap",
            "license": "ODbL-1.0",
            "record_id": "w327534061@6",
            "update_time": "2025-01-27T05:56:44.000Z",
            "confidence": null,
            "between": null,
            "provider": "osm",
            "resource": "planet",
            "version": "2026-09-06T00:00:00.000Z"
          }
        ],
        "level": null,
        "height": null,
        "min_height": null,
        "is_underground": false,
        "num_floors": null,
        "num_floors_underground": null,
        "min_floor": null,
        "subtype": "transportation",
        "class": "train_station",
        "facade_color": null,
        "facade_material": null,
        "roof_material": null,
        "roof_shape": null,
        "roof_direction": null,
        "roof_orientation": null,
        "roof_color": null,
        "roof_height": null,
        "has_parts": false,
        "version": 1,
        "bbox": {
          "xmin": 77.60649871826172,
          "xmax": 77.60681915283203,
          "ymin": 12.9747953414917,
          "ymax": 12.975272178649902
        },
        "review": {
          "google_temporal_height_estimate": {
            "year": 2023,
            "median_m": 13.5,
            "status": "estimated_not_measured_unapproved",
            "valid_pixel_fraction": 0.862,
            "review_priority": "normal",
            "metadata_file": "data/processed/estimated_heights_metadata.json"
          }
        }
      },
      "geometry": {
        "type": "Polygon",
        "coordinates": [
          [
            [
              77.6066616,
              12.9752593
            ],
            [
              77.6066096,
              12.9752719
            ],
            [
              77.6065011,
              12.9748459
            ],
            [
              77.6066004,
              12.9748219
            ],
            [
              77.6066481,
              12.9748103
            ],
            [
              77.6067042,
              12.9747968
            ],
            [
              77.6068127,
              12.9752228
            ],
            [
              77.6067624,
              12.9752349
            ],
            [
              77.6066829,
              12.9752542
            ],
            [
              77.6066616,
              12.9752593
            ]
          ]
        ]
      }
    },
    {
      "type": "Feature",
      "id": "939b1ff4-2f63-4ac4-a57f-9971000e6882",
      "properties": {
        "id": "939b1ff4-2f63-4ac4-a57f-9971000e6882",
        "names": null,
        "sources": [
          {
            "property": "",
            "dataset": "OpenStreetMap",
            "license": "ODbL-1.0",
            "record_id": "w327534050@3",
            "update_time": "2026-01-12T05:30:39.000Z",
            "confidence": null,
            "between": null,
            "provider": "osm",
            "resource": "planet",
            "version": "2026-09-06T00:00:00.000Z"
          }
        ],
        "level": null,
        "height": null,
        "min_height": null,
        "is_underground": false,
        "num_floors": 5,
        "num_floors_underground": null,
        "min_floor": null,
        "subtype": "commercial",
        "class": "commercial",
        "facade_color": null,
        "facade_material": null,
        "roof_material": null,
        "roof_shape": null,
        "roof_direction": null,
        "roof_orientation": null,
        "roof_color": null,
        "roof_height": null,
        "has_parts": false,
        "version": 2,
        "bbox": {
          "xmin": 77.60637664794922,
          "xmax": 77.60661315917969,
          "ymin": 12.975173950195312,
          "ymax": 12.975359916687012
        },
        "review": {
          "google_temporal_height_estimate": {
            "year": 2023,
            "median_m": 8.0,
            "status": "estimated_not_measured_unapproved",
            "valid_pixel_fraction": 0.8513,
            "review_priority": "high",
            "metadata_file": "data/processed/estimated_heights_metadata.json"
          }
        }
      },
      "geometry": {
        "type": "Polygon",
        "coordinates": [
          [
            [
              77.6064194,
              12.9753596
            ],
            [
              77.6063828,
              12.9752251
            ],
            [
              77.606574,
              12.9751758
            ],
            [
              77.6066105,
              12.9753103
            ],
            [
              77.6064194,
              12.9753596
            ]
          ]
        ]
      }
    },
    {
      "type": "Feature",
      "id": "ce66601a-ca65-47d4-9de0-1d637b39e3b4",
      "properties": {
        "id": "ce66601a-ca65-47d4-9de0-1d637b39e3b4",
        "names": null,
        "sources": [
          {
            "property": "",
            "dataset": "OpenStreetMap",
            "license": "ODbL-1.0",
            "record_id": "w1354573716@1",
            "update_time": "2025-01-27T05:56:44.000Z",
            "confidence": null,
            "between": null,
            "provider": "osm",
            "resource": "planet",
            "version": "2026-09-06T00:00:00.000Z"
          }
        ],
        "level": null,
        "height": null,
        "min_height": null,
        "is_underground": false,
        "num_floors": null,
        "num_floors_underground": null,
        "min_floor": null,
        "subtype": "transportation",
        "class": "train_station",
        "facade_color": null,
        "facade_material": null,
        "roof_material": null,
        "roof_shape": null,
        "roof_direction": null,
        "roof_orientation": null,
        "roof_color": null,
        "roof_height": null,
        "has_parts": false,
        "version": 1,
        "bbox": {
          "xmin": 77.60665893554688,
          "xmax": 77.6068115234375,
          "ymin": 12.97523307800293,
          "ymax": 12.975436210632324
        },
        "review": {
          "google_temporal_height_estimate": {
            "year": 2023,
            "median_m": 15.0,
            "status": "estimated_not_measured_unapproved",
            "valid_pixel_fraction": 0.8645,
            "review_priority": "normal",
            "metadata_file": "data/processed/estimated_heights_metadata.json"
          }
        }
      },
      "geometry": {
        "type": "Polygon",
        "coordinates": [
          [
            [
              77.6068079,
              12.9754113
            ],
            [
              77.6067072,
              12.9754359
            ],
            [
              77.6066616,
              12.9752593
            ],
            [
              77.6066829,
              12.9752542
            ],
            [
              77.6067624,
              12.9752349
            ],
            [
              77.6068079,
              12.9754113
            ]
          ]
        ]
      }
    },
    {
      "type": "Feature",
      "id": "e8efc906-827f-4bce-9886-3838830ad8d1",
      "properties": {
        "id": "e8efc906-827f-4bce-9886-3838830ad8d1",
        "names": null,
        "sources": [
          {
            "property": "",
            "dataset": "OpenStreetMap",
            "license": "ODbL-1.0",
            "record_id": "w348854341@12",
            "update_time": "2025-12-20T17:15:07.000Z",
            "confidence": null,
            "between": null,
            "provider": "osm",
            "resource": "planet",
            "version": "2026-09-06T00:00:00.000Z"
          }
        ],
        "level": null,
        "height": null,
        "min_height": null,
        "is_underground": false,
        "num_floors": null,
        "num_floors_underground": null,
        "min_floor": null,
        "subtype": "transportation",
        "class": "train_station",
        "facade_color": null,
        "facade_material": null,
        "roof_material": null,
        "roof_shape": null,
        "roof_direction": null,
        "roof_orientation": null,
        "roof_color": null,
        "roof_height": null,
        "has_parts": false,
        "version": 2,
        "bbox": {
          "xmin": 77.6060791015625,
          "xmax": 77.6075439453125,
          "ymin": 12.975251197814941,
          "ymax": 12.97586727142334
        },
        "review": {
          "google_temporal_height_estimate": {
            "year": 2023,
            "median_m": 12.0,
            "status": "estimated_not_measured_unapproved",
            "valid_pixel_fraction": 0.8458,
            "review_priority": "normal",
            "metadata_file": "data/processed/estimated_heights_metadata.json"
          }
        }
      },
      "geometry": {
        "type": "Polygon",
        "coordinates": [
          [
            [
              77.6068079,
              12.9754113
            ],
            [
              77.6074656,
              12.9752514
            ],
            [
              77.6075365,
              12.9755321
            ],
            [
              77.6061521,
              12.975867
            ],
            [
              77.6061277,
              12.9757783
            ],
            [
              77.6061084,
              12.9757024
            ],
            [
              77.6060806,
              12.9755902
            ],
            [
              77.6067072,
              12.9754359
            ],
            [
              77.6068079,
              12.9754113
            ]
          ]
        ]
      }
    },
    {
      "type": "Feature",
      "id": "bb6cee37-57ec-4ca0-b65d-11fa268d0181",
      "properties": {
        "id": "bb6cee37-57ec-4ca0-b65d-11fa268d0181",
        "names": null,
        "sources": [
          {
            "property": "",
            "dataset": "OpenStreetMap",
            "license": "ODbL-1.0",
            "record_id": "w327534051@5",
            "update_time": "2026-01-12T05:30:39.000Z",
            "confidence": null,
            "between": null,
            "provider": "osm",
            "resource": "planet",
            "version": "2026-09-06T00:00:00.000Z"
          }
        ],
        "level": null,
        "height": null,
        "min_height": null,
        "is_underground": false,
        "num_floors": 2,
        "num_floors_underground": null,
        "min_floor": null,
        "subtype": "commercial",
        "class": "office",
        "facade_color": null,
        "facade_material": null,
        "roof_material": null,
        "roof_shape": "hipped",
        "roof_direction": null,
        "roof_orientation": null,
        "roof_color": null,
        "roof_height": null,
        "has_parts": false,
        "version": 2,
        "bbox": {
          "xmin": 77.6059341430664,
          "xmax": 77.6062240600586,
          "ymin": 12.975318908691406,
          "ymax": 12.975483894348145
        },
        "review": {
          "google_temporal_height_estimate": {
            "year": 2023,
            "median_m": 11.0,
            "status": "estimated_not_measured_unapproved",
            "valid_pixel_fraction": 0.9286,
            "review_priority": "normal",
            "metadata_file": "data/processed/estimated_heights_metadata.json"
          }
        }
      },
      "geometry": {
        "type": "Polygon",
        "coordinates": [
          [
            [
              77.606087,
              12.9753514
            ],
            [
              77.6061963,
              12.9753208
            ],
            [
              77.6062228,
              12.9754107
            ],
            [
              77.605968,
              12.975482
            ],
            [
              77.6059415,
              12.9753921
            ],
            [
              77.60596,
              12.9753869
            ],
            [
              77.606087,
              12.9753514
            ]
          ]
        ]
      }
    },
    {
      "type": "Feature",
      "id": "51affa39-675c-4110-8e37-257c1b3785e7",
      "properties": {
        "id": "51affa39-675c-4110-8e37-257c1b3785e7",
        "names": null,
        "sources": [
          {
            "property": "",
            "dataset": "OpenStreetMap",
            "license": "ODbL-1.0",
            "record_id": "w1304116268@1",
            "update_time": "2026-01-12T05:30:39.000Z",
            "confidence": null,
            "between": null,
            "provider": "osm",
            "resource": "planet",
            "version": "2026-09-06T00:00:00.000Z"
          }
        ],
        "level": null,
        "height": null,
        "min_height": null,
        "is_underground": false,
        "num_floors": 2,
        "num_floors_underground": null,
        "min_floor": null,
        "subtype": "commercial",
        "class": "commercial",
        "facade_color": null,
        "facade_material": null,
        "roof_material": null,
        "roof_shape": null,
        "roof_direction": null,
        "roof_orientation": null,
        "roof_color": null,
        "roof_height": null,
        "has_parts": false,
        "version": 2,
        "bbox": {
          "xmin": 77.6058578491211,
          "xmax": 77.60596466064453,
          "ymin": 12.9752836227417,
          "ymax": 12.975494384765625
        },
        "review": {
          "google_temporal_height_estimate": {
            "year": 2023,
            "median_m": 10.0,
            "status": "estimated_not_measured_unapproved",
            "valid_pixel_fraction": 0.9478,
            "review_priority": "normal",
            "metadata_file": "data/processed/estimated_heights_metadata.json"
          }
        }
      },
      "geometry": {
        "type": "Polygon",
        "coordinates": [
          [
            [
              77.6059629,
              12.9754806
            ],
            [
              77.6059172,
              12.9754925
            ],
            [
              77.6058634,
              12.975297
            ],
            [
              77.6059091,
              12.9752851
            ],
            [
              77.6059629,
              12.9754806
            ]
          ]
        ]
      }
    },
    {
      "type": "Feature",
      "id": "6e0f585f-000f-4f69-98ec-4bb662238faa",
      "properties": {
        "id": "6e0f585f-000f-4f69-98ec-4bb662238faa",
        "names": null,
        "sources": [
          {
            "property": "",
            "dataset": "Google Open Buildings",
            "license": null,
            "record_id": "7J4VXJG4+89JW",
            "update_time": "2023-05-01T00:00:00.000Z",
            "confidence": 0.6715,
            "between": null,
            "provider": "google",
            "resource": "open_buildings",
            "version": "2024-04-16"
          }
        ],
        "level": null,
        "height": null,
        "min_height": null,
        "is_underground": false,
        "num_floors": null,
        "num_floors_underground": null,
        "min_floor": null,
        "subtype": null,
        "class": null,
        "facade_color": null,
        "facade_material": null,
        "roof_material": null,
        "roof_shape": null,
        "roof_direction": null,
        "roof_orientation": null,
        "roof_color": null,
        "roof_height": null,
        "has_parts": false,
        "version": 1,
        "bbox": {
          "xmin": 77.60586547851562,
          "xmax": 77.60591888427734,
          "ymin": 12.97583293914795,
          "ymax": 12.97586441040039
        },
        "review": {
          "google_temporal_height_estimate": {
            "year": 2023,
            "median_m": null,
            "status": "estimated_not_measured_unapproved",
            "valid_pixel_fraction": 0.0,
            "review_priority": "high",
            "metadata_file": "data/processed/estimated_heights_metadata.json"
          }
        }
      },
      "geometry": {
        "type": "Polygon",
        "coordinates": [
          [
            [
              77.6059133,
              12.9758345
            ],
            [
              77.6059164,
              12.9758594
            ],
            [
              77.6058747,
              12.9758643
            ],
            [
              77.6058717,
              12.9758395
            ],
            [
              77.6059133,
              12.9758345
            ]
          ]
        ]
      }
    },
    {
      "type": "Feature",
      "id": "2febf00f-3e1c-4efc-849a-3ad61176e04b",
      "properties": {
        "id": "2febf00f-3e1c-4efc-849a-3ad61176e04b",
        "names": null,
        "sources": [
          {
            "property": "",
            "dataset": "OpenStreetMap",
            "license": "ODbL-1.0",
            "record_id": "w327534047@3",
            "update_time": "2026-01-12T05:30:39.000Z",
            "confidence": null,
            "between": null,
            "provider": "osm",
            "resource": "planet",
            "version": "2026-09-06T00:00:00.000Z"
          }
        ],
        "level": null,
        "height": null,
        "min_height": null,
        "is_underground": false,
        "num_floors": 3,
        "num_floors_underground": null,
        "min_floor": null,
        "subtype": null,
        "class": null,
        "facade_color": null,
        "facade_material": null,
        "roof_material": null,
        "roof_shape": null,
        "roof_direction": null,
        "roof_orientation": null,
        "roof_color": null,
        "roof_height": null,
        "has_parts": false,
        "version": 2,
        "bbox": {
          "xmin": 77.60543823242188,
          "xmax": 77.60565948486328,
          "ymin": 12.975359916687012,
          "ymax": 12.975591659545898
        },
        "review": {
          "google_temporal_height_estimate": {
            "year": 2023,
            "median_m": 16.0,
            "status": "estimated_not_measured_unapproved",
            "valid_pixel_fraction": 0.2103,
            "review_priority": "high",
            "metadata_file": "data/processed/estimated_heights_metadata.json"
          }
        }
      },
      "geometry": {
        "type": "Polygon",
        "coordinates": [
          [
            [
              77.6054564,
              12.9754032
            ],
            [
              77.6055879,
              12.9753617
            ],
            [
              77.6056475,
              12.9755412
            ],
            [
              77.6054883,
              12.9755913
            ],
            [
              77.6054415,
              12.9754503
            ],
            [
              77.6054691,
              12.9754416
            ],
            [
              77.6054564,
              12.9754032
            ]
          ]
        ]
      }
    },
    {
      "type": "Feature",
      "id": "39e6e603-9eb3-4e74-85eb-1da56481f262",
      "properties": {
        "id": "39e6e603-9eb3-4e74-85eb-1da56481f262",
        "names": null,
        "sources": [
          {
            "property": "",
            "dataset": "OpenStreetMap",
            "license": "ODbL-1.0",
            "record_id": "w1304116269@2",
            "update_time": "2026-01-12T05:30:39.000Z",
            "confidence": null,
            "between": null,
            "provider": "osm",
            "resource": "planet",
            "version": "2026-09-06T00:00:00.000Z"
          }
        ],
        "level": null,
        "height": null,
        "min_height": null,
        "is_underground": false,
        "num_floors": 7,
        "num_floors_underground": null,
        "min_floor": null,
        "subtype": "commercial",
        "class": "commercial",
        "facade_color": null,
        "facade_material": null,
        "roof_material": null,
        "roof_shape": null,
        "roof_direction": null,
        "roof_orientation": null,
        "roof_color": null,
        "roof_height": null,
        "has_parts": false,
        "version": 2,
        "bbox": {
          "xmin": 77.60527801513672,
          "xmax": 77.60543823242188,
          "ymin": 12.975384712219238,
          "ymax": 12.975627899169922
        },
        "review": {
          "google_temporal_height_estimate": {
            "year": 2023,
            "median_m": 21.0,
            "status": "estimated_not_measured_unapproved",
            "valid_pixel_fraction": 0.8066,
            "review_priority": "normal",
            "metadata_file": "data/processed/estimated_heights_metadata.json"
          }
        }
      },
      "geometry": {
        "type": "Polygon",
        "coordinates": [
          [
            [
              77.6053644,
              12.9753862
            ],
            [
              77.6054364,
              12.9756047
            ],
            [
              77.6053491,
              12.9756276
            ],
            [
              77.6052801,
              12.9754102
            ],
            [
              77.6053644,
              12.9753862
            ]
          ]
        ]
      }
    },
    {
      "type": "Feature",
      "id": "0b6594d3-332f-4d43-b874-d575e502be91",
      "properties": {
        "id": "0b6594d3-332f-4d43-b874-d575e502be91",
        "names": {
          "primary": "Raymonds",
          "common": null,
          "rules": null
        },
        "sources": [
          {
            "property": "",
            "dataset": "OpenStreetMap",
            "license": "ODbL-1.0",
            "record_id": "w327534053@4",
            "update_time": "2026-01-12T05:30:39.000Z",
            "confidence": null,
            "between": null,
            "provider": "osm",
            "resource": "planet",
            "version": "2026-09-06T00:00:00.000Z"
          }
        ],
        "level": null,
        "height": null,
        "min_height": null,
        "is_underground": false,
        "num_floors": 3,
        "num_floors_underground": null,
        "min_floor": null,
        "subtype": null,
        "class": null,
        "facade_color": null,
        "facade_material": null,
        "roof_material": null,
        "roof_shape": null,
        "roof_direction": null,
        "roof_orientation": null,
        "roof_color": null,
        "roof_height": null,
        "has_parts": false,
        "version": 2,
        "bbox": {
          "xmin": 77.60565185546875,
          "xmax": 77.60591888427734,
          "ymin": 12.975287437438965,
          "ymax": 12.97553539276123
        },
        "review": {
          "google_temporal_height_estimate": {
            "year": 2023,
            "median_m": 12.0,
            "status": "estimated_not_measured_unapproved",
            "valid_pixel_fraction": 0.8693,
            "review_priority": "normal",
            "metadata_file": "data/processed/estimated_heights_metadata.json"
          }
        }
      },
      "geometry": {
        "type": "Polygon",
        "coordinates": [
          [
            [
              77.605715,
              12.9755352
            ],
            [
              77.6056583,
              12.9753355
            ],
            [
              77.6057566,
              12.9753084
            ],
            [
              77.6058542,
              12.9752893
            ],
            [
              77.6059128,
              12.9754867
            ],
            [
              77.605715,
              12.9755352
            ]
          ]
        ]
      }
    },
    {
      "type": "Feature",
      "id": "5a04242f-b5b0-4f2a-8b9a-66a496613408",
      "properties": {
        "id": "5a04242f-b5b0-4f2a-8b9a-66a496613408",
        "names": null,
        "sources": [
          {
            "property": "",
            "dataset": "OpenStreetMap",
            "license": "ODbL-1.0",
            "record_id": "w1412295514@1",
            "update_time": "2026-01-12T05:30:39.000Z",
            "confidence": null,
            "between": null,
            "provider": "osm",
            "resource": "planet",
            "version": "2026-09-06T00:00:00.000Z"
          }
        ],
        "level": null,
        "height": null,
        "min_height": null,
        "is_underground": false,
        "num_floors": null,
        "num_floors_underground": null,
        "min_floor": null,
        "subtype": null,
        "class": null,
        "facade_color": null,
        "facade_material": null,
        "roof_material": null,
        "roof_shape": null,
        "roof_direction": null,
        "roof_orientation": null,
        "roof_color": null,
        "roof_height": null,
        "has_parts": false,
        "version": 2,
        "bbox": {
          "xmin": 77.60578155517578,
          "xmax": 77.60590362548828,
          "ymin": 12.975005149841309,
          "ymax": 12.975167274475098
        },
        "review": {
          "google_temporal_height_estimate": {
            "year": 2023,
            "median_m": 13.0,
            "status": "estimated_not_measured_unapproved",
            "valid_pixel_fraction": 0.8941,
            "review_priority": "normal",
            "metadata_file": "data/processed/estimated_heights_metadata.json"
          }
        }
      },
      "geometry": {
        "type": "Polygon",
        "coordinates": [
          [
            [
              77.6058187,
              12.9751657
            ],
            [
              77.6057824,
              12.9750274
            ],
            [
              77.6058641,
              12.975007
            ],
            [
              77.6059004,
              12.9751453
            ],
            [
              77.6058187,
              12.9751657
            ]
          ]
        ]
      }
    },
    {
      "type": "Feature",
      "id": "4ed407a7-a8bd-4dbb-9244-25465b5c7235",
      "properties": {
        "id": "4ed407a7-a8bd-4dbb-9244-25465b5c7235",
        "names": null,
        "sources": [
          {
            "property": "",
            "dataset": "OpenStreetMap",
            "license": "ODbL-1.0",
            "record_id": "w327534069@3",
            "update_time": "2026-01-12T05:30:39.000Z",
            "confidence": null,
            "between": null,
            "provider": "osm",
            "resource": "planet",
            "version": "2026-09-06T00:00:00.000Z"
          }
        ],
        "level": null,
        "height": null,
        "min_height": null,
        "is_underground": false,
        "num_floors": null,
        "num_floors_underground": null,
        "min_floor": null,
        "subtype": null,
        "class": null,
        "facade_color": null,
        "facade_material": null,
        "roof_material": null,
        "roof_shape": null,
        "roof_direction": null,
        "roof_orientation": null,
        "roof_color": null,
        "roof_height": null,
        "has_parts": false,
        "version": 3,
        "bbox": {
          "xmin": 77.6057357788086,
          "xmax": 77.60596466064453,
          "ymin": 12.974815368652344,
          "ymax": 12.975028991699219
        },
        "review": {
          "google_temporal_height_estimate": {
            "year": 2023,
            "median_m": 20.0,
            "status": "estimated_not_measured_unapproved",
            "valid_pixel_fraction": 0.9351,
            "review_priority": "normal",
            "metadata_file": "data/processed/estimated_heights_metadata.json"
          }
        }
      },
      "geometry": {
        "type": "Polygon",
        "coordinates": [
          [
            [
              77.6058641,
              12.975007
            ],
            [
              77.6057824,
              12.9750274
            ],
            [
              77.6057388,
              12.9748615
            ],
            [
              77.6059182,
              12.9748168
            ],
            [
              77.6059618,
              12.9749826
            ],
            [
              77.6058641,
              12.975007
            ]
          ]
        ]
      }
    },
    {
      "type": "Feature",
      "id": "01edc8ba-e07a-4453-b17f-25f1771d79a3",
      "properties": {
        "id": "01edc8ba-e07a-4453-b17f-25f1771d79a3",
        "names": null,
        "sources": [
          {
            "property": "",
            "dataset": "OpenStreetMap",
            "license": "ODbL-1.0",
            "record_id": "w349698909@3",
            "update_time": "2025-06-07T19:00:47.000Z",
            "confidence": null,
            "between": null,
            "provider": "osm",
            "resource": "planet",
            "version": "2026-09-06T00:00:00.000Z"
          }
        ],
        "level": null,
        "height": null,
        "min_height": null,
        "is_underground": false,
        "num_floors": 5,
        "num_floors_underground": null,
        "min_floor": null,
        "subtype": "commercial",
        "class": "commercial",
        "facade_color": null,
        "facade_material": null,
        "roof_material": null,
        "roof_shape": null,
        "roof_direction": null,
        "roof_orientation": null,
        "roof_color": null,
        "roof_height": null,
        "has_parts": false,
        "version": 1,
        "bbox": {
          "xmin": 77.60575103759766,
          "xmax": 77.60590362548828,
          "ymin": 12.974596977233887,
          "ymax": 12.97472095489502
        },
        "review": {
          "google_temporal_height_estimate": {
            "year": 2023,
            "median_m": 12.5,
            "status": "estimated_not_measured_unapproved",
            "valid_pixel_fraction": 0.8696,
            "review_priority": "normal",
            "metadata_file": "data/processed/estimated_heights_metadata.json"
          }
        }
      },
      "geometry": {
        "type": "Polygon",
        "coordinates": [
          [
            [
              77.6059025,
              12.9746873
            ],
            [
              77.605779,
              12.9747193
            ],
            [
              77.6057548,
              12.9746306
            ],
            [
              77.6058783,
              12.9745986
            ],
            [
              77.6059025,
              12.9746873
            ]
          ]
        ]
      }
    },
    {
      "type": "Feature",
      "id": "b64c8dc6-602c-447b-b05e-42ab0858ce59",
      "properties": {
        "id": "b64c8dc6-602c-447b-b05e-42ab0858ce59",
        "names": null,
        "sources": [
          {
            "property": "",
            "dataset": "OpenStreetMap",
            "license": "ODbL-1.0",
            "record_id": "w327534067@6",
            "update_time": "2026-01-12T05:30:39.000Z",
            "confidence": null,
            "between": null,
            "provider": "osm",
            "resource": "planet",
            "version": "2026-09-06T00:00:00.000Z"
          }
        ],
        "level": 1,
        "height": null,
        "min_height": null,
        "is_underground": false,
        "num_floors": 3,
        "num_floors_underground": null,
        "min_floor": null,
        "subtype": null,
        "class": null,
        "facade_color": null,
        "facade_material": null,
        "roof_material": null,
        "roof_shape": null,
        "roof_direction": null,
        "roof_orientation": null,
        "roof_color": null,
        "roof_height": null,
        "has_parts": false,
        "version": 2,
        "bbox": {
          "xmin": 77.60523986816406,
          "xmax": 77.6058578491211,
          "ymin": 12.974869728088379,
          "ymax": 12.975398063659668
        },
        "review": {
          "google_temporal_height_estimate": {
            "year": 2023,
            "median_m": 10.5,
            "status": "estimated_not_measured_unapproved",
            "valid_pixel_fraction": 0.8393,
            "review_priority": "normal",
            "metadata_file": "data/processed/estimated_heights_metadata.json"
          }
        }
      },
      "geometry": {
        "type": "Polygon",
        "coordinates": [
          [
            [
              77.6053712,
              12.9753962
            ],
            [
              77.6052416,
              12.9749917
            ],
            [
              77.6057213,
              12.9748716
            ],
            [
              77.6058542,
              12.9752893
            ],
            [
              77.6057566,
              12.9753084
            ],
            [
              77.605675,
              12.9750336
            ],
            [
              77.6053902,
              12.9751112
            ],
            [
              77.6054641,
              12.9753718
            ],
            [
              77.6053712,
              12.9753962
            ]
          ]
        ]
      }
    },
    {
      "type": "Feature",
      "id": "17e6e014-cdfd-4f9e-a8a7-de1a3b46dfae",
      "properties": {
        "id": "17e6e014-cdfd-4f9e-a8a7-de1a3b46dfae",
        "names": {
          "primary": "Shrungar Shopping Center",
          "common": null,
          "rules": null
        },
        "sources": [
          {
            "property": "",
            "dataset": "OpenStreetMap",
            "license": "ODbL-1.0",
            "record_id": "w319385961@2",
            "update_time": "2026-01-12T05:30:39.000Z",
            "confidence": null,
            "between": null,
            "provider": "osm",
            "resource": "planet",
            "version": "2026-09-06T00:00:00.000Z"
          }
        ],
        "level": null,
        "height": null,
        "min_height": null,
        "is_underground": false,
        "num_floors": 4,
        "num_floors_underground": null,
        "min_floor": null,
        "subtype": "commercial",
        "class": "retail",
        "facade_color": null,
        "facade_material": null,
        "roof_material": null,
        "roof_shape": null,
        "roof_direction": null,
        "roof_orientation": null,
        "roof_color": null,
        "roof_height": null,
        "has_parts": false,
        "version": 2,
        "bbox": {
          "xmin": 77.60546112060547,
          "xmax": 77.60567474365234,
          "ymin": 12.975107192993164,
          "ymax": 12.975312232971191
        },
        "review": {
          "google_temporal_height_estimate": {
            "year": 2023,
            "median_m": 15.5,
            "status": "estimated_not_measured_unapproved",
            "valid_pixel_fraction": 0.7603,
            "review_priority": "normal",
            "metadata_file": "data/processed/estimated_heights_metadata.json"
          }
        }
      },
      "geometry": {
        "type": "Polygon",
        "coordinates": [
          [
            [
              77.6056712,
              12.9752285
            ],
            [
              77.6056596,
              12.9752602
            ],
            [
              77.605638,
              12.9752865
            ],
            [
              77.6056088,
              12.9753044
            ],
            [
              77.6055752,
              12.9753121
            ],
            [
              77.6055408,
              12.9753088
            ],
            [
              77.6055096,
              12.9752948
            ],
            [
              77.6054848,
              12.9752718
            ],
            [
              77.6054689,
              12.9752421
            ],
            [
              77.6054637,
              12.9752091
            ],
            [
              77.6054698,
              12.9751762
            ],
            [
              77.6054865,
              12.975147
            ],
            [
              77.605512,
              12.9751246
            ],
            [
              77.6055435,
              12.9751115
            ],
            [
              77.6055777,
              12.975109
            ],
            [
              77.6056111,
              12.9751175
            ],
            [
              77.6056399,
              12.9751362
            ],
            [
              77.6056608,
              12.9751629
            ],
            [
              77.6056716,
              12.9751949
            ],
            [
              77.6056712,
              12.9752285
            ]
          ]
        ]
      }
    },
    {
      "type": "Feature",
      "id": "bbdcbacc-5e92-4a79-af41-70a064ce516f",
      "properties": {
        "id": "bbdcbacc-5e92-4a79-af41-70a064ce516f",
        "names": {
          "primary": "Asha Enclave",
          "common": null,
          "rules": null
        },
        "sources": [
          {
            "property": "",
            "dataset": "OpenStreetMap",
            "license": "ODbL-1.0",
            "record_id": "w327553590@2",
            "update_time": "2026-01-12T05:30:39.000Z",
            "confidence": null,
            "between": null,
            "provider": "osm",
            "resource": "planet",
            "version": "2026-09-06T00:00:00.000Z"
          }
        ],
        "level": null,
        "height": null,
        "min_height": null,
        "is_underground": false,
        "num_floors": null,
        "num_floors_underground": null,
        "min_floor": null,
        "subtype": "commercial",
        "class": "commercial",
        "facade_color": null,
        "facade_material": null,
        "roof_material": null,
        "roof_shape": null,
        "roof_direction": null,
        "roof_orientation": null,
        "roof_color": null,
        "roof_height": null,
        "has_parts": false,
        "version": 2,
        "bbox": {
          "xmin": 77.60511016845703,
          "xmax": 77.60529327392578,
          "ymin": 12.97469425201416,
          "ymax": 12.974873542785645
        },
        "review": {
          "google_temporal_height_estimate": {
            "year": 2023,
            "median_m": 13.5,
            "status": "estimated_not_measured_unapproved",
            "valid_pixel_fraction": 0.8278,
            "review_priority": "normal",
            "metadata_file": "data/processed/estimated_heights_metadata.json"
          }
        }
      },
      "geometry": {
        "type": "Polygon",
        "coordinates": [
          [
            [
              77.6051103,
              12.9747287
            ],
            [
              77.6052538,
              12.9746944
            ],
            [
              77.6052898,
              12.9748376
            ],
            [
              77.6051463,
              12.9748718
            ],
            [
              77.6051103,
              12.9747287
            ]
          ]
        ]
      }
    },
    {
      "type": "Feature",
      "id": "303b78f1-b00b-4d54-b301-e871334fa9ac",
      "properties": {
        "id": "303b78f1-b00b-4d54-b301-e871334fa9ac",
        "names": null,
        "sources": [
          {
            "property": "",
            "dataset": "OpenStreetMap",
            "license": "ODbL-1.0",
            "record_id": "w1035562483@3",
            "update_time": "2026-04-18T14:22:41.000Z",
            "confidence": null,
            "between": null,
            "provider": "osm",
            "resource": "planet",
            "version": "2026-09-06T00:00:00.000Z"
          }
        ],
        "level": null,
        "height": null,
        "min_height": null,
        "is_underground": false,
        "num_floors": null,
        "num_floors_underground": null,
        "min_floor": null,
        "subtype": null,
        "class": null,
        "facade_color": null,
        "facade_material": null,
        "roof_material": null,
        "roof_shape": null,
        "roof_direction": null,
        "roof_orientation": null,
        "roof_color": null,
        "roof_height": null,
        "has_parts": false,
        "version": 2,
        "bbox": {
          "xmin": 77.6047592163086,
          "xmax": 77.60509490966797,
          "ymin": 12.974815368652344,
          "ymax": 12.974967002868652
        },
        "review": {
          "google_temporal_height_estimate": {
            "year": 2023,
            "median_m": 11.0,
            "status": "estimated_not_measured_unapproved",
            "valid_pixel_fraction": 0.5813,
            "review_priority": "normal",
            "metadata_file": "data/processed/estimated_heights_metadata.json"
          }
        }
      },
      "geometry": {
        "type": "Polygon",
        "coordinates": [
          [
            [
              77.6047719,
              12.9748881
            ],
            [
              77.6050624,
              12.9748158
            ],
            [
              77.605083,
              12.9748944
            ],
            [
              77.6047925,
              12.9749667
            ],
            [
              77.6047719,
              12.9748881
            ]
          ]
        ]
      }
    },
    {
      "type": "Feature",
      "id": "726d166e-edae-4ba0-bf15-14f5331634ce",
      "properties": {
        "id": "726d166e-edae-4ba0-bf15-14f5331634ce",
        "names": null,
        "sources": [
          {
            "property": "",
            "dataset": "OpenStreetMap",
            "license": "ODbL-1.0",
            "record_id": "w207901098@2",
            "update_time": "2026-01-12T05:30:39.000Z",
            "confidence": null,
            "between": null,
            "provider": "osm",
            "resource": "planet",
            "version": "2026-09-06T00:00:00.000Z"
          }
        ],
        "level": null,
        "height": null,
        "min_height": null,
        "is_underground": false,
        "num_floors": null,
        "num_floors_underground": null,
        "min_floor": null,
        "subtype": "commercial",
        "class": "office",
        "facade_color": null,
        "facade_material": null,
        "roof_material": null,
        "roof_shape": null,
        "roof_direction": null,
        "roof_orientation": null,
        "roof_color": null,
        "roof_height": null,
        "has_parts": false,
        "version": 2,
        "bbox": {
          "xmin": 77.60469055175781,
          "xmax": 77.60507202148438,
          "ymin": 12.974499702453613,
          "ymax": 12.974885940551758
        },
        "review": {
          "google_temporal_height_estimate": {
            "year": 2023,
            "median_m": 18.0,
            "status": "estimated_not_measured_unapproved",
            "valid_pixel_fraction": 0.8872,
            "review_priority": "normal",
            "metadata_file": "data/processed/estimated_heights_metadata.json"
          }
        }
      },
      "geometry": {
        "type": "Polygon",
        "coordinates": [
          [
            [
              77.6050663,
              12.9748098
            ],
            [
              77.604773,
              12.9748842
            ],
            [
              77.6046906,
              12.974576
            ],
            [
              77.6049839,
              12.9745015
            ],
            [
              77.6050663,
              12.9748098
            ]
          ]
        ]
      }
    },
    {
      "type": "Feature",
      "id": "30a23f8d-824e-4820-83c1-022fc18d55ca",
      "properties": {
        "id": "30a23f8d-824e-4820-83c1-022fc18d55ca",
        "names": null,
        "sources": [
          {
            "property": "",
            "dataset": "OpenStreetMap",
            "license": "ODbL-1.0",
            "record_id": "w1089718001@1",
            "update_time": "2026-01-12T05:30:39.000Z",
            "confidence": null,
            "between": null,
            "provider": "osm",
            "resource": "planet",
            "version": "2026-09-06T00:00:00.000Z"
          }
        ],
        "level": null,
        "height": null,
        "min_height": null,
        "is_underground": false,
        "num_floors": 3,
        "num_floors_underground": null,
        "min_floor": null,
        "subtype": "commercial",
        "class": "commercial",
        "facade_color": null,
        "facade_material": null,
        "roof_material": null,
        "roof_shape": null,
        "roof_direction": null,
        "roof_orientation": null,
        "roof_color": null,
        "roof_height": null,
        "has_parts": false,
        "version": 1,
        "bbox": {
          "xmin": 77.60475158691406,
          "xmax": 77.60489654541016,
          "ymin": 12.97508430480957,
          "ymax": 12.975201606750488
        },
        "review": {
          "google_temporal_height_estimate": {
            "year": 2023,
            "median_m": 7.5,
            "status": "estimated_not_measured_unapproved",
            "valid_pixel_fraction": 0.6226,
            "review_priority": "normal",
            "metadata_file": "data/processed/estimated_heights_metadata.json"
          }
        }
      },
      "geometry": {
        "type": "Polygon",
        "coordinates": [
          [
            [
              77.6047761,
              12.9751997
            ],
            [
              77.6047543,
              12.9751149
            ],
            [
              77.6048732,
              12.9750859
            ],
            [
              77.604895,
              12.9751706
            ],
            [
              77.6047761,
              12.9751997
            ]
          ]
        ]
      }
    },
    {
      "type": "Feature",
      "id": "0a37c790-2a4e-4082-a53b-6db6a65d90d9",
      "properties": {
        "id": "0a37c790-2a4e-4082-a53b-6db6a65d90d9",
        "names": {
          "primary": "Barton Centre",
          "common": null,
          "rules": null
        },
        "sources": [
          {
            "property": "",
            "dataset": "OpenStreetMap",
            "license": "ODbL-1.0",
            "record_id": "w327534043@7",
            "update_time": "2026-01-12T05:30:39.000Z",
            "confidence": null,
            "between": null,
            "provider": "osm",
            "resource": "planet",
            "version": "2026-09-06T00:00:00.000Z"
          }
        ],
        "level": null,
        "height": null,
        "min_height": null,
        "is_underground": false,
        "num_floors": 14,
        "num_floors_underground": null,
        "min_floor": null,
        "subtype": "commercial",
        "class": "commercial",
        "facade_color": null,
        "facade_material": "stone",
        "roof_material": null,
        "roof_shape": null,
        "roof_direction": null,
        "roof_orientation": null,
        "roof_color": null,
        "roof_height": null,
        "has_parts": false,
        "version": 3,
        "bbox": {
          "xmin": 77.6048355102539,
          "xmax": 77.60528564453125,
          "ymin": 12.975098609924316,
          "ymax": 12.975530624389648
        },
        "review": {
          "google_temporal_height_estimate": {
            "year": 2023,
            "median_m": 52.5,
            "status": "estimated_not_measured_unapproved",
            "valid_pixel_fraction": 0.8624,
            "review_priority": "normal",
            "metadata_file": "data/processed/estimated_heights_metadata.json"
          }
        }
      },
      "geometry": {
        "type": "Polygon",
        "coordinates": [
          [
            [
              77.605238,
              12.9753442
            ],
            [
              77.6052226,
              12.9753482
            ],
            [
              77.6052352,
              12.9753944
            ],
            [
              77.6052048,
              12.9754024
            ],
            [
              77.6052241,
              12.9754729
            ],
            [
              77.6050562,
              12.9755165
            ],
            [
              77.6050029,
              12.9755304
            ],
            [
              77.6049839,
              12.9754609
            ],
            [
              77.6049233,
              12.9754766
            ],
            [
              77.6049164,
              12.9754513
            ],
            [
              77.6049001,
              12.9754555
            ],
            [
              77.6048431,
              12.9752473
            ],
            [
              77.6049651,
              12.9752155
            ],
            [
              77.6049891,
              12.9752093
            ],
            [
              77.6049717,
              12.9751458
            ],
            [
              77.6051461,
              12.9751004
            ],
            [
              77.6051674,
              12.9751781
            ],
            [
              77.6051933,
              12.9751714
            ],
            [
              77.6052261,
              12.9751628
            ],
            [
              77.6052733,
              12.975335
            ],
            [
              77.605238,
              12.9753442
            ]
          ]
        ]
      }
    },
    {
      "type": "Feature",
      "id": "d05978f4-0be3-40d8-8cfb-fbf753213b4f",
      "properties": {
        "id": "d05978f4-0be3-40d8-8cfb-fbf753213b4f",
        "names": null,
        "sources": [
          {
            "property": "",
            "dataset": "OpenStreetMap",
            "license": "ODbL-1.0",
            "record_id": "w1308735400@2",
            "update_time": "2026-01-12T05:30:39.000Z",
            "confidence": null,
            "between": null,
            "provider": "osm",
            "resource": "planet",
            "version": "2026-09-06T00:00:00.000Z"
          }
        ],
        "level": null,
        "height": null,
        "min_height": null,
        "is_underground": false,
        "num_floors": null,
        "num_floors_underground": null,
        "min_floor": null,
        "subtype": "commercial",
        "class": "kiosk",
        "facade_color": null,
        "facade_material": null,
        "roof_material": null,
        "roof_shape": null,
        "roof_direction": null,
        "roof_orientation": null,
        "roof_color": null,
        "roof_height": null,
        "has_parts": false,
        "version": 1,
        "bbox": {
          "xmin": 77.60520935058594,
          "xmax": 77.60529327392578,
          "ymin": 12.975530624389648,
          "ymax": 12.975617408752441
        },
        "review": {
          "google_temporal_height_estimate": {
            "year": 2023,
            "median_m": null,
            "status": "estimated_not_measured_unapproved",
            "valid_pixel_fraction": 0.0,
            "review_priority": "high",
            "metadata_file": "data/processed/estimated_heights_metadata.json"
          }
        }
      },
      "geometry": {
        "type": "Polygon",
        "coordinates": [
          [
            [
              77.6052811,
              12.9756043
            ],
            [
              77.6052325,
              12.9756171
            ],
            [
              77.6052122,
              12.9755436
            ],
            [
              77.6052607,
              12.9755308
            ],
            [
              77.6052811,
              12.9756043
            ]
          ]
        ]
      }
    },
    {
      "type": "Feature",
      "id": "e7d2ee4e-cb50-4c70-b731-46ba9119a942",
      "properties": {
        "id": "e7d2ee4e-cb50-4c70-b731-46ba9119a942",
        "names": null,
        "sources": [
          {
            "property": "",
            "dataset": "Google Open Buildings",
            "license": null,
            "record_id": "7J4VXJG4+63G6",
            "update_time": "2023-05-01T00:00:00.000Z",
            "confidence": 0.7499,
            "between": null,
            "provider": "google",
            "resource": "open_buildings",
            "version": "2024-04-16"
          }
        ],
        "level": null,
        "height": null,
        "min_height": null,
        "is_underground": false,
        "num_floors": null,
        "num_floors_underground": null,
        "min_floor": null,
        "subtype": null,
        "class": null,
        "facade_color": null,
        "facade_material": null,
        "roof_material": null,
        "roof_shape": null,
        "roof_direction": null,
        "roof_orientation": null,
        "roof_color": null,
        "roof_height": null,
        "has_parts": false,
        "version": 1,
        "bbox": {
          "xmin": 77.60516357421875,
          "xmax": 77.60523223876953,
          "ymin": 12.975525856018066,
          "ymax": 12.975593566894531
        },
        "review": {
          "google_temporal_height_estimate": {
            "year": 2023,
            "median_m": 13.0,
            "status": "estimated_not_measured_unapproved",
            "valid_pixel_fraction": 0.1143,
            "review_priority": "high",
            "metadata_file": "data/processed/estimated_heights_metadata.json"
          }
        }
      },
      "geometry": {
        "type": "Polygon",
        "coordinates": [
          [
            [
              77.6051668,
              12.9755375
            ],
            [
              77.6052044,
              12.9755275
            ],
            [
              77.6052195,
              12.9755818
            ],
            [
              77.6051819,
              12.9755918
            ],
            [
              77.6051668,
              12.9755375
            ]
          ]
        ]
      }
    },
    {
      "type": "Feature",
      "id": "0f882c34-cee9-49a0-b815-e53c57dabf68",
      "properties": {
        "id": "0f882c34-cee9-49a0-b815-e53c57dabf68",
        "names": null,
        "sources": [
          {
            "property": "",
            "dataset": "OpenStreetMap",
            "license": "ODbL-1.0",
            "record_id": "w327534049@4",
            "update_time": "2026-01-03T04:44:12.000Z",
            "confidence": null,
            "between": null,
            "provider": "osm",
            "resource": "planet",
            "version": "2026-09-06T00:00:00.000Z"
          }
        ],
        "level": null,
        "height": null,
        "min_height": null,
        "is_underground": false,
        "num_floors": 3,
        "num_floors_underground": null,
        "min_floor": null,
        "subtype": "commercial",
        "class": "retail",
        "facade_color": null,
        "facade_material": null,
        "roof_material": null,
        "roof_shape": null,
        "roof_direction": null,
        "roof_orientation": null,
        "roof_color": null,
        "roof_height": null,
        "has_parts": false,
        "version": 2,
        "bbox": {
          "xmin": 77.60487365722656,
          "xmax": 77.60501861572266,
          "ymin": 12.975564002990723,
          "ymax": 12.975704193115234
        },
        "review": {
          "google_temporal_height_estimate": {
            "year": 2023,
            "median_m": 19.0,
            "status": "estimated_not_measured_unapproved",
            "valid_pixel_fraction": 0.9049,
            "review_priority": "high",
            "metadata_file": "data/processed/estimated_heights_metadata.json"
          }
        }
      },
      "geometry": {
        "type": "Polygon",
        "coordinates": [
          [
            [
              77.6048739,
              12.9755914
            ],
            [
              77.6049778,
              12.9755655
            ],
            [
              77.605007,
              12.9756765
            ],
            [
              77.6049032,
              12.9757024
            ],
            [
              77.6048739,
              12.9755914
            ]
          ]
        ]
      }
    },
    {
      "type": "Feature",
      "id": "a6548d0a-b337-4e42-883d-0421f4626058",
      "properties": {
        "id": "a6548d0a-b337-4e42-883d-0421f4626058",
        "names": null,
        "sources": [
          {
            "property": "",
            "dataset": "OpenStreetMap",
            "license": "ODbL-1.0",
            "record_id": "w1304116271@3",
            "update_time": "2024-08-19T05:21:20.000Z",
            "confidence": null,
            "between": null,
            "provider": "osm",
            "resource": "planet",
            "version": "2026-09-06T00:00:00.000Z"
          }
        ],
        "level": null,
        "height": null,
        "min_height": null,
        "is_underground": false,
        "num_floors": 1,
        "num_floors_underground": null,
        "min_floor": null,
        "subtype": "commercial",
        "class": "commercial",
        "facade_color": null,
        "facade_material": null,
        "roof_material": null,
        "roof_shape": null,
        "roof_direction": null,
        "roof_orientation": null,
        "roof_color": null,
        "roof_height": null,
        "has_parts": false,
        "version": 1,
        "bbox": {
          "xmin": 77.6045150756836,
          "xmax": 77.6048355102539,
          "ymin": 12.97559642791748,
          "ymax": 12.975811958312988
        },
        "review": {
          "google_temporal_height_estimate": {
            "year": 2023,
            "median_m": 15.5,
            "status": "estimated_not_measured_unapproved",
            "valid_pixel_fraction": 0.0335,
            "review_priority": "high",
            "metadata_file": "data/processed/estimated_heights_metadata.json"
          }
        }
      },
      "geometry": {
        "type": "Polygon",
        "coordinates": [
          [
            [
              77.604522,
              12.9756638
            ],
            [
              77.6047894,
              12.9755967
            ],
            [
              77.6048285,
              12.9757447
            ],
            [
              77.6045611,
              12.9758118
            ],
            [
              77.604522,
              12.9756638
            ]
          ]
        ]
      }
    },
    {
      "type": "Feature",
      "id": "6cfcea3e-d007-400f-aa33-5007b01676b9",
      "properties": {
        "id": "6cfcea3e-d007-400f-aa33-5007b01676b9",
        "names": null,
        "sources": [
          {
            "property": "",
            "dataset": "OpenStreetMap",
            "license": "ODbL-1.0",
            "record_id": "w327534044@5",
            "update_time": "2026-01-03T04:44:12.000Z",
            "confidence": null,
            "between": null,
            "provider": "osm",
            "resource": "planet",
            "version": "2026-09-06T00:00:00.000Z"
          }
        ],
        "level": null,
        "height": null,
        "min_height": null,
        "is_underground": false,
        "num_floors": 7,
        "num_floors_underground": null,
        "min_floor": null,
        "subtype": "commercial",
        "class": "commercial",
        "facade_color": null,
        "facade_material": "glass",
        "roof_material": null,
        "roof_shape": null,
        "roof_direction": null,
        "roof_orientation": null,
        "roof_color": null,
        "roof_height": null,
        "has_parts": false,
        "version": 2,
        "bbox": {
          "xmin": 77.60427856445312,
          "xmax": 77.6045150756836,
          "ymin": 12.97562313079834,
          "ymax": 12.975835800170898
        },
        "review": {
          "google_temporal_height_estimate": {
            "year": 2023,
            "median_m": 35.0,
            "status": "estimated_not_measured_unapproved",
            "valid_pixel_fraction": 0.7057,
            "review_priority": "high",
            "metadata_file": "data/processed/estimated_heights_metadata.json"
          }
        }
      },
      "geometry": {
        "type": "Polygon",
        "coordinates": [
          [
            [
              77.6043264,
              12.9758356
            ],
            [
              77.6042857,
              12.9756663
            ],
            [
              77.6044725,
              12.9756236
            ],
            [
              77.6045133,
              12.9757929
            ],
            [
              77.6043264,
              12.9758356
            ]
          ]
        ]
      }
    },
    {
      "type": "Feature",
      "id": "ed8377d2-272f-43cc-821b-49fc34e87a99",
      "properties": {
        "id": "ed8377d2-272f-43cc-821b-49fc34e87a99",
        "names": {
          "primary": "Spencer Building",
          "common": null,
          "rules": null
        },
        "sources": [
          {
            "property": "",
            "dataset": "OpenStreetMap",
            "license": "ODbL-1.0",
            "record_id": "w319365068@6",
            "update_time": "2024-08-19T05:21:20.000Z",
            "confidence": null,
            "between": null,
            "provider": "osm",
            "resource": "planet",
            "version": "2026-09-06T00:00:00.000Z"
          }
        ],
        "level": null,
        "height": null,
        "min_height": null,
        "is_underground": false,
        "num_floors": 5,
        "num_floors_underground": null,
        "min_floor": null,
        "subtype": "commercial",
        "class": "commercial",
        "facade_color": null,
        "facade_material": "brick",
        "roof_material": null,
        "roof_shape": null,
        "roof_direction": null,
        "roof_orientation": null,
        "roof_color": null,
        "roof_height": null,
        "has_parts": false,
        "version": 1,
        "bbox": {
          "xmin": 77.60425567626953,
          "xmax": 77.60478973388672,
          "ymin": 12.97515869140625,
          "ymax": 12.975664138793945
        },
        "review": {
          "google_temporal_height_estimate": {
            "year": 2023,
            "median_m": 18.0,
            "status": "estimated_not_measured_unapproved",
            "valid_pixel_fraction": 0.9339,
            "review_priority": "normal",
            "metadata_file": "data/processed/estimated_heights_metadata.json"
          }
        }
      },
      "geometry": {
        "type": "Polygon",
        "coordinates": [
          [
            [
              77.6046741,
              12.9751604
            ],
            [
              77.6047894,
              12.9755967
            ],
            [
              77.604522,
              12.9756638
            ],
            [
              77.6044577,
              12.9754205
            ],
            [
              77.6043114,
              12.9754572
            ],
            [
              77.6042616,
              12.9752686
            ],
            [
              77.6043976,
              12.9752345
            ],
            [
              77.6044178,
              12.9753107
            ],
            [
              77.6045429,
              12.9752794
            ],
            [
              77.6045215,
              12.9751986
            ],
            [
              77.6046741,
              12.9751604
            ]
          ]
        ]
      }
    },
    {
      "type": "Feature",
      "id": "6dd055bc-153e-4b64-a89f-5abe740000a7",
      "properties": {
        "id": "6dd055bc-153e-4b64-a89f-5abe740000a7",
        "names": null,
        "sources": [
          {
            "property": "",
            "dataset": "OpenStreetMap",
            "license": "ODbL-1.0",
            "record_id": "w327534048@2",
            "update_time": "2024-07-27T17:24:19.000Z",
            "confidence": null,
            "between": null,
            "provider": "osm",
            "resource": "planet",
            "version": "2026-09-06T00:00:00.000Z"
          }
        ],
        "level": null,
        "height": null,
        "min_height": null,
        "is_underground": false,
        "num_floors": null,
        "num_floors_underground": null,
        "min_floor": null,
        "subtype": "commercial",
        "class": "commercial",
        "facade_color": null,
        "facade_material": null,
        "roof_material": null,
        "roof_shape": null,
        "roof_direction": null,
        "roof_orientation": null,
        "roof_color": null,
        "roof_height": null,
        "has_parts": false,
        "version": 1,
        "bbox": {
          "xmin": 77.6042709350586,
          "xmax": 77.60446166992188,
          "ymin": 12.975526809692383,
          "ymax": 12.97565746307373
        },
        "review": {
          "google_temporal_height_estimate": {
            "year": 2023,
            "median_m": 8.0,
            "status": "estimated_not_measured_unapproved",
            "valid_pixel_fraction": 0.5126,
            "review_priority": "normal",
            "metadata_file": "data/processed/estimated_heights_metadata.json"
          }
        }
      },
      "geometry": {
        "type": "Polygon",
        "coordinates": [
          [
            [
              77.6042937,
              12.9756571
            ],
            [
              77.6042716,
              12.9755654
            ],
            [
              77.6044329,
              12.9755283
            ],
            [
              77.6044551,
              12.97562
            ],
            [
              77.6042937,
              12.9756571
            ]
          ]
        ]
      }
    },
    {
      "type": "Feature",
      "id": "84951d84-22c5-4b2f-bcfc-ea20aef417a8",
      "properties": {
        "id": "84951d84-22c5-4b2f-bcfc-ea20aef417a8",
        "names": {
          "primary": "Parisara Bhavan",
          "common": [
            [
              "kn",
              "ಪರಿಸರ ಭವನ"
            ]
          ],
          "rules": null
        },
        "sources": [
          {
            "property": "",
            "dataset": "OpenStreetMap",
            "license": "ODbL-1.0",
            "record_id": "w320711085@7",
            "update_time": "2026-08-18T13:20:50.000Z",
            "confidence": null,
            "between": null,
            "provider": "osm",
            "resource": "planet",
            "version": "2026-09-06T00:00:00.000Z"
          }
        ],
        "level": null,
        "height": null,
        "min_height": null,
        "is_underground": false,
        "num_floors": null,
        "num_floors_underground": null,
        "min_floor": null,
        "subtype": "commercial",
        "class": "office",
        "facade_color": null,
        "facade_material": null,
        "roof_material": null,
        "roof_shape": null,
        "roof_direction": null,
        "roof_orientation": null,
        "roof_color": null,
        "roof_height": null,
        "has_parts": false,
        "version": 3,
        "bbox": {
          "xmin": 77.60340881347656,
          "xmax": 77.60389709472656,
          "ymin": 12.975494384765625,
          "ymax": 12.975834846496582
        },
        "review": {
          "google_temporal_height_estimate": {
            "year": 2023,
            "median_m": 20.0,
            "status": "estimated_not_measured_unapproved",
            "valid_pixel_fraction": 0.8225,
            "review_priority": "normal",
            "metadata_file": "data/processed/estimated_heights_metadata.json"
          }
        }
      },
      "geometry": {
        "type": "Polygon",
        "coordinates": [
          [
            [
              77.6038309,
              12.9755464
            ],
            [
              77.6038856,
              12.9757274
            ],
            [
              77.6036444,
              12.9757965
            ],
            [
              77.6036415,
              12.9757872
            ],
            [
              77.6034763,
              12.9758346
            ],
            [
              77.6034118,
              12.9756211
            ],
            [
              77.6034391,
              12.9756133
            ],
            [
              77.6034173,
              12.975541
            ],
            [
              77.6035745,
              12.9754959
            ],
            [
              77.6035973,
              12.9755713
            ],
            [
              77.6036195,
              12.975565
            ],
            [
              77.6036312,
              12.9756037
            ],
            [
              77.6038309,
              12.9755464
            ]
          ]
        ]
      }
    },
    {
      "type": "Feature",
      "id": "271c0481-7f53-46a8-b9af-8b2b976ff134",
      "properties": {
        "id": "271c0481-7f53-46a8-b9af-8b2b976ff134",
        "names": {
          "primary": "CS Mansion",
          "common": null,
          "rules": null
        },
        "sources": [
          {
            "property": "",
            "dataset": "OpenStreetMap",
            "license": "ODbL-1.0",
            "record_id": "w323814306@4",
            "update_time": "2026-08-18T13:20:50.000Z",
            "confidence": null,
            "between": null,
            "provider": "osm",
            "resource": "planet",
            "version": "2026-09-06T00:00:00.000Z"
          }
        ],
        "level": null,
        "height": null,
        "min_height": null,
        "is_underground": false,
        "num_floors": 5,
        "num_floors_underground": null,
        "min_floor": null,
        "subtype": "commercial",
        "class": "commercial",
        "facade_color": null,
        "facade_material": null,
        "roof_material": null,
        "roof_shape": null,
        "roof_direction": null,
        "roof_orientation": null,
        "roof_color": null,
        "roof_height": null,
        "has_parts": false,
        "version": 3,
        "bbox": {
          "xmin": 77.60360717773438,
          "xmax": 77.60375213623047,
          "ymin": 12.975361824035645,
          "ymax": 12.975532531738281
        },
        "review": {
          "google_temporal_height_estimate": {
            "year": 2023,
            "median_m": 8.5,
            "status": "estimated_not_measured_unapproved",
            "valid_pixel_fraction": 0.8392,
            "review_priority": "high",
            "metadata_file": "data/processed/estimated_heights_metadata.json"
          }
        }
      },
      "geometry": {
        "type": "Polygon",
        "coordinates": [
          [
            [
              77.6037453,
              12.9755056
            ],
            [
              77.603649,
              12.9755311
            ],
            [
              77.603609,
              12.9753877
            ],
            [
              77.6037053,
              12.9753621
            ],
            [
              77.6037453,
              12.9755056
            ]
          ]
        ]
      }
    },
    {
      "type": "Feature",
      "id": "f8189f1a-d23e-42c7-94b1-8a27a3af94ff",
      "properties": {
        "id": "f8189f1a-d23e-42c7-94b1-8a27a3af94ff",
        "names": null,
        "sources": [
          {
            "property": "",
            "dataset": "OpenStreetMap",
            "license": "ODbL-1.0",
            "record_id": "w323814315@4",
            "update_time": "2026-08-18T13:20:50.000Z",
            "confidence": null,
            "between": null,
            "provider": "osm",
            "resource": "planet",
            "version": "2026-09-06T00:00:00.000Z"
          }
        ],
        "level": null,
        "height": null,
        "min_height": null,
        "is_underground": false,
        "num_floors": 5,
        "num_floors_underground": null,
        "min_floor": null,
        "subtype": "commercial",
        "class": "commercial",
        "facade_color": null,
        "facade_material": null,
        "roof_material": null,
        "roof_shape": null,
        "roof_direction": null,
        "roof_orientation": null,
        "roof_color": null,
        "roof_height": null,
        "has_parts": false,
        "version": 3,
        "bbox": {
          "xmin": 77.60371398925781,
          "xmax": 77.60388946533203,
          "ymin": 12.97532844543457,
          "ymax": 12.975504875183105
        },
        "review": {
          "google_temporal_height_estimate": {
            "year": 2023,
            "median_m": 10.5,
            "status": "estimated_not_measured_unapproved",
            "valid_pixel_fraction": 0.833,
            "review_priority": "high",
            "metadata_file": "data/processed/estimated_heights_metadata.json"
          }
        }
      },
      "geometry": {
        "type": "Polygon",
        "coordinates": [
          [
            [
              77.6038834,
              12.9754726
            ],
            [
              77.6037647,
              12.9755034
            ],
            [
              77.6037258,
              12.9753609
            ],
            [
              77.6038445,
              12.9753301
            ],
            [
              77.6038834,
              12.9754726
            ]
          ]
        ]
      }
    },
    {
      "type": "Feature",
      "id": "00353717-5a82-4398-bec4-caaec5a68a7a",
      "properties": {
        "id": "00353717-5a82-4398-bec4-caaec5a68a7a",
        "names": {
          "primary": "Citi Centre",
          "common": null,
          "rules": null
        },
        "sources": [
          {
            "property": "",
            "dataset": "OpenStreetMap",
            "license": "ODbL-1.0",
            "record_id": "w327553597@3",
            "update_time": "2024-07-27T17:24:19.000Z",
            "confidence": null,
            "between": null,
            "provider": "osm",
            "resource": "planet",
            "version": "2026-09-06T00:00:00.000Z"
          }
        ],
        "level": null,
        "height": null,
        "min_height": null,
        "is_underground": false,
        "num_floors": 3,
        "num_floors_underground": null,
        "min_floor": null,
        "subtype": "commercial",
        "class": "commercial",
        "facade_color": null,
        "facade_material": null,
        "roof_material": null,
        "roof_shape": null,
        "roof_direction": null,
        "roof_orientation": null,
        "roof_color": null,
        "roof_height": null,
        "has_parts": false,
        "version": 1,
        "bbox": {
          "xmin": 77.60393524169922,
          "xmax": 77.60408782958984,
          "ymin": 12.974931716918945,
          "ymax": 12.975141525268555
        },
        "review": {
          "google_temporal_height_estimate": {
            "year": 2023,
            "median_m": 11.0,
            "status": "estimated_not_measured_unapproved",
            "valid_pixel_fraction": 0.9926,
            "review_priority": "normal",
            "metadata_file": "data/processed/estimated_heights_metadata.json"
          }
        }
      },
      "geometry": {
        "type": "Polygon",
        "coordinates": [
          [
            [
              77.6040539,
              12.9749336
            ],
            [
              77.604085,
              12.9751234
            ],
            [
              77.60397,
              12.9751414
            ],
            [
              77.6039388,
              12.9749515
            ],
            [
              77.6040539,
              12.9749336
            ]
          ]
        ]
      }
    },
    {
      "type": "Feature",
      "id": "2e3d5556-456b-4721-9909-3a277221234d",
      "properties": {
        "id": "2e3d5556-456b-4721-9909-3a277221234d",
        "names": {
          "primary": "Church's Inn",
          "common": null,
          "rules": null
        },
        "sources": [
          {
            "property": "",
            "dataset": "OpenStreetMap",
            "license": "ODbL-1.0",
            "record_id": "w327553595@3",
            "update_time": "2024-07-27T17:24:19.000Z",
            "confidence": null,
            "between": null,
            "provider": "osm",
            "resource": "planet",
            "version": "2026-09-06T00:00:00.000Z"
          }
        ],
        "level": null,
        "height": null,
        "min_height": null,
        "is_underground": false,
        "num_floors": 4,
        "num_floors_underground": null,
        "min_floor": null,
        "subtype": "commercial",
        "class": "hotel",
        "facade_color": null,
        "facade_material": null,
        "roof_material": null,
        "roof_shape": null,
        "roof_direction": null,
        "roof_orientation": null,
        "roof_color": null,
        "roof_height": null,
        "has_parts": false,
        "version": 1,
        "bbox": {
          "xmin": 77.60381317138672,
          "xmax": 77.60397338867188,
          "ymin": 12.974953651428223,
          "ymax": 12.975173950195312
        },
        "review": {
          "google_temporal_height_estimate": {
            "year": 2023,
            "median_m": 9.0,
            "status": "estimated_not_measured_unapproved",
            "valid_pixel_fraction": 0.7556,
            "review_priority": "normal",
            "metadata_file": "data/processed/estimated_heights_metadata.json"
          }
        }
      },
      "geometry": {
        "type": "Polygon",
        "coordinates": [
          [
            [
              77.603928,
              12.9749554
            ],
            [
              77.6039678,
              12.9751513
            ],
            [
              77.6038586,
              12.9751723
            ],
            [
              77.6038189,
              12.9749764
            ],
            [
              77.603928,
              12.9749554
            ]
          ]
        ]
      }
    },
    {
      "type": "Feature",
      "id": "68c9c321-4cca-47ae-a88b-2fd3d5322011",
      "properties": {
        "id": "68c9c321-4cca-47ae-a88b-2fd3d5322011",
        "names": null,
        "sources": [
          {
            "property": "",
            "dataset": "OpenStreetMap",
            "license": "ODbL-1.0",
            "record_id": "w1304116272@1",
            "update_time": "2024-07-27T17:24:19.000Z",
            "confidence": null,
            "between": null,
            "provider": "osm",
            "resource": "planet",
            "version": "2026-09-06T00:00:00.000Z"
          }
        ],
        "level": null,
        "height": null,
        "min_height": null,
        "is_underground": false,
        "num_floors": 4,
        "num_floors_underground": null,
        "min_floor": null,
        "subtype": "commercial",
        "class": "commercial",
        "facade_color": null,
        "facade_material": null,
        "roof_material": null,
        "roof_shape": null,
        "roof_direction": null,
        "roof_orientation": null,
        "roof_color": null,
        "roof_height": null,
        "has_parts": false,
        "version": 1,
        "bbox": {
          "xmin": 77.60365295410156,
          "xmax": 77.60377502441406,
          "ymin": 12.975024223327637,
          "ymax": 12.975208282470703
        },
        "review": {
          "google_temporal_height_estimate": {
            "year": 2023,
            "median_m": 8.0,
            "status": "estimated_not_measured_unapproved",
            "valid_pixel_fraction": 0.9346,
            "review_priority": "normal",
            "metadata_file": "data/processed/estimated_heights_metadata.json"
          }
        }
      },
      "geometry": {
        "type": "Polygon",
        "coordinates": [
          [
            [
              77.6037364,
              12.9750247
            ],
            [
              77.6037746,
              12.9751911
            ],
            [
              77.6037034,
              12.9752066
            ],
            [
              77.6036653,
              12.9750402
            ],
            [
              77.6037364,
              12.9750247
            ]
          ]
        ]
      }
    },
    {
      "type": "Feature",
      "id": "661e1603-1d8b-4604-8ee4-40419faf2248",
      "properties": {
        "id": "661e1603-1d8b-4604-8ee4-40419faf2248",
        "names": null,
        "sources": [
          {
            "property": "",
            "dataset": "OpenStreetMap",
            "license": "ODbL-1.0",
            "record_id": "w327553605@2",
            "update_time": "2024-07-27T17:24:19.000Z",
            "confidence": null,
            "between": null,
            "provider": "osm",
            "resource": "planet",
            "version": "2026-09-06T00:00:00.000Z"
          }
        ],
        "level": null,
        "height": null,
        "min_height": null,
        "is_underground": false,
        "num_floors": 4,
        "num_floors_underground": null,
        "min_floor": null,
        "subtype": "commercial",
        "class": "commercial",
        "facade_color": null,
        "facade_material": null,
        "roof_material": null,
        "roof_shape": null,
        "roof_direction": null,
        "roof_orientation": null,
        "roof_color": null,
        "roof_height": null,
        "has_parts": false,
        "version": 1,
        "bbox": {
          "xmin": 77.60362243652344,
          "xmax": 77.60386657714844,
          "ymin": 12.974822998046875,
          "ymax": 12.975191116333008
        },
        "review": {
          "google_temporal_height_estimate": {
            "year": 2023,
            "median_m": 8.0,
            "status": "estimated_not_measured_unapproved",
            "valid_pixel_fraction": 0.8931,
            "review_priority": "normal",
            "metadata_file": "data/processed/estimated_heights_metadata.json"
          }
        }
      },
      "geometry": {
        "type": "Polygon",
        "coordinates": [
          [
            [
              77.6038538,
              12.9751738
            ],
            [
              77.6037746,
              12.9751911
            ],
            [
              77.6037364,
              12.9750247
            ],
            [
              77.6037147,
              12.9749302
            ],
            [
              77.6036488,
              12.9749446
            ],
            [
              77.6036282,
              12.9748548
            ],
            [
              77.6037734,
              12.9748231
            ],
            [
              77.6038538,
              12.9751738
            ]
          ]
        ]
      }
    },
    {
      "type": "Feature",
      "id": "e56d1886-0152-4178-b30f-f8917227c717",
      "properties": {
        "id": "e56d1886-0152-4178-b30f-f8917227c717",
        "names": null,
        "sources": [
          {
            "property": "",
            "dataset": "OpenStreetMap",
            "license": "ODbL-1.0",
            "record_id": "w327553592@2",
            "update_time": "2026-08-18T13:20:50.000Z",
            "confidence": null,
            "between": null,
            "provider": "osm",
            "resource": "planet",
            "version": "2026-09-06T00:00:00.000Z"
          }
        ],
        "level": null,
        "height": null,
        "min_height": null,
        "is_underground": false,
        "num_floors": null,
        "num_floors_underground": null,
        "min_floor": null,
        "subtype": null,
        "class": null,
        "facade_color": null,
        "facade_material": null,
        "roof_material": null,
        "roof_shape": null,
        "roof_direction": null,
        "roof_orientation": null,
        "roof_color": null,
        "roof_height": null,
        "has_parts": false,
        "version": 2,
        "bbox": {
          "xmin": 77.60369110107422,
          "xmax": 77.60399627685547,
          "ymin": 12.974661827087402,
          "ymax": 12.974800109863281
        },
        "review": {
          "google_temporal_height_estimate": {
            "year": 2023,
            "median_m": 5.5,
            "status": "estimated_not_measured_unapproved",
            "valid_pixel_fraction": 0.8162,
            "review_priority": "normal",
            "metadata_file": "data/processed/estimated_heights_metadata.json"
          }
        }
      },
      "geometry": {
        "type": "Polygon",
        "coordinates": [
          [
            [
              77.6036945,
              12.9746729
            ],
            [
              77.6039923,
              12.9746636
            ],
            [
              77.6039957,
              12.9747645
            ],
            [
              77.6039422,
              12.9747662
            ],
            [
              77.6039426,
              12.9747764
            ],
            [
              77.6038759,
              12.9747784
            ],
            [
              77.6038761,
              12.974785
            ],
            [
              77.6038212,
              12.9747868
            ],
            [
              77.6038215,
              12.974796
            ],
            [
              77.6036988,
              12.9747999
            ],
            [
              77.6036945,
              12.9746729
            ]
          ]
        ]
      }
    },
    {
      "type": "Feature",
      "id": "c67f3ab1-bf8e-432d-80cc-60560b9584ca",
      "properties": {
        "id": "c67f3ab1-bf8e-432d-80cc-60560b9584ca",
        "names": null,
        "sources": [
          {
            "property": "",
            "dataset": "OpenStreetMap",
            "license": "ODbL-1.0",
            "record_id": "w1304116267@2",
            "update_time": "2026-08-18T13:20:50.000Z",
            "confidence": null,
            "between": null,
            "provider": "osm",
            "resource": "planet",
            "version": "2026-09-06T00:00:00.000Z"
          }
        ],
        "level": null,
        "height": null,
        "min_height": null,
        "is_underground": false,
        "num_floors": null,
        "num_floors_underground": null,
        "min_floor": null,
        "subtype": null,
        "class": null,
        "facade_color": null,
        "facade_material": null,
        "roof_material": null,
        "roof_shape": null,
        "roof_direction": null,
        "roof_orientation": null,
        "roof_color": null,
        "roof_height": null,
        "has_parts": false,
        "version": 1,
        "bbox": {
          "xmin": 77.60387420654297,
          "xmax": 77.60404968261719,
          "ymin": 12.974772453308105,
          "ymax": 12.974919319152832
        },
        "review": {
          "google_temporal_height_estimate": {
            "year": 2023,
            "median_m": 8.0,
            "status": "estimated_not_measured_unapproved",
            "valid_pixel_fraction": 0.9099,
            "review_priority": "normal",
            "metadata_file": "data/processed/estimated_heights_metadata.json"
          }
        }
      },
      "geometry": {
        "type": "Polygon",
        "coordinates": [
          [
            [
              77.6040463,
              12.9748944
            ],
            [
              77.6038988,
              12.9749192
            ],
            [
              77.6038772,
              12.9747976
            ],
            [
              77.6040248,
              12.9747728
            ],
            [
              77.6040463,
              12.9748944
            ]
          ]
        ]
      }
    },
    {
      "type": "Feature",
      "id": "f2c93ce0-61dd-44f1-84c8-f9758dc235ed",
      "properties": {
        "id": "f2c93ce0-61dd-44f1-84c8-f9758dc235ed",
        "names": null,
        "sources": [
          {
            "property": "",
            "dataset": "OpenStreetMap",
            "license": "ODbL-1.0",
            "record_id": "w328747362@2",
            "update_time": "2024-07-27T17:24:19.000Z",
            "confidence": null,
            "between": null,
            "provider": "osm",
            "resource": "planet",
            "version": "2026-09-06T00:00:00.000Z"
          }
        ],
        "level": null,
        "height": null,
        "min_height": null,
        "is_underground": false,
        "num_floors": null,
        "num_floors_underground": null,
        "min_floor": null,
        "subtype": null,
        "class": null,
        "facade_color": null,
        "facade_material": null,
        "roof_material": null,
        "roof_shape": null,
        "roof_direction": null,
        "roof_orientation": null,
        "roof_color": null,
        "roof_height": null,
        "has_parts": false,
        "version": 1,
        "bbox": {
          "xmin": 77.60413360595703,
          "xmax": 77.60429382324219,
          "ymin": 12.974677085876465,
          "ymax": 12.974881172180176
        },
        "review": {
          "google_temporal_height_estimate": {
            "year": 2023,
            "median_m": 6.5,
            "status": "estimated_not_measured_unapproved",
            "valid_pixel_fraction": 0.5525,
            "review_priority": "normal",
            "metadata_file": "data/processed/estimated_heights_metadata.json"
          }
        }
      },
      "geometry": {
        "type": "Polygon",
        "coordinates": [
          [
            [
              77.6041577,
              12.9748808
            ],
            [
              77.6041373,
              12.974723
            ],
            [
              77.6041834,
              12.9747174
            ],
            [
              77.6041799,
              12.9746902
            ],
            [
              77.6042728,
              12.9746788
            ],
            [
              77.6042928,
              12.9748341
            ],
            [
              77.6042305,
              12.9748418
            ],
            [
              77.6042343,
              12.9748714
            ],
            [
              77.6041577,
              12.9748808
            ]
          ]
        ]
      }
    },
    {
      "type": "Feature",
      "id": "539d7422-aef4-469c-a965-f0aa7fb7bd8d",
      "properties": {
        "id": "539d7422-aef4-469c-a965-f0aa7fb7bd8d",
        "names": null,
        "sources": [
          {
            "property": "",
            "dataset": "OpenStreetMap",
            "license": "ODbL-1.0",
            "record_id": "w1035320472@2",
            "update_time": "2025-01-11T17:28:34.000Z",
            "confidence": null,
            "between": null,
            "provider": "osm",
            "resource": "planet",
            "version": "2026-09-06T00:00:00.000Z"
          }
        ],
        "level": null,
        "height": null,
        "min_height": null,
        "is_underground": false,
        "num_floors": null,
        "num_floors_underground": null,
        "min_floor": null,
        "subtype": "residential",
        "class": "house",
        "facade_color": null,
        "facade_material": null,
        "roof_material": null,
        "roof_shape": null,
        "roof_direction": null,
        "roof_orientation": null,
        "roof_color": null,
        "roof_height": null,
        "has_parts": false,
        "version": 1,
        "bbox": {
          "xmin": 77.60419464111328,
          "xmax": 77.60430908203125,
          "ymin": 12.9749116897583,
          "ymax": 12.975075721740723
        },
        "review": {
          "google_temporal_height_estimate": {
            "year": 2023,
            "median_m": 6.0,
            "status": "estimated_not_measured_unapproved",
            "valid_pixel_fraction": 0.3654,
            "review_priority": "high",
            "metadata_file": "data/processed/estimated_heights_metadata.json"
          }
        }
      },
      "geometry": {
        "type": "Polygon",
        "coordinates": [
          [
            [
              77.6042061,
              12.974923
            ],
            [
              77.6042822,
              12.9749117
            ],
            [
              77.6043059,
              12.9750645
            ],
            [
              77.6042298,
              12.9750757
            ],
            [
              77.6042061,
              12.974923
            ]
          ]
        ]
      }
    },
    {
      "type": "Feature",
      "id": "65d0175e-5fe0-42de-a955-fff258f4c6c8",
      "properties": {
        "id": "65d0175e-5fe0-42de-a955-fff258f4c6c8",
        "names": null,
        "sources": [
          {
            "property": "",
            "dataset": "OpenStreetMap",
            "license": "ODbL-1.0",
            "record_id": "w1119219759@2",
            "update_time": "2023-09-24T13:34:21.000Z",
            "confidence": null,
            "between": null,
            "provider": "osm",
            "resource": "planet",
            "version": "2026-09-06T00:00:00.000Z"
          }
        ],
        "level": null,
        "height": null,
        "min_height": null,
        "is_underground": false,
        "num_floors": 3,
        "num_floors_underground": 1,
        "min_floor": null,
        "subtype": "commercial",
        "class": "commercial",
        "facade_color": null,
        "facade_material": null,
        "roof_material": null,
        "roof_shape": null,
        "roof_direction": null,
        "roof_orientation": null,
        "roof_color": null,
        "roof_height": null,
        "has_parts": false,
        "version": 1,
        "bbox": {
          "xmin": 77.6043472290039,
          "xmax": 77.60462951660156,
          "ymin": 12.974639892578125,
          "ymax": 12.97504711151123
        },
        "review": {
          "google_temporal_height_estimate": {
            "year": 2023,
            "median_m": 18.5,
            "status": "estimated_not_measured_unapproved",
            "valid_pixel_fraction": 0.4942,
            "review_priority": "high",
            "metadata_file": "data/processed/estimated_heights_metadata.json"
          }
        }
      },
      "geometry": {
        "type": "Polygon",
        "coordinates": [
          [
            [
              77.6045315,
              12.9746416
            ],
            [
              77.6046285,
              12.974982
            ],
            [
              77.6043881,
              12.975047
            ],
            [
              77.6043474,
              12.9746936
            ],
            [
              77.6045315,
              12.9746416
            ]
          ]
        ]
      }
    },
    {
      "type": "Feature",
      "id": "ef5d616d-eab5-4d91-8ed5-af5fbbff9a09",
      "properties": {
        "id": "ef5d616d-eab5-4d91-8ed5-af5fbbff9a09",
        "names": null,
        "sources": [
          {
            "property": "",
            "dataset": "OpenStreetMap",
            "license": "ODbL-1.0",
            "record_id": "w328747356@3",
            "update_time": "2025-01-11T17:28:34.000Z",
            "confidence": null,
            "between": null,
            "provider": "osm",
            "resource": "planet",
            "version": "2026-09-06T00:00:00.000Z"
          }
        ],
        "level": null,
        "height": null,
        "min_height": null,
        "is_underground": false,
        "num_floors": null,
        "num_floors_underground": null,
        "min_floor": null,
        "subtype": "residential",
        "class": "apartments",
        "facade_color": null,
        "facade_material": null,
        "roof_material": null,
        "roof_shape": null,
        "roof_direction": null,
        "roof_orientation": null,
        "roof_color": null,
        "roof_height": null,
        "has_parts": false,
        "version": 1,
        "bbox": {
          "xmin": 77.60424041748047,
          "xmax": 77.60454559326172,
          "ymin": 12.974365234375,
          "ymax": 12.974624633789062
        },
        "review": {
          "google_temporal_height_estimate": {
            "year": 2023,
            "median_m": 19.0,
            "status": "estimated_not_measured_unapproved",
            "valid_pixel_fraction": 0.7152,
            "review_priority": "normal",
            "metadata_file": "data/processed/estimated_heights_metadata.json"
          }
        }
      },
      "geometry": {
        "type": "Polygon",
        "coordinates": [
          [
            [
              77.604534,
              12.9745646
            ],
            [
              77.6043011,
              12.9746245
            ],
            [
              77.6042473,
              12.9744256
            ],
            [
              77.6044802,
              12.9743657
            ],
            [
              77.604534,
              12.9745646
            ]
          ]
        ]
      }
    },
    {
      "type": "Feature",
      "id": "bc1f849d-1a35-4ce1-90a6-8aacb167ee39",
      "properties": {
        "id": "bc1f849d-1a35-4ce1-90a6-8aacb167ee39",
        "names": null,
        "sources": [
          {
            "property": "",
            "dataset": "OpenStreetMap",
            "license": "ODbL-1.0",
            "record_id": "w1224538509@1",
            "update_time": "2023-11-16T17:06:35.000Z",
            "confidence": null,
            "between": null,
            "provider": "osm",
            "resource": "planet",
            "version": "2026-09-06T00:00:00.000Z"
          }
        ],
        "level": null,
        "height": null,
        "min_height": null,
        "is_underground": false,
        "num_floors": null,
        "num_floors_underground": null,
        "min_floor": null,
        "subtype": null,
        "class": null,
        "facade_color": null,
        "facade_material": null,
        "roof_material": null,
        "roof_shape": null,
        "roof_direction": null,
        "roof_orientation": null,
        "roof_color": null,
        "roof_height": null,
        "has_parts": false,
        "version": 1,
        "bbox": {
          "xmin": 77.60411071777344,
          "xmax": 77.60426330566406,
          "ymin": 12.974432945251465,
          "ymax": 12.974637031555176
        },
        "review": {
          "google_temporal_height_estimate": {
            "year": 2023,
            "median_m": 7.5,
            "status": "estimated_not_measured_unapproved",
            "valid_pixel_fraction": 0.7926,
            "review_priority": "normal",
            "metadata_file": "data/processed/estimated_heights_metadata.json"
          }
        }
      },
      "geometry": {
        "type": "Polygon",
        "coordinates": [
          [
            [
              77.6042508,
              12.9746147
            ],
            [
              77.6041563,
              12.9746369
            ],
            [
              77.6041118,
              12.9744569
            ],
            [
              77.6042063,
              12.9744347
            ],
            [
              77.6042508,
              12.9746147
            ]
          ]
        ]
      }
    },
    {
      "type": "Feature",
      "id": "4c9f7fdb-f180-4126-b49b-e7b28765737d",
      "properties": {
        "id": "4c9f7fdb-f180-4126-b49b-e7b28765737d",
        "names": null,
        "sources": [
          {
            "property": "",
            "dataset": "Google Open Buildings",
            "license": null,
            "record_id": "7J4VXJF3+PMR6",
            "update_time": "2023-05-01T00:00:00.000Z",
            "confidence": 0.8266,
            "between": null,
            "provider": "google",
            "resource": "open_buildings",
            "version": "2024-04-16"
          }
        ],
        "level": null,
        "height": null,
        "min_height": null,
        "is_underground": false,
        "num_floors": null,
        "num_floors_underground": null,
        "min_floor": null,
        "subtype": null,
        "class": null,
        "facade_color": null,
        "facade_material": null,
        "roof_material": null,
        "roof_shape": null,
        "roof_direction": null,
        "roof_orientation": null,
        "roof_color": null,
        "roof_height": null,
        "has_parts": false,
        "version": 1,
        "bbox": {
          "xmin": 77.60411071777344,
          "xmax": 77.60415649414062,
          "ymin": 12.974320411682129,
          "ymax": 12.97439956665039
        },
        "review": {
          "google_temporal_height_estimate": {
            "year": 2023,
            "median_m": 4.0,
            "status": "estimated_not_measured_unapproved",
            "valid_pixel_fraction": 0.2017,
            "review_priority": "high",
            "metadata_file": "data/processed/estimated_heights_metadata.json"
          }
        }
      },
      "geometry": {
        "type": "Polygon",
        "coordinates": [
          [
            [
              77.6041127,
              12.9743211
            ],
            [
              77.6041434,
              12.9743208
            ],
            [
              77.6041442,
              12.9743976
            ],
            [
              77.6041135,
              12.9743979
            ],
            [
              77.6041127,
              12.9743211
            ]
          ]
        ]
      }
    },
    {
      "type": "Feature",
      "id": "d4d722ff-30c0-485b-940d-d90820f04fc6",
      "properties": {
        "id": "d4d722ff-30c0-485b-940d-d90820f04fc6",
        "names": null,
        "sources": [
          {
            "property": "",
            "dataset": "OpenStreetMap",
            "license": "ODbL-1.0",
            "record_id": "w1207728414@2",
            "update_time": "2024-12-14T15:21:45.000Z",
            "confidence": null,
            "between": null,
            "provider": "osm",
            "resource": "planet",
            "version": "2026-09-06T00:00:00.000Z"
          }
        ],
        "level": null,
        "height": null,
        "min_height": null,
        "is_underground": false,
        "num_floors": null,
        "num_floors_underground": null,
        "min_floor": null,
        "subtype": null,
        "class": null,
        "facade_color": null,
        "facade_material": null,
        "roof_material": null,
        "roof_shape": null,
        "roof_direction": null,
        "roof_orientation": null,
        "roof_color": null,
        "roof_height": null,
        "has_parts": false,
        "version": 1,
        "bbox": {
          "xmin": 77.60414123535156,
          "xmax": 77.60438537597656,
          "ymin": 12.974040031433105,
          "ymax": 12.974270820617676
        },
        "review": {
          "google_temporal_height_estimate": {
            "year": 2023,
            "median_m": 6.5,
            "status": "estimated_not_measured_unapproved",
            "valid_pixel_fraction": 0.8427,
            "review_priority": "normal",
            "metadata_file": "data/processed/estimated_heights_metadata.json"
          }
        }
      },
      "geometry": {
        "type": "Polygon",
        "coordinates": [
          [
            [
              77.6042632,
              12.974269
            ],
            [
              77.6041533,
              12.9741834
            ],
            [
              77.6042696,
              12.9740415
            ],
            [
              77.6043795,
              12.9741271
            ],
            [
              77.6042632,
              12.974269
            ]
          ]
        ]
      }
    },
    {
      "type": "Feature",
      "id": "b0565044-cf8a-4295-ac8a-78ca571c32ee",
      "properties": {
        "id": "b0565044-cf8a-4295-ac8a-78ca571c32ee",
        "names": null,
        "sources": [
          {
            "property": "",
            "dataset": "OpenStreetMap",
            "license": "ODbL-1.0",
            "record_id": "w1224538503@1",
            "update_time": "2025-05-29T08:49:36.000Z",
            "confidence": null,
            "between": null,
            "provider": "osm",
            "resource": "planet",
            "version": "2026-09-06T00:00:00.000Z"
          }
        ],
        "level": null,
        "height": null,
        "min_height": null,
        "is_underground": false,
        "num_floors": null,
        "num_floors_underground": null,
        "min_floor": null,
        "subtype": null,
        "class": null,
        "facade_color": null,
        "facade_material": null,
        "roof_material": null,
        "roof_shape": null,
        "roof_direction": null,
        "roof_orientation": null,
        "roof_color": null,
        "roof_height": null,
        "has_parts": false,
        "version": 1,
        "bbox": {
          "xmin": 77.6041030883789,
          "xmax": 77.60417938232422,
          "ymin": 12.974218368530273,
          "ymax": 12.974294662475586
        },
        "review": {
          "google_temporal_height_estimate": {
            "year": 2023,
            "median_m": 5.0,
            "status": "estimated_not_measured_unapproved",
            "valid_pixel_fraction": 0.8509,
            "review_priority": "normal",
            "metadata_file": "data/processed/estimated_heights_metadata.json"
          }
        }
      },
      "geometry": {
        "type": "Polygon",
        "coordinates": [
          [
            [
              77.6041789,
              12.97429
            ],
            [
              77.6041121,
              12.9742929
            ],
            [
              77.6041089,
              12.9742216
            ],
            [
              77.6041757,
              12.9742187
            ],
            [
              77.6041789,
              12.97429
            ]
          ]
        ]
      }
    },
    {
      "type": "Feature",
      "id": "c3a51366-ad61-40f8-909e-c72d3f699092",
      "properties": {
        "id": "c3a51366-ad61-40f8-909e-c72d3f699092",
        "names": null,
        "sources": [
          {
            "property": "",
            "dataset": "OpenStreetMap",
            "license": "ODbL-1.0",
            "record_id": "w1224538507@2",
            "update_time": "2024-12-14T15:21:45.000Z",
            "confidence": null,
            "between": null,
            "provider": "osm",
            "resource": "planet",
            "version": "2026-09-06T00:00:00.000Z"
          }
        ],
        "level": null,
        "height": null,
        "min_height": null,
        "is_underground": false,
        "num_floors": null,
        "num_floors_underground": null,
        "min_floor": null,
        "subtype": null,
        "class": null,
        "facade_color": null,
        "facade_material": null,
        "roof_material": null,
        "roof_shape": null,
        "roof_direction": null,
        "roof_orientation": null,
        "roof_color": null,
        "roof_height": null,
        "has_parts": false,
        "version": 1,
        "bbox": {
          "xmin": 77.60433197021484,
          "xmax": 77.60440063476562,
          "ymin": 12.97395133972168,
          "ymax": 12.974103927612305
        },
        "review": {
          "google_temporal_height_estimate": {
            "year": 2023,
            "median_m": 4.5,
            "status": "estimated_not_measured_unapproved",
            "valid_pixel_fraction": 0.5797,
            "review_priority": "normal",
            "metadata_file": "data/processed/estimated_heights_metadata.json"
          }
        }
      },
      "geometry": {
        "type": "Polygon",
        "coordinates": [
          [
            [
              77.6043896,
              12.9741024
            ],
            [
              77.6043488,
              12.9741
            ],
            [
              77.6043524,
              12.9740422
            ],
            [
              77.60434,
              12.9740415
            ],
            [
              77.6043421,
              12.974009
            ],
            [
              77.6043347,
              12.9740086
            ],
            [
              77.6043382,
              12.9739516
            ],
            [
              77.6043987,
              12.9739552
            ],
            [
              77.6043896,
              12.9741024
            ]
          ]
        ]
      }
    },
    {
      "type": "Feature",
      "id": "963df15f-19f2-47fd-914d-7b80db9d335f",
      "properties": {
        "id": "963df15f-19f2-47fd-914d-7b80db9d335f",
        "names": null,
        "sources": [
          {
            "property": "",
            "dataset": "Microsoft ML Buildings",
            "license": "ODbL-1.0",
            "record_id": null,
            "update_time": null,
            "confidence": null,
            "between": null,
            "provider": "microsoft",
            "resource": "ml_buildings",
            "version": "2026-08-11"
          }
        ],
        "level": null,
        "height": null,
        "min_height": null,
        "is_underground": false,
        "num_floors": null,
        "num_floors_underground": null,
        "min_floor": null,
        "subtype": null,
        "class": null,
        "facade_color": null,
        "facade_material": null,
        "roof_material": null,
        "roof_shape": null,
        "roof_direction": null,
        "roof_orientation": null,
        "roof_color": null,
        "roof_height": null,
        "has_parts": false,
        "version": 4,
        "bbox": {
          "xmin": 77.60447692871094,
          "xmax": 77.60454559326172,
          "ymin": 12.974212646484375,
          "ymax": 12.97432804107666
        },
        "review": {
          "google_temporal_height_estimate": {
            "year": 2023,
            "median_m": 2.5,
            "status": "estimated_not_measured_unapproved",
            "valid_pixel_fraction": 0.0742,
            "review_priority": "high",
            "metadata_file": "data/processed/estimated_heights_metadata.json"
          }
        }
      },
      "geometry": {
        "type": "Polygon",
        "coordinates": [
          [
            [
              77.6044888,
              12.9742165
            ],
            [
              77.6045313,
              12.9742127
            ],
            [
              77.6045418,
              12.9743241
            ],
            [
              77.6044992,
              12.9743279
            ],
            [
              77.6044888,
              12.9742165
            ]
          ]
        ]
      }
    },
    {
      "type": "Feature",
      "id": "095f309c-d0f2-47f7-bbdf-5469e94bcc80",
      "properties": {
        "id": "095f309c-d0f2-47f7-bbdf-5469e94bcc80",
        "names": null,
        "sources": [
          {
            "property": "",
            "dataset": "OpenStreetMap",
            "license": "ODbL-1.0",
            "record_id": "w1224538506@1",
            "update_time": "2023-11-16T17:06:35.000Z",
            "confidence": null,
            "between": null,
            "provider": "osm",
            "resource": "planet",
            "version": "2026-09-06T00:00:00.000Z"
          }
        ],
        "level": null,
        "height": null,
        "min_height": null,
        "is_underground": false,
        "num_floors": null,
        "num_floors_underground": null,
        "min_floor": null,
        "subtype": null,
        "class": null,
        "facade_color": null,
        "facade_material": null,
        "roof_material": null,
        "roof_shape": null,
        "roof_direction": null,
        "roof_orientation": null,
        "roof_color": null,
        "roof_height": null,
        "has_parts": false,
        "version": 1,
        "bbox": {
          "xmin": 77.6043930053711,
          "xmax": 77.60450744628906,
          "ymin": 12.974092483520508,
          "ymax": 12.974193572998047
        },
        "review": {
          "google_temporal_height_estimate": {
            "year": 2023,
            "median_m": 6.0,
            "status": "estimated_not_measured_unapproved",
            "valid_pixel_fraction": 0.796,
            "review_priority": "normal",
            "metadata_file": "data/processed/estimated_heights_metadata.json"
          }
        }
      },
      "geometry": {
        "type": "Polygon",
        "coordinates": [
          [
            [
              77.6045003,
              12.9741919
            ],
            [
              77.604395,
              12.9741913
            ],
            [
              77.6043956,
              12.9740927
            ],
            [
              77.6045009,
              12.9740933
            ],
            [
              77.6045003,
              12.9741919
            ]
          ]
        ]
      }
    },
    {
      "type": "Feature",
      "id": "c8094181-bcb4-455f-9c93-ad93c0a6e20b",
      "properties": {
        "id": "c8094181-bcb4-455f-9c93-ad93c0a6e20b",
        "names": null,
        "sources": [
          {
            "property": "",
            "dataset": "OpenStreetMap",
            "license": "ODbL-1.0",
            "record_id": "w1224538504@1",
            "update_time": "2023-11-16T17:06:35.000Z",
            "confidence": null,
            "between": null,
            "provider": "osm",
            "resource": "planet",
            "version": "2026-09-06T00:00:00.000Z"
          }
        ],
        "level": null,
        "height": null,
        "min_height": null,
        "is_underground": false,
        "num_floors": null,
        "num_floors_underground": null,
        "min_floor": null,
        "subtype": null,
        "class": null,
        "facade_color": null,
        "facade_material": null,
        "roof_material": null,
        "roof_shape": null,
        "roof_direction": null,
        "roof_orientation": null,
        "roof_color": null,
        "roof_height": null,
        "has_parts": false,
        "version": 1,
        "bbox": {
          "xmin": 77.60459899902344,
          "xmax": 77.60469055175781,
          "ymin": 12.974056243896484,
          "ymax": 12.974184036254883
        },
        "review": {
          "google_temporal_height_estimate": {
            "year": 2023,
            "median_m": 5.0,
            "status": "estimated_not_measured_unapproved",
            "valid_pixel_fraction": 0.3738,
            "review_priority": "high",
            "metadata_file": "data/processed/estimated_heights_metadata.json"
          }
        }
      },
      "geometry": {
        "type": "Polygon",
        "coordinates": [
          [
            [
              77.6046844,
              12.9741819
            ],
            [
              77.6046006,
              12.9741824
            ],
            [
              77.6045997,
              12.9740582
            ],
            [
              77.6046836,
              12.9740577
            ],
            [
              77.6046844,
              12.9741819
            ]
          ]
        ]
      }
    },
    {
      "type": "Feature",
      "id": "53582359-2502-4195-b8ab-ce12f4c28961",
      "properties": {
        "id": "53582359-2502-4195-b8ab-ce12f4c28961",
        "names": null,
        "sources": [
          {
            "property": "",
            "dataset": "OpenStreetMap",
            "license": "ODbL-1.0",
            "record_id": "w1224538505@1",
            "update_time": "2023-11-16T17:06:35.000Z",
            "confidence": null,
            "between": null,
            "provider": "osm",
            "resource": "planet",
            "version": "2026-09-06T00:00:00.000Z"
          }
        ],
        "level": null,
        "height": null,
        "min_height": null,
        "is_underground": false,
        "num_floors": null,
        "num_floors_underground": null,
        "min_floor": null,
        "subtype": null,
        "class": null,
        "facade_color": null,
        "facade_material": null,
        "roof_material": null,
        "roof_shape": null,
        "roof_direction": null,
        "roof_orientation": null,
        "roof_color": null,
        "roof_height": null,
        "has_parts": false,
        "version": 1,
        "bbox": {
          "xmin": 77.60444641113281,
          "xmax": 77.60460662841797,
          "ymin": 12.973920822143555,
          "ymax": 12.97408390045166
        },
        "review": {
          "google_temporal_height_estimate": {
            "year": 2023,
            "median_m": 6.0,
            "status": "estimated_not_measured_unapproved",
            "valid_pixel_fraction": 0.6731,
            "review_priority": "normal",
            "metadata_file": "data/processed/estimated_heights_metadata.json"
          }
        }
      },
      "geometry": {
        "type": "Polygon",
        "coordinates": [
          [
            [
              77.6045948,
              12.9740821
            ],
            [
              77.6044594,
              12.9740821
            ],
            [
              77.6044594,
              12.9739227
            ],
            [
              77.6045948,
              12.9739227
            ],
            [
              77.6045948,
              12.9740821
            ]
          ]
        ]
      }
    },
    {
      "type": "Feature",
      "id": "1ce23b26-a7cb-4e98-a5cb-bf03f9d4986a",
      "properties": {
        "id": "1ce23b26-a7cb-4e98-a5cb-bf03f9d4986a",
        "names": {
          "primary": "Sterling Nowroji Crescent",
          "common": null,
          "rules": null
        },
        "sources": [
          {
            "property": "",
            "dataset": "OpenStreetMap",
            "license": "ODbL-1.0",
            "record_id": "w327589110@2",
            "update_time": "2023-10-23T12:27:17.000Z",
            "confidence": null,
            "between": null,
            "provider": "osm",
            "resource": "planet",
            "version": "2026-09-06T00:00:00.000Z"
          }
        ],
        "level": null,
        "height": null,
        "min_height": null,
        "is_underground": false,
        "num_floors": 4,
        "num_floors_underground": null,
        "min_floor": null,
        "subtype": "residential",
        "class": "apartments",
        "facade_color": null,
        "facade_material": null,
        "roof_material": null,
        "roof_shape": null,
        "roof_direction": null,
        "roof_orientation": null,
        "roof_color": null,
        "roof_height": null,
        "has_parts": false,
        "version": 1,
        "bbox": {
          "xmin": 77.6041030883789,
          "xmax": 77.60435485839844,
          "ymin": 12.973467826843262,
          "ymax": 12.973700523376465
        },
        "review": {
          "google_temporal_height_estimate": {
            "year": 2023,
            "median_m": 10.0,
            "status": "estimated_not_measured_unapproved",
            "valid_pixel_fraction": 0.7386,
            "review_priority": "normal",
            "metadata_file": "data/processed/estimated_heights_metadata.json"
          }
        }
      },
      "geometry": {
        "type": "Polygon",
        "coordinates": [
          [
            [
              77.6043306,
              12.9737001
            ],
            [
              77.6041153,
              12.9736837
            ],
            [
              77.6041324,
              12.9734696
            ],
            [
              77.6043478,
              12.973486
            ],
            [
              77.6043306,
              12.9737001
            ]
          ]
        ]
      }
    },
    {
      "type": "Feature",
      "id": "7d827240-f61e-411d-a9d9-b04f9e3a5be4",
      "properties": {
        "id": "7d827240-f61e-411d-a9d9-b04f9e3a5be4",
        "names": null,
        "sources": [
          {
            "property": "",
            "dataset": "OpenStreetMap",
            "license": "ODbL-1.0",
            "record_id": "w327589091@2",
            "update_time": "2024-08-19T06:41:30.000Z",
            "confidence": null,
            "between": null,
            "provider": "osm",
            "resource": "planet",
            "version": "2026-09-06T00:00:00.000Z"
          }
        ],
        "level": null,
        "height": null,
        "min_height": null,
        "is_underground": false,
        "num_floors": null,
        "num_floors_underground": null,
        "min_floor": null,
        "subtype": "residential",
        "class": "house",
        "facade_color": null,
        "facade_material": null,
        "roof_material": null,
        "roof_shape": null,
        "roof_direction": null,
        "roof_orientation": null,
        "roof_color": null,
        "roof_height": null,
        "has_parts": false,
        "version": 1,
        "bbox": {
          "xmin": 77.60408020019531,
          "xmax": 77.60420989990234,
          "ymin": 12.973706245422363,
          "ymax": 12.973822593688965
        },
        "review": {
          "google_temporal_height_estimate": {
            "year": 2023,
            "median_m": 6.0,
            "status": "estimated_not_measured_unapproved",
            "valid_pixel_fraction": 0.8362,
            "review_priority": "normal",
            "metadata_file": "data/processed/estimated_heights_metadata.json"
          }
        }
      },
      "geometry": {
        "type": "Polygon",
        "coordinates": [
          [
            [
              77.6041976,
              12.973821
            ],
            [
              77.604093,
              12.9738124
            ],
            [
              77.6041019,
              12.9737078
            ],
            [
              77.6042065,
              12.9737163
            ],
            [
              77.6041976,
              12.973821
            ]
          ]
        ]
      }
    },
    {
      "type": "Feature",
      "id": "c5bc75ca-d1a0-48db-8741-b993b1b07099",
      "properties": {
        "id": "c5bc75ca-d1a0-48db-8741-b993b1b07099",
        "names": null,
        "sources": [
          {
            "property": "",
            "dataset": "OpenStreetMap",
            "license": "ODbL-1.0",
            "record_id": "w327589079@1",
            "update_time": "2023-10-23T12:27:17.000Z",
            "confidence": null,
            "between": null,
            "provider": "osm",
            "resource": "planet",
            "version": "2026-09-06T00:00:00.000Z"
          }
        ],
        "level": null,
        "height": null,
        "min_height": null,
        "is_underground": false,
        "num_floors": null,
        "num_floors_underground": null,
        "min_floor": null,
        "subtype": null,
        "class": null,
        "facade_color": null,
        "facade_material": null,
        "roof_material": null,
        "roof_shape": null,
        "roof_direction": null,
        "roof_orientation": null,
        "roof_color": null,
        "roof_height": null,
        "has_parts": false,
        "version": 1,
        "bbox": {
          "xmin": 77.60380554199219,
          "xmax": 77.60403442382812,
          "ymin": 12.973808288574219,
          "ymax": 12.973937034606934
        },
        "review": {
          "google_temporal_height_estimate": {
            "year": 2023,
            "median_m": 9.0,
            "status": "estimated_not_measured_unapproved",
            "valid_pixel_fraction": 0.7245,
            "review_priority": "normal",
            "metadata_file": "data/processed/estimated_heights_metadata.json"
          }
        }
      },
      "geometry": {
        "type": "Polygon",
        "coordinates": [
          [
            [
              77.6038176,
              12.9738872
            ],
            [
              77.6038343,
              12.97381
            ],
            [
              77.6040338,
              12.973851
            ],
            [
              77.6040339,
              12.9739354
            ],
            [
              77.6038176,
              12.9738872
            ]
          ]
        ]
      }
    },
    {
      "type": "Feature",
      "id": "6df2ba37-25ad-404c-a968-f7b2bc783f25",
      "properties": {
        "id": "6df2ba37-25ad-404c-a968-f7b2bc783f25",
        "names": null,
        "sources": [
          {
            "property": "",
            "dataset": "OpenStreetMap",
            "license": "ODbL-1.0",
            "record_id": "w319452867@3",
            "update_time": "2024-08-13T04:08:56.000Z",
            "confidence": null,
            "between": null,
            "provider": "osm",
            "resource": "planet",
            "version": "2026-09-06T00:00:00.000Z"
          }
        ],
        "level": null,
        "height": null,
        "min_height": null,
        "is_underground": false,
        "num_floors": 4,
        "num_floors_underground": null,
        "min_floor": null,
        "subtype": "residential",
        "class": "apartments",
        "facade_color": null,
        "facade_material": null,
        "roof_material": null,
        "roof_shape": null,
        "roof_direction": null,
        "roof_orientation": null,
        "roof_color": null,
        "roof_height": null,
        "has_parts": false,
        "version": 1,
        "bbox": {
          "xmin": 77.6036605834961,
          "xmax": 77.6041030883789,
          "ymin": 12.97317123413086,
          "ymax": 12.973770141601562
        },
        "review": {
          "google_temporal_height_estimate": {
            "year": 2023,
            "median_m": 10.5,
            "status": "estimated_not_measured_unapproved",
            "valid_pixel_fraction": 0.9273,
            "review_priority": "normal",
            "metadata_file": "data/processed/estimated_heights_metadata.json"
          }
        }
      },
      "geometry": {
        "type": "Polygon",
        "coordinates": [
          [
            [
              77.6040506,
              12.9737699
            ],
            [
              77.6037865,
              12.9737485
            ],
            [
              77.6038033,
              12.9735523
            ],
            [
              77.6036679,
              12.9735413
            ],
            [
              77.6036824,
              12.9733717
            ],
            [
              77.6038227,
              12.9733831
            ],
            [
              77.6038407,
              12.973173
            ],
            [
              77.6040999,
              12.9731941
            ],
            [
              77.6040506,
              12.9737699
            ]
          ]
        ]
      }
    },
    {
      "type": "Feature",
      "id": "5522bab2-82ea-45fc-b26a-5dbc05a632cd",
      "properties": {
        "id": "5522bab2-82ea-45fc-b26a-5dbc05a632cd",
        "names": null,
        "sources": [
          {
            "property": "",
            "dataset": "OpenStreetMap",
            "license": "ODbL-1.0",
            "record_id": "w327589088@1",
            "update_time": "2025-01-11T17:28:34.000Z",
            "confidence": null,
            "between": null,
            "provider": "osm",
            "resource": "planet",
            "version": "2026-09-06T00:00:00.000Z"
          }
        ],
        "level": null,
        "height": null,
        "min_height": null,
        "is_underground": false,
        "num_floors": null,
        "num_floors_underground": null,
        "min_floor": null,
        "subtype": null,
        "class": null,
        "facade_color": null,
        "facade_material": null,
        "roof_material": null,
        "roof_shape": null,
        "roof_direction": null,
        "roof_orientation": null,
        "roof_color": null,
        "roof_height": null,
        "has_parts": false,
        "version": 1,
        "bbox": {
          "xmin": 77.60359954833984,
          "xmax": 77.60377502441406,
          "ymin": 12.973763465881348,
          "ymax": 12.973872184753418
        },
        "review": {
          "google_temporal_height_estimate": {
            "year": 2023,
            "median_m": 6.0,
            "status": "estimated_not_measured_unapproved",
            "valid_pixel_fraction": 0.6468,
            "review_priority": "normal",
            "metadata_file": "data/processed/estimated_heights_metadata.json"
          }
        }
      },
      "geometry": {
        "type": "Polygon",
        "coordinates": [
          [
            [
              77.6036113,
              12.9738425
            ],
            [
              77.6036279,
              12.9737635
            ],
            [
              77.6037684,
              12.9737916
            ],
            [
              77.6037518,
              12.9738706
            ],
            [
              77.6036113,
              12.9738425
            ]
          ]
        ]
      }
    },
    {
      "type": "Feature",
      "id": "80e70298-7b08-4f0d-8fbb-6b562bf4b697",
      "properties": {
        "id": "80e70298-7b08-4f0d-8fbb-6b562bf4b697",
        "names": {
          "primary": "Mateen Manzil",
          "common": null,
          "rules": null
        },
        "sources": [
          {
            "property": "",
            "dataset": "OpenStreetMap",
            "license": "ODbL-1.0",
            "record_id": "w327589093@3",
            "update_time": "2025-01-11T17:28:34.000Z",
            "confidence": null,
            "between": null,
            "provider": "osm",
            "resource": "planet",
            "version": "2026-09-06T00:00:00.000Z"
          }
        ],
        "level": null,
        "height": null,
        "min_height": null,
        "is_underground": false,
        "num_floors": null,
        "num_floors_underground": null,
        "min_floor": null,
        "subtype": "residential",
        "class": "residential",
        "facade_color": null,
        "facade_material": null,
        "roof_material": null,
        "roof_shape": null,
        "roof_direction": null,
        "roof_orientation": null,
        "roof_color": null,
        "roof_height": null,
        "has_parts": false,
        "version": 1,
        "bbox": {
          "xmin": 77.60359191894531,
          "xmax": 77.60382080078125,
          "ymin": 12.974187850952148,
          "ymax": 12.974403381347656
        },
        "review": {
          "google_temporal_height_estimate": {
            "year": 2023,
            "median_m": 6.5,
            "status": "estimated_not_measured_unapproved",
            "valid_pixel_fraction": 0.962,
            "review_priority": "normal",
            "metadata_file": "data/processed/estimated_heights_metadata.json"
          }
        }
      },
      "geometry": {
        "type": "Polygon",
        "coordinates": [
          [
            [
              77.6036035,
              12.9743742
            ],
            [
              77.6036311,
              12.9742004
            ],
            [
              77.6036991,
              12.9742106
            ],
            [
              77.6037025,
              12.9741895
            ],
            [
              77.6038179,
              12.9742069
            ],
            [
              77.603787,
              12.9744018
            ],
            [
              77.6036035,
              12.9743742
            ]
          ]
        ]
      }
    },
    {
      "type": "Feature",
      "id": "0252fd24-0fef-4934-805e-fa9aef8485cb",
      "properties": {
        "id": "0252fd24-0fef-4934-805e-fa9aef8485cb",
        "names": null,
        "sources": [
          {
            "property": "",
            "dataset": "OpenStreetMap",
            "license": "ODbL-1.0",
            "record_id": "w327589081@1",
            "update_time": "2024-08-13T04:08:56.000Z",
            "confidence": null,
            "between": null,
            "provider": "osm",
            "resource": "planet",
            "version": "2026-09-06T00:00:00.000Z"
          }
        ],
        "level": null,
        "height": null,
        "min_height": null,
        "is_underground": false,
        "num_floors": null,
        "num_floors_underground": null,
        "min_floor": null,
        "subtype": null,
        "class": null,
        "facade_color": null,
        "facade_material": null,
        "roof_material": null,
        "roof_shape": null,
        "roof_direction": null,
        "roof_orientation": null,
        "roof_color": null,
        "roof_height": null,
        "has_parts": false,
        "version": 1,
        "bbox": {
          "xmin": 77.60367584228516,
          "xmax": 77.60405731201172,
          "ymin": 12.97390079498291,
          "ymax": 12.9741849899292
        },
        "review": {
          "google_temporal_height_estimate": {
            "year": 2023,
            "median_m": 9.0,
            "status": "estimated_not_measured_unapproved",
            "valid_pixel_fraction": 0.7143,
            "review_priority": "normal",
            "metadata_file": "data/processed/estimated_heights_metadata.json"
          }
        }
      },
      "geometry": {
        "type": "Polygon",
        "coordinates": [
          [
            [
              77.6036875,
              12.9741262
            ],
            [
              77.6037314,
              12.9739023
            ],
            [
              77.6040451,
              12.9739606
            ],
            [
              77.6040012,
              12.9741846
            ],
            [
              77.6036875,
              12.9741262
            ]
          ]
        ]
      }
    },
    {
      "type": "Feature",
      "id": "543acbcb-fc66-4b0f-b226-21704c35c844",
      "properties": {
        "id": "543acbcb-fc66-4b0f-b226-21704c35c844",
        "names": null,
        "sources": [
          {
            "property": "",
            "dataset": "OpenStreetMap",
            "license": "ODbL-1.0",
            "record_id": "w327553594@1",
            "update_time": "2024-07-27T17:24:19.000Z",
            "confidence": null,
            "between": null,
            "provider": "osm",
            "resource": "planet",
            "version": "2026-09-06T00:00:00.000Z"
          }
        ],
        "level": null,
        "height": null,
        "min_height": null,
        "is_underground": false,
        "num_floors": null,
        "num_floors_underground": null,
        "min_floor": null,
        "subtype": null,
        "class": null,
        "facade_color": null,
        "facade_material": null,
        "roof_material": null,
        "roof_shape": null,
        "roof_direction": null,
        "roof_orientation": null,
        "roof_color": null,
        "roof_height": null,
        "has_parts": false,
        "version": 1,
        "bbox": {
          "xmin": 77.60368347167969,
          "xmax": 77.6039810180664,
          "ymin": 12.974509239196777,
          "ymax": 12.974648475646973
        },
        "review": {
          "google_temporal_height_estimate": {
            "year": 2023,
            "median_m": 7.5,
            "status": "estimated_not_measured_unapproved",
            "valid_pixel_fraction": 0.5179,
            "review_priority": "normal",
            "metadata_file": "data/processed/estimated_heights_metadata.json"
          }
        }
      },
      "geometry": {
        "type": "Polygon",
        "coordinates": [
          [
            [
              77.6039745,
              12.9746393
            ],
            [
              77.603688,
              12.9746468
            ],
            [
              77.6036844,
              12.9745168
            ],
            [
              77.6039709,
              12.9745094
            ],
            [
              77.6039745,
              12.9746393
            ]
          ]
        ]
      }
    }
  ]
}